ISO-10303-21;
HEADER;
/* Generated by software containing ST-Developer
 * from STEP Tools, Inc. (www.steptools.com) 
 */

FILE_DESCRIPTION(
/* description */ (''),
/* implementation_level */ '2;1');

FILE_NAME(
/* name */ 'driwe pods.step',
/* time_stamp */ '2026-08-07T19:05:16+03:00',
/* author */ (''),
/* organization */ (''),
/* preprocessor_version */ 'ST-DEVELOPER v20.1',
/* originating_system */ 'Autodesk Translation Framework v15.8.0.0',
/* authorisation */ '');

FILE_SCHEMA (('AUTOMOTIVE_DESIGN { 1 0 10303 214 3 1 1 }'));
ENDSEC;

DATA;
#10=MECHANICAL_DESIGN_GEOMETRIC_PRESENTATION_REPRESENTATION('',(#19,#20),
#5110);
#11=ITEM_DEFINED_TRANSFORMATION($,$,#2348,#2582);
#12=(
REPRESENTATION_RELATIONSHIP($,$,#5121,#5120)
REPRESENTATION_RELATIONSHIP_WITH_TRANSFORMATION(#11)
SHAPE_REPRESENTATION_RELATIONSHIP()
);
#13=CONTEXT_DEPENDENT_SHAPE_REPRESENTATION(#12,#5119);
#14=NEXT_ASSEMBLY_USAGE_OCCURRENCE('l drive pod(Mirror):1',
'l drive pod(Mirror):1','l drive pod(Mirror):1',#5123,#5124,
'l drive pod(Mirror):1');
#15=SHAPE_REPRESENTATION_RELATIONSHIP('SRR','None',#5121,#17);
#16=SHAPE_REPRESENTATION_RELATIONSHIP('SRR','None',#5120,#18);
#17=ADVANCED_BREP_SHAPE_REPRESENTATION('',(#21),#5109);
#18=ADVANCED_BREP_SHAPE_REPRESENTATION('',(#22),#5108);
#19=STYLED_ITEM('',(#5135),#21);
#20=STYLED_ITEM('',(#5135),#22);
#21=MANIFOLD_SOLID_BREP('Body1',#2333);
#22=MANIFOLD_SOLID_BREP('Body1',#2334);
#23=FACE_BOUND('',#685,.T.);
#24=FACE_BOUND('',#686,.T.);
#25=FACE_BOUND('',#687,.T.);
#26=FACE_BOUND('',#688,.T.);
#27=FACE_BOUND('',#691,.T.);
#28=FACE_BOUND('',#702,.T.);
#29=FACE_BOUND('',#705,.T.);
#30=FACE_BOUND('',#706,.T.);
#31=FACE_BOUND('',#707,.T.);
#32=FACE_BOUND('',#708,.T.);
#33=FACE_BOUND('',#709,.T.);
#34=FACE_BOUND('',#710,.T.);
#35=FACE_BOUND('',#711,.T.);
#36=FACE_BOUND('',#713,.T.);
#37=FACE_BOUND('',#714,.T.);
#38=FACE_BOUND('',#715,.T.);
#39=FACE_BOUND('',#716,.T.);
#40=FACE_BOUND('',#717,.T.);
#41=FACE_BOUND('',#759,.T.);
#42=FACE_BOUND('',#771,.T.);
#43=FACE_BOUND('',#772,.T.);
#44=FACE_BOUND('',#773,.T.);
#45=FACE_BOUND('',#774,.T.);
#46=FACE_BOUND('',#777,.T.);
#47=FACE_BOUND('',#788,.T.);
#48=FACE_BOUND('',#791,.T.);
#49=FACE_BOUND('',#792,.T.);
#50=FACE_BOUND('',#793,.T.);
#51=FACE_BOUND('',#794,.T.);
#52=FACE_BOUND('',#795,.T.);
#53=FACE_BOUND('',#796,.T.);
#54=FACE_BOUND('',#797,.T.);
#55=FACE_BOUND('',#799,.T.);
#56=FACE_BOUND('',#800,.T.);
#57=FACE_BOUND('',#801,.T.);
#58=FACE_BOUND('',#802,.T.);
#59=FACE_BOUND('',#803,.T.);
#60=(
BOUNDED_SURFACE()
B_SPLINE_SURFACE(2,2,((#3513,#3514,#3515),(#3516,#3517,#3518),(#3519,#3520,
#3521)),.UNSPECIFIED.,.F.,.F.,.F.)
B_SPLINE_SURFACE_WITH_KNOTS((3,3),(3,3),(-3.14159265358979,-1.5707963267949),
(-3.14159265358979,-3.05958644360205),.UNSPECIFIED.)
GEOMETRIC_REPRESENTATION_ITEM()
RATIONAL_B_SPLINE_SURFACE(((1.,0.999159490459543,1.),(0.707106781186546,
0.706512451190837,0.707106781186546),(1.,0.999159490459543,1.)))
REPRESENTATION_ITEM('')
SURFACE()
);
#61=(
BOUNDED_SURFACE()
B_SPLINE_SURFACE(2,2,((#3525,#3526,#3527),(#3528,#3529,#3530),(#3531,#3532,
#3533)),.UNSPECIFIED.,.F.,.F.,.F.)
B_SPLINE_SURFACE_WITH_KNOTS((3,3),(3,3),(-3.14159265358979,-1.5707963267949),
(-3.14159265358979,-3.13939292304121),.UNSPECIFIED.)
GEOMETRIC_REPRESENTATION_ITEM()
RATIONAL_B_SPLINE_SURFACE(((1.,0.99999939514825,1.),(0.707106781186548,
0.707106353491774,0.707106781186548),(1.,0.99999939514825,1.)))
REPRESENTATION_ITEM('')
SURFACE()
);
#62=(
BOUNDED_SURFACE()
B_SPLINE_SURFACE(2,2,((#4503,#4504,#4505),(#4506,#4507,#4508),(#4509,#4510,
#4511)),.UNSPECIFIED.,.F.,.F.,.F.)
B_SPLINE_SURFACE_WITH_KNOTS((3,3),(3,3),(-3.14159265358979,-1.5707963267949),
(-3.14159265358979,-3.05958644360205),.UNSPECIFIED.)
GEOMETRIC_REPRESENTATION_ITEM()
RATIONAL_B_SPLINE_SURFACE(((1.,0.999159490459543,1.),(0.707106781186546,
0.706512451190837,0.707106781186546),(1.,0.999159490459543,1.)))
REPRESENTATION_ITEM('')
SURFACE()
);
#63=(
BOUNDED_SURFACE()
B_SPLINE_SURFACE(2,2,((#4515,#4516,#4517),(#4518,#4519,#4520),(#4521,#4522,
#4523)),.UNSPECIFIED.,.F.,.F.,.F.)
B_SPLINE_SURFACE_WITH_KNOTS((3,3),(3,3),(-3.14159265358979,-1.5707963267949),
(-3.14159265358979,-3.13939292304121),.UNSPECIFIED.)
GEOMETRIC_REPRESENTATION_ITEM()
RATIONAL_B_SPLINE_SURFACE(((1.,0.99999939514825,1.),(0.707106781186548,
0.707106353491774,0.707106781186548),(1.,0.99999939514825,1.)))
REPRESENTATION_ITEM('')
SURFACE()
);
#64=ELLIPSE('',#2362,8.25867646014981,2.65);
#65=ELLIPSE('',#2365,105.714499006046,20.);
#66=ELLIPSE('',#2369,21.2851170859352,20.);
#67=ELLIPSE('',#2370,22.7003570315969,21.5);
#68=ELLIPSE('',#2372,105.714499006046,20.);
#69=ELLIPSE('',#2378,15.7715980566126,13.5);
#70=ELLIPSE('',#2389,5.37140819055039,4.4);
#71=ELLIPSE('',#2412,15.7116905432945,4.4);
#72=ELLIPSE('',#2415,3.57083875983965,1.);
#73=ELLIPSE('',#2435,21.1166111921832,20.);
#74=ELLIPSE('',#2437,21.1166111921832,20.);
#75=ELLIPSE('',#2465,2.23109333099588,2.);
#76=ELLIPSE('',#2466,2.23109333099588,2.);
#77=ELLIPSE('',#2482,8.25867646014981,2.65);
#78=ELLIPSE('',#2484,105.714499006046,20.);
#79=ELLIPSE('',#2488,22.7003570315969,21.5);
#80=ELLIPSE('',#2489,21.2851170859352,20.);
#81=ELLIPSE('',#2491,105.714499006046,20.);
#82=ELLIPSE('',#2497,15.7715980566126,13.5);
#83=ELLIPSE('',#2508,5.37140819055039,4.4);
#84=ELLIPSE('',#2531,15.7116905432945,4.4);
#85=ELLIPSE('',#2533,3.57083875983965,1.);
#86=ELLIPSE('',#2553,21.1166111921832,20.);
#87=ELLIPSE('',#2555,21.1166111921832,20.);
#88=PLANE('',#2360);
#89=PLANE('',#2364);
#90=PLANE('',#2371);
#91=PLANE('',#2375);
#92=PLANE('',#2376);
#93=PLANE('',#2383);
#94=PLANE('',#2387);
#95=PLANE('',#2388);
#96=PLANE('',#2390);
#97=PLANE('',#2394);
#98=PLANE('',#2399);
#99=PLANE('',#2405);
#100=PLANE('',#2406);
#101=PLANE('',#2410);
#102=PLANE('',#2413);
#103=PLANE('',#2417);
#104=PLANE('',#2418);
#105=PLANE('',#2419);
#106=PLANE('',#2429);
#107=PLANE('',#2430);
#108=PLANE('',#2432);
#109=PLANE('',#2433);
#110=PLANE('',#2434);
#111=PLANE('',#2436);
#112=PLANE('',#2441);
#113=PLANE('',#2459);
#114=PLANE('',#2460);
#115=PLANE('',#2461);
#116=PLANE('',#2462);
#117=PLANE('',#2463);
#118=PLANE('',#2467);
#119=PLANE('',#2479);
#120=PLANE('',#2483);
#121=PLANE('',#2490);
#122=PLANE('',#2494);
#123=PLANE('',#2495);
#124=PLANE('',#2502);
#125=PLANE('',#2506);
#126=PLANE('',#2507);
#127=PLANE('',#2509);
#128=PLANE('',#2513);
#129=PLANE('',#2518);
#130=PLANE('',#2524);
#131=PLANE('',#2525);
#132=PLANE('',#2529);
#133=PLANE('',#2535);
#134=PLANE('',#2536);
#135=PLANE('',#2537);
#136=PLANE('',#2547);
#137=PLANE('',#2548);
#138=PLANE('',#2550);
#139=PLANE('',#2551);
#140=PLANE('',#2552);
#141=PLANE('',#2554);
#142=PLANE('',#2559);
#143=PLANE('',#2577);
#144=PLANE('',#2578);
#145=PLANE('',#2579);
#146=PLANE('',#2580);
#147=PLANE('',#2581);
#148=TOROIDAL_SURFACE('',#2352,4.15,1.5);
#149=TOROIDAL_SURFACE('',#2357,3.,1.5);
#150=TOROIDAL_SURFACE('',#2422,27.4769469004226,20.);
#151=TOROIDAL_SURFACE('',#2471,4.15,1.5);
#152=TOROIDAL_SURFACE('',#2476,3.,1.5);
#153=TOROIDAL_SURFACE('',#2540,27.4769469004226,20.);
#154=LINE('',#3290,#306);
#155=LINE('',#3291,#307);
#156=LINE('',#3344,#308);
#157=LINE('',#3345,#309);
#158=LINE('',#3351,#310);
#159=LINE('',#3354,#311);
#160=LINE('',#3361,#312);
#161=LINE('',#3364,#313);
#162=LINE('',#3488,#314);
#163=LINE('',#3489,#315);
#164=LINE('',#3491,#316);
#165=LINE('',#3494,#317);
#166=LINE('',#3497,#318);
#167=LINE('',#3499,#319);
#168=LINE('',#3501,#320);
#169=LINE('',#3502,#321);
#170=LINE('',#3509,#322);
#171=LINE('',#3512,#323);
#172=LINE('',#3542,#324);
#173=LINE('',#3544,#325);
#174=LINE('',#3545,#326);
#175=LINE('',#3550,#327);
#176=LINE('',#3556,#328);
#177=LINE('',#3558,#329);
#178=LINE('',#3560,#330);
#179=LINE('',#3562,#331);
#180=LINE('',#3566,#332);
#181=LINE('',#3567,#333);
#182=LINE('',#3569,#334);
#183=LINE('',#3570,#335);
#184=LINE('',#3575,#336);
#185=LINE('',#3584,#337);
#186=LINE('',#3590,#338);
#187=LINE('',#3595,#339);
#188=LINE('',#3603,#340);
#189=LINE('',#3608,#341);
#190=LINE('',#3611,#342);
#191=LINE('',#3614,#343);
#192=LINE('',#3635,#344);
#193=LINE('',#3636,#345);
#194=LINE('',#3642,#346);
#195=LINE('',#3645,#347);
#196=LINE('',#3646,#348);
#197=LINE('',#3649,#349);
#198=LINE('',#3650,#350);
#199=LINE('',#3654,#351);
#200=LINE('',#3656,#352);
#201=LINE('',#3657,#353);
#202=LINE('',#3658,#354);
#203=LINE('',#4023,#355);
#204=LINE('',#4025,#356);
#205=LINE('',#4027,#357);
#206=LINE('',#4028,#358);
#207=LINE('',#4031,#359);
#208=LINE('',#4032,#360);
#209=LINE('',#4038,#361);
#210=LINE('',#4039,#362);
#211=LINE('',#4040,#363);
#212=LINE('',#4042,#364);
#213=LINE('',#4046,#365);
#214=LINE('',#4048,#366);
#215=LINE('',#4049,#367);
#216=LINE('',#4053,#368);
#217=LINE('',#4097,#369);
#218=LINE('',#4100,#370);
#219=LINE('',#4101,#371);
#220=LINE('',#4108,#372);
#221=LINE('',#4114,#373);
#222=LINE('',#4120,#374);
#223=LINE('',#4126,#375);
#224=LINE('',#4132,#376);
#225=LINE('',#4136,#377);
#226=LINE('',#4137,#378);
#227=LINE('',#4139,#379);
#228=LINE('',#4141,#380);
#229=LINE('',#4166,#381);
#230=LINE('',#4170,#382);
#231=LINE('',#4172,#383);
#232=LINE('',#4174,#384);
#233=LINE('',#4195,#385);
#234=LINE('',#4197,#386);
#235=LINE('',#4198,#387);
#236=LINE('',#4280,#388);
#237=LINE('',#4281,#389);
#238=LINE('',#4334,#390);
#239=LINE('',#4335,#391);
#240=LINE('',#4338,#392);
#241=LINE('',#4345,#393);
#242=LINE('',#4351,#394);
#243=LINE('',#4354,#395);
#244=LINE('',#4476,#396);
#245=LINE('',#4478,#397);
#246=LINE('',#4482,#398);
#247=LINE('',#4484,#399);
#248=LINE('',#4487,#400);
#249=LINE('',#4489,#401);
#250=LINE('',#4491,#402);
#251=LINE('',#4492,#403);
#252=LINE('',#4499,#404);
#253=LINE('',#4502,#405);
#254=LINE('',#4532,#406);
#255=LINE('',#4534,#407);
#256=LINE('',#4535,#408);
#257=LINE('',#4540,#409);
#258=LINE('',#4546,#410);
#259=LINE('',#4548,#411);
#260=LINE('',#4550,#412);
#261=LINE('',#4553,#413);
#262=LINE('',#4554,#414);
#263=LINE('',#4556,#415);
#264=LINE('',#4557,#416);
#265=LINE('',#4562,#417);
#266=LINE('',#4571,#418);
#267=LINE('',#4577,#419);
#268=LINE('',#4582,#420);
#269=LINE('',#4590,#421);
#270=LINE('',#4595,#422);
#271=LINE('',#4601,#423);
#272=LINE('',#4605,#424);
#273=LINE('',#4606,#425);
#274=LINE('',#4609,#426);
#275=LINE('',#4610,#427);
#276=LINE('',#4614,#428);
#277=LINE('',#4615,#429);
#278=LINE('',#4617,#430);
#279=LINE('',#4618,#431);
#280=LINE('',#4983,#432);
#281=LINE('',#4985,#433);
#282=LINE('',#4987,#434);
#283=LINE('',#4988,#435);
#284=LINE('',#4992,#436);
#285=LINE('',#4993,#437);
#286=LINE('',#4998,#438);
#287=LINE('',#4999,#439);
#288=LINE('',#5000,#440);
#289=LINE('',#5003,#441);
#290=LINE('',#5005,#442);
#291=LINE('',#5007,#443);
#292=LINE('',#5009,#444);
#293=LINE('',#5013,#445);
#294=LINE('',#5057,#446);
#295=LINE('',#5060,#447);
#296=LINE('',#5061,#448);
#297=LINE('',#5068,#449);
#298=LINE('',#5074,#450);
#299=LINE('',#5080,#451);
#300=LINE('',#5086,#452);
#301=LINE('',#5092,#453);
#302=LINE('',#5096,#454);
#303=LINE('',#5097,#455);
#304=LINE('',#5099,#456);
#305=LINE('',#5101,#457);
#306=VECTOR('',#2593,10.);
#307=VECTOR('',#2594,10.);
#308=VECTOR('',#2613,10.);
#309=VECTOR('',#2614,10.);
#310=VECTOR('',#2621,10.);
#311=VECTOR('',#2624,10.);
#312=VECTOR('',#2631,10.);
#313=VECTOR('',#2634,10.);
#314=VECTOR('',#2643,10.);
#315=VECTOR('',#2644,10.);
#316=VECTOR('',#2647,10.);
#317=VECTOR('',#2650,10.);
#318=VECTOR('',#2653,10.);
#319=VECTOR('',#2654,10.);
#320=VECTOR('',#2655,10.);
#321=VECTOR('',#2656,10.);
#322=VECTOR('',#2663,13.5);
#323=VECTOR('',#2666,13.5);
#324=VECTOR('',#2675,10.);
#325=VECTOR('',#2676,10.);
#326=VECTOR('',#2677,10.);
#327=VECTOR('',#2682,1.85);
#328=VECTOR('',#2689,10.);
#329=VECTOR('',#2690,10.);
#330=VECTOR('',#2691,10.);
#331=VECTOR('',#2692,10.);
#332=VECTOR('',#2695,10.);
#333=VECTOR('',#2696,10.);
#334=VECTOR('',#2699,10.);
#335=VECTOR('',#2700,10.);
#336=VECTOR('',#2705,1.15);
#337=VECTOR('',#2716,1.15);
#338=VECTOR('',#2725,1.15);
#339=VECTOR('',#2730,1.15);
#340=VECTOR('',#2741,1.15);
#341=VECTOR('',#2748,4.4);
#342=VECTOR('',#2751,4.4);
#343=VECTOR('',#2754,10.);
#344=VECTOR('',#2755,10.);
#345=VECTOR('',#2756,10.);
#346=VECTOR('',#2763,10.);
#347=VECTOR('',#2766,10.);
#348=VECTOR('',#2767,10.);
#349=VECTOR('',#2770,10.);
#350=VECTOR('',#2771,10.);
#351=VECTOR('',#2774,10.);
#352=VECTOR('',#2775,10.);
#353=VECTOR('',#2776,10.);
#354=VECTOR('',#2777,10.);
#355=VECTOR('',#2798,10.);
#356=VECTOR('',#2799,10.);
#357=VECTOR('',#2800,10.);
#358=VECTOR('',#2801,10.);
#359=VECTOR('',#2804,10.);
#360=VECTOR('',#2805,10.);
#361=VECTOR('',#2812,10.);
#362=VECTOR('',#2813,10.);
#363=VECTOR('',#2814,10.);
#364=VECTOR('',#2817,10.);
#365=VECTOR('',#2820,10.);
#366=VECTOR('',#2821,10.);
#367=VECTOR('',#2822,10.);
#368=VECTOR('',#2829,20.);
#369=VECTOR('',#2834,2.5);
#370=VECTOR('',#2837,10.);
#371=VECTOR('',#2838,10.);
#372=VECTOR('',#2847,1.2);
#373=VECTOR('',#2854,1.2);
#374=VECTOR('',#2861,1.2);
#375=VECTOR('',#2868,1.2);
#376=VECTOR('',#2875,2.6);
#377=VECTOR('',#2880,10.);
#378=VECTOR('',#2881,10.);
#379=VECTOR('',#2884,10.);
#380=VECTOR('',#2887,10.);
#381=VECTOR('',#2896,2.);
#382=VECTOR('',#2901,4.4);
#383=VECTOR('',#2902,10.);
#384=VECTOR('',#2903,10.);
#385=VECTOR('',#2904,10.);
#386=VECTOR('',#2905,10.);
#387=VECTOR('',#2906,4.4);
#388=VECTOR('',#2913,10.);
#389=VECTOR('',#2914,10.);
#390=VECTOR('',#2933,10.);
#391=VECTOR('',#2934,10.);
#392=VECTOR('',#2937,10.);
#393=VECTOR('',#2946,10.);
#394=VECTOR('',#2951,10.);
#395=VECTOR('',#2954,10.);
#396=VECTOR('',#2961,10.);
#397=VECTOR('',#2962,10.);
#398=VECTOR('',#2967,10.);
#399=VECTOR('',#2970,10.);
#400=VECTOR('',#2973,10.);
#401=VECTOR('',#2974,10.);
#402=VECTOR('',#2975,10.);
#403=VECTOR('',#2976,10.);
#404=VECTOR('',#2983,13.5);
#405=VECTOR('',#2986,13.5);
#406=VECTOR('',#2995,10.);
#407=VECTOR('',#2996,10.);
#408=VECTOR('',#2997,10.);
#409=VECTOR('',#3002,1.85);
#410=VECTOR('',#3009,10.);
#411=VECTOR('',#3010,10.);
#412=VECTOR('',#3011,10.);
#413=VECTOR('',#3014,10.);
#414=VECTOR('',#3015,10.);
#415=VECTOR('',#3018,10.);
#416=VECTOR('',#3019,10.);
#417=VECTOR('',#3024,1.15);
#418=VECTOR('',#3035,1.15);
#419=VECTOR('',#3044,1.15);
#420=VECTOR('',#3049,1.15);
#421=VECTOR('',#3060,1.15);
#422=VECTOR('',#3067,4.4);
#423=VECTOR('',#3074,10.);
#424=VECTOR('',#3079,10.);
#425=VECTOR('',#3080,10.);
#426=VECTOR('',#3083,10.);
#427=VECTOR('',#3084,10.);
#428=VECTOR('',#3087,10.);
#429=VECTOR('',#3088,10.);
#430=VECTOR('',#3089,10.);
#431=VECTOR('',#3090,10.);
#432=VECTOR('',#3111,10.);
#433=VECTOR('',#3112,10.);
#434=VECTOR('',#3113,10.);
#435=VECTOR('',#3114,10.);
#436=VECTOR('',#3119,10.);
#437=VECTOR('',#3120,10.);
#438=VECTOR('',#3125,10.);
#439=VECTOR('',#3126,10.);
#440=VECTOR('',#3127,10.);
#441=VECTOR('',#3130,10.);
#442=VECTOR('',#3131,10.);
#443=VECTOR('',#3132,10.);
#444=VECTOR('',#3135,10.);
#445=VECTOR('',#3142,20.);
#446=VECTOR('',#3147,2.5);
#447=VECTOR('',#3150,10.);
#448=VECTOR('',#3151,10.);
#449=VECTOR('',#3160,1.2);
#450=VECTOR('',#3167,1.2);
#451=VECTOR('',#3174,1.2);
#452=VECTOR('',#3181,1.2);
#453=VECTOR('',#3188,2.6);
#454=VECTOR('',#3193,10.);
#455=VECTOR('',#3194,10.);
#456=VECTOR('',#3197,10.);
#457=VECTOR('',#3200,10.);
#458=CYLINDRICAL_SURFACE('',#2350,1.5);
#459=CYLINDRICAL_SURFACE('',#2361,2.65);
#460=CYLINDRICAL_SURFACE('',#2366,1.5);
#461=CYLINDRICAL_SURFACE('',#2373,1.5);
#462=CYLINDRICAL_SURFACE('',#2377,13.5);
#463=CYLINDRICAL_SURFACE('',#2384,1.85);
#464=CYLINDRICAL_SURFACE('',#2391,1.15);
#465=CYLINDRICAL_SURFACE('',#2396,1.15);
#466=CYLINDRICAL_SURFACE('',#2400,1.15);
#467=CYLINDRICAL_SURFACE('',#2402,1.15);
#468=CYLINDRICAL_SURFACE('',#2407,1.15);
#469=CYLINDRICAL_SURFACE('',#2411,4.4);
#470=CYLINDRICAL_SURFACE('',#2414,1.);
#471=CYLINDRICAL_SURFACE('',#2438,20.);
#472=CYLINDRICAL_SURFACE('',#2439,1.9);
#473=CYLINDRICAL_SURFACE('',#2442,10.2782627468518);
#474=CYLINDRICAL_SURFACE('',#2444,1.2);
#475=CYLINDRICAL_SURFACE('',#2447,1.2);
#476=CYLINDRICAL_SURFACE('',#2450,1.2);
#477=CYLINDRICAL_SURFACE('',#2453,1.2);
#478=CYLINDRICAL_SURFACE('',#2456,2.6);
#479=CYLINDRICAL_SURFACE('',#2464,2.);
#480=CYLINDRICAL_SURFACE('',#2469,1.5);
#481=CYLINDRICAL_SURFACE('',#2480,2.65);
#482=CYLINDRICAL_SURFACE('',#2485,1.5);
#483=CYLINDRICAL_SURFACE('',#2492,1.5);
#484=CYLINDRICAL_SURFACE('',#2496,13.5);
#485=CYLINDRICAL_SURFACE('',#2503,1.85);
#486=CYLINDRICAL_SURFACE('',#2510,1.15);
#487=CYLINDRICAL_SURFACE('',#2515,1.15);
#488=CYLINDRICAL_SURFACE('',#2519,1.15);
#489=CYLINDRICAL_SURFACE('',#2521,1.15);
#490=CYLINDRICAL_SURFACE('',#2526,1.15);
#491=CYLINDRICAL_SURFACE('',#2530,4.4);
#492=CYLINDRICAL_SURFACE('',#2532,1.);
#493=CYLINDRICAL_SURFACE('',#2556,20.);
#494=CYLINDRICAL_SURFACE('',#2557,1.9);
#495=CYLINDRICAL_SURFACE('',#2560,10.2782627468518);
#496=CYLINDRICAL_SURFACE('',#2562,1.2);
#497=CYLINDRICAL_SURFACE('',#2565,1.2);
#498=CYLINDRICAL_SURFACE('',#2568,1.2);
#499=CYLINDRICAL_SURFACE('',#2571,1.2);
#500=CYLINDRICAL_SURFACE('',#2574,2.6);
#501=FACE_OUTER_BOUND('',#634,.T.);
#502=FACE_OUTER_BOUND('',#635,.T.);
#503=FACE_OUTER_BOUND('',#636,.T.);
#504=FACE_OUTER_BOUND('',#637,.T.);
#505=FACE_OUTER_BOUND('',#638,.T.);
#506=FACE_OUTER_BOUND('',#639,.T.);
#507=FACE_OUTER_BOUND('',#640,.T.);
#508=FACE_OUTER_BOUND('',#641,.T.);
#509=FACE_OUTER_BOUND('',#642,.T.);
#510=FACE_OUTER_BOUND('',#643,.T.);
#511=FACE_OUTER_BOUND('',#644,.T.);
#512=FACE_OUTER_BOUND('',#645,.T.);
#513=FACE_OUTER_BOUND('',#646,.T.);
#514=FACE_OUTER_BOUND('',#647,.T.);
#515=FACE_OUTER_BOUND('',#648,.T.);
#516=FACE_OUTER_BOUND('',#649,.T.);
#517=FACE_OUTER_BOUND('',#650,.T.);
#518=FACE_OUTER_BOUND('',#651,.T.);
#519=FACE_OUTER_BOUND('',#652,.T.);
#520=FACE_OUTER_BOUND('',#653,.T.);
#521=FACE_OUTER_BOUND('',#654,.T.);
#522=FACE_OUTER_BOUND('',#655,.T.);
#523=FACE_OUTER_BOUND('',#656,.T.);
#524=FACE_OUTER_BOUND('',#657,.T.);
#525=FACE_OUTER_BOUND('',#658,.T.);
#526=FACE_OUTER_BOUND('',#659,.T.);
#527=FACE_OUTER_BOUND('',#660,.T.);
#528=FACE_OUTER_BOUND('',#661,.T.);
#529=FACE_OUTER_BOUND('',#662,.T.);
#530=FACE_OUTER_BOUND('',#663,.T.);
#531=FACE_OUTER_BOUND('',#664,.T.);
#532=FACE_OUTER_BOUND('',#665,.T.);
#533=FACE_OUTER_BOUND('',#666,.T.);
#534=FACE_OUTER_BOUND('',#667,.T.);
#535=FACE_OUTER_BOUND('',#668,.T.);
#536=FACE_OUTER_BOUND('',#669,.T.);
#537=FACE_OUTER_BOUND('',#670,.T.);
#538=FACE_OUTER_BOUND('',#671,.T.);
#539=FACE_OUTER_BOUND('',#672,.T.);
#540=FACE_OUTER_BOUND('',#673,.T.);
#541=FACE_OUTER_BOUND('',#674,.T.);
#542=FACE_OUTER_BOUND('',#675,.T.);
#543=FACE_OUTER_BOUND('',#676,.T.);
#544=FACE_OUTER_BOUND('',#677,.T.);
#545=FACE_OUTER_BOUND('',#678,.T.);
#546=FACE_OUTER_BOUND('',#679,.T.);
#547=FACE_OUTER_BOUND('',#680,.T.);
#548=FACE_OUTER_BOUND('',#681,.T.);
#549=FACE_OUTER_BOUND('',#682,.T.);
#550=FACE_OUTER_BOUND('',#683,.T.);
#551=FACE_OUTER_BOUND('',#684,.T.);
#552=FACE_OUTER_BOUND('',#689,.T.);
#553=FACE_OUTER_BOUND('',#690,.T.);
#554=FACE_OUTER_BOUND('',#692,.T.);
#555=FACE_OUTER_BOUND('',#693,.T.);
#556=FACE_OUTER_BOUND('',#694,.T.);
#557=FACE_OUTER_BOUND('',#695,.T.);
#558=FACE_OUTER_BOUND('',#696,.T.);
#559=FACE_OUTER_BOUND('',#697,.T.);
#560=FACE_OUTER_BOUND('',#698,.T.);
#561=FACE_OUTER_BOUND('',#699,.T.);
#562=FACE_OUTER_BOUND('',#700,.T.);
#563=FACE_OUTER_BOUND('',#701,.T.);
#564=FACE_OUTER_BOUND('',#703,.T.);
#565=FACE_OUTER_BOUND('',#704,.T.);
#566=FACE_OUTER_BOUND('',#712,.T.);
#567=FACE_OUTER_BOUND('',#718,.T.);
#568=FACE_OUTER_BOUND('',#719,.T.);
#569=FACE_OUTER_BOUND('',#720,.T.);
#570=FACE_OUTER_BOUND('',#721,.T.);
#571=FACE_OUTER_BOUND('',#722,.T.);
#572=FACE_OUTER_BOUND('',#723,.T.);
#573=FACE_OUTER_BOUND('',#724,.T.);
#574=FACE_OUTER_BOUND('',#725,.T.);
#575=FACE_OUTER_BOUND('',#726,.T.);
#576=FACE_OUTER_BOUND('',#727,.T.);
#577=FACE_OUTER_BOUND('',#728,.T.);
#578=FACE_OUTER_BOUND('',#729,.T.);
#579=FACE_OUTER_BOUND('',#730,.T.);
#580=FACE_OUTER_BOUND('',#731,.T.);
#581=FACE_OUTER_BOUND('',#732,.T.);
#582=FACE_OUTER_BOUND('',#733,.T.);
#583=FACE_OUTER_BOUND('',#734,.T.);
#584=FACE_OUTER_BOUND('',#735,.T.);
#585=FACE_OUTER_BOUND('',#736,.T.);
#586=FACE_OUTER_BOUND('',#737,.T.);
#587=FACE_OUTER_BOUND('',#738,.T.);
#588=FACE_OUTER_BOUND('',#739,.T.);
#589=FACE_OUTER_BOUND('',#740,.T.);
#590=FACE_OUTER_BOUND('',#741,.T.);
#591=FACE_OUTER_BOUND('',#742,.T.);
#592=FACE_OUTER_BOUND('',#743,.T.);
#593=FACE_OUTER_BOUND('',#744,.T.);
#594=FACE_OUTER_BOUND('',#745,.T.);
#595=FACE_OUTER_BOUND('',#746,.T.);
#596=FACE_OUTER_BOUND('',#747,.T.);
#597=FACE_OUTER_BOUND('',#748,.T.);
#598=FACE_OUTER_BOUND('',#749,.T.);
#599=FACE_OUTER_BOUND('',#750,.T.);
#600=FACE_OUTER_BOUND('',#751,.T.);
#601=FACE_OUTER_BOUND('',#752,.T.);
#602=FACE_OUTER_BOUND('',#753,.T.);
#603=FACE_OUTER_BOUND('',#754,.T.);
#604=FACE_OUTER_BOUND('',#755,.T.);
#605=FACE_OUTER_BOUND('',#756,.T.);
#606=FACE_OUTER_BOUND('',#757,.T.);
#607=FACE_OUTER_BOUND('',#758,.T.);
#608=FACE_OUTER_BOUND('',#760,.T.);
#609=FACE_OUTER_BOUND('',#761,.T.);
#610=FACE_OUTER_BOUND('',#762,.T.);
#611=FACE_OUTER_BOUND('',#763,.T.);
#612=FACE_OUTER_BOUND('',#764,.T.);
#613=FACE_OUTER_BOUND('',#765,.T.);
#614=FACE_OUTER_BOUND('',#766,.T.);
#615=FACE_OUTER_BOUND('',#767,.T.);
#616=FACE_OUTER_BOUND('',#768,.T.);
#617=FACE_OUTER_BOUND('',#769,.T.);
#618=FACE_OUTER_BOUND('',#770,.T.);
#619=FACE_OUTER_BOUND('',#775,.T.);
#620=FACE_OUTER_BOUND('',#776,.T.);
#621=FACE_OUTER_BOUND('',#778,.T.);
#622=FACE_OUTER_BOUND('',#779,.T.);
#623=FACE_OUTER_BOUND('',#780,.T.);
#624=FACE_OUTER_BOUND('',#781,.T.);
#625=FACE_OUTER_BOUND('',#782,.T.);
#626=FACE_OUTER_BOUND('',#783,.T.);
#627=FACE_OUTER_BOUND('',#784,.T.);
#628=FACE_OUTER_BOUND('',#785,.T.);
#629=FACE_OUTER_BOUND('',#786,.T.);
#630=FACE_OUTER_BOUND('',#787,.T.);
#631=FACE_OUTER_BOUND('',#789,.T.);
#632=FACE_OUTER_BOUND('',#790,.T.);
#633=FACE_OUTER_BOUND('',#798,.T.);
#634=EDGE_LOOP('',(#1512,#1513,#1514,#1515));
#635=EDGE_LOOP('',(#1516,#1517,#1518,#1519));
#636=EDGE_LOOP('',(#1520,#1521,#1522,#1523));
#637=EDGE_LOOP('',(#1524,#1525,#1526,#1527));
#638=EDGE_LOOP('',(#1528,#1529,#1530,#1531));
#639=EDGE_LOOP('',(#1532,#1533,#1534));
#640=EDGE_LOOP('',(#1535,#1536,#1537,#1538,#1539,#1540));
#641=EDGE_LOOP('',(#1541,#1542,#1543,#1544,#1545));
#642=EDGE_LOOP('',(#1546,#1547,#1548,#1549));
#643=EDGE_LOOP('',(#1550,#1551,#1552,#1553));
#644=EDGE_LOOP('',(#1554,#1555,#1556,#1557));
#645=EDGE_LOOP('',(#1558,#1559,#1560,#1561));
#646=EDGE_LOOP('',(#1562,#1563,#1564,#1565,#1566,#1567));
#647=EDGE_LOOP('',(#1568,#1569,#1570,#1571,#1572,#1573));
#648=EDGE_LOOP('',(#1574,#1575,#1576,#1577,#1578,#1579,#1580,#1581));
#649=EDGE_LOOP('',(#1582,#1583,#1584,#1585,#1586));
#650=EDGE_LOOP('',(#1587,#1588,#1589,#1590));
#651=EDGE_LOOP('',(#1591,#1592,#1593));
#652=EDGE_LOOP('',(#1594,#1595,#1596));
#653=EDGE_LOOP('',(#1597,#1598,#1599,#1600,#1601));
#654=EDGE_LOOP('',(#1602,#1603,#1604,#1605));
#655=EDGE_LOOP('',(#1606));
#656=EDGE_LOOP('',(#1607,#1608,#1609,#1610,#1611,#1612,#1613));
#657=EDGE_LOOP('',(#1614,#1615,#1616,#1617));
#658=EDGE_LOOP('',(#1618,#1619,#1620,#1621));
#659=EDGE_LOOP('',(#1622));
#660=EDGE_LOOP('',(#1623,#1624,#1625,#1626));
#661=EDGE_LOOP('',(#1627));
#662=EDGE_LOOP('',(#1628,#1629,#1630,#1631));
#663=EDGE_LOOP('',(#1632,#1633,#1634,#1635));
#664=EDGE_LOOP('',(#1636));
#665=EDGE_LOOP('',(#1637));
#666=EDGE_LOOP('',(#1638,#1639,#1640,#1641));
#667=EDGE_LOOP('',(#1642));
#668=EDGE_LOOP('',(#1643,#1644,#1645,#1646));
#669=EDGE_LOOP('',(#1647,#1648,#1649,#1650,#1651,#1652,#1653,#1654));
#670=EDGE_LOOP('',(#1655,#1656,#1657,#1658));
#671=EDGE_LOOP('',(#1659,#1660,#1661,#1662));
#672=EDGE_LOOP('',(#1663,#1664,#1665,#1666,#1667,#1668));
#673=EDGE_LOOP('',(#1669,#1670,#1671,#1672,#1673,#1674,#1675,#1676));
#674=EDGE_LOOP('',(#1677,#1678,#1679,#1680));
#675=EDGE_LOOP('',(#1681,#1682,#1683,#1684));
#676=EDGE_LOOP('',(#1685,#1686,#1687,#1688));
#677=EDGE_LOOP('',(#1689,#1690,#1691,#1692,#1693,#1694,#1695,#1696));
#678=EDGE_LOOP('',(#1697,#1698,#1699));
#679=EDGE_LOOP('',(#1700,#1701,#1702,#1703,#1704,#1705));
#680=EDGE_LOOP('',(#1706,#1707,#1708,#1709,#1710,#1711,#1712));
#681=EDGE_LOOP('',(#1713,#1714,#1715,#1716,#1717,#1718,#1719,#1720,#1721));
#682=EDGE_LOOP('',(#1722,#1723,#1724,#1725,#1726,#1727));
#683=EDGE_LOOP('',(#1728,#1729,#1730,#1731,#1732));
#684=EDGE_LOOP('',(#1733,#1734,#1735,#1736,#1737,#1738,#1739,#1740,#1741,
#1742,#1743,#1744,#1745));
#685=EDGE_LOOP('',(#1746));
#686=EDGE_LOOP('',(#1747));
#687=EDGE_LOOP('',(#1748));
#688=EDGE_LOOP('',(#1749));
#689=EDGE_LOOP('',(#1750,#1751,#1752,#1753,#1754));
#690=EDGE_LOOP('',(#1755,#1756,#1757,#1758,#1759,#1760,#1761,#1762,#1763,
#1764));
#691=EDGE_LOOP('',(#1765,#1766));
#692=EDGE_LOOP('',(#1767,#1768,#1769,#1770,#1771));
#693=EDGE_LOOP('',(#1772,#1773,#1774,#1775,#1776));
#694=EDGE_LOOP('',(#1777,#1778,#1779,#1780));
#695=EDGE_LOOP('',(#1781,#1782,#1783,#1784));
#696=EDGE_LOOP('',(#1785,#1786,#1787,#1788));
#697=EDGE_LOOP('',(#1789,#1790,#1791,#1792));
#698=EDGE_LOOP('',(#1793,#1794,#1795,#1796));
#699=EDGE_LOOP('',(#1797,#1798,#1799,#1800));
#700=EDGE_LOOP('',(#1801,#1802,#1803,#1804));
#701=EDGE_LOOP('',(#1805,#1806,#1807,#1808,#1809));
#702=EDGE_LOOP('',(#1810));
#703=EDGE_LOOP('',(#1811,#1812,#1813,#1814));
#704=EDGE_LOOP('',(#1815,#1816,#1817,#1818,#1819,#1820));
#705=EDGE_LOOP('',(#1821));
#706=EDGE_LOOP('',(#1822));
#707=EDGE_LOOP('',(#1823));
#708=EDGE_LOOP('',(#1824));
#709=EDGE_LOOP('',(#1825));
#710=EDGE_LOOP('',(#1826));
#711=EDGE_LOOP('',(#1827));
#712=EDGE_LOOP('',(#1828,#1829,#1830,#1831,#1832,#1833,#1834));
#713=EDGE_LOOP('',(#1835));
#714=EDGE_LOOP('',(#1836));
#715=EDGE_LOOP('',(#1837));
#716=EDGE_LOOP('',(#1838));
#717=EDGE_LOOP('',(#1839));
#718=EDGE_LOOP('',(#1840,#1841,#1842,#1843,#1844,#1845));
#719=EDGE_LOOP('',(#1846,#1847,#1848,#1849,#1850,#1851,#1852,#1853,#1854,
#1855));
#720=EDGE_LOOP('',(#1856,#1857,#1858,#1859));
#721=EDGE_LOOP('',(#1860,#1861,#1862,#1863));
#722=EDGE_LOOP('',(#1864,#1865,#1866,#1867));
#723=EDGE_LOOP('',(#1868,#1869,#1870,#1871));
#724=EDGE_LOOP('',(#1872,#1873,#1874,#1875));
#725=EDGE_LOOP('',(#1876,#1877,#1878));
#726=EDGE_LOOP('',(#1879,#1880,#1881,#1882,#1883,#1884));
#727=EDGE_LOOP('',(#1885,#1886,#1887,#1888,#1889));
#728=EDGE_LOOP('',(#1890,#1891,#1892,#1893));
#729=EDGE_LOOP('',(#1894,#1895,#1896,#1897));
#730=EDGE_LOOP('',(#1898,#1899,#1900,#1901));
#731=EDGE_LOOP('',(#1902,#1903,#1904,#1905));
#732=EDGE_LOOP('',(#1906,#1907,#1908,#1909,#1910,#1911));
#733=EDGE_LOOP('',(#1912,#1913,#1914,#1915,#1916,#1917));
#734=EDGE_LOOP('',(#1918,#1919,#1920,#1921,#1922,#1923,#1924,#1925));
#735=EDGE_LOOP('',(#1926,#1927,#1928,#1929,#1930));
#736=EDGE_LOOP('',(#1931,#1932,#1933,#1934));
#737=EDGE_LOOP('',(#1935,#1936,#1937));
#738=EDGE_LOOP('',(#1938,#1939,#1940));
#739=EDGE_LOOP('',(#1941,#1942,#1943,#1944,#1945));
#740=EDGE_LOOP('',(#1946,#1947,#1948,#1949));
#741=EDGE_LOOP('',(#1950));
#742=EDGE_LOOP('',(#1951,#1952,#1953,#1954,#1955,#1956,#1957));
#743=EDGE_LOOP('',(#1958,#1959,#1960,#1961));
#744=EDGE_LOOP('',(#1962,#1963,#1964,#1965));
#745=EDGE_LOOP('',(#1966));
#746=EDGE_LOOP('',(#1967,#1968,#1969,#1970));
#747=EDGE_LOOP('',(#1971));
#748=EDGE_LOOP('',(#1972,#1973,#1974,#1975));
#749=EDGE_LOOP('',(#1976,#1977,#1978,#1979));
#750=EDGE_LOOP('',(#1980));
#751=EDGE_LOOP('',(#1981));
#752=EDGE_LOOP('',(#1982,#1983,#1984,#1985));
#753=EDGE_LOOP('',(#1986));
#754=EDGE_LOOP('',(#1987,#1988,#1989,#1990,#1991,#1992,#1993));
#755=EDGE_LOOP('',(#1994,#1995,#1996,#1997));
#756=EDGE_LOOP('',(#1998,#1999,#2000,#2001));
#757=EDGE_LOOP('',(#2002,#2003,#2004,#2005,#2006,#2007));
#758=EDGE_LOOP('',(#2008,#2009,#2010,#2011,#2012,#2013,#2014,#2015));
#759=EDGE_LOOP('',(#2016));
#760=EDGE_LOOP('',(#2017,#2018,#2019,#2020));
#761=EDGE_LOOP('',(#2021,#2022,#2023,#2024));
#762=EDGE_LOOP('',(#2025,#2026,#2027,#2028));
#763=EDGE_LOOP('',(#2029,#2030,#2031,#2032,#2033,#2034,#2035,#2036));
#764=EDGE_LOOP('',(#2037,#2038,#2039));
#765=EDGE_LOOP('',(#2040,#2041,#2042,#2043,#2044,#2045));
#766=EDGE_LOOP('',(#2046,#2047,#2048,#2049,#2050,#2051,#2052));
#767=EDGE_LOOP('',(#2053,#2054,#2055,#2056,#2057,#2058,#2059,#2060,#2061));
#768=EDGE_LOOP('',(#2062,#2063,#2064,#2065,#2066,#2067));
#769=EDGE_LOOP('',(#2068,#2069,#2070,#2071,#2072));
#770=EDGE_LOOP('',(#2073,#2074,#2075,#2076,#2077,#2078,#2079,#2080,#2081,
#2082,#2083,#2084,#2085));
#771=EDGE_LOOP('',(#2086));
#772=EDGE_LOOP('',(#2087));
#773=EDGE_LOOP('',(#2088));
#774=EDGE_LOOP('',(#2089));
#775=EDGE_LOOP('',(#2090,#2091,#2092,#2093,#2094));
#776=EDGE_LOOP('',(#2095,#2096,#2097,#2098,#2099,#2100,#2101,#2102,#2103,
#2104));
#777=EDGE_LOOP('',(#2105,#2106));
#778=EDGE_LOOP('',(#2107,#2108,#2109,#2110,#2111));
#779=EDGE_LOOP('',(#2112,#2113,#2114,#2115,#2116));
#780=EDGE_LOOP('',(#2117,#2118,#2119,#2120));
#781=EDGE_LOOP('',(#2121,#2122,#2123,#2124));
#782=EDGE_LOOP('',(#2125,#2126,#2127,#2128));
#783=EDGE_LOOP('',(#2129,#2130,#2131,#2132));
#784=EDGE_LOOP('',(#2133,#2134,#2135,#2136));
#785=EDGE_LOOP('',(#2137,#2138,#2139,#2140));
#786=EDGE_LOOP('',(#2141,#2142,#2143,#2144));
#787=EDGE_LOOP('',(#2145,#2146,#2147,#2148,#2149));
#788=EDGE_LOOP('',(#2150));
#789=EDGE_LOOP('',(#2151,#2152,#2153,#2154));
#790=EDGE_LOOP('',(#2155,#2156,#2157,#2158,#2159,#2160));
#791=EDGE_LOOP('',(#2161));
#792=EDGE_LOOP('',(#2162));
#793=EDGE_LOOP('',(#2163));
#794=EDGE_LOOP('',(#2164));
#795=EDGE_LOOP('',(#2165));
#796=EDGE_LOOP('',(#2166));
#797=EDGE_LOOP('',(#2167));
#798=EDGE_LOOP('',(#2168,#2169,#2170,#2171,#2172,#2173,#2174));
#799=EDGE_LOOP('',(#2175));
#800=EDGE_LOOP('',(#2176));
#801=EDGE_LOOP('',(#2177));
#802=EDGE_LOOP('',(#2178));
#803=EDGE_LOOP('',(#2179));
#804=CIRCLE('',#2349,1.5);
#805=CIRCLE('',#2351,1.5);
#806=CIRCLE('',#2353,1.50000000000001);
#807=CIRCLE('',#2354,2.65);
#808=CIRCLE('',#2355,4.15);
#809=CIRCLE('',#2356,1.5);
#810=CIRCLE('',#2358,3.);
#811=CIRCLE('',#2359,1.5);
#812=CIRCLE('',#2363,2.65);
#813=CIRCLE('',#2367,1.49999999999999);
#814=CIRCLE('',#2368,1.5);
#815=CIRCLE('',#2374,1.5);
#816=CIRCLE('',#2379,13.5);
#817=CIRCLE('',#2380,13.5);
#818=CIRCLE('',#2381,13.5);
#819=CIRCLE('',#2382,13.5);
#820=CIRCLE('',#2385,1.85);
#821=CIRCLE('',#2386,1.85);
#822=CIRCLE('',#2392,1.15);
#823=CIRCLE('',#2393,1.15);
#824=CIRCLE('',#2395,1.15);
#825=CIRCLE('',#2397,1.15);
#826=CIRCLE('',#2398,1.15);
#827=CIRCLE('',#2401,1.15);
#828=CIRCLE('',#2403,1.15);
#829=CIRCLE('',#2404,1.15);
#830=CIRCLE('',#2408,1.15);
#831=CIRCLE('',#2409,1.15);
#832=CIRCLE('',#2416,1.);
#833=CIRCLE('',#2420,1.00000000000001);
#834=CIRCLE('',#2421,0.999999999999999);
#835=CIRCLE('',#2423,27.4769469004226);
#836=CIRCLE('',#2424,20.);
#837=CIRCLE('',#2425,12.278262746852);
#838=CIRCLE('',#2426,1.75);
#839=CIRCLE('',#2427,12.278262746852);
#840=CIRCLE('',#2428,12.278262746852);
#841=CIRCLE('',#2431,10.278262746852);
#842=CIRCLE('',#2440,1.9);
#843=CIRCLE('',#2443,10.2782627468518);
#844=CIRCLE('',#2445,1.2);
#845=CIRCLE('',#2446,1.2);
#846=CIRCLE('',#2448,1.2);
#847=CIRCLE('',#2449,1.2);
#848=CIRCLE('',#2451,1.2);
#849=CIRCLE('',#2452,1.2);
#850=CIRCLE('',#2454,1.2);
#851=CIRCLE('',#2455,1.2);
#852=CIRCLE('',#2457,2.6);
#853=CIRCLE('',#2458,2.6);
#854=CIRCLE('',#2468,1.5);
#855=CIRCLE('',#2470,1.5);
#856=CIRCLE('',#2472,1.50000000000001);
#857=CIRCLE('',#2473,4.15);
#858=CIRCLE('',#2474,2.65);
#859=CIRCLE('',#2475,1.5);
#860=CIRCLE('',#2477,1.5);
#861=CIRCLE('',#2478,3.);
#862=CIRCLE('',#2481,2.65);
#863=CIRCLE('',#2486,1.49999999999999);
#864=CIRCLE('',#2487,1.5);
#865=CIRCLE('',#2493,1.5);
#866=CIRCLE('',#2498,13.5);
#867=CIRCLE('',#2499,13.5);
#868=CIRCLE('',#2500,13.5);
#869=CIRCLE('',#2501,13.5);
#870=CIRCLE('',#2504,1.85);
#871=CIRCLE('',#2505,1.85);
#872=CIRCLE('',#2511,1.15);
#873=CIRCLE('',#2512,1.15);
#874=CIRCLE('',#2514,1.15);
#875=CIRCLE('',#2516,1.15);
#876=CIRCLE('',#2517,1.15);
#877=CIRCLE('',#2520,1.15);
#878=CIRCLE('',#2522,1.15);
#879=CIRCLE('',#2523,1.15);
#880=CIRCLE('',#2527,1.15);
#881=CIRCLE('',#2528,1.15);
#882=CIRCLE('',#2534,1.);
#883=CIRCLE('',#2538,1.00000000000001);
#884=CIRCLE('',#2539,0.999999999999999);
#885=CIRCLE('',#2541,12.278262746852);
#886=CIRCLE('',#2542,20.);
#887=CIRCLE('',#2543,27.4769469004226);
#888=CIRCLE('',#2544,1.75);
#889=CIRCLE('',#2545,12.278262746852);
#890=CIRCLE('',#2546,12.278262746852);
#891=CIRCLE('',#2549,10.278262746852);
#892=CIRCLE('',#2558,1.9);
#893=CIRCLE('',#2561,10.2782627468518);
#894=CIRCLE('',#2563,1.2);
#895=CIRCLE('',#2564,1.2);
#896=CIRCLE('',#2566,1.2);
#897=CIRCLE('',#2567,1.2);
#898=CIRCLE('',#2569,1.2);
#899=CIRCLE('',#2570,1.2);
#900=CIRCLE('',#2572,1.2);
#901=CIRCLE('',#2573,1.2);
#902=CIRCLE('',#2575,2.6);
#903=CIRCLE('',#2576,2.6);
#904=B_SPLINE_CURVE_WITH_KNOTS('',3,(#3260,#3261,#3262,#3263,#3264,#3265,
#3266,#3267,#3268,#3269,#3270,#3271),.UNSPECIFIED.,.F.,.F.,(4,2,2,2,2,4),
(-0.000690369043568815,0.,0.191744903760067,0.279748337827097,0.345412300725685,
0.411389564240573),.UNSPECIFIED.);
#905=B_SPLINE_CURVE_WITH_KNOTS('',3,(#3273,#3274,#3275,#3276,#3277,#3278,
#3279),.UNSPECIFIED.,.F.,.F.,(4,1,1,1,4),(-0.553202926158411,-0.395144943698713,
-0.237086961239015,-0.0790289787793176,1.24505312454251E-8),
 .UNSPECIFIED.);
#906=B_SPLINE_CURVE_WITH_KNOTS('',3,(#3282,#3283,#3284,#3285),
 .UNSPECIFIED.,.F.,.F.,(4,4),(0.422859145339836,0.553202926158411),
 .UNSPECIFIED.);
#907=B_SPLINE_CURVE_WITH_KNOTS('',3,(#3321,#3322,#3323,#3324),
 .UNSPECIFIED.,.F.,.F.,(4,4),(0.,0.0246369279656629),.UNSPECIFIED.);
#908=B_SPLINE_CURVE_WITH_KNOTS('',3,(#3325,#3326,#3327,#3328),
 .UNSPECIFIED.,.F.,.F.,(4,4),(-0.0246369279656629,0.),.UNSPECIFIED.);
#909=B_SPLINE_CURVE_WITH_KNOTS('',3,(#3332,#3333,#3334,#3335,#3336,#3337,
#3338,#3339),.UNSPECIFIED.,.F.,.F.,(4,2,2,4),(0.758298360057765,0.815645779979767,
0.87299319990177,1.04933742860113),.UNSPECIFIED.);
#910=B_SPLINE_CURVE_WITH_KNOTS('',3,(#3397,#3398,#3399,#3400,#3401,#3402,
#3403,#3404,#3405,#3406),.UNSPECIFIED.,.F.,.F.,(4,2,2,2,4),(0.,0.0420027035017733,
0.115218543586023,0.19681688727772,0.198011034957627),.UNSPECIFIED.);
#911=B_SPLINE_CURVE_WITH_KNOTS('',3,(#3407,#3408,#3409,#3410,#3411),
 .UNSPECIFIED.,.F.,.F.,(4,1,4),(1.44783646123876E-15,0.238500828042626,
0.371664588821779),.UNSPECIFIED.);
#912=B_SPLINE_CURVE_WITH_KNOTS('',3,(#3412,#3413,#3414,#3415,#3416,#3417),
 .UNSPECIFIED.,.F.,.F.,(4,1,1,4),(-0.556501932099458,-0.397501380071042,
-0.238500828042626,-1.44783646123876E-15),.UNSPECIFIED.);
#913=B_SPLINE_CURVE_WITH_KNOTS('',3,(#3440,#3441,#3442,#3443,#3444,#3445,
#3446,#3447,#3448,#3449),.UNSPECIFIED.,.F.,.F.,(4,2,2,2,4),(0.,0.0355377514686281,
0.0805820247668015,0.155556826038411,0.235574463789523),.UNSPECIFIED.);
#914=B_SPLINE_CURVE_WITH_KNOTS('',3,(#3450,#3451,#3452,#3453),
 .UNSPECIFIED.,.F.,.F.,(4,4),(0.697714774715684,0.94816939349164),
 .UNSPECIFIED.);
#915=B_SPLINE_CURVE_WITH_KNOTS('',3,(#3454,#3455,#3456,#3457),
 .UNSPECIFIED.,.F.,.F.,(4,4),(-0.730603083036623,-0.697714774715684),
 .UNSPECIFIED.);
#916=B_SPLINE_CURVE_WITH_KNOTS('',3,(#3536,#3537,#3538,#3539),
 .UNSPECIFIED.,.F.,.F.,(4,4),(11.3834417779165,11.3873913864549),
 .UNSPECIFIED.);
#917=B_SPLINE_CURVE_WITH_KNOTS('',3,(#3616,#3617,#3618,#3619,#3620),
 .UNSPECIFIED.,.F.,.F.,(4,1,4),(-0.787881179541852,-0.35367866656697,0.),
 .UNSPECIFIED.);
#918=B_SPLINE_CURVE_WITH_KNOTS('',3,(#3622,#3623,#3624,#3625,#3626,#3627,
#3628),.UNSPECIFIED.,.F.,.F.,(4,1,1,1,4),(-0.169883459119865,-0.139547127134175,
-0.121345327942761,-0.0728071967656564,0.),.UNSPECIFIED.);
#919=B_SPLINE_CURVE_WITH_KNOTS('',3,(#3630,#3631,#3632,#3633),
 .UNSPECIFIED.,.F.,.F.,(4,4),(0.,0.0400118424374059),.UNSPECIFIED.);
#920=B_SPLINE_CURVE_WITH_KNOTS('',3,(#3711,#3712,#3713,#3714,#3715,#3716,
#3717),.UNSPECIFIED.,.F.,.F.,(4,1,1,1,4),(0.,0.0728071967656564,0.121345327942761,
0.139547127134175,0.169883459119865),.UNSPECIFIED.);
#921=B_SPLINE_CURVE_WITH_KNOTS('',3,(#3755,#3756,#3757,#3758,#3759,#3760,
#3761,#3762,#3763,#3764,#3765,#3766,#3767,#3768,#3769,#3770,#3771,#3772,
#3773,#3774,#3775,#3776,#3777,#3778,#3779,#3780,#3781,#3782,#3783,#3784,
#3785,#3786,#3787,#3788,#3789,#3790,#3791,#3792,#3793,#3794,#3795,#3796,
#3797,#3798,#3799,#3800,#3801,#3802,#3803,#3804,#3805,#3806,#3807,#3808,
#3809,#3810,#3811,#3812,#3813,#3814,#3815),.UNSPECIFIED.,.F.,.F.,(4,3,3,
3,3,3,3,3,3,3,3,3,3,3,3,3,3,3,3,3,4),(0.,0.013601910188627,0.0268464613285428,
0.0387244090120701,0.0478407861236761,0.0617434155097029,0.0756460448957297,
0.0888907472165179,0.0949995053035742,0.10831078669367,0.112623087525332,
0.125740112569306,0.139303182690703,0.151438563931762,0.159037364529864,
0.172401480408204,0.186222876749649,0.188091328039927,0.202104814707298,
0.21614158995891,0.225326952234012),.UNSPECIFIED.);
#922=B_SPLINE_CURVE_WITH_KNOTS('',3,(#3816,#3817,#3818,#3819,#3820),
 .UNSPECIFIED.,.F.,.F.,(4,1,4),(0.,0.35367866656697,0.817972572823595),
 .UNSPECIFIED.);
#923=B_SPLINE_CURVE_WITH_KNOTS('',3,(#3841,#3842,#3843,#3844),
 .UNSPECIFIED.,.F.,.F.,(4,4),(-0.0400118424374059,0.),.UNSPECIFIED.);
#924=B_SPLINE_CURVE_WITH_KNOTS('',3,(#3847,#3848,#3849,#3850),
 .UNSPECIFIED.,.F.,.F.,(4,4),(4.18903578456844,4.36672822629692),
 .UNSPECIFIED.);
#925=B_SPLINE_CURVE_WITH_KNOTS('',3,(#3851,#3852,#3853,#3854,#3855,#3856),
 .UNSPECIFIED.,.F.,.F.,(4,2,4),(3.97616376539911,4.18014507512769,4.18903578456844),
 .UNSPECIFIED.);
#926=B_SPLINE_CURVE_WITH_KNOTS('',3,(#3858,#3859,#3860,#3861,#3862,#3863,
#3864,#3865,#3866,#3867,#3868,#3869,#3870,#3871,#3872),.UNSPECIFIED.,.F.,
 .F.,(4,2,2,2,2,3,4),(-1.98605276938646,-1.64598396488298,-1.3059151603795,
-0.652957580189749,-0.326478790094875,0.,0.164029816681059),
 .UNSPECIFIED.);
#927=B_SPLINE_CURVE_WITH_KNOTS('',3,(#3879,#3880,#3881,#3882),
 .UNSPECIFIED.,.F.,.F.,(4,4),(4.11070662004574,4.2242264420714),
 .UNSPECIFIED.);
#928=B_SPLINE_CURVE_WITH_KNOTS('',3,(#4003,#4004,#4005,#4006,#4007,#4008),
 .UNSPECIFIED.,.F.,.F.,(4,1,1,4),(0.,0.285714285714286,0.571428571428571,
1.),.UNSPECIFIED.);
#929=B_SPLINE_CURVE_WITH_KNOTS('',3,(#4009,#4010,#4011,#4012,#4013,#4014,
#4015,#4016,#4017,#4018,#4019,#4020),.UNSPECIFIED.,.F.,.F.,(4,1,1,1,1,1,
1,1,1,4),(-1.30066073586099,-1.29137317171104,-1.25306282696469,-1.23390765459151,
-1.21475248221833,-1.17644213747197,-1.02320075848655,-0.94658006899384,
-0.869959379501128,-0.793338690008417),.UNSPECIFIED.);
#930=B_SPLINE_CURVE_WITH_KNOTS('',3,(#4056,#4057,#4058,#4059,#4060,#4061,
#4062,#4063,#4064,#4065,#4066,#4067,#4068,#4069,#4070,#4071,#4072,#4073,
#4074,#4075),.UNSPECIFIED.,.F.,.F.,(4,2,2,2,2,2,2,2,2,4),(0.,0.0715154880769333,
0.143030976153867,0.227766394386893,0.312501812619918,0.393253114338133,
0.474004416056347,0.544972271867628,0.615940127678908,0.676126542669344),
 .UNSPECIFIED.);
#931=B_SPLINE_CURVE_WITH_KNOTS('',3,(#4076,#4077,#4078,#4079,#4080,#4081,
#4082,#4083,#4084,#4085,#4086,#4087,#4088,#4089,#4090,#4091,#4092,#4093),
 .UNSPECIFIED.,.F.,.F.,(4,2,2,2,2,2,2,2,4),(0.676126542669344,0.688998459456832,
0.762056791234756,0.840722345746306,0.919387900257856,1.00412331849088,
1.08885873672391,1.16037422480084,1.23188971287777),.UNSPECIFIED.);
#932=B_SPLINE_CURVE_WITH_KNOTS('',3,(#4147,#4148,#4149,#4150,#4151,#4152,
#4153,#4154),.UNSPECIFIED.,.F.,.F.,(4,2,2,4),(-0.206706470121188,-0.15530223267912,
-0.0776511163395599,0.),.UNSPECIFIED.);
#933=B_SPLINE_CURVE_WITH_KNOTS('',3,(#4157,#4158,#4159,#4160,#4161,#4162,
#4163,#4164),.UNSPECIFIED.,.F.,.F.,(4,2,2,4),(0.,0.0776511163395595,0.155302232679119,
0.206706470274217),.UNSPECIFIED.);
#934=B_SPLINE_CURVE_WITH_KNOTS('',3,(#4176,#4177,#4178,#4179),
 .UNSPECIFIED.,.F.,.F.,(4,4),(0.,0.0400118424374059),.UNSPECIFIED.);
#935=B_SPLINE_CURVE_WITH_KNOTS('',3,(#4181,#4182,#4183,#4184,#4185,#4186,
#4187),.UNSPECIFIED.,.F.,.F.,(4,1,1,1,4),(-0.169883459119865,-0.139547127134175,
-0.121345327942761,-0.0728071967656564,0.),.UNSPECIFIED.);
#936=B_SPLINE_CURVE_WITH_KNOTS('',3,(#4189,#4190,#4191,#4192,#4193),
 .UNSPECIFIED.,.F.,.F.,(4,1,4),(-0.787881179541852,-0.35367866656697,0.),
 .UNSPECIFIED.);
#937=B_SPLINE_CURVE_WITH_KNOTS('',3,(#4250,#4251,#4252,#4253,#4254,#4255,
#4256,#4257,#4258,#4259,#4260,#4261),.UNSPECIFIED.,.F.,.F.,(4,2,2,2,2,4),
(-0.000690369043568815,0.,0.191744903760067,0.279748337827097,0.345412300725685,
0.411389564240573),.UNSPECIFIED.);
#938=B_SPLINE_CURVE_WITH_KNOTS('',3,(#4263,#4264,#4265,#4266),
 .UNSPECIFIED.,.F.,.F.,(4,4),(0.422859145339836,0.553202926158411),
 .UNSPECIFIED.);
#939=B_SPLINE_CURVE_WITH_KNOTS('',3,(#4269,#4270,#4271,#4272,#4273,#4274,
#4275),.UNSPECIFIED.,.F.,.F.,(4,1,1,1,4),(-0.553202926158411,-0.395144943698713,
-0.237086961239015,-0.0790289787793176,1.24505312454251E-8),
 .UNSPECIFIED.);
#940=B_SPLINE_CURVE_WITH_KNOTS('',3,(#4311,#4312,#4313,#4314),
 .UNSPECIFIED.,.F.,.F.,(4,4),(-0.0246369279656629,0.),.UNSPECIFIED.);
#941=B_SPLINE_CURVE_WITH_KNOTS('',3,(#4315,#4316,#4317,#4318),
 .UNSPECIFIED.,.F.,.F.,(4,4),(0.,0.0246369279656629),.UNSPECIFIED.);
#942=B_SPLINE_CURVE_WITH_KNOTS('',3,(#4322,#4323,#4324,#4325,#4326,#4327,
#4328,#4329),.UNSPECIFIED.,.F.,.F.,(4,2,2,4),(0.758298360057765,0.815645779979767,
0.87299319990177,1.04933742860113),.UNSPECIFIED.);
#943=B_SPLINE_CURVE_WITH_KNOTS('',3,(#4387,#4388,#4389,#4390,#4391,#4392,
#4393,#4394,#4395,#4396),.UNSPECIFIED.,.F.,.F.,(4,2,2,2,4),(0.,0.0420027035017733,
0.115218543586023,0.19681688727772,0.198011034957627),.UNSPECIFIED.);
#944=B_SPLINE_CURVE_WITH_KNOTS('',3,(#4397,#4398,#4399,#4400,#4401,#4402),
 .UNSPECIFIED.,.F.,.F.,(4,1,1,4),(-0.556501932099458,-0.397501380071042,
-0.238500828042626,-1.44783646123876E-15),.UNSPECIFIED.);
#945=B_SPLINE_CURVE_WITH_KNOTS('',3,(#4403,#4404,#4405,#4406,#4407),
 .UNSPECIFIED.,.F.,.F.,(4,1,4),(1.44783646123876E-15,0.238500828042626,
0.371664588821779),.UNSPECIFIED.);
#946=B_SPLINE_CURVE_WITH_KNOTS('',3,(#4430,#4431,#4432,#4433,#4434,#4435,
#4436,#4437,#4438,#4439),.UNSPECIFIED.,.F.,.F.,(4,2,2,2,4),(0.,0.0355377514686281,
0.0805820247668015,0.155556826038411,0.235574463789523),.UNSPECIFIED.);
#947=B_SPLINE_CURVE_WITH_KNOTS('',3,(#4440,#4441,#4442,#4443),
 .UNSPECIFIED.,.F.,.F.,(4,4),(-0.730603083036623,-0.697714774715684),
 .UNSPECIFIED.);
#948=B_SPLINE_CURVE_WITH_KNOTS('',3,(#4444,#4445,#4446,#4447),
 .UNSPECIFIED.,.F.,.F.,(4,4),(0.697714774715684,0.94816939349164),
 .UNSPECIFIED.);
#949=B_SPLINE_CURVE_WITH_KNOTS('',3,(#4526,#4527,#4528,#4529),
 .UNSPECIFIED.,.F.,.F.,(4,4),(11.3834417779165,11.3873913864549),
 .UNSPECIFIED.);
#950=B_SPLINE_CURVE_WITH_KNOTS('',3,(#4672,#4673,#4674,#4675,#4676,#4677,
#4678),.UNSPECIFIED.,.F.,.F.,(4,1,1,1,4),(0.,0.0728071967656564,0.121345327942761,
0.139547127134175,0.169883459119865),.UNSPECIFIED.);
#951=B_SPLINE_CURVE_WITH_KNOTS('',3,(#4715,#4716,#4717,#4718,#4719,#4720,
#4721,#4722,#4723,#4724,#4725,#4726,#4727,#4728,#4729,#4730,#4731,#4732,
#4733,#4734,#4735,#4736,#4737,#4738,#4739,#4740,#4741,#4742,#4743,#4744,
#4745,#4746,#4747,#4748,#4749,#4750,#4751,#4752,#4753,#4754,#4755,#4756,
#4757,#4758,#4759,#4760,#4761,#4762,#4763,#4764,#4765,#4766,#4767,#4768,
#4769,#4770,#4771,#4772,#4773,#4774,#4775),.UNSPECIFIED.,.F.,.F.,(4,3,3,
3,3,3,3,3,3,3,3,3,3,3,3,3,3,3,3,3,4),(0.,0.013601910188627,0.0268464613285428,
0.0387244090120701,0.0478407861236761,0.0617434155097029,0.0756460448957297,
0.0888907472165179,0.0949995053035742,0.10831078669367,0.112623087525332,
0.125740112569306,0.139303182690703,0.151438563931762,0.159037364529864,
0.172401480408204,0.186222876749649,0.188091328039927,0.202104814707298,
0.21614158995891,0.225326952234012),.UNSPECIFIED.);
#952=B_SPLINE_CURVE_WITH_KNOTS('',3,(#4776,#4777,#4778,#4779,#4780),
 .UNSPECIFIED.,.F.,.F.,(4,1,4),(0.,0.35367866656697,0.817972572823595),
 .UNSPECIFIED.);
#953=B_SPLINE_CURVE_WITH_KNOTS('',3,(#4801,#4802,#4803,#4804),
 .UNSPECIFIED.,.F.,.F.,(4,4),(-0.0400118424374059,0.),.UNSPECIFIED.);
#954=B_SPLINE_CURVE_WITH_KNOTS('',3,(#4807,#4808,#4809,#4810),
 .UNSPECIFIED.,.F.,.F.,(4,4),(4.18903578456844,4.36672822629692),
 .UNSPECIFIED.);
#955=B_SPLINE_CURVE_WITH_KNOTS('',3,(#4812,#4813,#4814,#4815),
 .UNSPECIFIED.,.F.,.F.,(4,4),(4.11070662004574,4.2242264420714),
 .UNSPECIFIED.);
#956=B_SPLINE_CURVE_WITH_KNOTS('',3,(#4822,#4823,#4824,#4825,#4826,#4827,
#4828,#4829,#4830,#4831,#4832,#4833,#4834,#4835,#4836),.UNSPECIFIED.,.F.,
 .F.,(4,2,2,2,2,3,4),(-1.98605276938646,-1.64598396488298,-1.3059151603795,
-0.652957580189749,-0.326478790094875,0.,0.164029816681059),
 .UNSPECIFIED.);
#957=B_SPLINE_CURVE_WITH_KNOTS('',3,(#4837,#4838,#4839,#4840,#4841,#4842),
 .UNSPECIFIED.,.F.,.F.,(4,2,4),(3.97616376539911,4.18014507512769,4.18903578456844),
 .UNSPECIFIED.);
#958=B_SPLINE_CURVE_WITH_KNOTS('',3,(#4959,#4960,#4961,#4962,#4963,#4964,
#4965,#4966,#4967,#4968,#4969,#4970),.UNSPECIFIED.,.F.,.F.,(4,1,1,1,1,1,
1,1,1,4),(-1.30066073586099,-1.29137317171104,-1.25306282696469,-1.23390765459151,
-1.21475248221833,-1.17644213747197,-1.02320075848655,-0.94658006899384,
-0.869959379501128,-0.793338690008417),.UNSPECIFIED.);
#959=B_SPLINE_CURVE_WITH_KNOTS('',3,(#4972,#4973,#4974,#4975,#4976,#4977),
 .UNSPECIFIED.,.F.,.F.,(4,1,1,4),(0.,0.285714285714286,0.571428571428571,
1.),.UNSPECIFIED.);
#960=B_SPLINE_CURVE_WITH_KNOTS('',3,(#5016,#5017,#5018,#5019,#5020,#5021,
#5022,#5023,#5024,#5025,#5026,#5027,#5028,#5029,#5030,#5031,#5032,#5033,
#5034,#5035),.UNSPECIFIED.,.F.,.F.,(4,2,2,2,2,2,2,2,2,4),(0.,0.0715154880769333,
0.143030976153867,0.227766394386893,0.312501812619918,0.393253114338133,
0.474004416056347,0.544972271867628,0.615940127678908,0.676126542669344),
 .UNSPECIFIED.);
#961=B_SPLINE_CURVE_WITH_KNOTS('',3,(#5036,#5037,#5038,#5039,#5040,#5041,
#5042,#5043,#5044,#5045,#5046,#5047,#5048,#5049,#5050,#5051,#5052,#5053),
 .UNSPECIFIED.,.F.,.F.,(4,2,2,2,2,2,2,2,4),(0.676126542669344,0.688998459456832,
0.762056791234756,0.840722345746306,0.919387900257856,1.00412331849088,
1.08885873672391,1.16037422480084,1.23188971287777),.UNSPECIFIED.);
#962=VERTEX_POINT('',#3258);
#963=VERTEX_POINT('',#3259);
#964=VERTEX_POINT('',#3272);
#965=VERTEX_POINT('',#3280);
#966=VERTEX_POINT('',#3287);
#967=VERTEX_POINT('',#3288);
#968=VERTEX_POINT('',#3293);
#969=VERTEX_POINT('',#3294);
#970=VERTEX_POINT('',#3318);
#971=VERTEX_POINT('',#3319);
#972=VERTEX_POINT('',#3330);
#973=VERTEX_POINT('',#3331);
#974=VERTEX_POINT('',#3343);
#975=VERTEX_POINT('',#3347);
#976=VERTEX_POINT('',#3349);
#977=VERTEX_POINT('',#3353);
#978=VERTEX_POINT('',#3357);
#979=VERTEX_POINT('',#3358);
#980=VERTEX_POINT('',#3360);
#981=VERTEX_POINT('',#3362);
#982=VERTEX_POINT('',#3395);
#983=VERTEX_POINT('',#3396);
#984=VERTEX_POINT('',#3438);
#985=VERTEX_POINT('',#3439);
#986=VERTEX_POINT('',#3485);
#987=VERTEX_POINT('',#3487);
#988=VERTEX_POINT('',#3492);
#989=VERTEX_POINT('',#3496);
#990=VERTEX_POINT('',#3498);
#991=VERTEX_POINT('',#3500);
#992=VERTEX_POINT('',#3505);
#993=VERTEX_POINT('',#3506);
#994=VERTEX_POINT('',#3508);
#995=VERTEX_POINT('',#3510);
#996=VERTEX_POINT('',#3522);
#997=VERTEX_POINT('',#3534);
#998=VERTEX_POINT('',#3541);
#999=VERTEX_POINT('',#3543);
#1000=VERTEX_POINT('',#3547);
#1001=VERTEX_POINT('',#3549);
#1002=VERTEX_POINT('',#3554);
#1003=VERTEX_POINT('',#3555);
#1004=VERTEX_POINT('',#3557);
#1005=VERTEX_POINT('',#3559);
#1006=VERTEX_POINT('',#3561);
#1007=VERTEX_POINT('',#3563);
#1008=VERTEX_POINT('',#3565);
#1009=VERTEX_POINT('',#3572);
#1010=VERTEX_POINT('',#3574);
#1011=VERTEX_POINT('',#3578);
#1012=VERTEX_POINT('',#3581);
#1013=VERTEX_POINT('',#3583);
#1014=VERTEX_POINT('',#3588);
#1015=VERTEX_POINT('',#3592);
#1016=VERTEX_POINT('',#3594);
#1017=VERTEX_POINT('',#3600);
#1018=VERTEX_POINT('',#3602);
#1019=VERTEX_POINT('',#3607);
#1020=VERTEX_POINT('',#3609);
#1021=VERTEX_POINT('',#3613);
#1022=VERTEX_POINT('',#3615);
#1023=VERTEX_POINT('',#3621);
#1024=VERTEX_POINT('',#3629);
#1025=VERTEX_POINT('',#3634);
#1026=VERTEX_POINT('',#3638);
#1027=VERTEX_POINT('',#3640);
#1028=VERTEX_POINT('',#3644);
#1029=VERTEX_POINT('',#3648);
#1030=VERTEX_POINT('',#3652);
#1031=VERTEX_POINT('',#3653);
#1032=VERTEX_POINT('',#3655);
#1033=VERTEX_POINT('',#3708);
#1034=VERTEX_POINT('',#3710);
#1035=VERTEX_POINT('',#3754);
#1036=VERTEX_POINT('',#3846);
#1037=VERTEX_POINT('',#3857);
#1038=VERTEX_POINT('',#3873);
#1039=VERTEX_POINT('',#3875);
#1040=VERTEX_POINT('',#3877);
#1041=VERTEX_POINT('',#3998);
#1042=VERTEX_POINT('',#4000);
#1043=VERTEX_POINT('',#4002);
#1044=VERTEX_POINT('',#4022);
#1045=VERTEX_POINT('',#4024);
#1046=VERTEX_POINT('',#4026);
#1047=VERTEX_POINT('',#4030);
#1048=VERTEX_POINT('',#4036);
#1049=VERTEX_POINT('',#4037);
#1050=VERTEX_POINT('',#4043);
#1051=VERTEX_POINT('',#4045);
#1052=VERTEX_POINT('',#4047);
#1053=VERTEX_POINT('',#4054);
#1054=VERTEX_POINT('',#4055);
#1055=VERTEX_POINT('',#4095);
#1056=VERTEX_POINT('',#4099);
#1057=VERTEX_POINT('',#4105);
#1058=VERTEX_POINT('',#4107);
#1059=VERTEX_POINT('',#4111);
#1060=VERTEX_POINT('',#4113);
#1061=VERTEX_POINT('',#4117);
#1062=VERTEX_POINT('',#4119);
#1063=VERTEX_POINT('',#4123);
#1064=VERTEX_POINT('',#4125);
#1065=VERTEX_POINT('',#4129);
#1066=VERTEX_POINT('',#4131);
#1067=VERTEX_POINT('',#4135);
#1068=VERTEX_POINT('',#4145);
#1069=VERTEX_POINT('',#4146);
#1070=VERTEX_POINT('',#4155);
#1071=VERTEX_POINT('',#4165);
#1072=VERTEX_POINT('',#4169);
#1073=VERTEX_POINT('',#4171);
#1074=VERTEX_POINT('',#4173);
#1075=VERTEX_POINT('',#4175);
#1076=VERTEX_POINT('',#4180);
#1077=VERTEX_POINT('',#4188);
#1078=VERTEX_POINT('',#4194);
#1079=VERTEX_POINT('',#4196);
#1080=VERTEX_POINT('',#4248);
#1081=VERTEX_POINT('',#4249);
#1082=VERTEX_POINT('',#4262);
#1083=VERTEX_POINT('',#4267);
#1084=VERTEX_POINT('',#4277);
#1085=VERTEX_POINT('',#4278);
#1086=VERTEX_POINT('',#4283);
#1087=VERTEX_POINT('',#4284);
#1088=VERTEX_POINT('',#4308);
#1089=VERTEX_POINT('',#4309);
#1090=VERTEX_POINT('',#4320);
#1091=VERTEX_POINT('',#4321);
#1092=VERTEX_POINT('',#4333);
#1093=VERTEX_POINT('',#4337);
#1094=VERTEX_POINT('',#4339);
#1095=VERTEX_POINT('',#4343);
#1096=VERTEX_POINT('',#4347);
#1097=VERTEX_POINT('',#4348);
#1098=VERTEX_POINT('',#4350);
#1099=VERTEX_POINT('',#4352);
#1100=VERTEX_POINT('',#4385);
#1101=VERTEX_POINT('',#4386);
#1102=VERTEX_POINT('',#4428);
#1103=VERTEX_POINT('',#4429);
#1104=VERTEX_POINT('',#4475);
#1105=VERTEX_POINT('',#4477);
#1106=VERTEX_POINT('',#4481);
#1107=VERTEX_POINT('',#4486);
#1108=VERTEX_POINT('',#4488);
#1109=VERTEX_POINT('',#4490);
#1110=VERTEX_POINT('',#4495);
#1111=VERTEX_POINT('',#4496);
#1112=VERTEX_POINT('',#4498);
#1113=VERTEX_POINT('',#4500);
#1114=VERTEX_POINT('',#4512);
#1115=VERTEX_POINT('',#4524);
#1116=VERTEX_POINT('',#4531);
#1117=VERTEX_POINT('',#4533);
#1118=VERTEX_POINT('',#4537);
#1119=VERTEX_POINT('',#4539);
#1120=VERTEX_POINT('',#4544);
#1121=VERTEX_POINT('',#4545);
#1122=VERTEX_POINT('',#4547);
#1123=VERTEX_POINT('',#4549);
#1124=VERTEX_POINT('',#4552);
#1125=VERTEX_POINT('',#4559);
#1126=VERTEX_POINT('',#4561);
#1127=VERTEX_POINT('',#4565);
#1128=VERTEX_POINT('',#4568);
#1129=VERTEX_POINT('',#4570);
#1130=VERTEX_POINT('',#4575);
#1131=VERTEX_POINT('',#4579);
#1132=VERTEX_POINT('',#4581);
#1133=VERTEX_POINT('',#4587);
#1134=VERTEX_POINT('',#4589);
#1135=VERTEX_POINT('',#4594);
#1136=VERTEX_POINT('',#4598);
#1137=VERTEX_POINT('',#4600);
#1138=VERTEX_POINT('',#4604);
#1139=VERTEX_POINT('',#4608);
#1140=VERTEX_POINT('',#4612);
#1141=VERTEX_POINT('',#4613);
#1142=VERTEX_POINT('',#4616);
#1143=VERTEX_POINT('',#4668);
#1144=VERTEX_POINT('',#4670);
#1145=VERTEX_POINT('',#4714);
#1146=VERTEX_POINT('',#4806);
#1147=VERTEX_POINT('',#4811);
#1148=VERTEX_POINT('',#4816);
#1149=VERTEX_POINT('',#4818);
#1150=VERTEX_POINT('',#4820);
#1151=VERTEX_POINT('',#4958);
#1152=VERTEX_POINT('',#4971);
#1153=VERTEX_POINT('',#4978);
#1154=VERTEX_POINT('',#4982);
#1155=VERTEX_POINT('',#4984);
#1156=VERTEX_POINT('',#4986);
#1157=VERTEX_POINT('',#4991);
#1158=VERTEX_POINT('',#4996);
#1159=VERTEX_POINT('',#4997);
#1160=VERTEX_POINT('',#5002);
#1161=VERTEX_POINT('',#5004);
#1162=VERTEX_POINT('',#5006);
#1163=VERTEX_POINT('',#5014);
#1164=VERTEX_POINT('',#5015);
#1165=VERTEX_POINT('',#5055);
#1166=VERTEX_POINT('',#5059);
#1167=VERTEX_POINT('',#5065);
#1168=VERTEX_POINT('',#5067);
#1169=VERTEX_POINT('',#5071);
#1170=VERTEX_POINT('',#5073);
#1171=VERTEX_POINT('',#5077);
#1172=VERTEX_POINT('',#5079);
#1173=VERTEX_POINT('',#5083);
#1174=VERTEX_POINT('',#5085);
#1175=VERTEX_POINT('',#5089);
#1176=VERTEX_POINT('',#5091);
#1177=VERTEX_POINT('',#5095);
#1178=EDGE_CURVE('',#962,#963,#904,.T.);
#1179=EDGE_CURVE('',#964,#962,#905,.T.);
#1180=EDGE_CURVE('',#965,#964,#804,.T.);
#1181=EDGE_CURVE('',#963,#965,#906,.T.);
#1182=EDGE_CURVE('',#966,#967,#805,.T.);
#1183=EDGE_CURVE('',#965,#966,#154,.T.);
#1184=EDGE_CURVE('',#967,#964,#155,.T.);
#1185=EDGE_CURVE('',#968,#969,#806,.T.);
#1186=EDGE_CURVE('',#966,#968,#807,.T.);
#1187=EDGE_CURVE('',#969,#967,#808,.T.);
#1188=EDGE_CURVE('',#970,#971,#809,.T.);
#1189=EDGE_CURVE('',#968,#970,#907,.T.);
#1190=EDGE_CURVE('',#971,#969,#908,.T.);
#1191=EDGE_CURVE('',#972,#973,#909,.T.);
#1192=EDGE_CURVE('',#970,#972,#810,.T.);
#1193=EDGE_CURVE('',#973,#971,#811,.T.);
#1194=EDGE_CURVE('',#974,#972,#156,.T.);
#1195=EDGE_CURVE('',#974,#970,#157,.T.);
#1196=EDGE_CURVE('',#975,#974,#64,.T.);
#1197=EDGE_CURVE('',#976,#975,#812,.T.);
#1198=EDGE_CURVE('',#966,#976,#158,.T.);
#1199=EDGE_CURVE('',#976,#977,#159,.T.);
#1200=EDGE_CURVE('',#977,#963,#65,.T.);
#1201=EDGE_CURVE('',#978,#979,#813,.T.);
#1202=EDGE_CURVE('',#980,#978,#160,.T.);
#1203=EDGE_CURVE('',#981,#980,#814,.T.);
#1204=EDGE_CURVE('',#979,#981,#161,.T.);
#1205=EDGE_CURVE('',#982,#983,#910,.T.);
#1206=EDGE_CURVE('',#978,#982,#911,.T.);
#1207=EDGE_CURVE('',#983,#979,#912,.T.);
#1208=EDGE_CURVE('',#984,#985,#913,.T.);
#1209=EDGE_CURVE('',#981,#985,#914,.T.);
#1210=EDGE_CURVE('',#984,#980,#915,.T.);
#1211=EDGE_CURVE('',#983,#962,#66,.T.);
#1212=EDGE_CURVE('',#964,#979,#67,.T.);
#1213=EDGE_CURVE('',#982,#986,#68,.T.);
#1214=EDGE_CURVE('',#986,#987,#162,.T.);
#1215=EDGE_CURVE('',#987,#984,#163,.T.);
#1216=EDGE_CURVE('',#981,#969,#164,.T.);
#1217=EDGE_CURVE('',#988,#985,#815,.F.);
#1218=EDGE_CURVE('',#973,#988,#165,.T.);
#1219=EDGE_CURVE('',#988,#989,#166,.T.);
#1220=EDGE_CURVE('',#989,#990,#167,.T.);
#1221=EDGE_CURVE('',#990,#991,#168,.T.);
#1222=EDGE_CURVE('',#975,#991,#169,.T.);
#1223=EDGE_CURVE('',#992,#993,#69,.T.);
#1224=EDGE_CURVE('',#994,#992,#170,.T.);
#1225=EDGE_CURVE('',#995,#994,#816,.T.);
#1226=EDGE_CURVE('',#993,#995,#171,.T.);
#1227=EDGE_CURVE('',#996,#994,#817,.T.);
#1228=EDGE_CURVE('',#995,#996,#818,.T.);
#1229=EDGE_CURVE('',#994,#997,#819,.F.);
#1230=EDGE_CURVE('',#996,#997,#916,.T.);
#1231=EDGE_CURVE('',#996,#998,#172,.T.);
#1232=EDGE_CURVE('',#999,#998,#173,.T.);
#1233=EDGE_CURVE('',#993,#999,#174,.T.);
#1234=EDGE_CURVE('',#1000,#1000,#820,.T.);
#1235=EDGE_CURVE('',#1000,#1001,#175,.T.);
#1236=EDGE_CURVE('',#1001,#1001,#821,.T.);
#1237=EDGE_CURVE('',#1002,#1003,#176,.T.);
#1238=EDGE_CURVE('',#1002,#1004,#177,.F.);
#1239=EDGE_CURVE('',#1004,#1005,#178,.F.);
#1240=EDGE_CURVE('',#1005,#1006,#179,.T.);
#1241=EDGE_CURVE('',#1006,#1007,#70,.F.);
#1242=EDGE_CURVE('',#1008,#1007,#180,.T.);
#1243=EDGE_CURVE('',#1003,#1008,#181,.T.);
#1244=EDGE_CURVE('',#992,#1002,#182,.T.);
#1245=EDGE_CURVE('',#994,#1003,#183,.T.);
#1246=EDGE_CURVE('',#1009,#1009,#822,.T.);
#1247=EDGE_CURVE('',#1009,#1010,#184,.T.);
#1248=EDGE_CURVE('',#1010,#1010,#823,.T.);
#1249=EDGE_CURVE('',#1011,#1011,#824,.T.);
#1250=EDGE_CURVE('',#1012,#1012,#825,.T.);
#1251=EDGE_CURVE('',#1012,#1013,#185,.T.);
#1252=EDGE_CURVE('',#1013,#1013,#826,.T.);
#1253=EDGE_CURVE('',#1014,#1014,#827,.T.);
#1254=EDGE_CURVE('',#1014,#1011,#186,.T.);
#1255=EDGE_CURVE('',#1015,#1015,#828,.T.);
#1256=EDGE_CURVE('',#1015,#1016,#187,.T.);
#1257=EDGE_CURVE('',#1016,#1016,#829,.T.);
#1258=EDGE_CURVE('',#1017,#1017,#830,.T.);
#1259=EDGE_CURVE('',#1017,#1018,#188,.T.);
#1260=EDGE_CURVE('',#1018,#1018,#831,.T.);
#1261=EDGE_CURVE('',#1019,#1006,#189,.T.);
#1262=EDGE_CURVE('',#1019,#1020,#71,.F.);
#1263=EDGE_CURVE('',#1007,#1020,#190,.T.);
#1264=EDGE_CURVE('',#1021,#1005,#191,.T.);
#1265=EDGE_CURVE('',#1021,#1022,#917,.T.);
#1266=EDGE_CURVE('',#1022,#1023,#918,.T.);
#1267=EDGE_CURVE('',#1023,#1024,#919,.T.);
#1268=EDGE_CURVE('',#1024,#1025,#192,.T.);
#1269=EDGE_CURVE('',#1019,#1025,#193,.T.);
#1270=EDGE_CURVE('',#1025,#1026,#72,.T.);
#1271=EDGE_CURVE('',#1027,#1024,#832,.T.);
#1272=EDGE_CURVE('',#1026,#1027,#194,.T.);
#1273=EDGE_CURVE('',#1028,#1020,#195,.T.);
#1274=EDGE_CURVE('',#1028,#1008,#196,.T.);
#1275=EDGE_CURVE('',#1026,#1029,#197,.T.);
#1276=EDGE_CURVE('',#1029,#1028,#198,.T.);
#1277=EDGE_CURVE('',#1030,#1031,#199,.T.);
#1278=EDGE_CURVE('',#1032,#1031,#200,.T.);
#1279=EDGE_CURVE('',#1032,#1004,#201,.T.);
#1280=EDGE_CURVE('',#999,#1030,#202,.T.);
#1281=EDGE_CURVE('',#1033,#1022,#833,.T.);
#1282=EDGE_CURVE('',#1034,#1033,#920,.T.);
#1283=EDGE_CURVE('',#1023,#1034,#834,.T.);
#1284=EDGE_CURVE('',#1035,#1021,#921,.T.);
#1285=EDGE_CURVE('',#1033,#1035,#922,.T.);
#1286=EDGE_CURVE('',#1027,#1034,#923,.T.);
#1287=EDGE_CURVE('',#1036,#1035,#924,.T.);
#1288=EDGE_CURVE('',#1032,#1036,#925,.T.);
#1289=EDGE_CURVE('',#1037,#1032,#926,.T.);
#1290=EDGE_CURVE('',#1038,#1037,#835,.T.);
#1291=EDGE_CURVE('',#1039,#1038,#836,.T.);
#1292=EDGE_CURVE('',#1039,#1040,#837,.T.);
#1293=EDGE_CURVE('',#1040,#1033,#927,.T.);
#1294=EDGE_CURVE('',#1034,#1040,#838,.T.);
#1295=EDGE_CURVE('',#1040,#1041,#839,.T.);
#1296=EDGE_CURVE('',#1041,#1042,#840,.T.);
#1297=EDGE_CURVE('',#1042,#1043,#928,.T.);
#1298=EDGE_CURVE('',#1027,#1043,#929,.T.);
#1299=EDGE_CURVE('',#1043,#1044,#203,.T.);
#1300=EDGE_CURVE('',#1045,#1044,#204,.T.);
#1301=EDGE_CURVE('',#1045,#1046,#205,.T.);
#1302=EDGE_CURVE('',#1046,#1029,#206,.T.);
#1303=EDGE_CURVE('',#1047,#1039,#207,.T.);
#1304=EDGE_CURVE('',#991,#1047,#208,.T.);
#1305=EDGE_CURVE('',#1044,#990,#841,.T.);
#1306=EDGE_CURVE('',#1048,#1049,#209,.T.);
#1307=EDGE_CURVE('',#998,#1048,#210,.T.);
#1308=EDGE_CURVE('',#1049,#997,#211,.T.);
#1309=EDGE_CURVE('',#987,#1046,#212,.T.);
#1310=EDGE_CURVE('',#1050,#986,#73,.F.);
#1311=EDGE_CURVE('',#1050,#1051,#213,.T.);
#1312=EDGE_CURVE('',#1052,#1051,#214,.T.);
#1313=EDGE_CURVE('',#1052,#1049,#215,.T.);
#1314=EDGE_CURVE('',#977,#1047,#74,.F.);
#1315=EDGE_CURVE('',#1050,#1038,#216,.T.);
#1316=EDGE_CURVE('',#1053,#1054,#930,.T.);
#1317=EDGE_CURVE('',#1054,#1053,#931,.T.);
#1318=EDGE_CURVE('',#1055,#1055,#842,.T.);
#1319=EDGE_CURVE('',#1055,#1054,#217,.T.);
#1320=EDGE_CURVE('',#1056,#1037,#218,.T.);
#1321=EDGE_CURVE('',#1051,#1056,#219,.T.);
#1322=EDGE_CURVE('',#989,#1045,#843,.T.);
#1323=EDGE_CURVE('',#1057,#1057,#844,.T.);
#1324=EDGE_CURVE('',#1057,#1058,#220,.T.);
#1325=EDGE_CURVE('',#1058,#1058,#845,.T.);
#1326=EDGE_CURVE('',#1059,#1059,#846,.T.);
#1327=EDGE_CURVE('',#1059,#1060,#221,.T.);
#1328=EDGE_CURVE('',#1060,#1060,#847,.T.);
#1329=EDGE_CURVE('',#1061,#1061,#848,.T.);
#1330=EDGE_CURVE('',#1061,#1062,#222,.T.);
#1331=EDGE_CURVE('',#1062,#1062,#849,.T.);
#1332=EDGE_CURVE('',#1063,#1063,#850,.T.);
#1333=EDGE_CURVE('',#1063,#1064,#223,.T.);
#1334=EDGE_CURVE('',#1064,#1064,#851,.T.);
#1335=EDGE_CURVE('',#1065,#1065,#852,.T.);
#1336=EDGE_CURVE('',#1065,#1066,#224,.T.);
#1337=EDGE_CURVE('',#1066,#1066,#853,.T.);
#1338=EDGE_CURVE('',#1056,#1067,#225,.T.);
#1339=EDGE_CURVE('',#1067,#1052,#226,.T.);
#1340=EDGE_CURVE('',#1031,#1067,#227,.T.);
#1341=EDGE_CURVE('',#1048,#1030,#228,.T.);
#1342=EDGE_CURVE('',#1068,#1069,#932,.T.);
#1343=EDGE_CURVE('',#1070,#1068,#75,.T.);
#1344=EDGE_CURVE('',#1069,#1070,#933,.T.);
#1345=EDGE_CURVE('',#1069,#1071,#229,.T.);
#1346=EDGE_CURVE('',#1071,#1071,#76,.T.);
#1347=EDGE_CURVE('',#1072,#1068,#230,.T.);
#1348=EDGE_CURVE('',#1072,#1073,#231,.T.);
#1349=EDGE_CURVE('',#1074,#1073,#232,.T.);
#1350=EDGE_CURVE('',#1075,#1074,#934,.T.);
#1351=EDGE_CURVE('',#1076,#1075,#935,.T.);
#1352=EDGE_CURVE('',#1077,#1076,#936,.T.);
#1353=EDGE_CURVE('',#1077,#1078,#233,.T.);
#1354=EDGE_CURVE('',#1078,#1079,#234,.T.);
#1355=EDGE_CURVE('',#1070,#1079,#235,.T.);
#1356=EDGE_CURVE('',#1080,#1081,#937,.T.);
#1357=EDGE_CURVE('',#1081,#1082,#938,.T.);
#1358=EDGE_CURVE('',#1082,#1083,#854,.T.);
#1359=EDGE_CURVE('',#1083,#1080,#939,.T.);
#1360=EDGE_CURVE('',#1084,#1085,#855,.T.);
#1361=EDGE_CURVE('',#1085,#1083,#236,.T.);
#1362=EDGE_CURVE('',#1082,#1084,#237,.T.);
#1363=EDGE_CURVE('',#1086,#1087,#856,.T.);
#1364=EDGE_CURVE('',#1087,#1085,#857,.T.);
#1365=EDGE_CURVE('',#1084,#1086,#858,.T.);
#1366=EDGE_CURVE('',#1088,#1089,#859,.T.);
#1367=EDGE_CURVE('',#1089,#1087,#940,.T.);
#1368=EDGE_CURVE('',#1086,#1088,#941,.T.);
#1369=EDGE_CURVE('',#1090,#1091,#942,.T.);
#1370=EDGE_CURVE('',#1091,#1089,#860,.T.);
#1371=EDGE_CURVE('',#1088,#1090,#861,.T.);
#1372=EDGE_CURVE('',#1092,#1088,#238,.T.);
#1373=EDGE_CURVE('',#1092,#1090,#239,.T.);
#1374=EDGE_CURVE('',#1084,#1093,#240,.T.);
#1375=EDGE_CURVE('',#1093,#1094,#862,.T.);
#1376=EDGE_CURVE('',#1094,#1092,#77,.T.);
#1377=EDGE_CURVE('',#1095,#1081,#78,.T.);
#1378=EDGE_CURVE('',#1093,#1095,#241,.T.);
#1379=EDGE_CURVE('',#1096,#1097,#863,.T.);
#1380=EDGE_CURVE('',#1097,#1098,#242,.T.);
#1381=EDGE_CURVE('',#1098,#1099,#864,.T.);
#1382=EDGE_CURVE('',#1099,#1096,#243,.T.);
#1383=EDGE_CURVE('',#1100,#1101,#943,.T.);
#1384=EDGE_CURVE('',#1101,#1097,#944,.T.);
#1385=EDGE_CURVE('',#1096,#1100,#945,.T.);
#1386=EDGE_CURVE('',#1102,#1103,#946,.T.);
#1387=EDGE_CURVE('',#1102,#1099,#947,.T.);
#1388=EDGE_CURVE('',#1098,#1103,#948,.T.);
#1389=EDGE_CURVE('',#1083,#1097,#79,.T.);
#1390=EDGE_CURVE('',#1101,#1080,#80,.T.);
#1391=EDGE_CURVE('',#1104,#1102,#244,.T.);
#1392=EDGE_CURVE('',#1105,#1104,#245,.T.);
#1393=EDGE_CURVE('',#1100,#1105,#81,.T.);
#1394=EDGE_CURVE('',#1091,#1106,#246,.T.);
#1395=EDGE_CURVE('',#1106,#1103,#865,.F.);
#1396=EDGE_CURVE('',#1098,#1087,#247,.T.);
#1397=EDGE_CURVE('',#1094,#1107,#248,.T.);
#1398=EDGE_CURVE('',#1108,#1107,#249,.T.);
#1399=EDGE_CURVE('',#1109,#1108,#250,.T.);
#1400=EDGE_CURVE('',#1106,#1109,#251,.T.);
#1401=EDGE_CURVE('',#1110,#1111,#82,.T.);
#1402=EDGE_CURVE('',#1111,#1112,#252,.T.);
#1403=EDGE_CURVE('',#1112,#1113,#866,.T.);
#1404=EDGE_CURVE('',#1113,#1110,#253,.T.);
#1405=EDGE_CURVE('',#1114,#1113,#867,.T.);
#1406=EDGE_CURVE('',#1112,#1114,#868,.T.);
#1407=EDGE_CURVE('',#1113,#1115,#869,.F.);
#1408=EDGE_CURVE('',#1114,#1115,#949,.T.);
#1409=EDGE_CURVE('',#1111,#1116,#254,.T.);
#1410=EDGE_CURVE('',#1116,#1117,#255,.T.);
#1411=EDGE_CURVE('',#1114,#1117,#256,.T.);
#1412=EDGE_CURVE('',#1118,#1118,#870,.T.);
#1413=EDGE_CURVE('',#1118,#1119,#257,.T.);
#1414=EDGE_CURVE('',#1119,#1119,#871,.T.);
#1415=EDGE_CURVE('',#1120,#1121,#258,.T.);
#1416=EDGE_CURVE('',#1121,#1122,#259,.T.);
#1417=EDGE_CURVE('',#1122,#1123,#260,.T.);
#1418=EDGE_CURVE('',#1079,#1123,#83,.F.);
#1419=EDGE_CURVE('',#1124,#1078,#261,.F.);
#1420=EDGE_CURVE('',#1120,#1124,#262,.F.);
#1421=EDGE_CURVE('',#1113,#1121,#263,.T.);
#1422=EDGE_CURVE('',#1110,#1120,#264,.T.);
#1423=EDGE_CURVE('',#1125,#1125,#872,.T.);
#1424=EDGE_CURVE('',#1125,#1126,#265,.T.);
#1425=EDGE_CURVE('',#1126,#1126,#873,.T.);
#1426=EDGE_CURVE('',#1127,#1127,#874,.T.);
#1427=EDGE_CURVE('',#1128,#1128,#875,.T.);
#1428=EDGE_CURVE('',#1128,#1129,#266,.T.);
#1429=EDGE_CURVE('',#1129,#1129,#876,.T.);
#1430=EDGE_CURVE('',#1130,#1130,#877,.T.);
#1431=EDGE_CURVE('',#1130,#1127,#267,.T.);
#1432=EDGE_CURVE('',#1131,#1131,#878,.T.);
#1433=EDGE_CURVE('',#1131,#1132,#268,.T.);
#1434=EDGE_CURVE('',#1132,#1132,#879,.T.);
#1435=EDGE_CURVE('',#1133,#1133,#880,.T.);
#1436=EDGE_CURVE('',#1133,#1134,#269,.T.);
#1437=EDGE_CURVE('',#1134,#1134,#881,.T.);
#1438=EDGE_CURVE('',#1123,#1135,#270,.T.);
#1439=EDGE_CURVE('',#1072,#1135,#84,.F.);
#1440=EDGE_CURVE('',#1073,#1136,#85,.T.);
#1441=EDGE_CURVE('',#1136,#1137,#271,.T.);
#1442=EDGE_CURVE('',#1137,#1074,#882,.T.);
#1443=EDGE_CURVE('',#1138,#1122,#272,.T.);
#1444=EDGE_CURVE('',#1138,#1135,#273,.T.);
#1445=EDGE_CURVE('',#1136,#1139,#274,.T.);
#1446=EDGE_CURVE('',#1139,#1138,#275,.T.);
#1447=EDGE_CURVE('',#1140,#1141,#276,.T.);
#1448=EDGE_CURVE('',#1116,#1140,#277,.T.);
#1449=EDGE_CURVE('',#1142,#1124,#278,.T.);
#1450=EDGE_CURVE('',#1142,#1141,#279,.T.);
#1451=EDGE_CURVE('',#1143,#1076,#883,.T.);
#1452=EDGE_CURVE('',#1075,#1144,#884,.T.);
#1453=EDGE_CURVE('',#1144,#1143,#950,.T.);
#1454=EDGE_CURVE('',#1145,#1077,#951,.T.);
#1455=EDGE_CURVE('',#1143,#1145,#952,.T.);
#1456=EDGE_CURVE('',#1137,#1144,#953,.T.);
#1457=EDGE_CURVE('',#1146,#1145,#954,.T.);
#1458=EDGE_CURVE('',#1147,#1143,#955,.T.);
#1459=EDGE_CURVE('',#1148,#1147,#885,.T.);
#1460=EDGE_CURVE('',#1148,#1149,#886,.T.);
#1461=EDGE_CURVE('',#1149,#1150,#887,.T.);
#1462=EDGE_CURVE('',#1150,#1142,#956,.T.);
#1463=EDGE_CURVE('',#1142,#1146,#957,.T.);
#1464=EDGE_CURVE('',#1144,#1147,#888,.T.);
#1465=EDGE_CURVE('',#1137,#1151,#958,.T.);
#1466=EDGE_CURVE('',#1152,#1151,#959,.T.);
#1467=EDGE_CURVE('',#1153,#1152,#889,.T.);
#1468=EDGE_CURVE('',#1147,#1153,#890,.T.);
#1469=EDGE_CURVE('',#1154,#1139,#280,.T.);
#1470=EDGE_CURVE('',#1155,#1154,#281,.T.);
#1471=EDGE_CURVE('',#1155,#1156,#282,.T.);
#1472=EDGE_CURVE('',#1151,#1156,#283,.T.);
#1473=EDGE_CURVE('',#1156,#1108,#891,.T.);
#1474=EDGE_CURVE('',#1107,#1157,#284,.T.);
#1475=EDGE_CURVE('',#1157,#1148,#285,.T.);
#1476=EDGE_CURVE('',#1158,#1159,#286,.T.);
#1477=EDGE_CURVE('',#1159,#1115,#287,.T.);
#1478=EDGE_CURVE('',#1117,#1158,#288,.T.);
#1479=EDGE_CURVE('',#1160,#1159,#289,.T.);
#1480=EDGE_CURVE('',#1160,#1161,#290,.T.);
#1481=EDGE_CURVE('',#1162,#1161,#291,.T.);
#1482=EDGE_CURVE('',#1162,#1105,#86,.F.);
#1483=EDGE_CURVE('',#1104,#1154,#292,.T.);
#1484=EDGE_CURVE('',#1095,#1157,#87,.F.);
#1485=EDGE_CURVE('',#1162,#1149,#293,.T.);
#1486=EDGE_CURVE('',#1163,#1164,#960,.T.);
#1487=EDGE_CURVE('',#1164,#1163,#961,.T.);
#1488=EDGE_CURVE('',#1165,#1165,#892,.T.);
#1489=EDGE_CURVE('',#1165,#1164,#294,.T.);
#1490=EDGE_CURVE('',#1161,#1166,#295,.T.);
#1491=EDGE_CURVE('',#1166,#1150,#296,.T.);
#1492=EDGE_CURVE('',#1109,#1155,#893,.T.);
#1493=EDGE_CURVE('',#1167,#1167,#894,.T.);
#1494=EDGE_CURVE('',#1167,#1168,#297,.T.);
#1495=EDGE_CURVE('',#1168,#1168,#895,.T.);
#1496=EDGE_CURVE('',#1169,#1169,#896,.T.);
#1497=EDGE_CURVE('',#1169,#1170,#298,.T.);
#1498=EDGE_CURVE('',#1170,#1170,#897,.T.);
#1499=EDGE_CURVE('',#1171,#1171,#898,.T.);
#1500=EDGE_CURVE('',#1171,#1172,#299,.T.);
#1501=EDGE_CURVE('',#1172,#1172,#899,.T.);
#1502=EDGE_CURVE('',#1173,#1173,#900,.T.);
#1503=EDGE_CURVE('',#1173,#1174,#300,.T.);
#1504=EDGE_CURVE('',#1174,#1174,#901,.T.);
#1505=EDGE_CURVE('',#1175,#1175,#902,.T.);
#1506=EDGE_CURVE('',#1175,#1176,#301,.T.);
#1507=EDGE_CURVE('',#1176,#1176,#903,.T.);
#1508=EDGE_CURVE('',#1177,#1160,#302,.T.);
#1509=EDGE_CURVE('',#1166,#1177,#303,.T.);
#1510=EDGE_CURVE('',#1141,#1177,#304,.T.);
#1511=EDGE_CURVE('',#1158,#1140,#305,.T.);
#1512=ORIENTED_EDGE('',*,*,#1178,.F.);
#1513=ORIENTED_EDGE('',*,*,#1179,.F.);
#1514=ORIENTED_EDGE('',*,*,#1180,.F.);
#1515=ORIENTED_EDGE('',*,*,#1181,.F.);
#1516=ORIENTED_EDGE('',*,*,#1182,.F.);
#1517=ORIENTED_EDGE('',*,*,#1183,.F.);
#1518=ORIENTED_EDGE('',*,*,#1180,.T.);
#1519=ORIENTED_EDGE('',*,*,#1184,.F.);
#1520=ORIENTED_EDGE('',*,*,#1185,.F.);
#1521=ORIENTED_EDGE('',*,*,#1186,.F.);
#1522=ORIENTED_EDGE('',*,*,#1182,.T.);
#1523=ORIENTED_EDGE('',*,*,#1187,.F.);
#1524=ORIENTED_EDGE('',*,*,#1188,.F.);
#1525=ORIENTED_EDGE('',*,*,#1189,.F.);
#1526=ORIENTED_EDGE('',*,*,#1185,.T.);
#1527=ORIENTED_EDGE('',*,*,#1190,.F.);
#1528=ORIENTED_EDGE('',*,*,#1191,.F.);
#1529=ORIENTED_EDGE('',*,*,#1192,.F.);
#1530=ORIENTED_EDGE('',*,*,#1188,.T.);
#1531=ORIENTED_EDGE('',*,*,#1193,.F.);
#1532=ORIENTED_EDGE('',*,*,#1192,.T.);
#1533=ORIENTED_EDGE('',*,*,#1194,.F.);
#1534=ORIENTED_EDGE('',*,*,#1195,.T.);
#1535=ORIENTED_EDGE('',*,*,#1189,.T.);
#1536=ORIENTED_EDGE('',*,*,#1195,.F.);
#1537=ORIENTED_EDGE('',*,*,#1196,.F.);
#1538=ORIENTED_EDGE('',*,*,#1197,.F.);
#1539=ORIENTED_EDGE('',*,*,#1198,.F.);
#1540=ORIENTED_EDGE('',*,*,#1186,.T.);
#1541=ORIENTED_EDGE('',*,*,#1183,.T.);
#1542=ORIENTED_EDGE('',*,*,#1198,.T.);
#1543=ORIENTED_EDGE('',*,*,#1199,.T.);
#1544=ORIENTED_EDGE('',*,*,#1200,.T.);
#1545=ORIENTED_EDGE('',*,*,#1181,.T.);
#1546=ORIENTED_EDGE('',*,*,#1201,.F.);
#1547=ORIENTED_EDGE('',*,*,#1202,.F.);
#1548=ORIENTED_EDGE('',*,*,#1203,.F.);
#1549=ORIENTED_EDGE('',*,*,#1204,.F.);
#1550=ORIENTED_EDGE('',*,*,#1205,.F.);
#1551=ORIENTED_EDGE('',*,*,#1206,.F.);
#1552=ORIENTED_EDGE('',*,*,#1201,.T.);
#1553=ORIENTED_EDGE('',*,*,#1207,.F.);
#1554=ORIENTED_EDGE('',*,*,#1208,.T.);
#1555=ORIENTED_EDGE('',*,*,#1209,.F.);
#1556=ORIENTED_EDGE('',*,*,#1203,.T.);
#1557=ORIENTED_EDGE('',*,*,#1210,.F.);
#1558=ORIENTED_EDGE('',*,*,#1179,.T.);
#1559=ORIENTED_EDGE('',*,*,#1211,.F.);
#1560=ORIENTED_EDGE('',*,*,#1207,.T.);
#1561=ORIENTED_EDGE('',*,*,#1212,.F.);
#1562=ORIENTED_EDGE('',*,*,#1206,.T.);
#1563=ORIENTED_EDGE('',*,*,#1213,.T.);
#1564=ORIENTED_EDGE('',*,*,#1214,.T.);
#1565=ORIENTED_EDGE('',*,*,#1215,.T.);
#1566=ORIENTED_EDGE('',*,*,#1210,.T.);
#1567=ORIENTED_EDGE('',*,*,#1202,.T.);
#1568=ORIENTED_EDGE('',*,*,#1193,.T.);
#1569=ORIENTED_EDGE('',*,*,#1190,.T.);
#1570=ORIENTED_EDGE('',*,*,#1216,.F.);
#1571=ORIENTED_EDGE('',*,*,#1209,.T.);
#1572=ORIENTED_EDGE('',*,*,#1217,.F.);
#1573=ORIENTED_EDGE('',*,*,#1218,.F.);
#1574=ORIENTED_EDGE('',*,*,#1194,.T.);
#1575=ORIENTED_EDGE('',*,*,#1191,.T.);
#1576=ORIENTED_EDGE('',*,*,#1218,.T.);
#1577=ORIENTED_EDGE('',*,*,#1219,.T.);
#1578=ORIENTED_EDGE('',*,*,#1220,.T.);
#1579=ORIENTED_EDGE('',*,*,#1221,.T.);
#1580=ORIENTED_EDGE('',*,*,#1222,.F.);
#1581=ORIENTED_EDGE('',*,*,#1196,.T.);
#1582=ORIENTED_EDGE('',*,*,#1187,.T.);
#1583=ORIENTED_EDGE('',*,*,#1184,.T.);
#1584=ORIENTED_EDGE('',*,*,#1212,.T.);
#1585=ORIENTED_EDGE('',*,*,#1204,.T.);
#1586=ORIENTED_EDGE('',*,*,#1216,.T.);
#1587=ORIENTED_EDGE('',*,*,#1223,.F.);
#1588=ORIENTED_EDGE('',*,*,#1224,.F.);
#1589=ORIENTED_EDGE('',*,*,#1225,.F.);
#1590=ORIENTED_EDGE('',*,*,#1226,.F.);
#1591=ORIENTED_EDGE('',*,*,#1227,.F.);
#1592=ORIENTED_EDGE('',*,*,#1228,.F.);
#1593=ORIENTED_EDGE('',*,*,#1225,.T.);
#1594=ORIENTED_EDGE('',*,*,#1229,.T.);
#1595=ORIENTED_EDGE('',*,*,#1230,.F.);
#1596=ORIENTED_EDGE('',*,*,#1227,.T.);
#1597=ORIENTED_EDGE('',*,*,#1228,.T.);
#1598=ORIENTED_EDGE('',*,*,#1231,.T.);
#1599=ORIENTED_EDGE('',*,*,#1232,.F.);
#1600=ORIENTED_EDGE('',*,*,#1233,.F.);
#1601=ORIENTED_EDGE('',*,*,#1226,.T.);
#1602=ORIENTED_EDGE('',*,*,#1234,.T.);
#1603=ORIENTED_EDGE('',*,*,#1235,.T.);
#1604=ORIENTED_EDGE('',*,*,#1236,.F.);
#1605=ORIENTED_EDGE('',*,*,#1235,.F.);
#1606=ORIENTED_EDGE('',*,*,#1236,.T.);
#1607=ORIENTED_EDGE('',*,*,#1237,.F.);
#1608=ORIENTED_EDGE('',*,*,#1238,.T.);
#1609=ORIENTED_EDGE('',*,*,#1239,.T.);
#1610=ORIENTED_EDGE('',*,*,#1240,.T.);
#1611=ORIENTED_EDGE('',*,*,#1241,.T.);
#1612=ORIENTED_EDGE('',*,*,#1242,.F.);
#1613=ORIENTED_EDGE('',*,*,#1243,.F.);
#1614=ORIENTED_EDGE('',*,*,#1224,.T.);
#1615=ORIENTED_EDGE('',*,*,#1244,.T.);
#1616=ORIENTED_EDGE('',*,*,#1237,.T.);
#1617=ORIENTED_EDGE('',*,*,#1245,.F.);
#1618=ORIENTED_EDGE('',*,*,#1246,.T.);
#1619=ORIENTED_EDGE('',*,*,#1247,.T.);
#1620=ORIENTED_EDGE('',*,*,#1248,.F.);
#1621=ORIENTED_EDGE('',*,*,#1247,.F.);
#1622=ORIENTED_EDGE('',*,*,#1249,.T.);
#1623=ORIENTED_EDGE('',*,*,#1250,.T.);
#1624=ORIENTED_EDGE('',*,*,#1251,.T.);
#1625=ORIENTED_EDGE('',*,*,#1252,.F.);
#1626=ORIENTED_EDGE('',*,*,#1251,.F.);
#1627=ORIENTED_EDGE('',*,*,#1252,.T.);
#1628=ORIENTED_EDGE('',*,*,#1253,.T.);
#1629=ORIENTED_EDGE('',*,*,#1254,.T.);
#1630=ORIENTED_EDGE('',*,*,#1249,.F.);
#1631=ORIENTED_EDGE('',*,*,#1254,.F.);
#1632=ORIENTED_EDGE('',*,*,#1255,.T.);
#1633=ORIENTED_EDGE('',*,*,#1256,.T.);
#1634=ORIENTED_EDGE('',*,*,#1257,.F.);
#1635=ORIENTED_EDGE('',*,*,#1256,.F.);
#1636=ORIENTED_EDGE('',*,*,#1257,.T.);
#1637=ORIENTED_EDGE('',*,*,#1248,.T.);
#1638=ORIENTED_EDGE('',*,*,#1258,.T.);
#1639=ORIENTED_EDGE('',*,*,#1259,.T.);
#1640=ORIENTED_EDGE('',*,*,#1260,.F.);
#1641=ORIENTED_EDGE('',*,*,#1259,.F.);
#1642=ORIENTED_EDGE('',*,*,#1260,.T.);
#1643=ORIENTED_EDGE('',*,*,#1241,.F.);
#1644=ORIENTED_EDGE('',*,*,#1261,.F.);
#1645=ORIENTED_EDGE('',*,*,#1262,.T.);
#1646=ORIENTED_EDGE('',*,*,#1263,.F.);
#1647=ORIENTED_EDGE('',*,*,#1261,.T.);
#1648=ORIENTED_EDGE('',*,*,#1240,.F.);
#1649=ORIENTED_EDGE('',*,*,#1264,.F.);
#1650=ORIENTED_EDGE('',*,*,#1265,.T.);
#1651=ORIENTED_EDGE('',*,*,#1266,.T.);
#1652=ORIENTED_EDGE('',*,*,#1267,.T.);
#1653=ORIENTED_EDGE('',*,*,#1268,.T.);
#1654=ORIENTED_EDGE('',*,*,#1269,.F.);
#1655=ORIENTED_EDGE('',*,*,#1270,.F.);
#1656=ORIENTED_EDGE('',*,*,#1268,.F.);
#1657=ORIENTED_EDGE('',*,*,#1271,.F.);
#1658=ORIENTED_EDGE('',*,*,#1272,.F.);
#1659=ORIENTED_EDGE('',*,*,#1263,.T.);
#1660=ORIENTED_EDGE('',*,*,#1273,.F.);
#1661=ORIENTED_EDGE('',*,*,#1274,.T.);
#1662=ORIENTED_EDGE('',*,*,#1242,.T.);
#1663=ORIENTED_EDGE('',*,*,#1275,.T.);
#1664=ORIENTED_EDGE('',*,*,#1276,.T.);
#1665=ORIENTED_EDGE('',*,*,#1273,.T.);
#1666=ORIENTED_EDGE('',*,*,#1262,.F.);
#1667=ORIENTED_EDGE('',*,*,#1269,.T.);
#1668=ORIENTED_EDGE('',*,*,#1270,.T.);
#1669=ORIENTED_EDGE('',*,*,#1277,.T.);
#1670=ORIENTED_EDGE('',*,*,#1278,.F.);
#1671=ORIENTED_EDGE('',*,*,#1279,.T.);
#1672=ORIENTED_EDGE('',*,*,#1238,.F.);
#1673=ORIENTED_EDGE('',*,*,#1244,.F.);
#1674=ORIENTED_EDGE('',*,*,#1223,.T.);
#1675=ORIENTED_EDGE('',*,*,#1233,.T.);
#1676=ORIENTED_EDGE('',*,*,#1280,.T.);
#1677=ORIENTED_EDGE('',*,*,#1281,.F.);
#1678=ORIENTED_EDGE('',*,*,#1282,.F.);
#1679=ORIENTED_EDGE('',*,*,#1283,.F.);
#1680=ORIENTED_EDGE('',*,*,#1266,.F.);
#1681=ORIENTED_EDGE('',*,*,#1284,.F.);
#1682=ORIENTED_EDGE('',*,*,#1285,.F.);
#1683=ORIENTED_EDGE('',*,*,#1281,.T.);
#1684=ORIENTED_EDGE('',*,*,#1265,.F.);
#1685=ORIENTED_EDGE('',*,*,#1271,.T.);
#1686=ORIENTED_EDGE('',*,*,#1267,.F.);
#1687=ORIENTED_EDGE('',*,*,#1283,.T.);
#1688=ORIENTED_EDGE('',*,*,#1286,.F.);
#1689=ORIENTED_EDGE('',*,*,#1287,.F.);
#1690=ORIENTED_EDGE('',*,*,#1288,.F.);
#1691=ORIENTED_EDGE('',*,*,#1289,.F.);
#1692=ORIENTED_EDGE('',*,*,#1290,.F.);
#1693=ORIENTED_EDGE('',*,*,#1291,.F.);
#1694=ORIENTED_EDGE('',*,*,#1292,.T.);
#1695=ORIENTED_EDGE('',*,*,#1293,.T.);
#1696=ORIENTED_EDGE('',*,*,#1285,.T.);
#1697=ORIENTED_EDGE('',*,*,#1282,.T.);
#1698=ORIENTED_EDGE('',*,*,#1293,.F.);
#1699=ORIENTED_EDGE('',*,*,#1294,.F.);
#1700=ORIENTED_EDGE('',*,*,#1286,.T.);
#1701=ORIENTED_EDGE('',*,*,#1294,.T.);
#1702=ORIENTED_EDGE('',*,*,#1295,.T.);
#1703=ORIENTED_EDGE('',*,*,#1296,.T.);
#1704=ORIENTED_EDGE('',*,*,#1297,.T.);
#1705=ORIENTED_EDGE('',*,*,#1298,.F.);
#1706=ORIENTED_EDGE('',*,*,#1275,.F.);
#1707=ORIENTED_EDGE('',*,*,#1272,.T.);
#1708=ORIENTED_EDGE('',*,*,#1298,.T.);
#1709=ORIENTED_EDGE('',*,*,#1299,.T.);
#1710=ORIENTED_EDGE('',*,*,#1300,.F.);
#1711=ORIENTED_EDGE('',*,*,#1301,.T.);
#1712=ORIENTED_EDGE('',*,*,#1302,.T.);
#1713=ORIENTED_EDGE('',*,*,#1297,.F.);
#1714=ORIENTED_EDGE('',*,*,#1296,.F.);
#1715=ORIENTED_EDGE('',*,*,#1295,.F.);
#1716=ORIENTED_EDGE('',*,*,#1292,.F.);
#1717=ORIENTED_EDGE('',*,*,#1303,.F.);
#1718=ORIENTED_EDGE('',*,*,#1304,.F.);
#1719=ORIENTED_EDGE('',*,*,#1221,.F.);
#1720=ORIENTED_EDGE('',*,*,#1305,.F.);
#1721=ORIENTED_EDGE('',*,*,#1299,.F.);
#1722=ORIENTED_EDGE('',*,*,#1288,.T.);
#1723=ORIENTED_EDGE('',*,*,#1287,.T.);
#1724=ORIENTED_EDGE('',*,*,#1284,.T.);
#1725=ORIENTED_EDGE('',*,*,#1264,.T.);
#1726=ORIENTED_EDGE('',*,*,#1239,.F.);
#1727=ORIENTED_EDGE('',*,*,#1279,.F.);
#1728=ORIENTED_EDGE('',*,*,#1306,.F.);
#1729=ORIENTED_EDGE('',*,*,#1307,.F.);
#1730=ORIENTED_EDGE('',*,*,#1231,.F.);
#1731=ORIENTED_EDGE('',*,*,#1230,.T.);
#1732=ORIENTED_EDGE('',*,*,#1308,.F.);
#1733=ORIENTED_EDGE('',*,*,#1308,.T.);
#1734=ORIENTED_EDGE('',*,*,#1229,.F.);
#1735=ORIENTED_EDGE('',*,*,#1245,.T.);
#1736=ORIENTED_EDGE('',*,*,#1243,.T.);
#1737=ORIENTED_EDGE('',*,*,#1274,.F.);
#1738=ORIENTED_EDGE('',*,*,#1276,.F.);
#1739=ORIENTED_EDGE('',*,*,#1302,.F.);
#1740=ORIENTED_EDGE('',*,*,#1309,.F.);
#1741=ORIENTED_EDGE('',*,*,#1214,.F.);
#1742=ORIENTED_EDGE('',*,*,#1310,.F.);
#1743=ORIENTED_EDGE('',*,*,#1311,.T.);
#1744=ORIENTED_EDGE('',*,*,#1312,.F.);
#1745=ORIENTED_EDGE('',*,*,#1313,.T.);
#1746=ORIENTED_EDGE('',*,*,#1253,.F.);
#1747=ORIENTED_EDGE('',*,*,#1246,.F.);
#1748=ORIENTED_EDGE('',*,*,#1258,.F.);
#1749=ORIENTED_EDGE('',*,*,#1255,.F.);
#1750=ORIENTED_EDGE('',*,*,#1197,.T.);
#1751=ORIENTED_EDGE('',*,*,#1222,.T.);
#1752=ORIENTED_EDGE('',*,*,#1304,.T.);
#1753=ORIENTED_EDGE('',*,*,#1314,.F.);
#1754=ORIENTED_EDGE('',*,*,#1199,.F.);
#1755=ORIENTED_EDGE('',*,*,#1213,.F.);
#1756=ORIENTED_EDGE('',*,*,#1205,.T.);
#1757=ORIENTED_EDGE('',*,*,#1211,.T.);
#1758=ORIENTED_EDGE('',*,*,#1178,.T.);
#1759=ORIENTED_EDGE('',*,*,#1200,.F.);
#1760=ORIENTED_EDGE('',*,*,#1314,.T.);
#1761=ORIENTED_EDGE('',*,*,#1303,.T.);
#1762=ORIENTED_EDGE('',*,*,#1291,.T.);
#1763=ORIENTED_EDGE('',*,*,#1315,.F.);
#1764=ORIENTED_EDGE('',*,*,#1310,.T.);
#1765=ORIENTED_EDGE('',*,*,#1316,.F.);
#1766=ORIENTED_EDGE('',*,*,#1317,.F.);
#1767=ORIENTED_EDGE('',*,*,#1318,.T.);
#1768=ORIENTED_EDGE('',*,*,#1319,.T.);
#1769=ORIENTED_EDGE('',*,*,#1317,.T.);
#1770=ORIENTED_EDGE('',*,*,#1316,.T.);
#1771=ORIENTED_EDGE('',*,*,#1319,.F.);
#1772=ORIENTED_EDGE('',*,*,#1315,.T.);
#1773=ORIENTED_EDGE('',*,*,#1290,.T.);
#1774=ORIENTED_EDGE('',*,*,#1320,.F.);
#1775=ORIENTED_EDGE('',*,*,#1321,.F.);
#1776=ORIENTED_EDGE('',*,*,#1311,.F.);
#1777=ORIENTED_EDGE('',*,*,#1322,.T.);
#1778=ORIENTED_EDGE('',*,*,#1300,.T.);
#1779=ORIENTED_EDGE('',*,*,#1305,.T.);
#1780=ORIENTED_EDGE('',*,*,#1220,.F.);
#1781=ORIENTED_EDGE('',*,*,#1323,.T.);
#1782=ORIENTED_EDGE('',*,*,#1324,.T.);
#1783=ORIENTED_EDGE('',*,*,#1325,.F.);
#1784=ORIENTED_EDGE('',*,*,#1324,.F.);
#1785=ORIENTED_EDGE('',*,*,#1326,.T.);
#1786=ORIENTED_EDGE('',*,*,#1327,.T.);
#1787=ORIENTED_EDGE('',*,*,#1328,.F.);
#1788=ORIENTED_EDGE('',*,*,#1327,.F.);
#1789=ORIENTED_EDGE('',*,*,#1329,.T.);
#1790=ORIENTED_EDGE('',*,*,#1330,.T.);
#1791=ORIENTED_EDGE('',*,*,#1331,.F.);
#1792=ORIENTED_EDGE('',*,*,#1330,.F.);
#1793=ORIENTED_EDGE('',*,*,#1332,.T.);
#1794=ORIENTED_EDGE('',*,*,#1333,.T.);
#1795=ORIENTED_EDGE('',*,*,#1334,.F.);
#1796=ORIENTED_EDGE('',*,*,#1333,.F.);
#1797=ORIENTED_EDGE('',*,*,#1335,.T.);
#1798=ORIENTED_EDGE('',*,*,#1336,.T.);
#1799=ORIENTED_EDGE('',*,*,#1337,.F.);
#1800=ORIENTED_EDGE('',*,*,#1336,.F.);
#1801=ORIENTED_EDGE('',*,*,#1312,.T.);
#1802=ORIENTED_EDGE('',*,*,#1321,.T.);
#1803=ORIENTED_EDGE('',*,*,#1338,.T.);
#1804=ORIENTED_EDGE('',*,*,#1339,.T.);
#1805=ORIENTED_EDGE('',*,*,#1338,.F.);
#1806=ORIENTED_EDGE('',*,*,#1320,.T.);
#1807=ORIENTED_EDGE('',*,*,#1289,.T.);
#1808=ORIENTED_EDGE('',*,*,#1278,.T.);
#1809=ORIENTED_EDGE('',*,*,#1340,.T.);
#1810=ORIENTED_EDGE('',*,*,#1250,.F.);
#1811=ORIENTED_EDGE('',*,*,#1307,.T.);
#1812=ORIENTED_EDGE('',*,*,#1341,.T.);
#1813=ORIENTED_EDGE('',*,*,#1280,.F.);
#1814=ORIENTED_EDGE('',*,*,#1232,.T.);
#1815=ORIENTED_EDGE('',*,*,#1277,.F.);
#1816=ORIENTED_EDGE('',*,*,#1341,.F.);
#1817=ORIENTED_EDGE('',*,*,#1306,.T.);
#1818=ORIENTED_EDGE('',*,*,#1313,.F.);
#1819=ORIENTED_EDGE('',*,*,#1339,.F.);
#1820=ORIENTED_EDGE('',*,*,#1340,.F.);
#1821=ORIENTED_EDGE('',*,*,#1234,.F.);
#1822=ORIENTED_EDGE('',*,*,#1323,.F.);
#1823=ORIENTED_EDGE('',*,*,#1326,.F.);
#1824=ORIENTED_EDGE('',*,*,#1329,.F.);
#1825=ORIENTED_EDGE('',*,*,#1332,.F.);
#1826=ORIENTED_EDGE('',*,*,#1335,.F.);
#1827=ORIENTED_EDGE('',*,*,#1318,.F.);
#1828=ORIENTED_EDGE('',*,*,#1208,.F.);
#1829=ORIENTED_EDGE('',*,*,#1215,.F.);
#1830=ORIENTED_EDGE('',*,*,#1309,.T.);
#1831=ORIENTED_EDGE('',*,*,#1301,.F.);
#1832=ORIENTED_EDGE('',*,*,#1322,.F.);
#1833=ORIENTED_EDGE('',*,*,#1219,.F.);
#1834=ORIENTED_EDGE('',*,*,#1217,.T.);
#1835=ORIENTED_EDGE('',*,*,#1337,.T.);
#1836=ORIENTED_EDGE('',*,*,#1334,.T.);
#1837=ORIENTED_EDGE('',*,*,#1331,.T.);
#1838=ORIENTED_EDGE('',*,*,#1328,.T.);
#1839=ORIENTED_EDGE('',*,*,#1325,.T.);
#1840=ORIENTED_EDGE('',*,*,#1342,.F.);
#1841=ORIENTED_EDGE('',*,*,#1343,.F.);
#1842=ORIENTED_EDGE('',*,*,#1344,.F.);
#1843=ORIENTED_EDGE('',*,*,#1345,.T.);
#1844=ORIENTED_EDGE('',*,*,#1346,.F.);
#1845=ORIENTED_EDGE('',*,*,#1345,.F.);
#1846=ORIENTED_EDGE('',*,*,#1343,.T.);
#1847=ORIENTED_EDGE('',*,*,#1347,.F.);
#1848=ORIENTED_EDGE('',*,*,#1348,.T.);
#1849=ORIENTED_EDGE('',*,*,#1349,.F.);
#1850=ORIENTED_EDGE('',*,*,#1350,.F.);
#1851=ORIENTED_EDGE('',*,*,#1351,.F.);
#1852=ORIENTED_EDGE('',*,*,#1352,.F.);
#1853=ORIENTED_EDGE('',*,*,#1353,.T.);
#1854=ORIENTED_EDGE('',*,*,#1354,.T.);
#1855=ORIENTED_EDGE('',*,*,#1355,.F.);
#1856=ORIENTED_EDGE('',*,*,#1356,.T.);
#1857=ORIENTED_EDGE('',*,*,#1357,.T.);
#1858=ORIENTED_EDGE('',*,*,#1358,.T.);
#1859=ORIENTED_EDGE('',*,*,#1359,.T.);
#1860=ORIENTED_EDGE('',*,*,#1360,.T.);
#1861=ORIENTED_EDGE('',*,*,#1361,.T.);
#1862=ORIENTED_EDGE('',*,*,#1358,.F.);
#1863=ORIENTED_EDGE('',*,*,#1362,.T.);
#1864=ORIENTED_EDGE('',*,*,#1363,.T.);
#1865=ORIENTED_EDGE('',*,*,#1364,.T.);
#1866=ORIENTED_EDGE('',*,*,#1360,.F.);
#1867=ORIENTED_EDGE('',*,*,#1365,.T.);
#1868=ORIENTED_EDGE('',*,*,#1366,.T.);
#1869=ORIENTED_EDGE('',*,*,#1367,.T.);
#1870=ORIENTED_EDGE('',*,*,#1363,.F.);
#1871=ORIENTED_EDGE('',*,*,#1368,.T.);
#1872=ORIENTED_EDGE('',*,*,#1369,.T.);
#1873=ORIENTED_EDGE('',*,*,#1370,.T.);
#1874=ORIENTED_EDGE('',*,*,#1366,.F.);
#1875=ORIENTED_EDGE('',*,*,#1371,.T.);
#1876=ORIENTED_EDGE('',*,*,#1371,.F.);
#1877=ORIENTED_EDGE('',*,*,#1372,.F.);
#1878=ORIENTED_EDGE('',*,*,#1373,.T.);
#1879=ORIENTED_EDGE('',*,*,#1368,.F.);
#1880=ORIENTED_EDGE('',*,*,#1365,.F.);
#1881=ORIENTED_EDGE('',*,*,#1374,.T.);
#1882=ORIENTED_EDGE('',*,*,#1375,.T.);
#1883=ORIENTED_EDGE('',*,*,#1376,.T.);
#1884=ORIENTED_EDGE('',*,*,#1372,.T.);
#1885=ORIENTED_EDGE('',*,*,#1362,.F.);
#1886=ORIENTED_EDGE('',*,*,#1357,.F.);
#1887=ORIENTED_EDGE('',*,*,#1377,.F.);
#1888=ORIENTED_EDGE('',*,*,#1378,.F.);
#1889=ORIENTED_EDGE('',*,*,#1374,.F.);
#1890=ORIENTED_EDGE('',*,*,#1379,.T.);
#1891=ORIENTED_EDGE('',*,*,#1380,.T.);
#1892=ORIENTED_EDGE('',*,*,#1381,.T.);
#1893=ORIENTED_EDGE('',*,*,#1382,.T.);
#1894=ORIENTED_EDGE('',*,*,#1383,.T.);
#1895=ORIENTED_EDGE('',*,*,#1384,.T.);
#1896=ORIENTED_EDGE('',*,*,#1379,.F.);
#1897=ORIENTED_EDGE('',*,*,#1385,.T.);
#1898=ORIENTED_EDGE('',*,*,#1386,.F.);
#1899=ORIENTED_EDGE('',*,*,#1387,.T.);
#1900=ORIENTED_EDGE('',*,*,#1381,.F.);
#1901=ORIENTED_EDGE('',*,*,#1388,.T.);
#1902=ORIENTED_EDGE('',*,*,#1359,.F.);
#1903=ORIENTED_EDGE('',*,*,#1389,.T.);
#1904=ORIENTED_EDGE('',*,*,#1384,.F.);
#1905=ORIENTED_EDGE('',*,*,#1390,.T.);
#1906=ORIENTED_EDGE('',*,*,#1385,.F.);
#1907=ORIENTED_EDGE('',*,*,#1382,.F.);
#1908=ORIENTED_EDGE('',*,*,#1387,.F.);
#1909=ORIENTED_EDGE('',*,*,#1391,.F.);
#1910=ORIENTED_EDGE('',*,*,#1392,.F.);
#1911=ORIENTED_EDGE('',*,*,#1393,.F.);
#1912=ORIENTED_EDGE('',*,*,#1370,.F.);
#1913=ORIENTED_EDGE('',*,*,#1394,.T.);
#1914=ORIENTED_EDGE('',*,*,#1395,.T.);
#1915=ORIENTED_EDGE('',*,*,#1388,.F.);
#1916=ORIENTED_EDGE('',*,*,#1396,.T.);
#1917=ORIENTED_EDGE('',*,*,#1367,.F.);
#1918=ORIENTED_EDGE('',*,*,#1373,.F.);
#1919=ORIENTED_EDGE('',*,*,#1376,.F.);
#1920=ORIENTED_EDGE('',*,*,#1397,.T.);
#1921=ORIENTED_EDGE('',*,*,#1398,.F.);
#1922=ORIENTED_EDGE('',*,*,#1399,.F.);
#1923=ORIENTED_EDGE('',*,*,#1400,.F.);
#1924=ORIENTED_EDGE('',*,*,#1394,.F.);
#1925=ORIENTED_EDGE('',*,*,#1369,.F.);
#1926=ORIENTED_EDGE('',*,*,#1364,.F.);
#1927=ORIENTED_EDGE('',*,*,#1396,.F.);
#1928=ORIENTED_EDGE('',*,*,#1380,.F.);
#1929=ORIENTED_EDGE('',*,*,#1389,.F.);
#1930=ORIENTED_EDGE('',*,*,#1361,.F.);
#1931=ORIENTED_EDGE('',*,*,#1401,.T.);
#1932=ORIENTED_EDGE('',*,*,#1402,.T.);
#1933=ORIENTED_EDGE('',*,*,#1403,.T.);
#1934=ORIENTED_EDGE('',*,*,#1404,.T.);
#1935=ORIENTED_EDGE('',*,*,#1405,.T.);
#1936=ORIENTED_EDGE('',*,*,#1403,.F.);
#1937=ORIENTED_EDGE('',*,*,#1406,.T.);
#1938=ORIENTED_EDGE('',*,*,#1407,.F.);
#1939=ORIENTED_EDGE('',*,*,#1405,.F.);
#1940=ORIENTED_EDGE('',*,*,#1408,.T.);
#1941=ORIENTED_EDGE('',*,*,#1406,.F.);
#1942=ORIENTED_EDGE('',*,*,#1402,.F.);
#1943=ORIENTED_EDGE('',*,*,#1409,.T.);
#1944=ORIENTED_EDGE('',*,*,#1410,.T.);
#1945=ORIENTED_EDGE('',*,*,#1411,.F.);
#1946=ORIENTED_EDGE('',*,*,#1412,.F.);
#1947=ORIENTED_EDGE('',*,*,#1413,.T.);
#1948=ORIENTED_EDGE('',*,*,#1414,.T.);
#1949=ORIENTED_EDGE('',*,*,#1413,.F.);
#1950=ORIENTED_EDGE('',*,*,#1414,.F.);
#1951=ORIENTED_EDGE('',*,*,#1415,.T.);
#1952=ORIENTED_EDGE('',*,*,#1416,.T.);
#1953=ORIENTED_EDGE('',*,*,#1417,.T.);
#1954=ORIENTED_EDGE('',*,*,#1418,.F.);
#1955=ORIENTED_EDGE('',*,*,#1354,.F.);
#1956=ORIENTED_EDGE('',*,*,#1419,.F.);
#1957=ORIENTED_EDGE('',*,*,#1420,.F.);
#1958=ORIENTED_EDGE('',*,*,#1404,.F.);
#1959=ORIENTED_EDGE('',*,*,#1421,.T.);
#1960=ORIENTED_EDGE('',*,*,#1415,.F.);
#1961=ORIENTED_EDGE('',*,*,#1422,.F.);
#1962=ORIENTED_EDGE('',*,*,#1423,.F.);
#1963=ORIENTED_EDGE('',*,*,#1424,.T.);
#1964=ORIENTED_EDGE('',*,*,#1425,.T.);
#1965=ORIENTED_EDGE('',*,*,#1424,.F.);
#1966=ORIENTED_EDGE('',*,*,#1426,.F.);
#1967=ORIENTED_EDGE('',*,*,#1427,.F.);
#1968=ORIENTED_EDGE('',*,*,#1428,.T.);
#1969=ORIENTED_EDGE('',*,*,#1429,.T.);
#1970=ORIENTED_EDGE('',*,*,#1428,.F.);
#1971=ORIENTED_EDGE('',*,*,#1429,.F.);
#1972=ORIENTED_EDGE('',*,*,#1430,.F.);
#1973=ORIENTED_EDGE('',*,*,#1431,.T.);
#1974=ORIENTED_EDGE('',*,*,#1426,.T.);
#1975=ORIENTED_EDGE('',*,*,#1431,.F.);
#1976=ORIENTED_EDGE('',*,*,#1432,.F.);
#1977=ORIENTED_EDGE('',*,*,#1433,.T.);
#1978=ORIENTED_EDGE('',*,*,#1434,.T.);
#1979=ORIENTED_EDGE('',*,*,#1433,.F.);
#1980=ORIENTED_EDGE('',*,*,#1434,.F.);
#1981=ORIENTED_EDGE('',*,*,#1425,.F.);
#1982=ORIENTED_EDGE('',*,*,#1435,.F.);
#1983=ORIENTED_EDGE('',*,*,#1436,.T.);
#1984=ORIENTED_EDGE('',*,*,#1437,.T.);
#1985=ORIENTED_EDGE('',*,*,#1436,.F.);
#1986=ORIENTED_EDGE('',*,*,#1437,.F.);
#1987=ORIENTED_EDGE('',*,*,#1342,.T.);
#1988=ORIENTED_EDGE('',*,*,#1344,.T.);
#1989=ORIENTED_EDGE('',*,*,#1355,.T.);
#1990=ORIENTED_EDGE('',*,*,#1418,.T.);
#1991=ORIENTED_EDGE('',*,*,#1438,.T.);
#1992=ORIENTED_EDGE('',*,*,#1439,.F.);
#1993=ORIENTED_EDGE('',*,*,#1347,.T.);
#1994=ORIENTED_EDGE('',*,*,#1440,.T.);
#1995=ORIENTED_EDGE('',*,*,#1441,.T.);
#1996=ORIENTED_EDGE('',*,*,#1442,.T.);
#1997=ORIENTED_EDGE('',*,*,#1349,.T.);
#1998=ORIENTED_EDGE('',*,*,#1438,.F.);
#1999=ORIENTED_EDGE('',*,*,#1417,.F.);
#2000=ORIENTED_EDGE('',*,*,#1443,.F.);
#2001=ORIENTED_EDGE('',*,*,#1444,.T.);
#2002=ORIENTED_EDGE('',*,*,#1445,.F.);
#2003=ORIENTED_EDGE('',*,*,#1440,.F.);
#2004=ORIENTED_EDGE('',*,*,#1348,.F.);
#2005=ORIENTED_EDGE('',*,*,#1439,.T.);
#2006=ORIENTED_EDGE('',*,*,#1444,.F.);
#2007=ORIENTED_EDGE('',*,*,#1446,.F.);
#2008=ORIENTED_EDGE('',*,*,#1447,.F.);
#2009=ORIENTED_EDGE('',*,*,#1448,.F.);
#2010=ORIENTED_EDGE('',*,*,#1409,.F.);
#2011=ORIENTED_EDGE('',*,*,#1401,.F.);
#2012=ORIENTED_EDGE('',*,*,#1422,.T.);
#2013=ORIENTED_EDGE('',*,*,#1420,.T.);
#2014=ORIENTED_EDGE('',*,*,#1449,.F.);
#2015=ORIENTED_EDGE('',*,*,#1450,.T.);
#2016=ORIENTED_EDGE('',*,*,#1346,.T.);
#2017=ORIENTED_EDGE('',*,*,#1451,.T.);
#2018=ORIENTED_EDGE('',*,*,#1351,.T.);
#2019=ORIENTED_EDGE('',*,*,#1452,.T.);
#2020=ORIENTED_EDGE('',*,*,#1453,.T.);
#2021=ORIENTED_EDGE('',*,*,#1454,.T.);
#2022=ORIENTED_EDGE('',*,*,#1352,.T.);
#2023=ORIENTED_EDGE('',*,*,#1451,.F.);
#2024=ORIENTED_EDGE('',*,*,#1455,.T.);
#2025=ORIENTED_EDGE('',*,*,#1442,.F.);
#2026=ORIENTED_EDGE('',*,*,#1456,.T.);
#2027=ORIENTED_EDGE('',*,*,#1452,.F.);
#2028=ORIENTED_EDGE('',*,*,#1350,.T.);
#2029=ORIENTED_EDGE('',*,*,#1457,.T.);
#2030=ORIENTED_EDGE('',*,*,#1455,.F.);
#2031=ORIENTED_EDGE('',*,*,#1458,.F.);
#2032=ORIENTED_EDGE('',*,*,#1459,.F.);
#2033=ORIENTED_EDGE('',*,*,#1460,.T.);
#2034=ORIENTED_EDGE('',*,*,#1461,.T.);
#2035=ORIENTED_EDGE('',*,*,#1462,.T.);
#2036=ORIENTED_EDGE('',*,*,#1463,.T.);
#2037=ORIENTED_EDGE('',*,*,#1453,.F.);
#2038=ORIENTED_EDGE('',*,*,#1464,.T.);
#2039=ORIENTED_EDGE('',*,*,#1458,.T.);
#2040=ORIENTED_EDGE('',*,*,#1456,.F.);
#2041=ORIENTED_EDGE('',*,*,#1465,.T.);
#2042=ORIENTED_EDGE('',*,*,#1466,.F.);
#2043=ORIENTED_EDGE('',*,*,#1467,.F.);
#2044=ORIENTED_EDGE('',*,*,#1468,.F.);
#2045=ORIENTED_EDGE('',*,*,#1464,.F.);
#2046=ORIENTED_EDGE('',*,*,#1445,.T.);
#2047=ORIENTED_EDGE('',*,*,#1469,.F.);
#2048=ORIENTED_EDGE('',*,*,#1470,.F.);
#2049=ORIENTED_EDGE('',*,*,#1471,.T.);
#2050=ORIENTED_EDGE('',*,*,#1472,.F.);
#2051=ORIENTED_EDGE('',*,*,#1465,.F.);
#2052=ORIENTED_EDGE('',*,*,#1441,.F.);
#2053=ORIENTED_EDGE('',*,*,#1466,.T.);
#2054=ORIENTED_EDGE('',*,*,#1472,.T.);
#2055=ORIENTED_EDGE('',*,*,#1473,.T.);
#2056=ORIENTED_EDGE('',*,*,#1398,.T.);
#2057=ORIENTED_EDGE('',*,*,#1474,.T.);
#2058=ORIENTED_EDGE('',*,*,#1475,.T.);
#2059=ORIENTED_EDGE('',*,*,#1459,.T.);
#2060=ORIENTED_EDGE('',*,*,#1468,.T.);
#2061=ORIENTED_EDGE('',*,*,#1467,.T.);
#2062=ORIENTED_EDGE('',*,*,#1463,.F.);
#2063=ORIENTED_EDGE('',*,*,#1449,.T.);
#2064=ORIENTED_EDGE('',*,*,#1419,.T.);
#2065=ORIENTED_EDGE('',*,*,#1353,.F.);
#2066=ORIENTED_EDGE('',*,*,#1454,.F.);
#2067=ORIENTED_EDGE('',*,*,#1457,.F.);
#2068=ORIENTED_EDGE('',*,*,#1476,.T.);
#2069=ORIENTED_EDGE('',*,*,#1477,.T.);
#2070=ORIENTED_EDGE('',*,*,#1408,.F.);
#2071=ORIENTED_EDGE('',*,*,#1411,.T.);
#2072=ORIENTED_EDGE('',*,*,#1478,.T.);
#2073=ORIENTED_EDGE('',*,*,#1477,.F.);
#2074=ORIENTED_EDGE('',*,*,#1479,.F.);
#2075=ORIENTED_EDGE('',*,*,#1480,.T.);
#2076=ORIENTED_EDGE('',*,*,#1481,.F.);
#2077=ORIENTED_EDGE('',*,*,#1482,.T.);
#2078=ORIENTED_EDGE('',*,*,#1392,.T.);
#2079=ORIENTED_EDGE('',*,*,#1483,.T.);
#2080=ORIENTED_EDGE('',*,*,#1469,.T.);
#2081=ORIENTED_EDGE('',*,*,#1446,.T.);
#2082=ORIENTED_EDGE('',*,*,#1443,.T.);
#2083=ORIENTED_EDGE('',*,*,#1416,.F.);
#2084=ORIENTED_EDGE('',*,*,#1421,.F.);
#2085=ORIENTED_EDGE('',*,*,#1407,.T.);
#2086=ORIENTED_EDGE('',*,*,#1430,.T.);
#2087=ORIENTED_EDGE('',*,*,#1423,.T.);
#2088=ORIENTED_EDGE('',*,*,#1435,.T.);
#2089=ORIENTED_EDGE('',*,*,#1432,.T.);
#2090=ORIENTED_EDGE('',*,*,#1375,.F.);
#2091=ORIENTED_EDGE('',*,*,#1378,.T.);
#2092=ORIENTED_EDGE('',*,*,#1484,.T.);
#2093=ORIENTED_EDGE('',*,*,#1474,.F.);
#2094=ORIENTED_EDGE('',*,*,#1397,.F.);
#2095=ORIENTED_EDGE('',*,*,#1393,.T.);
#2096=ORIENTED_EDGE('',*,*,#1482,.F.);
#2097=ORIENTED_EDGE('',*,*,#1485,.T.);
#2098=ORIENTED_EDGE('',*,*,#1460,.F.);
#2099=ORIENTED_EDGE('',*,*,#1475,.F.);
#2100=ORIENTED_EDGE('',*,*,#1484,.F.);
#2101=ORIENTED_EDGE('',*,*,#1377,.T.);
#2102=ORIENTED_EDGE('',*,*,#1356,.F.);
#2103=ORIENTED_EDGE('',*,*,#1390,.F.);
#2104=ORIENTED_EDGE('',*,*,#1383,.F.);
#2105=ORIENTED_EDGE('',*,*,#1486,.T.);
#2106=ORIENTED_EDGE('',*,*,#1487,.T.);
#2107=ORIENTED_EDGE('',*,*,#1488,.F.);
#2108=ORIENTED_EDGE('',*,*,#1489,.T.);
#2109=ORIENTED_EDGE('',*,*,#1486,.F.);
#2110=ORIENTED_EDGE('',*,*,#1487,.F.);
#2111=ORIENTED_EDGE('',*,*,#1489,.F.);
#2112=ORIENTED_EDGE('',*,*,#1485,.F.);
#2113=ORIENTED_EDGE('',*,*,#1481,.T.);
#2114=ORIENTED_EDGE('',*,*,#1490,.T.);
#2115=ORIENTED_EDGE('',*,*,#1491,.T.);
#2116=ORIENTED_EDGE('',*,*,#1461,.F.);
#2117=ORIENTED_EDGE('',*,*,#1492,.F.);
#2118=ORIENTED_EDGE('',*,*,#1399,.T.);
#2119=ORIENTED_EDGE('',*,*,#1473,.F.);
#2120=ORIENTED_EDGE('',*,*,#1471,.F.);
#2121=ORIENTED_EDGE('',*,*,#1493,.F.);
#2122=ORIENTED_EDGE('',*,*,#1494,.T.);
#2123=ORIENTED_EDGE('',*,*,#1495,.T.);
#2124=ORIENTED_EDGE('',*,*,#1494,.F.);
#2125=ORIENTED_EDGE('',*,*,#1496,.F.);
#2126=ORIENTED_EDGE('',*,*,#1497,.T.);
#2127=ORIENTED_EDGE('',*,*,#1498,.T.);
#2128=ORIENTED_EDGE('',*,*,#1497,.F.);
#2129=ORIENTED_EDGE('',*,*,#1499,.F.);
#2130=ORIENTED_EDGE('',*,*,#1500,.T.);
#2131=ORIENTED_EDGE('',*,*,#1501,.T.);
#2132=ORIENTED_EDGE('',*,*,#1500,.F.);
#2133=ORIENTED_EDGE('',*,*,#1502,.F.);
#2134=ORIENTED_EDGE('',*,*,#1503,.T.);
#2135=ORIENTED_EDGE('',*,*,#1504,.T.);
#2136=ORIENTED_EDGE('',*,*,#1503,.F.);
#2137=ORIENTED_EDGE('',*,*,#1505,.F.);
#2138=ORIENTED_EDGE('',*,*,#1506,.T.);
#2139=ORIENTED_EDGE('',*,*,#1507,.T.);
#2140=ORIENTED_EDGE('',*,*,#1506,.F.);
#2141=ORIENTED_EDGE('',*,*,#1480,.F.);
#2142=ORIENTED_EDGE('',*,*,#1508,.F.);
#2143=ORIENTED_EDGE('',*,*,#1509,.F.);
#2144=ORIENTED_EDGE('',*,*,#1490,.F.);
#2145=ORIENTED_EDGE('',*,*,#1509,.T.);
#2146=ORIENTED_EDGE('',*,*,#1510,.F.);
#2147=ORIENTED_EDGE('',*,*,#1450,.F.);
#2148=ORIENTED_EDGE('',*,*,#1462,.F.);
#2149=ORIENTED_EDGE('',*,*,#1491,.F.);
#2150=ORIENTED_EDGE('',*,*,#1427,.T.);
#2151=ORIENTED_EDGE('',*,*,#1478,.F.);
#2152=ORIENTED_EDGE('',*,*,#1410,.F.);
#2153=ORIENTED_EDGE('',*,*,#1448,.T.);
#2154=ORIENTED_EDGE('',*,*,#1511,.F.);
#2155=ORIENTED_EDGE('',*,*,#1447,.T.);
#2156=ORIENTED_EDGE('',*,*,#1510,.T.);
#2157=ORIENTED_EDGE('',*,*,#1508,.T.);
#2158=ORIENTED_EDGE('',*,*,#1479,.T.);
#2159=ORIENTED_EDGE('',*,*,#1476,.F.);
#2160=ORIENTED_EDGE('',*,*,#1511,.T.);
#2161=ORIENTED_EDGE('',*,*,#1412,.T.);
#2162=ORIENTED_EDGE('',*,*,#1493,.T.);
#2163=ORIENTED_EDGE('',*,*,#1496,.T.);
#2164=ORIENTED_EDGE('',*,*,#1499,.T.);
#2165=ORIENTED_EDGE('',*,*,#1502,.T.);
#2166=ORIENTED_EDGE('',*,*,#1505,.T.);
#2167=ORIENTED_EDGE('',*,*,#1488,.T.);
#2168=ORIENTED_EDGE('',*,*,#1386,.T.);
#2169=ORIENTED_EDGE('',*,*,#1395,.F.);
#2170=ORIENTED_EDGE('',*,*,#1400,.T.);
#2171=ORIENTED_EDGE('',*,*,#1492,.T.);
#2172=ORIENTED_EDGE('',*,*,#1470,.T.);
#2173=ORIENTED_EDGE('',*,*,#1483,.F.);
#2174=ORIENTED_EDGE('',*,*,#1391,.T.);
#2175=ORIENTED_EDGE('',*,*,#1507,.F.);
#2176=ORIENTED_EDGE('',*,*,#1504,.F.);
#2177=ORIENTED_EDGE('',*,*,#1501,.F.);
#2178=ORIENTED_EDGE('',*,*,#1498,.F.);
#2179=ORIENTED_EDGE('',*,*,#1495,.F.);
#2180=B_SPLINE_SURFACE_WITH_KNOTS('',3,3,((#3209,#3210,#3211,#3212,#3213,
#3214,#3215),(#3216,#3217,#3218,#3219,#3220,#3221,#3222),(#3223,#3224,#3225,
#3226,#3227,#3228,#3229),(#3230,#3231,#3232,#3233,#3234,#3235,#3236),(#3237,
#3238,#3239,#3240,#3241,#3242,#3243),(#3244,#3245,#3246,#3247,#3248,#3249,
#3250),(#3251,#3252,#3253,#3254,#3255,#3256,#3257)),.UNSPECIFIED.,.F.,.F.,
 .F.,(4,1,1,1,4),(4,1,1,1,4),(0.,0.285714285714286,0.571428571428571,0.785714285714286,
1.),(-1.24505312454251E-8,0.0790289787793176,0.237086961239015,0.395144943698713,
0.553202926158411),.UNSPECIFIED.);
#2181=B_SPLINE_SURFACE_WITH_KNOTS('',3,3,((#3298,#3299,#3300,#3301),(#3302,
#3303,#3304,#3305),(#3306,#3307,#3308,#3309),(#3310,#3311,#3312,#3313),
(#3314,#3315,#3316,#3317)),.UNSPECIFIED.,.F.,.F.,.F.,(4,1,4),(4,4),(0.,
0.571428571428571,1.),(0.,0.0246369279656629),.UNSPECIFIED.);
#2182=B_SPLINE_SURFACE_WITH_KNOTS('',3,3,((#3365,#3366,#3367,#3368,#3369,
#3370),(#3371,#3372,#3373,#3374,#3375,#3376),(#3377,#3378,#3379,#3380,#3381,
#3382),(#3383,#3384,#3385,#3386,#3387,#3388),(#3389,#3390,#3391,#3392,#3393,
#3394)),.UNSPECIFIED.,.F.,.F.,.F.,(4,1,4),(4,1,1,4),(0.,0.571428571428571,
1.),(1.44783646123876E-15,0.238500828042626,0.397501380071042,0.556501932099458),
 .UNSPECIFIED.);
#2183=B_SPLINE_SURFACE_WITH_KNOTS('',3,3,((#3418,#3419,#3420,#3421),(#3422,
#3423,#3424,#3425),(#3426,#3427,#3428,#3429),(#3430,#3431,#3432,#3433),
(#3434,#3435,#3436,#3437)),.UNSPECIFIED.,.F.,.F.,.F.,(4,1,4),(4,4),(0.,
0.571428571428571,1.),(0.697714774715684,0.94816939349164),
 .UNSPECIFIED.);
#2184=B_SPLINE_SURFACE_WITH_KNOTS('',3,3,((#3458,#3459,#3460,#3461),(#3462,
#3463,#3464,#3465),(#3466,#3467,#3468,#3469),(#3470,#3471,#3472,#3473),
(#3474,#3475,#3476,#3477),(#3478,#3479,#3480,#3481)),.UNSPECIFIED.,.F.,
 .F.,.F.,(4,1,1,4),(4,4),(0.,0.285714285714286,0.571428571428571,1.),(1.19351457306686,
1.32964107177519),.UNSPECIFIED.);
#2185=B_SPLINE_SURFACE_WITH_KNOTS('',3,3,((#3659,#3660,#3661,#3662,#3663,
#3664,#3665),(#3666,#3667,#3668,#3669,#3670,#3671,#3672),(#3673,#3674,#3675,
#3676,#3677,#3678,#3679),(#3680,#3681,#3682,#3683,#3684,#3685,#3686),(#3687,
#3688,#3689,#3690,#3691,#3692,#3693),(#3694,#3695,#3696,#3697,#3698,#3699,
#3700),(#3701,#3702,#3703,#3704,#3705,#3706,#3707)),.UNSPECIFIED.,.F.,.F.,
 .F.,(4,1,1,1,4),(4,1,1,1,4),(0.,0.285714285714286,0.571428571428571,0.785714285714286,
1.),(0.,0.0728071967656564,0.121345327942761,0.139547127134175,0.169883459119865),
 .UNSPECIFIED.);
#2186=B_SPLINE_SURFACE_WITH_KNOTS('',3,3,((#3719,#3720,#3721,#3722,#3723),
(#3724,#3725,#3726,#3727,#3728),(#3729,#3730,#3731,#3732,#3733),(#3734,
#3735,#3736,#3737,#3738),(#3739,#3740,#3741,#3742,#3743),(#3744,#3745,#3746,
#3747,#3748),(#3749,#3750,#3751,#3752,#3753)),.UNSPECIFIED.,.F.,.F.,.F.,
(4,1,1,1,4),(4,1,4),(0.,0.285714285714286,0.571428571428571,0.785714285714286,
1.),(0.,0.35367866656697,0.825250221989597),.UNSPECIFIED.);
#2187=B_SPLINE_SURFACE_WITH_KNOTS('',3,3,((#3821,#3822,#3823,#3824),(#3825,
#3826,#3827,#3828),(#3829,#3830,#3831,#3832),(#3833,#3834,#3835,#3836),
(#3837,#3838,#3839,#3840)),.UNSPECIFIED.,.F.,.F.,.F.,(4,1,4),(4,4),(0.,
0.5,1.),(0.,0.0400118424374059),.UNSPECIFIED.);
#2188=B_SPLINE_SURFACE_WITH_KNOTS('',3,3,((#3883,#3884,#3885,#3886),(#3887,
#3888,#3889,#3890),(#3891,#3892,#3893,#3894),(#3895,#3896,#3897,#3898),
(#3899,#3900,#3901,#3902),(#3903,#3904,#3905,#3906)),.UNSPECIFIED.,.F.,
 .F.,.F.,(4,1,1,4),(4,4),(0.190921262784495,0.537669293019711,0.768834646509856,
1.),(4.11070662004574,4.2242264420714),.UNSPECIFIED.);
#2189=B_SPLINE_SURFACE_WITH_KNOTS('',3,3,((#3908,#3909,#3910,#3911,#3912,
#3913,#3914,#3915,#3916,#3917,#3918,#3919,#3920,#3921,#3922),(#3923,#3924,
#3925,#3926,#3927,#3928,#3929,#3930,#3931,#3932,#3933,#3934,#3935,#3936,
#3937),(#3938,#3939,#3940,#3941,#3942,#3943,#3944,#3945,#3946,#3947,#3948,
#3949,#3950,#3951,#3952),(#3953,#3954,#3955,#3956,#3957,#3958,#3959,#3960,
#3961,#3962,#3963,#3964,#3965,#3966,#3967),(#3968,#3969,#3970,#3971,#3972,
#3973,#3974,#3975,#3976,#3977,#3978,#3979,#3980,#3981,#3982),(#3983,#3984,
#3985,#3986,#3987,#3988,#3989,#3990,#3991,#3992,#3993,#3994,#3995,#3996,
#3997)),.UNSPECIFIED.,.F.,.F.,.F.,(4,1,1,4),(4,1,1,1,1,1,1,1,1,1,1,1,4),
(0.,0.285714285714286,0.571428571428571,1.),(-1.3296835164574,-1.3248947233641,
-1.32010593027081,-1.31052834408422,-1.29137317171104,-1.25306282696469,
-1.23390765459151,-1.21475248221833,-1.17644213747197,-1.02320075848655,
-0.94658006899384,-0.869959379501128,-0.793338690008417),.UNSPECIFIED.);
#2190=B_SPLINE_SURFACE_WITH_KNOTS('',3,3,((#4199,#4200,#4201,#4202,#4203,
#4204,#4205),(#4206,#4207,#4208,#4209,#4210,#4211,#4212),(#4213,#4214,#4215,
#4216,#4217,#4218,#4219),(#4220,#4221,#4222,#4223,#4224,#4225,#4226),(#4227,
#4228,#4229,#4230,#4231,#4232,#4233),(#4234,#4235,#4236,#4237,#4238,#4239,
#4240),(#4241,#4242,#4243,#4244,#4245,#4246,#4247)),.UNSPECIFIED.,.F.,.F.,
 .F.,(4,1,1,1,4),(4,1,1,1,4),(0.,0.285714285714286,0.571428571428571,0.785714285714286,
1.),(-1.24505312454251E-8,0.0790289787793176,0.237086961239015,0.395144943698713,
0.553202926158411),.UNSPECIFIED.);
#2191=B_SPLINE_SURFACE_WITH_KNOTS('',3,3,((#4288,#4289,#4290,#4291),(#4292,
#4293,#4294,#4295),(#4296,#4297,#4298,#4299),(#4300,#4301,#4302,#4303),
(#4304,#4305,#4306,#4307)),.UNSPECIFIED.,.F.,.F.,.F.,(4,1,4),(4,4),(0.,
0.571428571428571,1.),(0.,0.0246369279656629),.UNSPECIFIED.);
#2192=B_SPLINE_SURFACE_WITH_KNOTS('',3,3,((#4355,#4356,#4357,#4358,#4359,
#4360),(#4361,#4362,#4363,#4364,#4365,#4366),(#4367,#4368,#4369,#4370,#4371,
#4372),(#4373,#4374,#4375,#4376,#4377,#4378),(#4379,#4380,#4381,#4382,#4383,
#4384)),.UNSPECIFIED.,.F.,.F.,.F.,(4,1,4),(4,1,1,4),(0.,0.571428571428571,
1.),(1.44783646123876E-15,0.238500828042626,0.397501380071042,0.556501932099458),
 .UNSPECIFIED.);
#2193=B_SPLINE_SURFACE_WITH_KNOTS('',3,3,((#4408,#4409,#4410,#4411),(#4412,
#4413,#4414,#4415),(#4416,#4417,#4418,#4419),(#4420,#4421,#4422,#4423),
(#4424,#4425,#4426,#4427)),.UNSPECIFIED.,.F.,.F.,.F.,(4,1,4),(4,4),(0.,
0.571428571428571,1.),(0.697714774715684,0.94816939349164),
 .UNSPECIFIED.);
#2194=B_SPLINE_SURFACE_WITH_KNOTS('',3,3,((#4448,#4449,#4450,#4451),(#4452,
#4453,#4454,#4455),(#4456,#4457,#4458,#4459),(#4460,#4461,#4462,#4463),
(#4464,#4465,#4466,#4467),(#4468,#4469,#4470,#4471)),.UNSPECIFIED.,.F.,
 .F.,.F.,(4,1,1,4),(4,4),(0.,0.285714285714286,0.571428571428571,1.),(1.19351457306686,
1.32964107177519),.UNSPECIFIED.);
#2195=B_SPLINE_SURFACE_WITH_KNOTS('',3,3,((#4619,#4620,#4621,#4622,#4623,
#4624,#4625),(#4626,#4627,#4628,#4629,#4630,#4631,#4632),(#4633,#4634,#4635,
#4636,#4637,#4638,#4639),(#4640,#4641,#4642,#4643,#4644,#4645,#4646),(#4647,
#4648,#4649,#4650,#4651,#4652,#4653),(#4654,#4655,#4656,#4657,#4658,#4659,
#4660),(#4661,#4662,#4663,#4664,#4665,#4666,#4667)),.UNSPECIFIED.,.F.,.F.,
 .F.,(4,1,1,1,4),(4,1,1,1,4),(0.,0.285714285714286,0.571428571428571,0.785714285714286,
1.),(0.,0.0728071967656564,0.121345327942761,0.139547127134175,0.169883459119865),
 .UNSPECIFIED.);
#2196=B_SPLINE_SURFACE_WITH_KNOTS('',3,3,((#4679,#4680,#4681,#4682,#4683),
(#4684,#4685,#4686,#4687,#4688),(#4689,#4690,#4691,#4692,#4693),(#4694,
#4695,#4696,#4697,#4698),(#4699,#4700,#4701,#4702,#4703),(#4704,#4705,#4706,
#4707,#4708),(#4709,#4710,#4711,#4712,#4713)),.UNSPECIFIED.,.F.,.F.,.F.,
(4,1,1,1,4),(4,1,4),(0.,0.285714285714286,0.571428571428571,0.785714285714286,
1.),(0.,0.35367866656697,0.825250221989597),.UNSPECIFIED.);
#2197=B_SPLINE_SURFACE_WITH_KNOTS('',3,3,((#4781,#4782,#4783,#4784),(#4785,
#4786,#4787,#4788),(#4789,#4790,#4791,#4792),(#4793,#4794,#4795,#4796),
(#4797,#4798,#4799,#4800)),.UNSPECIFIED.,.F.,.F.,.F.,(4,1,4),(4,4),(0.,
0.5,1.),(0.,0.0400118424374059),.UNSPECIFIED.);
#2198=B_SPLINE_SURFACE_WITH_KNOTS('',3,3,((#4843,#4844,#4845,#4846),(#4847,
#4848,#4849,#4850),(#4851,#4852,#4853,#4854),(#4855,#4856,#4857,#4858),
(#4859,#4860,#4861,#4862),(#4863,#4864,#4865,#4866)),.UNSPECIFIED.,.F.,
 .F.,.F.,(4,1,1,4),(4,4),(0.190921262784495,0.537669293019711,0.768834646509856,
1.),(4.11070662004574,4.2242264420714),.UNSPECIFIED.);
#2199=B_SPLINE_SURFACE_WITH_KNOTS('',3,3,((#4868,#4869,#4870,#4871,#4872,
#4873,#4874,#4875,#4876,#4877,#4878,#4879,#4880,#4881,#4882),(#4883,#4884,
#4885,#4886,#4887,#4888,#4889,#4890,#4891,#4892,#4893,#4894,#4895,#4896,
#4897),(#4898,#4899,#4900,#4901,#4902,#4903,#4904,#4905,#4906,#4907,#4908,
#4909,#4910,#4911,#4912),(#4913,#4914,#4915,#4916,#4917,#4918,#4919,#4920,
#4921,#4922,#4923,#4924,#4925,#4926,#4927),(#4928,#4929,#4930,#4931,#4932,
#4933,#4934,#4935,#4936,#4937,#4938,#4939,#4940,#4941,#4942),(#4943,#4944,
#4945,#4946,#4947,#4948,#4949,#4950,#4951,#4952,#4953,#4954,#4955,#4956,
#4957)),.UNSPECIFIED.,.F.,.F.,.F.,(4,1,1,4),(4,1,1,1,1,1,1,1,1,1,1,1,4),
(0.,0.285714285714286,0.571428571428571,1.),(-1.3296835164574,-1.3248947233641,
-1.32010593027081,-1.31052834408422,-1.29137317171104,-1.25306282696469,
-1.23390765459151,-1.21475248221833,-1.17644213747197,-1.02320075848655,
-0.94658006899384,-0.869959379501128,-0.793338690008417),.UNSPECIFIED.);
#2200=ADVANCED_FACE('',(#501),#2180,.F.);
#2201=ADVANCED_FACE('',(#502),#458,.F.);
#2202=ADVANCED_FACE('',(#503),#148,.F.);
#2203=ADVANCED_FACE('',(#504),#2181,.F.);
#2204=ADVANCED_FACE('',(#505),#149,.F.);
#2205=ADVANCED_FACE('',(#506),#88,.T.);
#2206=ADVANCED_FACE('',(#507),#459,.T.);
#2207=ADVANCED_FACE('',(#508),#89,.T.);
#2208=ADVANCED_FACE('',(#509),#460,.F.);
#2209=ADVANCED_FACE('',(#510),#2182,.F.);
#2210=ADVANCED_FACE('',(#511),#2183,.F.);
#2211=ADVANCED_FACE('',(#512),#2184,.T.);
#2212=ADVANCED_FACE('',(#513),#90,.T.);
#2213=ADVANCED_FACE('',(#514),#461,.T.);
#2214=ADVANCED_FACE('',(#515),#91,.F.);
#2215=ADVANCED_FACE('',(#516),#92,.F.);
#2216=ADVANCED_FACE('',(#517),#462,.F.);
#2217=ADVANCED_FACE('',(#518),#60,.F.);
#2218=ADVANCED_FACE('',(#519),#61,.F.);
#2219=ADVANCED_FACE('',(#520),#93,.F.);
#2220=ADVANCED_FACE('',(#521),#463,.F.);
#2221=ADVANCED_FACE('',(#522),#94,.T.);
#2222=ADVANCED_FACE('',(#523),#95,.F.);
#2223=ADVANCED_FACE('',(#524),#96,.F.);
#2224=ADVANCED_FACE('',(#525),#464,.F.);
#2225=ADVANCED_FACE('',(#526),#97,.F.);
#2226=ADVANCED_FACE('',(#527),#465,.F.);
#2227=ADVANCED_FACE('',(#528),#98,.F.);
#2228=ADVANCED_FACE('',(#529),#466,.F.);
#2229=ADVANCED_FACE('',(#530),#467,.F.);
#2230=ADVANCED_FACE('',(#531),#99,.F.);
#2231=ADVANCED_FACE('',(#532),#100,.F.);
#2232=ADVANCED_FACE('',(#533),#468,.F.);
#2233=ADVANCED_FACE('',(#534),#101,.F.);
#2234=ADVANCED_FACE('',(#535),#469,.F.);
#2235=ADVANCED_FACE('',(#536),#102,.T.);
#2236=ADVANCED_FACE('',(#537),#470,.F.);
#2237=ADVANCED_FACE('',(#538),#103,.F.);
#2238=ADVANCED_FACE('',(#539),#104,.F.);
#2239=ADVANCED_FACE('',(#540),#105,.F.);
#2240=ADVANCED_FACE('',(#541),#2185,.F.);
#2241=ADVANCED_FACE('',(#542),#2186,.F.);
#2242=ADVANCED_FACE('',(#543),#2187,.F.);
#2243=ADVANCED_FACE('',(#544),#150,.F.);
#2244=ADVANCED_FACE('',(#545),#2188,.F.);
#2245=ADVANCED_FACE('',(#546),#2189,.F.);
#2246=ADVANCED_FACE('',(#547),#106,.F.);
#2247=ADVANCED_FACE('',(#548),#107,.F.);
#2248=ADVANCED_FACE('',(#549),#108,.F.);
#2249=ADVANCED_FACE('',(#550),#109,.F.);
#2250=ADVANCED_FACE('',(#551,#23,#24,#25,#26),#110,.F.);
#2251=ADVANCED_FACE('',(#552),#111,.F.);
#2252=ADVANCED_FACE('',(#553,#27),#471,.F.);
#2253=ADVANCED_FACE('',(#554),#472,.F.);
#2254=ADVANCED_FACE('',(#555),#112,.F.);
#2255=ADVANCED_FACE('',(#556),#473,.F.);
#2256=ADVANCED_FACE('',(#557),#474,.F.);
#2257=ADVANCED_FACE('',(#558),#475,.F.);
#2258=ADVANCED_FACE('',(#559),#476,.F.);
#2259=ADVANCED_FACE('',(#560),#477,.F.);
#2260=ADVANCED_FACE('',(#561),#478,.F.);
#2261=ADVANCED_FACE('',(#562),#113,.F.);
#2262=ADVANCED_FACE('',(#563,#28),#114,.F.);
#2263=ADVANCED_FACE('',(#564),#115,.F.);
#2264=ADVANCED_FACE('',(#565,#29,#30,#31,#32,#33,#34,#35),#116,.F.);
#2265=ADVANCED_FACE('',(#566,#36,#37,#38,#39,#40),#117,.T.);
#2266=ADVANCED_FACE('',(#567),#479,.F.);
#2267=ADVANCED_FACE('',(#568),#118,.F.);
#2268=ADVANCED_FACE('',(#569),#2190,.T.);
#2269=ADVANCED_FACE('',(#570),#480,.F.);
#2270=ADVANCED_FACE('',(#571),#151,.F.);
#2271=ADVANCED_FACE('',(#572),#2191,.T.);
#2272=ADVANCED_FACE('',(#573),#152,.F.);
#2273=ADVANCED_FACE('',(#574),#119,.F.);
#2274=ADVANCED_FACE('',(#575),#481,.T.);
#2275=ADVANCED_FACE('',(#576),#120,.F.);
#2276=ADVANCED_FACE('',(#577),#482,.F.);
#2277=ADVANCED_FACE('',(#578),#2192,.T.);
#2278=ADVANCED_FACE('',(#579),#2193,.T.);
#2279=ADVANCED_FACE('',(#580),#2194,.F.);
#2280=ADVANCED_FACE('',(#581),#121,.F.);
#2281=ADVANCED_FACE('',(#582),#483,.T.);
#2282=ADVANCED_FACE('',(#583),#122,.T.);
#2283=ADVANCED_FACE('',(#584),#123,.T.);
#2284=ADVANCED_FACE('',(#585),#484,.F.);
#2285=ADVANCED_FACE('',(#586),#62,.T.);
#2286=ADVANCED_FACE('',(#587),#63,.T.);
#2287=ADVANCED_FACE('',(#588),#124,.T.);
#2288=ADVANCED_FACE('',(#589),#485,.F.);
#2289=ADVANCED_FACE('',(#590),#125,.F.);
#2290=ADVANCED_FACE('',(#591),#126,.T.);
#2291=ADVANCED_FACE('',(#592),#127,.T.);
#2292=ADVANCED_FACE('',(#593),#486,.F.);
#2293=ADVANCED_FACE('',(#594),#128,.T.);
#2294=ADVANCED_FACE('',(#595),#487,.F.);
#2295=ADVANCED_FACE('',(#596),#129,.T.);
#2296=ADVANCED_FACE('',(#597),#488,.F.);
#2297=ADVANCED_FACE('',(#598),#489,.F.);
#2298=ADVANCED_FACE('',(#599),#130,.T.);
#2299=ADVANCED_FACE('',(#600),#131,.T.);
#2300=ADVANCED_FACE('',(#601),#490,.F.);
#2301=ADVANCED_FACE('',(#602),#132,.T.);
#2302=ADVANCED_FACE('',(#603),#491,.F.);
#2303=ADVANCED_FACE('',(#604),#492,.F.);
#2304=ADVANCED_FACE('',(#605),#133,.T.);
#2305=ADVANCED_FACE('',(#606),#134,.T.);
#2306=ADVANCED_FACE('',(#607,#41),#135,.T.);
#2307=ADVANCED_FACE('',(#608),#2195,.T.);
#2308=ADVANCED_FACE('',(#609),#2196,.T.);
#2309=ADVANCED_FACE('',(#610),#2197,.T.);
#2310=ADVANCED_FACE('',(#611),#153,.F.);
#2311=ADVANCED_FACE('',(#612),#2198,.T.);
#2312=ADVANCED_FACE('',(#613),#2199,.T.);
#2313=ADVANCED_FACE('',(#614),#136,.T.);
#2314=ADVANCED_FACE('',(#615),#137,.T.);
#2315=ADVANCED_FACE('',(#616),#138,.T.);
#2316=ADVANCED_FACE('',(#617),#139,.T.);
#2317=ADVANCED_FACE('',(#618,#42,#43,#44,#45),#140,.T.);
#2318=ADVANCED_FACE('',(#619),#141,.T.);
#2319=ADVANCED_FACE('',(#620,#46),#493,.F.);
#2320=ADVANCED_FACE('',(#621),#494,.F.);
#2321=ADVANCED_FACE('',(#622),#142,.T.);
#2322=ADVANCED_FACE('',(#623),#495,.F.);
#2323=ADVANCED_FACE('',(#624),#496,.F.);
#2324=ADVANCED_FACE('',(#625),#497,.F.);
#2325=ADVANCED_FACE('',(#626),#498,.F.);
#2326=ADVANCED_FACE('',(#627),#499,.F.);
#2327=ADVANCED_FACE('',(#628),#500,.F.);
#2328=ADVANCED_FACE('',(#629),#143,.T.);
#2329=ADVANCED_FACE('',(#630,#47),#144,.T.);
#2330=ADVANCED_FACE('',(#631),#145,.T.);
#2331=ADVANCED_FACE('',(#632,#48,#49,#50,#51,#52,#53,#54),#146,.T.);
#2332=ADVANCED_FACE('',(#633,#55,#56,#57,#58,#59),#147,.F.);
#2333=CLOSED_SHELL('',(#2200,#2201,#2202,#2203,#2204,#2205,#2206,#2207,
#2208,#2209,#2210,#2211,#2212,#2213,#2214,#2215,#2216,#2217,#2218,#2219,
#2220,#2221,#2222,#2223,#2224,#2225,#2226,#2227,#2228,#2229,#2230,#2231,
#2232,#2233,#2234,#2235,#2236,#2237,#2238,#2239,#2240,#2241,#2242,#2243,
#2244,#2245,#2246,#2247,#2248,#2249,#2250,#2251,#2252,#2253,#2254,#2255,
#2256,#2257,#2258,#2259,#2260,#2261,#2262,#2263,#2264,#2265));
#2334=CLOSED_SHELL('',(#2266,#2267,#2268,#2269,#2270,#2271,#2272,#2273,
#2274,#2275,#2276,#2277,#2278,#2279,#2280,#2281,#2282,#2283,#2284,#2285,
#2286,#2287,#2288,#2289,#2290,#2291,#2292,#2293,#2294,#2295,#2296,#2297,
#2298,#2299,#2300,#2301,#2302,#2303,#2304,#2305,#2306,#2307,#2308,#2309,
#2310,#2311,#2312,#2313,#2314,#2315,#2316,#2317,#2318,#2319,#2320,#2321,
#2322,#2323,#2324,#2325,#2326,#2327,#2328,#2329,#2330,#2331,#2332));
#2335=DERIVED_UNIT_ELEMENT(#2337,1.);
#2336=DERIVED_UNIT_ELEMENT(#5112,-3.);
#2337=(
MASS_UNIT()
NAMED_UNIT(*)
SI_UNIT(.KILO.,.GRAM.)
);
#2338=DERIVED_UNIT((#2335,#2336));
#2339=MEASURE_REPRESENTATION_ITEM('density measure',
POSITIVE_RATIO_MEASURE(7850.),#2338);
#2340=PROPERTY_DEFINITION_REPRESENTATION(#2345,#2342);
#2341=PROPERTY_DEFINITION_REPRESENTATION(#2346,#2343);
#2342=REPRESENTATION('material name',(#2344),#5109);
#2343=REPRESENTATION('density',(#2339),#5109);
#2344=DESCRIPTIVE_REPRESENTATION_ITEM('Steel','Steel');
#2345=PROPERTY_DEFINITION('material property','material name',#5124);
#2346=PROPERTY_DEFINITION('material property','density of part',#5124);
#2347=AXIS2_PLACEMENT_3D('',#3207,#2583,#2584);
#2348=AXIS2_PLACEMENT_3D('',#3208,#2585,#2586);
#2349=AXIS2_PLACEMENT_3D('',#3281,#2587,#2588);
#2350=AXIS2_PLACEMENT_3D('',#3286,#2589,#2590);
#2351=AXIS2_PLACEMENT_3D('',#3289,#2591,#2592);
#2352=AXIS2_PLACEMENT_3D('',#3292,#2595,#2596);
#2353=AXIS2_PLACEMENT_3D('',#3295,#2597,#2598);
#2354=AXIS2_PLACEMENT_3D('',#3296,#2599,#2600);
#2355=AXIS2_PLACEMENT_3D('',#3297,#2601,#2602);
#2356=AXIS2_PLACEMENT_3D('',#3320,#2603,#2604);
#2357=AXIS2_PLACEMENT_3D('',#3329,#2605,#2606);
#2358=AXIS2_PLACEMENT_3D('',#3340,#2607,#2608);
#2359=AXIS2_PLACEMENT_3D('',#3341,#2609,#2610);
#2360=AXIS2_PLACEMENT_3D('',#3342,#2611,#2612);
#2361=AXIS2_PLACEMENT_3D('',#3346,#2615,#2616);
#2362=AXIS2_PLACEMENT_3D('',#3348,#2617,#2618);
#2363=AXIS2_PLACEMENT_3D('',#3350,#2619,#2620);
#2364=AXIS2_PLACEMENT_3D('',#3352,#2622,#2623);
#2365=AXIS2_PLACEMENT_3D('',#3355,#2625,#2626);
#2366=AXIS2_PLACEMENT_3D('',#3356,#2627,#2628);
#2367=AXIS2_PLACEMENT_3D('',#3359,#2629,#2630);
#2368=AXIS2_PLACEMENT_3D('',#3363,#2632,#2633);
#2369=AXIS2_PLACEMENT_3D('',#3482,#2635,#2636);
#2370=AXIS2_PLACEMENT_3D('',#3483,#2637,#2638);
#2371=AXIS2_PLACEMENT_3D('',#3484,#2639,#2640);
#2372=AXIS2_PLACEMENT_3D('',#3486,#2641,#2642);
#2373=AXIS2_PLACEMENT_3D('',#3490,#2645,#2646);
#2374=AXIS2_PLACEMENT_3D('',#3493,#2648,#2649);
#2375=AXIS2_PLACEMENT_3D('',#3495,#2651,#2652);
#2376=AXIS2_PLACEMENT_3D('',#3503,#2657,#2658);
#2377=AXIS2_PLACEMENT_3D('',#3504,#2659,#2660);
#2378=AXIS2_PLACEMENT_3D('',#3507,#2661,#2662);
#2379=AXIS2_PLACEMENT_3D('',#3511,#2664,#2665);
#2380=AXIS2_PLACEMENT_3D('',#3523,#2667,#2668);
#2381=AXIS2_PLACEMENT_3D('',#3524,#2669,#2670);
#2382=AXIS2_PLACEMENT_3D('',#3535,#2671,#2672);
#2383=AXIS2_PLACEMENT_3D('',#3540,#2673,#2674);
#2384=AXIS2_PLACEMENT_3D('',#3546,#2678,#2679);
#2385=AXIS2_PLACEMENT_3D('',#3548,#2680,#2681);
#2386=AXIS2_PLACEMENT_3D('',#3551,#2683,#2684);
#2387=AXIS2_PLACEMENT_3D('',#3552,#2685,#2686);
#2388=AXIS2_PLACEMENT_3D('',#3553,#2687,#2688);
#2389=AXIS2_PLACEMENT_3D('',#3564,#2693,#2694);
#2390=AXIS2_PLACEMENT_3D('',#3568,#2697,#2698);
#2391=AXIS2_PLACEMENT_3D('',#3571,#2701,#2702);
#2392=AXIS2_PLACEMENT_3D('',#3573,#2703,#2704);
#2393=AXIS2_PLACEMENT_3D('',#3576,#2706,#2707);
#2394=AXIS2_PLACEMENT_3D('',#3577,#2708,#2709);
#2395=AXIS2_PLACEMENT_3D('',#3579,#2710,#2711);
#2396=AXIS2_PLACEMENT_3D('',#3580,#2712,#2713);
#2397=AXIS2_PLACEMENT_3D('',#3582,#2714,#2715);
#2398=AXIS2_PLACEMENT_3D('',#3585,#2717,#2718);
#2399=AXIS2_PLACEMENT_3D('',#3586,#2719,#2720);
#2400=AXIS2_PLACEMENT_3D('',#3587,#2721,#2722);
#2401=AXIS2_PLACEMENT_3D('',#3589,#2723,#2724);
#2402=AXIS2_PLACEMENT_3D('',#3591,#2726,#2727);
#2403=AXIS2_PLACEMENT_3D('',#3593,#2728,#2729);
#2404=AXIS2_PLACEMENT_3D('',#3596,#2731,#2732);
#2405=AXIS2_PLACEMENT_3D('',#3597,#2733,#2734);
#2406=AXIS2_PLACEMENT_3D('',#3598,#2735,#2736);
#2407=AXIS2_PLACEMENT_3D('',#3599,#2737,#2738);
#2408=AXIS2_PLACEMENT_3D('',#3601,#2739,#2740);
#2409=AXIS2_PLACEMENT_3D('',#3604,#2742,#2743);
#2410=AXIS2_PLACEMENT_3D('',#3605,#2744,#2745);
#2411=AXIS2_PLACEMENT_3D('',#3606,#2746,#2747);
#2412=AXIS2_PLACEMENT_3D('',#3610,#2749,#2750);
#2413=AXIS2_PLACEMENT_3D('',#3612,#2752,#2753);
#2414=AXIS2_PLACEMENT_3D('',#3637,#2757,#2758);
#2415=AXIS2_PLACEMENT_3D('',#3639,#2759,#2760);
#2416=AXIS2_PLACEMENT_3D('',#3641,#2761,#2762);
#2417=AXIS2_PLACEMENT_3D('',#3643,#2764,#2765);
#2418=AXIS2_PLACEMENT_3D('',#3647,#2768,#2769);
#2419=AXIS2_PLACEMENT_3D('',#3651,#2772,#2773);
#2420=AXIS2_PLACEMENT_3D('',#3709,#2778,#2779);
#2421=AXIS2_PLACEMENT_3D('',#3718,#2780,#2781);
#2422=AXIS2_PLACEMENT_3D('',#3845,#2782,#2783);
#2423=AXIS2_PLACEMENT_3D('',#3874,#2784,#2785);
#2424=AXIS2_PLACEMENT_3D('',#3876,#2786,#2787);
#2425=AXIS2_PLACEMENT_3D('',#3878,#2788,#2789);
#2426=AXIS2_PLACEMENT_3D('',#3907,#2790,#2791);
#2427=AXIS2_PLACEMENT_3D('',#3999,#2792,#2793);
#2428=AXIS2_PLACEMENT_3D('',#4001,#2794,#2795);
#2429=AXIS2_PLACEMENT_3D('',#4021,#2796,#2797);
#2430=AXIS2_PLACEMENT_3D('',#4029,#2802,#2803);
#2431=AXIS2_PLACEMENT_3D('',#4033,#2806,#2807);
#2432=AXIS2_PLACEMENT_3D('',#4034,#2808,#2809);
#2433=AXIS2_PLACEMENT_3D('',#4035,#2810,#2811);
#2434=AXIS2_PLACEMENT_3D('',#4041,#2815,#2816);
#2435=AXIS2_PLACEMENT_3D('',#4044,#2818,#2819);
#2436=AXIS2_PLACEMENT_3D('',#4050,#2823,#2824);
#2437=AXIS2_PLACEMENT_3D('',#4051,#2825,#2826);
#2438=AXIS2_PLACEMENT_3D('',#4052,#2827,#2828);
#2439=AXIS2_PLACEMENT_3D('',#4094,#2830,#2831);
#2440=AXIS2_PLACEMENT_3D('',#4096,#2832,#2833);
#2441=AXIS2_PLACEMENT_3D('',#4098,#2835,#2836);
#2442=AXIS2_PLACEMENT_3D('',#4102,#2839,#2840);
#2443=AXIS2_PLACEMENT_3D('',#4103,#2841,#2842);
#2444=AXIS2_PLACEMENT_3D('',#4104,#2843,#2844);
#2445=AXIS2_PLACEMENT_3D('',#4106,#2845,#2846);
#2446=AXIS2_PLACEMENT_3D('',#4109,#2848,#2849);
#2447=AXIS2_PLACEMENT_3D('',#4110,#2850,#2851);
#2448=AXIS2_PLACEMENT_3D('',#4112,#2852,#2853);
#2449=AXIS2_PLACEMENT_3D('',#4115,#2855,#2856);
#2450=AXIS2_PLACEMENT_3D('',#4116,#2857,#2858);
#2451=AXIS2_PLACEMENT_3D('',#4118,#2859,#2860);
#2452=AXIS2_PLACEMENT_3D('',#4121,#2862,#2863);
#2453=AXIS2_PLACEMENT_3D('',#4122,#2864,#2865);
#2454=AXIS2_PLACEMENT_3D('',#4124,#2866,#2867);
#2455=AXIS2_PLACEMENT_3D('',#4127,#2869,#2870);
#2456=AXIS2_PLACEMENT_3D('',#4128,#2871,#2872);
#2457=AXIS2_PLACEMENT_3D('',#4130,#2873,#2874);
#2458=AXIS2_PLACEMENT_3D('',#4133,#2876,#2877);
#2459=AXIS2_PLACEMENT_3D('',#4134,#2878,#2879);
#2460=AXIS2_PLACEMENT_3D('',#4138,#2882,#2883);
#2461=AXIS2_PLACEMENT_3D('',#4140,#2885,#2886);
#2462=AXIS2_PLACEMENT_3D('',#4142,#2888,#2889);
#2463=AXIS2_PLACEMENT_3D('',#4143,#2890,#2891);
#2464=AXIS2_PLACEMENT_3D('',#4144,#2892,#2893);
#2465=AXIS2_PLACEMENT_3D('',#4156,#2894,#2895);
#2466=AXIS2_PLACEMENT_3D('',#4167,#2897,#2898);
#2467=AXIS2_PLACEMENT_3D('',#4168,#2899,#2900);
#2468=AXIS2_PLACEMENT_3D('',#4268,#2907,#2908);
#2469=AXIS2_PLACEMENT_3D('',#4276,#2909,#2910);
#2470=AXIS2_PLACEMENT_3D('',#4279,#2911,#2912);
#2471=AXIS2_PLACEMENT_3D('',#4282,#2915,#2916);
#2472=AXIS2_PLACEMENT_3D('',#4285,#2917,#2918);
#2473=AXIS2_PLACEMENT_3D('',#4286,#2919,#2920);
#2474=AXIS2_PLACEMENT_3D('',#4287,#2921,#2922);
#2475=AXIS2_PLACEMENT_3D('',#4310,#2923,#2924);
#2476=AXIS2_PLACEMENT_3D('',#4319,#2925,#2926);
#2477=AXIS2_PLACEMENT_3D('',#4330,#2927,#2928);
#2478=AXIS2_PLACEMENT_3D('',#4331,#2929,#2930);
#2479=AXIS2_PLACEMENT_3D('',#4332,#2931,#2932);
#2480=AXIS2_PLACEMENT_3D('',#4336,#2935,#2936);
#2481=AXIS2_PLACEMENT_3D('',#4340,#2938,#2939);
#2482=AXIS2_PLACEMENT_3D('',#4341,#2940,#2941);
#2483=AXIS2_PLACEMENT_3D('',#4342,#2942,#2943);
#2484=AXIS2_PLACEMENT_3D('',#4344,#2944,#2945);
#2485=AXIS2_PLACEMENT_3D('',#4346,#2947,#2948);
#2486=AXIS2_PLACEMENT_3D('',#4349,#2949,#2950);
#2487=AXIS2_PLACEMENT_3D('',#4353,#2952,#2953);
#2488=AXIS2_PLACEMENT_3D('',#4472,#2955,#2956);
#2489=AXIS2_PLACEMENT_3D('',#4473,#2957,#2958);
#2490=AXIS2_PLACEMENT_3D('',#4474,#2959,#2960);
#2491=AXIS2_PLACEMENT_3D('',#4479,#2963,#2964);
#2492=AXIS2_PLACEMENT_3D('',#4480,#2965,#2966);
#2493=AXIS2_PLACEMENT_3D('',#4483,#2968,#2969);
#2494=AXIS2_PLACEMENT_3D('',#4485,#2971,#2972);
#2495=AXIS2_PLACEMENT_3D('',#4493,#2977,#2978);
#2496=AXIS2_PLACEMENT_3D('',#4494,#2979,#2980);
#2497=AXIS2_PLACEMENT_3D('',#4497,#2981,#2982);
#2498=AXIS2_PLACEMENT_3D('',#4501,#2984,#2985);
#2499=AXIS2_PLACEMENT_3D('',#4513,#2987,#2988);
#2500=AXIS2_PLACEMENT_3D('',#4514,#2989,#2990);
#2501=AXIS2_PLACEMENT_3D('',#4525,#2991,#2992);
#2502=AXIS2_PLACEMENT_3D('',#4530,#2993,#2994);
#2503=AXIS2_PLACEMENT_3D('',#4536,#2998,#2999);
#2504=AXIS2_PLACEMENT_3D('',#4538,#3000,#3001);
#2505=AXIS2_PLACEMENT_3D('',#4541,#3003,#3004);
#2506=AXIS2_PLACEMENT_3D('',#4542,#3005,#3006);
#2507=AXIS2_PLACEMENT_3D('',#4543,#3007,#3008);
#2508=AXIS2_PLACEMENT_3D('',#4551,#3012,#3013);
#2509=AXIS2_PLACEMENT_3D('',#4555,#3016,#3017);
#2510=AXIS2_PLACEMENT_3D('',#4558,#3020,#3021);
#2511=AXIS2_PLACEMENT_3D('',#4560,#3022,#3023);
#2512=AXIS2_PLACEMENT_3D('',#4563,#3025,#3026);
#2513=AXIS2_PLACEMENT_3D('',#4564,#3027,#3028);
#2514=AXIS2_PLACEMENT_3D('',#4566,#3029,#3030);
#2515=AXIS2_PLACEMENT_3D('',#4567,#3031,#3032);
#2516=AXIS2_PLACEMENT_3D('',#4569,#3033,#3034);
#2517=AXIS2_PLACEMENT_3D('',#4572,#3036,#3037);
#2518=AXIS2_PLACEMENT_3D('',#4573,#3038,#3039);
#2519=AXIS2_PLACEMENT_3D('',#4574,#3040,#3041);
#2520=AXIS2_PLACEMENT_3D('',#4576,#3042,#3043);
#2521=AXIS2_PLACEMENT_3D('',#4578,#3045,#3046);
#2522=AXIS2_PLACEMENT_3D('',#4580,#3047,#3048);
#2523=AXIS2_PLACEMENT_3D('',#4583,#3050,#3051);
#2524=AXIS2_PLACEMENT_3D('',#4584,#3052,#3053);
#2525=AXIS2_PLACEMENT_3D('',#4585,#3054,#3055);
#2526=AXIS2_PLACEMENT_3D('',#4586,#3056,#3057);
#2527=AXIS2_PLACEMENT_3D('',#4588,#3058,#3059);
#2528=AXIS2_PLACEMENT_3D('',#4591,#3061,#3062);
#2529=AXIS2_PLACEMENT_3D('',#4592,#3063,#3064);
#2530=AXIS2_PLACEMENT_3D('',#4593,#3065,#3066);
#2531=AXIS2_PLACEMENT_3D('',#4596,#3068,#3069);
#2532=AXIS2_PLACEMENT_3D('',#4597,#3070,#3071);
#2533=AXIS2_PLACEMENT_3D('',#4599,#3072,#3073);
#2534=AXIS2_PLACEMENT_3D('',#4602,#3075,#3076);
#2535=AXIS2_PLACEMENT_3D('',#4603,#3077,#3078);
#2536=AXIS2_PLACEMENT_3D('',#4607,#3081,#3082);
#2537=AXIS2_PLACEMENT_3D('',#4611,#3085,#3086);
#2538=AXIS2_PLACEMENT_3D('',#4669,#3091,#3092);
#2539=AXIS2_PLACEMENT_3D('',#4671,#3093,#3094);
#2540=AXIS2_PLACEMENT_3D('',#4805,#3095,#3096);
#2541=AXIS2_PLACEMENT_3D('',#4817,#3097,#3098);
#2542=AXIS2_PLACEMENT_3D('',#4819,#3099,#3100);
#2543=AXIS2_PLACEMENT_3D('',#4821,#3101,#3102);
#2544=AXIS2_PLACEMENT_3D('',#4867,#3103,#3104);
#2545=AXIS2_PLACEMENT_3D('',#4979,#3105,#3106);
#2546=AXIS2_PLACEMENT_3D('',#4980,#3107,#3108);
#2547=AXIS2_PLACEMENT_3D('',#4981,#3109,#3110);
#2548=AXIS2_PLACEMENT_3D('',#4989,#3115,#3116);
#2549=AXIS2_PLACEMENT_3D('',#4990,#3117,#3118);
#2550=AXIS2_PLACEMENT_3D('',#4994,#3121,#3122);
#2551=AXIS2_PLACEMENT_3D('',#4995,#3123,#3124);
#2552=AXIS2_PLACEMENT_3D('',#5001,#3128,#3129);
#2553=AXIS2_PLACEMENT_3D('',#5008,#3133,#3134);
#2554=AXIS2_PLACEMENT_3D('',#5010,#3136,#3137);
#2555=AXIS2_PLACEMENT_3D('',#5011,#3138,#3139);
#2556=AXIS2_PLACEMENT_3D('',#5012,#3140,#3141);
#2557=AXIS2_PLACEMENT_3D('',#5054,#3143,#3144);
#2558=AXIS2_PLACEMENT_3D('',#5056,#3145,#3146);
#2559=AXIS2_PLACEMENT_3D('',#5058,#3148,#3149);
#2560=AXIS2_PLACEMENT_3D('',#5062,#3152,#3153);
#2561=AXIS2_PLACEMENT_3D('',#5063,#3154,#3155);
#2562=AXIS2_PLACEMENT_3D('',#5064,#3156,#3157);
#2563=AXIS2_PLACEMENT_3D('',#5066,#3158,#3159);
#2564=AXIS2_PLACEMENT_3D('',#5069,#3161,#3162);
#2565=AXIS2_PLACEMENT_3D('',#5070,#3163,#3164);
#2566=AXIS2_PLACEMENT_3D('',#5072,#3165,#3166);
#2567=AXIS2_PLACEMENT_3D('',#5075,#3168,#3169);
#2568=AXIS2_PLACEMENT_3D('',#5076,#3170,#3171);
#2569=AXIS2_PLACEMENT_3D('',#5078,#3172,#3173);
#2570=AXIS2_PLACEMENT_3D('',#5081,#3175,#3176);
#2571=AXIS2_PLACEMENT_3D('',#5082,#3177,#3178);
#2572=AXIS2_PLACEMENT_3D('',#5084,#3179,#3180);
#2573=AXIS2_PLACEMENT_3D('',#5087,#3182,#3183);
#2574=AXIS2_PLACEMENT_3D('',#5088,#3184,#3185);
#2575=AXIS2_PLACEMENT_3D('',#5090,#3186,#3187);
#2576=AXIS2_PLACEMENT_3D('',#5093,#3189,#3190);
#2577=AXIS2_PLACEMENT_3D('',#5094,#3191,#3192);
#2578=AXIS2_PLACEMENT_3D('',#5098,#3195,#3196);
#2579=AXIS2_PLACEMENT_3D('',#5100,#3198,#3199);
#2580=AXIS2_PLACEMENT_3D('',#5102,#3201,#3202);
#2581=AXIS2_PLACEMENT_3D('',#5103,#3203,#3204);
#2582=AXIS2_PLACEMENT_3D('',#5104,#3205,#3206);
#2583=DIRECTION('axis',(0.,0.,1.));
#2584=DIRECTION('refdir',(1.,0.,0.));
#2585=DIRECTION('axis',(0.,0.,1.));
#2586=DIRECTION('refdir',(1.,0.,0.));
#2587=DIRECTION('center_axis',(-0.807692867393874,0.,0.58960345314547));
#2588=DIRECTION('ref_axis',(0.58960345314547,7.40148683083438E-16,0.807692867393874));
#2589=DIRECTION('center_axis',(0.807692867393875,7.16843302539117E-31,-0.589603453145468));
#2590=DIRECTION('ref_axis',(0.416912599930166,0.707106781186548,0.571125103650214));
#2591=DIRECTION('center_axis',(-0.807692867393875,0.,0.589603453145468));
#2592=DIRECTION('ref_axis',(0.589603453145468,0.,0.807692867393875));
#2593=DIRECTION('',(0.807692867393875,7.16843302539117E-31,-0.589603453145468));
#2594=DIRECTION('',(-0.807692867393875,-7.16843302539117E-31,0.589603453145468));
#2595=DIRECTION('center_axis',(8.87519664315109E-31,-1.,5.51793069032926E-45));
#2596=DIRECTION('ref_axis',(0.,0.,1.));
#2597=DIRECTION('center_axis',(-0.998242297571531,0.,0.0592647900452781));
#2598=DIRECTION('ref_axis',(0.0592647900452781,0.,0.998242297571531));
#2599=DIRECTION('center_axis',(8.87519664315109E-31,-1.,5.51793069032926E-45));
#2600=DIRECTION('ref_axis',(-0.35391733478439,0.,-0.935276707792466));
#2601=DIRECTION('center_axis',(-8.87519664315109E-31,1.,-5.51793069032926E-45));
#2602=DIRECTION('ref_axis',(-0.35391733478439,-3.14108594163145E-31,-0.935276707792466));
#2603=DIRECTION('center_axis',(-0.996633731288154,-0.0819829595626498,-1.7703771449507E-14));
#2604=DIRECTION('ref_axis',(-1.77635683940025E-14,0.,1.));
#2605=DIRECTION('center_axis',(0.,0.,-1.));
#2606=DIRECTION('ref_axis',(1.,0.,0.));
#2607=DIRECTION('center_axis',(0.,0.,1.));
#2608=DIRECTION('ref_axis',(0.647596993182721,-0.761983027646087,0.));
#2609=DIRECTION('center_axis',(0.,0.,-1.));
#2610=DIRECTION('ref_axis',(0.647596993182721,-0.761983027646087,0.));
#2611=DIRECTION('center_axis',(0.,0.,-1.));
#2612=DIRECTION('ref_axis',(0.,1.,0.));
#2613=DIRECTION('',(0.320874659854629,0.947121667296856,0.));
#2614=DIRECTION('',(0.,1.,0.));
#2615=DIRECTION('center_axis',(0.,-1.,0.));
#2616=DIRECTION('ref_axis',(-0.310086385226862,0.,-0.950708385203864));
#2617=DIRECTION('center_axis',(0.947121667296856,-0.320874659854629,0.));
#2618=DIRECTION('ref_axis',(-0.320874659854629,-0.947121667296856,-3.36077769235259E-17));
#2619=DIRECTION('center_axis',(7.35674736992794E-15,-1.,1.66533453693773E-15));
#2620=DIRECTION('ref_axis',(-0.310086385226862,0.,-0.950708385203864));
#2621=DIRECTION('',(0.,-1.,0.));
#2622=DIRECTION('center_axis',(-0.589603453145468,0.,-0.807692867393875));
#2623=DIRECTION('ref_axis',(-0.807692867393875,1.48119883204573E-16,0.589603453145468));
#2624=DIRECTION('',(-0.807692867393875,-4.96010538428855E-15,0.589603453145468));
#2625=DIRECTION('center_axis',(0.589603453145468,0.,0.807692867393875));
#2626=DIRECTION('ref_axis',(0.213178127256615,0.964540566854748,-0.155616775930114));
#2627=DIRECTION('center_axis',(-0.807692867393875,-7.16843302539117E-31,
0.589603453145468));
#2628=DIRECTION('ref_axis',(-0.416912599930166,0.707106781186548,-0.571125103650214));
#2629=DIRECTION('center_axis',(0.807692867393877,-3.49115375509651E-15,
-0.589603453145466));
#2630=DIRECTION('ref_axis',(-0.589603453145466,0.,-0.807692867393877));
#2631=DIRECTION('',(-0.807692867393875,-7.16843302539117E-31,0.589603453145468));
#2632=DIRECTION('center_axis',(-0.807692867393877,-2.39125124854985E-15,
0.589603453145466));
#2633=DIRECTION('ref_axis',(-2.96059473233375E-15,1.,0.));
#2634=DIRECTION('',(0.807692867393875,7.16843302539117E-31,-0.589603453145468));
#2635=DIRECTION('center_axis',(0.0226126071018883,-0.999744302309373,7.5580986799139E-17));
#2636=DIRECTION('ref_axis',(0.999744302309373,0.0226126071018883,8.34553473315883E-16));
#2637=DIRECTION('center_axis',(-8.87519664315109E-31,1.,-5.51793069032926E-45));
#2638=DIRECTION('ref_axis',(1.,8.87519664315109E-31,8.80339212966421E-16));
#2639=DIRECTION('center_axis',(0.589603453145468,0.,0.807692867393875));
#2640=DIRECTION('ref_axis',(0.807692867393875,-1.48119883204573E-16,-0.589603453145468));
#2641=DIRECTION('center_axis',(-0.589603453145468,0.,-0.807692867393875));
#2642=DIRECTION('ref_axis',(0.213178127256615,0.964540566854748,-0.155616775930114));
#2643=DIRECTION('',(0.807692867393875,4.96010538428855E-15,-0.589603453145468));
#2644=DIRECTION('',(0.,1.,0.));
#2645=DIRECTION('center_axis',(-1.86941571975026E-45,-5.51793069032926E-45,
-1.));
#2646=DIRECTION('ref_axis',(0.582720061498388,-0.812672953854941,0.));
#2647=DIRECTION('',(1.86941571975026E-45,5.51793069032926E-45,1.));
#2648=DIRECTION('center_axis',(1.63740415270934E-16,1.61409157853905E-15,
1.));
#2649=DIRECTION('ref_axis',(0.582720061498388,-0.812672953854941,0.));
#2650=DIRECTION('',(-1.86941571975026E-45,-5.51793069032926E-45,-1.));
#2651=DIRECTION('center_axis',(-0.947121667296856,0.320874659854629,0.));
#2652=DIRECTION('ref_axis',(-0.320874659854629,-0.947121667296856,0.));
#2653=DIRECTION('',(0.320874659854629,0.947121667296856,-1.58128125709023E-15));
#2654=DIRECTION('',(0.,0.,1.));
#2655=DIRECTION('',(-0.320874659854629,-0.947121667296856,0.));
#2656=DIRECTION('',(0.,0.,1.));
#2657=DIRECTION('center_axis',(-8.87519664315109E-31,1.,-5.51793069032926E-45));
#2658=DIRECTION('ref_axis',(1.,8.87519664315109E-31,0.));
#2659=DIRECTION('center_axis',(0.0841064624023917,-0.996456774266779,0.));
#2660=DIRECTION('ref_axis',(-0.996456774266779,-0.0841064624023918,0.));
#2661=DIRECTION('center_axis',(-0.443202570813192,-0.896421486369318,1.49284166090388E-15));
#2662=DIRECTION('ref_axis',(-0.896421486369318,0.443202570813192,0.));
#2663=DIRECTION('',(-0.0841064624023917,0.996456774266779,0.));
#2664=DIRECTION('center_axis',(-0.0841064624023919,0.996456774266779,0.));
#2665=DIRECTION('ref_axis',(0.,0.,-1.));
#2666=DIRECTION('',(0.0841064624023917,-0.996456774266779,0.));
#2667=DIRECTION('center_axis',(-0.00219972770343719,0.999997580596089,1.80902840315688E-19));
#2668=DIRECTION('ref_axis',(-8.22387425648264E-17,0.,-1.));
#2669=DIRECTION('center_axis',(0.,0.,-1.));
#2670=DIRECTION('ref_axis',(-0.996456774266779,-0.0841064624023919,0.));
#2671=DIRECTION('center_axis',(-7.35674736992794E-15,1.,-1.66533453693773E-15));
#2672=DIRECTION('ref_axis',(1.,7.35674736992794E-15,0.));
#2673=DIRECTION('center_axis',(0.,0.,-1.));
#2674=DIRECTION('ref_axis',(-1.,0.,0.));
#2675=DIRECTION('',(0.661748208310183,0.749726155871771,0.));
#2676=DIRECTION('',(0.12417861759652,-0.992259880742851,0.));
#2677=DIRECTION('',(0.896421486369318,-0.443202570813192,0.));
#2678=DIRECTION('center_axis',(0.,0.,-1.));
#2679=DIRECTION('ref_axis',(-1.,3.63496000572566E-49,0.));
#2680=DIRECTION('center_axis',(-1.63740415270934E-16,-1.61409157853905E-15,
-1.));
#2681=DIRECTION('ref_axis',(-1.,3.63496000572566E-49,0.));
#2682=DIRECTION('',(0.,0.,1.));
#2683=DIRECTION('center_axis',(0.,0.,-1.));
#2684=DIRECTION('ref_axis',(-1.,3.63496000572566E-49,0.));
#2685=DIRECTION('center_axis',(0.,0.,-1.));
#2686=DIRECTION('ref_axis',(-1.,3.63496000572566E-49,0.));
#2687=DIRECTION('center_axis',(-0.571544125561792,-0.0482414849788507,-0.819152044288996));
#2688=DIRECTION('ref_axis',(0.742169723541953,-0.456222272646505,-0.490963684399282));
#2689=DIRECTION('',(0.0841064624023917,-0.996456774266779,-7.21714319990543E-15));
#2690=DIRECTION('',(0.768893456405901,-0.380151035804312,-0.51408952787729));
#2691=DIRECTION('',(0.416733942013794,0.842886039751802,-0.340405560420461));
#2692=DIRECTION('',(0.768893456405903,-0.380151035804306,-0.514089527877292));
#2693=DIRECTION('center_axis',(0.571544125561792,0.0482414849788507,0.819152044288996));
#2694=DIRECTION('ref_axis',(0.81624960368625,0.0688959806148445,-0.57357643635104));
#2695=DIRECTION('',(4.23231250795744E-16,0.998270365231485,-0.058790117371857));
#2696=DIRECTION('',(-0.820106893294638,-5.08039757362338E-15,0.572210349059345));
#2697=DIRECTION('center_axis',(-0.996456774266779,-0.0841064624023917,0.));
#2698=DIRECTION('ref_axis',(0.0841064624023917,-0.996456774266779,0.));
#2699=DIRECTION('',(-1.46684776998166E-16,1.73785741959202E-15,1.));
#2700=DIRECTION('',(0.,0.,1.));
#2701=DIRECTION('center_axis',(0.,-1.,0.));
#2702=DIRECTION('ref_axis',(1.,0.,0.));
#2703=DIRECTION('center_axis',(7.35674736992794E-15,-1.,1.66533453693773E-15));
#2704=DIRECTION('ref_axis',(1.,0.,0.));
#2705=DIRECTION('',(0.,1.,0.));
#2706=DIRECTION('center_axis',(0.,-1.,0.));
#2707=DIRECTION('ref_axis',(1.,0.,0.));
#2708=DIRECTION('center_axis',(0.,1.,0.));
#2709=DIRECTION('ref_axis',(1.,0.,0.));
#2710=DIRECTION('center_axis',(0.,-1.,0.));
#2711=DIRECTION('ref_axis',(1.,0.,0.));
#2712=DIRECTION('center_axis',(0.,1.,0.));
#2713=DIRECTION('ref_axis',(-1.,0.,0.));
#2714=DIRECTION('center_axis',(-1.85040437908524E-30,1.,-1.66533453693773E-15));
#2715=DIRECTION('ref_axis',(-1.,0.,0.));
#2716=DIRECTION('',(0.,-1.,0.));
#2717=DIRECTION('center_axis',(0.,1.,0.));
#2718=DIRECTION('ref_axis',(-1.,0.,0.));
#2719=DIRECTION('center_axis',(0.,-1.,0.));
#2720=DIRECTION('ref_axis',(-1.,0.,0.));
#2721=DIRECTION('center_axis',(0.,-1.,0.));
#2722=DIRECTION('ref_axis',(1.,0.,0.));
#2723=DIRECTION('center_axis',(7.35674736992794E-15,-1.,1.66533453693773E-15));
#2724=DIRECTION('ref_axis',(1.,0.,0.));
#2725=DIRECTION('',(0.,1.,0.));
#2726=DIRECTION('center_axis',(0.,-1.,0.));
#2727=DIRECTION('ref_axis',(1.,0.,0.));
#2728=DIRECTION('center_axis',(7.35674736992794E-15,-1.,1.66533453693773E-15));
#2729=DIRECTION('ref_axis',(1.,0.,0.));
#2730=DIRECTION('',(0.,1.,0.));
#2731=DIRECTION('center_axis',(0.,-1.,0.));
#2732=DIRECTION('ref_axis',(1.,0.,0.));
#2733=DIRECTION('center_axis',(0.,1.,0.));
#2734=DIRECTION('ref_axis',(1.,0.,0.));
#2735=DIRECTION('center_axis',(0.,1.,0.));
#2736=DIRECTION('ref_axis',(1.,0.,0.));
#2737=DIRECTION('center_axis',(0.,-1.,0.));
#2738=DIRECTION('ref_axis',(1.,0.,0.));
#2739=DIRECTION('center_axis',(7.35674736992794E-15,-1.,1.66533453693773E-15));
#2740=DIRECTION('ref_axis',(1.,0.,0.));
#2741=DIRECTION('',(0.,1.,0.));
#2742=DIRECTION('center_axis',(0.,-1.,0.));
#2743=DIRECTION('ref_axis',(1.,0.,0.));
#2744=DIRECTION('center_axis',(0.,1.,0.));
#2745=DIRECTION('ref_axis',(1.,0.,0.));
#2746=DIRECTION('center_axis',(-5.1692964770601E-17,1.06283443941376E-14,
-1.));
#2747=DIRECTION('ref_axis',(0.443202570813191,0.896421486369319,9.08364292875127E-15));
#2748=DIRECTION('',(5.1692964770601E-17,-1.06283443941376E-14,1.));
#2749=DIRECTION('center_axis',(0.959986509538459,-4.09922740853513E-16,
0.280046248866443));
#2750=DIRECTION('ref_axis',(0.280046248866443,1.09349794401384E-14,-0.959986509538459));
#2751=DIRECTION('',(-5.1692964770601E-17,1.06283443941376E-14,-1.));
#2752=DIRECTION('center_axis',(-0.443202570813191,-0.896421486369319,-9.50456582455855E-15));
#2753=DIRECTION('ref_axis',(-4.21244800790756E-15,-8.5200970237458E-15,
1.));
#2754=DIRECTION('',(-6.36422036304677E-15,3.14655423705664E-15,1.));
#2755=DIRECTION('',(9.33906893779887E-16,-1.10645225617625E-14,1.));
#2756=DIRECTION('',(0.277399887200598,-0.13715015204347,-0.950914895443093));
#2757=DIRECTION('center_axis',(-9.33906893779886E-16,1.10645225617625E-14,
-1.));
#2758=DIRECTION('ref_axis',(0.826509940659889,0.56292212426799,0.));
#2759=DIRECTION('center_axis',(-0.959986509538459,4.09922740853513E-16,
-0.280046248866443));
#2760=DIRECTION('ref_axis',(0.280046248866443,1.1367785573068E-14,-0.959986509538459));
#2761=DIRECTION('center_axis',(8.72713140538684E-16,-1.03395255975066E-14,
1.));
#2762=DIRECTION('ref_axis',(0.996456774267135,0.0841064623981812,0.));
#2763=DIRECTION('',(-9.33906893779886E-16,1.10645225617625E-14,-1.));
#2764=DIRECTION('center_axis',(1.,-4.2700885562506E-16,-5.16929647706056E-17));
#2765=DIRECTION('ref_axis',(-5.16929647706056E-17,-3.69949994777995E-17,
-1.));
#2766=DIRECTION('',(4.2700885562506E-16,1.,0.));
#2767=DIRECTION('',(5.16929647706056E-17,3.69949994777995E-17,1.));
#2768=DIRECTION('center_axis',(0.959986509538459,-4.09922740853513E-16,
0.280046248866443));
#2769=DIRECTION('ref_axis',(0.280046248866443,-1.43395964511015E-16,-0.959986509538459));
#2770=DIRECTION('',(0.0808146618985371,-0.957456954063687,-0.277029188962666));
#2771=DIRECTION('',(-0.280046248866443,1.43395964511015E-16,0.959986509538459));
#2772=DIRECTION('center_axis',(-0.443202570813192,-0.896421486369318,1.49284166090388E-15));
#2773=DIRECTION('ref_axis',(-0.896421486369318,0.443202570813192,-5.68589110700529E-16));
#2774=DIRECTION('',(-0.896421486369318,0.443202570813192,-5.68589110700529E-16));
#2775=DIRECTION('',(0.,-1.66533453693773E-15,-1.));
#2776=DIRECTION('',(-6.36422036304677E-15,3.14655423705664E-15,1.));
#2777=DIRECTION('',(0.,-1.66533453693773E-15,-1.));
#2778=DIRECTION('center_axis',(0.891906544648344,-0.440970324254809,-0.100239157718234));
#2779=DIRECTION('ref_axis',(-0.381303210627895,-0.614159994829017,-0.69095250366178));
#2780=DIRECTION('center_axis',(-0.263547301538138,0.130301251530318,-0.955805630712437));
#2781=DIRECTION('ref_axis',(0.443202570813191,0.896421486369319,8.88178419700126E-15));
#2782=DIRECTION('center_axis',(0.,0.,1.));
#2783=DIRECTION('ref_axis',(-0.996456774266778,-0.0841064624024026,0.));
#2784=DIRECTION('center_axis',(0.,0.,-1.));
#2785=DIRECTION('ref_axis',(-0.996456774266778,-0.0841064624024026,0.));
#2786=DIRECTION('center_axis',(0.320874659854633,0.947121667296855,0.));
#2787=DIRECTION('ref_axis',(0.719750153812406,-0.243843630400749,-0.65));
#2788=DIRECTION('center_axis',(0.,0.,-1.));
#2789=DIRECTION('ref_axis',(-0.947121667296855,0.320874659854633,0.));
#2790=DIRECTION('center_axis',(-0.062172954045999,0.736598109892017,-0.673466961542066));
#2791=DIRECTION('ref_axis',(0.996456774266778,0.0841064624024013,0.));
#2792=DIRECTION('center_axis',(0.,0.,-1.));
#2793=DIRECTION('ref_axis',(-0.947121667296855,0.320874659854633,0.));
#2794=DIRECTION('center_axis',(0.,0.,-1.));
#2795=DIRECTION('ref_axis',(-0.947121667296855,0.320874659854633,0.));
#2796=DIRECTION('center_axis',(0.996456774266778,0.0841064624024029,0.));
#2797=DIRECTION('ref_axis',(-0.0841064624024029,0.996456774266778,0.));
#2798=DIRECTION('',(0.0841064624023917,-0.996456774266779,0.));
#2799=DIRECTION('',(0.,0.,1.));
#2800=DIRECTION('',(0.0841064624024029,-0.996456774266778,1.59460086064145E-15));
#2801=DIRECTION('',(0.,0.,1.));
#2802=DIRECTION('center_axis',(0.,0.,-1.));
#2803=DIRECTION('ref_axis',(-1.,0.,0.));
#2804=DIRECTION('',(0.320874659854629,0.947121667296856,0.));
#2805=DIRECTION('',(-1.,-7.38125305518245E-15,0.));
#2806=DIRECTION('center_axis',(0.,0.,1.));
#2807=DIRECTION('ref_axis',(-0.947121667296854,0.320874659854633,0.));
#2808=DIRECTION('center_axis',(0.896421486369318,-0.443202570813191,7.09958480449091E-15));
#2809=DIRECTION('ref_axis',(-6.36422036304677E-15,3.14655423705664E-15,
1.));
#2810=DIRECTION('center_axis',(-0.749726155871771,0.661748208310183,-1.10203214605561E-15));
#2811=DIRECTION('ref_axis',(-1.46991289742878E-15,0.,1.));
#2812=DIRECTION('',(-0.661748208310183,-0.749726155871771,1.31848160083659E-15));
#2813=DIRECTION('',(0.,-1.66533453693773E-15,-1.));
#2814=DIRECTION('',(0.,1.66533453693773E-15,1.));
#2815=DIRECTION('center_axis',(-7.35674736992794E-15,1.,-1.66533453693773E-15));
#2816=DIRECTION('ref_axis',(1.,7.35674736992794E-15,-1.63740415270946E-16));
#2817=DIRECTION('',(1.,7.35674736992794E-15,-1.63740415270946E-16));
#2818=DIRECTION('center_axis',(-7.35674736992794E-15,1.,-1.66533453693773E-15));
#2819=DIRECTION('ref_axis',(1.,7.35479257421594E-15,6.09879443649514E-15));
#2820=DIRECTION('',(-1.,-7.33184380406635E-15,0.));
#2821=DIRECTION('',(0.,0.,1.));
#2822=DIRECTION('',(1.,7.35674736992794E-15,-1.63740415270946E-16));
#2823=DIRECTION('center_axis',(-7.35674736992794E-15,1.,-1.66533453693773E-15));
#2824=DIRECTION('ref_axis',(1.,7.35674736992794E-15,-1.63740415270946E-16));
#2825=DIRECTION('center_axis',(-7.35674736992794E-15,1.,-1.66533453693773E-15));
#2826=DIRECTION('ref_axis',(1.,7.35479257421594E-15,6.09879443649514E-15));
#2827=DIRECTION('center_axis',(0.320874659854629,0.947121667296856,0.));
#2828=DIRECTION('ref_axis',(0.719750153812408,-0.243843630400746,-0.65));
#2829=DIRECTION('',(0.320874659854629,0.947121667296856,0.));
#2830=DIRECTION('center_axis',(0.,-1.38777878078145E-17,-1.));
#2831=DIRECTION('ref_axis',(1.,1.42981039071308E-30,0.));
#2832=DIRECTION('center_axis',(-1.63740415270934E-16,-1.61409157853905E-15,
-1.));
#2833=DIRECTION('ref_axis',(1.,1.42981039071308E-30,0.));
#2834=DIRECTION('',(0.,1.38777878078145E-17,1.));
#2835=DIRECTION('center_axis',(0.,0.,-1.));
#2836=DIRECTION('ref_axis',(-1.,0.,0.));
#2837=DIRECTION('',(1.,0.,0.));
#2838=DIRECTION('',(0.13752860351748,0.990497795663641,0.));
#2839=DIRECTION('center_axis',(0.,0.,-1.));
#2840=DIRECTION('ref_axis',(-1.,0.,0.));
#2841=DIRECTION('center_axis',(-1.63740415270934E-16,-1.61409157853905E-15,
-1.));
#2842=DIRECTION('ref_axis',(-1.,0.,0.));
#2843=DIRECTION('center_axis',(0.,1.66533453693773E-15,1.));
#2844=DIRECTION('ref_axis',(-1.,-1.85040437908524E-30,0.));
#2845=DIRECTION('center_axis',(-1.63740415270934E-16,-1.61409157853905E-15,
-1.));
#2846=DIRECTION('ref_axis',(-1.,-1.57772181044202E-30,1.63740415270934E-16));
#2847=DIRECTION('',(0.,1.66533453693773E-15,1.));
#2848=DIRECTION('center_axis',(-1.63740415270934E-16,-1.61409157853905E-15,
-1.));
#2849=DIRECTION('ref_axis',(-1.,-1.57772181044202E-30,1.63740415270934E-16));
#2850=DIRECTION('center_axis',(0.,1.66533453693773E-15,1.));
#2851=DIRECTION('ref_axis',(-1.,-1.85040437908524E-30,0.));
#2852=DIRECTION('center_axis',(-1.63740415270934E-16,-1.61409157853905E-15,
-1.));
#2853=DIRECTION('ref_axis',(-1.,-1.57772181044202E-30,1.63740415270934E-16));
#2854=DIRECTION('',(0.,1.66533453693773E-15,1.));
#2855=DIRECTION('center_axis',(-1.63740415270934E-16,-1.61409157853905E-15,
-1.));
#2856=DIRECTION('ref_axis',(-1.,-1.57772181044202E-30,1.63740415270934E-16));
#2857=DIRECTION('center_axis',(0.,1.66533453693773E-15,1.));
#2858=DIRECTION('ref_axis',(-1.,-1.85040437908524E-30,0.));
#2859=DIRECTION('center_axis',(-1.63740415270934E-16,-1.61409157853905E-15,
-1.));
#2860=DIRECTION('ref_axis',(-1.,-1.57772181044202E-30,1.63740415270934E-16));
#2861=DIRECTION('',(0.,1.66533453693773E-15,1.));
#2862=DIRECTION('center_axis',(-1.63740415270934E-16,-1.61409157853905E-15,
-1.));
#2863=DIRECTION('ref_axis',(-1.,-1.57772181044202E-30,1.63740415270934E-16));
#2864=DIRECTION('center_axis',(0.,1.66533453693773E-15,1.));
#2865=DIRECTION('ref_axis',(-1.,-1.85040437908524E-30,0.));
#2866=DIRECTION('center_axis',(-1.63740415270934E-16,-1.61409157853905E-15,
-1.));
#2867=DIRECTION('ref_axis',(-1.,-1.57772181044202E-30,1.63740415270934E-16));
#2868=DIRECTION('',(0.,1.66533453693773E-15,1.));
#2869=DIRECTION('center_axis',(-1.63740415270934E-16,-1.61409157853905E-15,
-1.));
#2870=DIRECTION('ref_axis',(-1.,-1.57772181044202E-30,1.63740415270934E-16));
#2871=DIRECTION('center_axis',(0.,1.66533453693773E-15,1.));
#2872=DIRECTION('ref_axis',(-1.,-1.85040437908524E-30,0.));
#2873=DIRECTION('center_axis',(-1.63740415270935E-16,-1.61409157853905E-15,
-1.));
#2874=DIRECTION('ref_axis',(-1.,-1.57772181044202E-30,1.63740415270935E-16));
#2875=DIRECTION('',(0.,1.66533453693773E-15,1.));
#2876=DIRECTION('center_axis',(-1.63740415270935E-16,-1.61409157853905E-15,
-1.));
#2877=DIRECTION('ref_axis',(-1.,-1.57772181044202E-30,1.63740415270935E-16));
#2878=DIRECTION('center_axis',(0.990497795656752,-0.137528603567098,2.29031133337106E-16));
#2879=DIRECTION('ref_axis',(-0.137528603567098,-0.990497795656752,1.62127314119076E-15));
#2880=DIRECTION('',(0.,-1.66533453693773E-15,-1.));
#2881=DIRECTION('',(-0.137528603567098,-0.990497795656752,1.62127314119076E-15));
#2882=DIRECTION('center_axis',(1.85040437908524E-30,-1.,1.66533453693773E-15));
#2883=DIRECTION('ref_axis',(-1.,-1.57772181044202E-30,1.63740415270934E-16));
#2884=DIRECTION('',(-1.,-1.57772181044202E-30,1.63740415270934E-16));
#2885=DIRECTION('center_axis',(-0.992259880742851,-0.12417861759652,2.06798940632669E-16));
#2886=DIRECTION('ref_axis',(-0.12417861759652,0.992259880742851,-1.58126525881617E-15));
#2887=DIRECTION('',(-0.12417861759652,0.992259880742851,-1.58126525881617E-15));
#2888=DIRECTION('center_axis',(1.63740415270934E-16,1.61409157853905E-15,
1.));
#2889=DIRECTION('ref_axis',(-1.,-1.57772181044202E-30,1.63740415270934E-16));
#2890=DIRECTION('center_axis',(1.63740415270934E-16,1.61409157853905E-15,
1.));
#2891=DIRECTION('ref_axis',(-1.,-1.57772181044202E-30,1.63740415270934E-16));
#2892=DIRECTION('center_axis',(0.,1.,0.));
#2893=DIRECTION('ref_axis',(-1.,0.,0.));
#2894=DIRECTION('center_axis',(0.443202570813191,0.896421486369319,-9.50456582455855E-15));
#2895=DIRECTION('ref_axis',(-0.896421486369319,0.443202570813191,0.));
#2896=DIRECTION('',(0.,1.,0.));
#2897=DIRECTION('center_axis',(-0.443202570813192,-0.896421486369318,-1.49284166090388E-15));
#2898=DIRECTION('ref_axis',(-0.896421486369318,0.443202570813192,0.));
#2899=DIRECTION('center_axis',(0.443202570813191,0.896421486369319,-9.50456582455855E-15));
#2900=DIRECTION('ref_axis',(-4.21244800790756E-15,-8.5200970237458E-15,
-1.));
#2901=DIRECTION('',(5.1692964770601E-17,-1.06283443941376E-14,-1.));
#2902=DIRECTION('',(0.277399887200598,-0.13715015204347,0.950914895443093));
#2903=DIRECTION('',(9.33906893779887E-16,-1.10645225617625E-14,-1.));
#2904=DIRECTION('',(-6.36422036304677E-15,3.14655423705664E-15,-1.));
#2905=DIRECTION('',(0.768893456405903,-0.380151035804306,0.514089527877292));
#2906=DIRECTION('',(5.1692964770601E-17,-1.06283443941376E-14,-1.));
#2907=DIRECTION('center_axis',(0.807692867393874,0.,0.58960345314547));
#2908=DIRECTION('ref_axis',(0.58960345314547,7.40148683083438E-16,-0.807692867393874));
#2909=DIRECTION('center_axis',(-0.807692867393875,-7.16843302539117E-31,
-0.589603453145468));
#2910=DIRECTION('ref_axis',(0.416912599930166,0.707106781186548,-0.571125103650214));
#2911=DIRECTION('center_axis',(0.807692867393875,0.,0.589603453145468));
#2912=DIRECTION('ref_axis',(0.589603453145468,0.,-0.807692867393875));
#2913=DIRECTION('',(-0.807692867393875,-7.16843302539117E-31,-0.589603453145468));
#2914=DIRECTION('',(0.807692867393875,7.16843302539117E-31,0.589603453145468));
#2915=DIRECTION('center_axis',(8.87519664315109E-31,-1.,-5.51793069032926E-45));
#2916=DIRECTION('ref_axis',(0.,0.,-1.));
#2917=DIRECTION('center_axis',(0.998242297571531,0.,0.0592647900452781));
#2918=DIRECTION('ref_axis',(0.0592647900452781,0.,-0.998242297571531));
#2919=DIRECTION('center_axis',(8.87519664315109E-31,-1.,-5.51793069032926E-45));
#2920=DIRECTION('ref_axis',(-0.35391733478439,-3.14108594163145E-31,0.935276707792466));
#2921=DIRECTION('center_axis',(-8.87519664315109E-31,1.,5.51793069032926E-45));
#2922=DIRECTION('ref_axis',(-0.35391733478439,0.,0.935276707792466));
#2923=DIRECTION('center_axis',(0.996633731288154,0.0819829595626498,-1.7703771449507E-14));
#2924=DIRECTION('ref_axis',(-1.77635683940025E-14,0.,-1.));
#2925=DIRECTION('center_axis',(0.,0.,1.));
#2926=DIRECTION('ref_axis',(1.,0.,0.));
#2927=DIRECTION('center_axis',(0.,0.,-1.));
#2928=DIRECTION('ref_axis',(0.647596993182721,-0.761983027646087,0.));
#2929=DIRECTION('center_axis',(0.,0.,1.));
#2930=DIRECTION('ref_axis',(0.647596993182721,-0.761983027646087,0.));
#2931=DIRECTION('center_axis',(0.,0.,-1.));
#2932=DIRECTION('ref_axis',(0.,1.,0.));
#2933=DIRECTION('',(0.,1.,0.));
#2934=DIRECTION('',(0.320874659854629,0.947121667296856,0.));
#2935=DIRECTION('center_axis',(0.,1.,0.));
#2936=DIRECTION('ref_axis',(-0.310086385226862,0.,0.950708385203864));
#2937=DIRECTION('',(0.,-1.,0.));
#2938=DIRECTION('center_axis',(-7.35674736992794E-15,1.,1.66533453693773E-15));
#2939=DIRECTION('ref_axis',(-0.310086385226862,0.,0.950708385203864));
#2940=DIRECTION('center_axis',(-0.947121667296856,0.320874659854629,0.));
#2941=DIRECTION('ref_axis',(-0.320874659854629,-0.947121667296856,3.36077769235259E-17));
#2942=DIRECTION('center_axis',(0.589603453145468,0.,-0.807692867393875));
#2943=DIRECTION('ref_axis',(-0.807692867393875,1.48119883204573E-16,-0.589603453145468));
#2944=DIRECTION('center_axis',(-0.589603453145468,0.,0.807692867393875));
#2945=DIRECTION('ref_axis',(0.213178127256615,0.964540566854748,0.155616775930114));
#2946=DIRECTION('',(-0.807692867393875,-4.96010538428855E-15,-0.589603453145468));
#2947=DIRECTION('center_axis',(0.807692867393875,7.16843302539117E-31,0.589603453145468));
#2948=DIRECTION('ref_axis',(-0.416912599930166,0.707106781186548,0.571125103650214));
#2949=DIRECTION('center_axis',(-0.807692867393877,3.49115375509651E-15,
-0.589603453145466));
#2950=DIRECTION('ref_axis',(-0.589603453145466,0.,0.807692867393877));
#2951=DIRECTION('',(0.807692867393875,7.16843302539117E-31,0.589603453145468));
#2952=DIRECTION('center_axis',(0.807692867393877,2.39125124854985E-15,0.589603453145466));
#2953=DIRECTION('ref_axis',(-2.96059473233375E-15,1.,0.));
#2954=DIRECTION('',(-0.807692867393875,-7.16843302539117E-31,-0.589603453145468));
#2955=DIRECTION('center_axis',(8.87519664315109E-31,-1.,-5.51793069032926E-45));
#2956=DIRECTION('ref_axis',(1.,8.87519664315109E-31,-8.80339212966421E-16));
#2957=DIRECTION('center_axis',(-0.0226126071018883,0.999744302309373,7.5580986799139E-17));
#2958=DIRECTION('ref_axis',(0.999744302309373,0.0226126071018883,-8.34553473315883E-16));
#2959=DIRECTION('center_axis',(-0.589603453145468,0.,0.807692867393875));
#2960=DIRECTION('ref_axis',(0.807692867393875,-1.48119883204573E-16,0.589603453145468));
#2961=DIRECTION('',(0.,1.,0.));
#2962=DIRECTION('',(0.807692867393875,4.96010538428855E-15,0.589603453145468));
#2963=DIRECTION('center_axis',(0.589603453145468,0.,-0.807692867393875));
#2964=DIRECTION('ref_axis',(0.213178127256615,0.964540566854748,0.155616775930114));
#2965=DIRECTION('center_axis',(1.86941571975026E-45,5.51793069032926E-45,
-1.));
#2966=DIRECTION('ref_axis',(0.582720061498388,-0.812672953854941,0.));
#2967=DIRECTION('',(-1.86941571975026E-45,-5.51793069032926E-45,1.));
#2968=DIRECTION('center_axis',(-1.63740415270934E-16,-1.61409157853905E-15,
1.));
#2969=DIRECTION('ref_axis',(0.582720061498388,-0.812672953854941,0.));
#2970=DIRECTION('',(1.86941571975026E-45,5.51793069032926E-45,-1.));
#2971=DIRECTION('center_axis',(0.947121667296856,-0.320874659854629,0.));
#2972=DIRECTION('ref_axis',(-0.320874659854629,-0.947121667296856,0.));
#2973=DIRECTION('',(0.,0.,-1.));
#2974=DIRECTION('',(-0.320874659854629,-0.947121667296856,0.));
#2975=DIRECTION('',(0.,0.,-1.));
#2976=DIRECTION('',(0.320874659854629,0.947121667296856,1.58128125709023E-15));
#2977=DIRECTION('center_axis',(8.87519664315109E-31,-1.,-5.51793069032926E-45));
#2978=DIRECTION('ref_axis',(1.,8.87519664315109E-31,0.));
#2979=DIRECTION('center_axis',(-0.0841064624023917,0.996456774266779,0.));
#2980=DIRECTION('ref_axis',(-0.996456774266779,-0.0841064624023918,0.));
#2981=DIRECTION('center_axis',(0.443202570813192,0.896421486369318,1.49284166090388E-15));
#2982=DIRECTION('ref_axis',(-0.896421486369318,0.443202570813192,0.));
#2983=DIRECTION('',(0.0841064624023917,-0.996456774266779,0.));
#2984=DIRECTION('center_axis',(0.0841064624023919,-0.996456774266779,0.));
#2985=DIRECTION('ref_axis',(0.,0.,1.));
#2986=DIRECTION('',(-0.0841064624023917,0.996456774266779,0.));
#2987=DIRECTION('center_axis',(0.00219972770343719,-0.999997580596089,1.80902840315688E-19));
#2988=DIRECTION('ref_axis',(-8.22387425648264E-17,0.,1.));
#2989=DIRECTION('center_axis',(0.,0.,-1.));
#2990=DIRECTION('ref_axis',(-0.996456774266779,-0.0841064624023919,0.));
#2991=DIRECTION('center_axis',(7.35674736992794E-15,-1.,-1.66533453693773E-15));
#2992=DIRECTION('ref_axis',(1.,7.35674736992794E-15,0.));
#2993=DIRECTION('center_axis',(0.,0.,-1.));
#2994=DIRECTION('ref_axis',(-1.,0.,0.));
#2995=DIRECTION('',(0.896421486369318,-0.443202570813192,0.));
#2996=DIRECTION('',(0.12417861759652,-0.992259880742851,0.));
#2997=DIRECTION('',(0.661748208310183,0.749726155871771,0.));
#2998=DIRECTION('center_axis',(0.,0.,-1.));
#2999=DIRECTION('ref_axis',(-1.,3.63496000572566E-49,0.));
#3000=DIRECTION('center_axis',(1.63740415270934E-16,1.61409157853905E-15,
-1.));
#3001=DIRECTION('ref_axis',(-1.,3.63496000572566E-49,0.));
#3002=DIRECTION('',(0.,0.,-1.));
#3003=DIRECTION('center_axis',(0.,0.,-1.));
#3004=DIRECTION('ref_axis',(-1.,3.63496000572566E-49,0.));
#3005=DIRECTION('center_axis',(0.,0.,-1.));
#3006=DIRECTION('ref_axis',(-1.,3.63496000572566E-49,0.));
#3007=DIRECTION('center_axis',(0.571544125561792,0.0482414849788507,-0.819152044288996));
#3008=DIRECTION('ref_axis',(0.742169723541953,-0.456222272646505,0.490963684399282));
#3009=DIRECTION('',(0.0841064624023917,-0.996456774266779,7.21714319990543E-15));
#3010=DIRECTION('',(-0.820106893294638,-5.08039757362338E-15,-0.572210349059345));
#3011=DIRECTION('',(4.23231250795744E-16,0.998270365231485,0.058790117371857));
#3012=DIRECTION('center_axis',(-0.571544125561792,-0.0482414849788507,0.819152044288996));
#3013=DIRECTION('ref_axis',(0.81624960368625,0.0688959806148445,0.57357643635104));
#3014=DIRECTION('',(0.416733942013794,0.842886039751802,0.340405560420461));
#3015=DIRECTION('',(0.768893456405901,-0.380151035804312,0.51408952787729));
#3016=DIRECTION('center_axis',(0.996456774266779,0.0841064624023917,0.));
#3017=DIRECTION('ref_axis',(0.0841064624023917,-0.996456774266779,0.));
#3018=DIRECTION('',(0.,0.,-1.));
#3019=DIRECTION('',(-1.46684776998166E-16,1.73785741959202E-15,-1.));
#3020=DIRECTION('center_axis',(0.,1.,0.));
#3021=DIRECTION('ref_axis',(1.,0.,0.));
#3022=DIRECTION('center_axis',(-7.35674736992794E-15,1.,1.66533453693773E-15));
#3023=DIRECTION('ref_axis',(1.,0.,0.));
#3024=DIRECTION('',(0.,1.,0.));
#3025=DIRECTION('center_axis',(0.,1.,0.));
#3026=DIRECTION('ref_axis',(1.,0.,0.));
#3027=DIRECTION('center_axis',(0.,-1.,0.));
#3028=DIRECTION('ref_axis',(1.,0.,0.));
#3029=DIRECTION('center_axis',(0.,1.,0.));
#3030=DIRECTION('ref_axis',(1.,0.,0.));
#3031=DIRECTION('center_axis',(0.,-1.,0.));
#3032=DIRECTION('ref_axis',(-1.,0.,0.));
#3033=DIRECTION('center_axis',(1.85040437908524E-30,-1.,-1.66533453693773E-15));
#3034=DIRECTION('ref_axis',(-1.,0.,0.));
#3035=DIRECTION('',(0.,-1.,0.));
#3036=DIRECTION('center_axis',(0.,-1.,0.));
#3037=DIRECTION('ref_axis',(-1.,0.,0.));
#3038=DIRECTION('center_axis',(0.,1.,0.));
#3039=DIRECTION('ref_axis',(-1.,0.,0.));
#3040=DIRECTION('center_axis',(0.,1.,0.));
#3041=DIRECTION('ref_axis',(1.,0.,0.));
#3042=DIRECTION('center_axis',(-7.35674736992794E-15,1.,1.66533453693773E-15));
#3043=DIRECTION('ref_axis',(1.,0.,0.));
#3044=DIRECTION('',(0.,1.,0.));
#3045=DIRECTION('center_axis',(0.,1.,0.));
#3046=DIRECTION('ref_axis',(1.,0.,0.));
#3047=DIRECTION('center_axis',(-7.35674736992794E-15,1.,1.66533453693773E-15));
#3048=DIRECTION('ref_axis',(1.,0.,0.));
#3049=DIRECTION('',(0.,1.,0.));
#3050=DIRECTION('center_axis',(0.,1.,0.));
#3051=DIRECTION('ref_axis',(1.,0.,0.));
#3052=DIRECTION('center_axis',(0.,-1.,0.));
#3053=DIRECTION('ref_axis',(1.,0.,0.));
#3054=DIRECTION('center_axis',(0.,-1.,0.));
#3055=DIRECTION('ref_axis',(1.,0.,0.));
#3056=DIRECTION('center_axis',(0.,1.,0.));
#3057=DIRECTION('ref_axis',(1.,0.,0.));
#3058=DIRECTION('center_axis',(-7.35674736992794E-15,1.,1.66533453693773E-15));
#3059=DIRECTION('ref_axis',(1.,0.,0.));
#3060=DIRECTION('',(0.,1.,0.));
#3061=DIRECTION('center_axis',(0.,1.,0.));
#3062=DIRECTION('ref_axis',(1.,0.,0.));
#3063=DIRECTION('center_axis',(0.,-1.,0.));
#3064=DIRECTION('ref_axis',(1.,0.,0.));
#3065=DIRECTION('center_axis',(5.1692964770601E-17,-1.06283443941376E-14,
-1.));
#3066=DIRECTION('ref_axis',(0.443202570813191,0.896421486369319,-9.08364292875127E-15));
#3067=DIRECTION('',(-5.1692964770601E-17,1.06283443941376E-14,1.));
#3068=DIRECTION('center_axis',(-0.959986509538459,4.09922740853513E-16,
0.280046248866443));
#3069=DIRECTION('ref_axis',(0.280046248866443,1.09349794401384E-14,0.959986509538459));
#3070=DIRECTION('center_axis',(9.33906893779886E-16,-1.10645225617625E-14,
-1.));
#3071=DIRECTION('ref_axis',(0.826509940659889,0.56292212426799,0.));
#3072=DIRECTION('center_axis',(0.959986509538459,-4.09922740853513E-16,
-0.280046248866443));
#3073=DIRECTION('ref_axis',(0.280046248866443,1.1367785573068E-14,0.959986509538459));
#3074=DIRECTION('',(-9.33906893779886E-16,1.10645225617625E-14,1.));
#3075=DIRECTION('center_axis',(-8.72713140538684E-16,1.03395255975066E-14,
1.));
#3076=DIRECTION('ref_axis',(0.996456774267135,0.0841064623981812,0.));
#3077=DIRECTION('center_axis',(-1.,4.2700885562506E-16,-5.16929647706056E-17));
#3078=DIRECTION('ref_axis',(-5.16929647706056E-17,-3.69949994777995E-17,
1.));
#3079=DIRECTION('',(5.16929647706056E-17,3.69949994777995E-17,-1.));
#3080=DIRECTION('',(4.2700885562506E-16,1.,0.));
#3081=DIRECTION('center_axis',(-0.959986509538459,4.09922740853513E-16,
0.280046248866443));
#3082=DIRECTION('ref_axis',(0.280046248866443,-1.43395964511015E-16,0.959986509538459));
#3083=DIRECTION('',(0.0808146618985371,-0.957456954063687,0.277029188962666));
#3084=DIRECTION('',(-0.280046248866443,1.43395964511015E-16,-0.959986509538459));
#3085=DIRECTION('center_axis',(0.443202570813192,0.896421486369318,1.49284166090388E-15));
#3086=DIRECTION('ref_axis',(-0.896421486369318,0.443202570813192,5.68589110700529E-16));
#3087=DIRECTION('',(-0.896421486369318,0.443202570813192,5.68589110700529E-16));
#3088=DIRECTION('',(0.,-1.66533453693773E-15,1.));
#3089=DIRECTION('',(-6.36422036304677E-15,3.14655423705664E-15,-1.));
#3090=DIRECTION('',(0.,-1.66533453693773E-15,1.));
#3091=DIRECTION('center_axis',(-0.891906544648344,0.440970324254809,-0.100239157718234));
#3092=DIRECTION('ref_axis',(-0.381303210627895,-0.614159994829017,0.69095250366178));
#3093=DIRECTION('center_axis',(0.263547301538138,-0.130301251530318,-0.955805630712437));
#3094=DIRECTION('ref_axis',(0.443202570813191,0.896421486369319,-8.88178419700126E-15));
#3095=DIRECTION('center_axis',(0.,0.,-1.));
#3096=DIRECTION('ref_axis',(-0.996456774266778,-0.0841064624024026,0.));
#3097=DIRECTION('center_axis',(0.,0.,-1.));
#3098=DIRECTION('ref_axis',(-0.947121667296855,0.320874659854633,0.));
#3099=DIRECTION('center_axis',(-0.320874659854633,-0.947121667296855,0.));
#3100=DIRECTION('ref_axis',(0.719750153812406,-0.243843630400749,0.65));
#3101=DIRECTION('center_axis',(0.,0.,-1.));
#3102=DIRECTION('ref_axis',(-0.996456774266778,-0.0841064624024026,0.));
#3103=DIRECTION('center_axis',(0.062172954045999,-0.736598109892017,-0.673466961542066));
#3104=DIRECTION('ref_axis',(0.996456774266778,0.0841064624024013,0.));
#3105=DIRECTION('center_axis',(0.,0.,-1.));
#3106=DIRECTION('ref_axis',(-0.947121667296855,0.320874659854633,0.));
#3107=DIRECTION('center_axis',(0.,0.,-1.));
#3108=DIRECTION('ref_axis',(-0.947121667296855,0.320874659854633,0.));
#3109=DIRECTION('center_axis',(-0.996456774266778,-0.0841064624024029,0.));
#3110=DIRECTION('ref_axis',(-0.0841064624024029,0.996456774266778,0.));
#3111=DIRECTION('',(0.,0.,-1.));
#3112=DIRECTION('',(0.0841064624024029,-0.996456774266778,-1.59460086064145E-15));
#3113=DIRECTION('',(0.,0.,-1.));
#3114=DIRECTION('',(0.0841064624023917,-0.996456774266779,0.));
#3115=DIRECTION('center_axis',(0.,0.,-1.));
#3116=DIRECTION('ref_axis',(-1.,0.,0.));
#3117=DIRECTION('center_axis',(0.,0.,1.));
#3118=DIRECTION('ref_axis',(-0.947121667296854,0.320874659854633,0.));
#3119=DIRECTION('',(-1.,-7.38125305518245E-15,0.));
#3120=DIRECTION('',(0.320874659854629,0.947121667296856,0.));
#3121=DIRECTION('center_axis',(-0.896421486369318,0.443202570813191,7.09958480449091E-15));
#3122=DIRECTION('ref_axis',(-6.36422036304677E-15,3.14655423705664E-15,
-1.));
#3123=DIRECTION('center_axis',(0.749726155871771,-0.661748208310183,-1.10203214605561E-15));
#3124=DIRECTION('ref_axis',(-1.46991289742878E-15,0.,-1.));
#3125=DIRECTION('',(-0.661748208310183,-0.749726155871771,-1.31848160083659E-15));
#3126=DIRECTION('',(0.,1.66533453693773E-15,-1.));
#3127=DIRECTION('',(0.,-1.66533453693773E-15,1.));
#3128=DIRECTION('center_axis',(7.35674736992794E-15,-1.,-1.66533453693773E-15));
#3129=DIRECTION('ref_axis',(1.,7.35674736992794E-15,1.63740415270946E-16));
#3130=DIRECTION('',(1.,7.35674736992794E-15,1.63740415270946E-16));
#3131=DIRECTION('',(0.,0.,-1.));
#3132=DIRECTION('',(-1.,-7.33184380406635E-15,0.));
#3133=DIRECTION('center_axis',(7.35674736992794E-15,-1.,-1.66533453693773E-15));
#3134=DIRECTION('ref_axis',(1.,7.35479257421594E-15,-6.09879443649514E-15));
#3135=DIRECTION('',(1.,7.35674736992794E-15,1.63740415270946E-16));
#3136=DIRECTION('center_axis',(7.35674736992794E-15,-1.,-1.66533453693773E-15));
#3137=DIRECTION('ref_axis',(1.,7.35674736992794E-15,1.63740415270946E-16));
#3138=DIRECTION('center_axis',(7.35674736992794E-15,-1.,-1.66533453693773E-15));
#3139=DIRECTION('ref_axis',(1.,7.35479257421594E-15,-6.09879443649514E-15));
#3140=DIRECTION('center_axis',(-0.320874659854629,-0.947121667296856,0.));
#3141=DIRECTION('ref_axis',(0.719750153812408,-0.243843630400746,0.65));
#3142=DIRECTION('',(0.320874659854629,0.947121667296856,0.));
#3143=DIRECTION('center_axis',(0.,1.38777878078145E-17,-1.));
#3144=DIRECTION('ref_axis',(1.,1.42981039071308E-30,0.));
#3145=DIRECTION('center_axis',(1.63740415270934E-16,1.61409157853905E-15,
-1.));
#3146=DIRECTION('ref_axis',(1.,1.42981039071308E-30,0.));
#3147=DIRECTION('',(0.,1.38777878078145E-17,-1.));
#3148=DIRECTION('center_axis',(0.,0.,-1.));
#3149=DIRECTION('ref_axis',(-1.,0.,0.));
#3150=DIRECTION('',(0.13752860351748,0.990497795663641,0.));
#3151=DIRECTION('',(1.,0.,0.));
#3152=DIRECTION('center_axis',(0.,0.,-1.));
#3153=DIRECTION('ref_axis',(-1.,0.,0.));
#3154=DIRECTION('center_axis',(1.63740415270934E-16,1.61409157853905E-15,
-1.));
#3155=DIRECTION('ref_axis',(-1.,0.,0.));
#3156=DIRECTION('center_axis',(0.,-1.66533453693773E-15,1.));
#3157=DIRECTION('ref_axis',(-1.,-1.85040437908524E-30,0.));
#3158=DIRECTION('center_axis',(1.63740415270934E-16,1.61409157853905E-15,
-1.));
#3159=DIRECTION('ref_axis',(-1.,-1.57772181044202E-30,-1.63740415270934E-16));
#3160=DIRECTION('',(0.,1.66533453693773E-15,-1.));
#3161=DIRECTION('center_axis',(1.63740415270934E-16,1.61409157853905E-15,
-1.));
#3162=DIRECTION('ref_axis',(-1.,-1.57772181044202E-30,-1.63740415270934E-16));
#3163=DIRECTION('center_axis',(0.,-1.66533453693773E-15,1.));
#3164=DIRECTION('ref_axis',(-1.,-1.85040437908524E-30,0.));
#3165=DIRECTION('center_axis',(1.63740415270934E-16,1.61409157853905E-15,
-1.));
#3166=DIRECTION('ref_axis',(-1.,-1.57772181044202E-30,-1.63740415270934E-16));
#3167=DIRECTION('',(0.,1.66533453693773E-15,-1.));
#3168=DIRECTION('center_axis',(1.63740415270934E-16,1.61409157853905E-15,
-1.));
#3169=DIRECTION('ref_axis',(-1.,-1.57772181044202E-30,-1.63740415270934E-16));
#3170=DIRECTION('center_axis',(0.,-1.66533453693773E-15,1.));
#3171=DIRECTION('ref_axis',(-1.,-1.85040437908524E-30,0.));
#3172=DIRECTION('center_axis',(1.63740415270934E-16,1.61409157853905E-15,
-1.));
#3173=DIRECTION('ref_axis',(-1.,-1.57772181044202E-30,-1.63740415270934E-16));
#3174=DIRECTION('',(0.,1.66533453693773E-15,-1.));
#3175=DIRECTION('center_axis',(1.63740415270934E-16,1.61409157853905E-15,
-1.));
#3176=DIRECTION('ref_axis',(-1.,-1.57772181044202E-30,-1.63740415270934E-16));
#3177=DIRECTION('center_axis',(0.,-1.66533453693773E-15,1.));
#3178=DIRECTION('ref_axis',(-1.,-1.85040437908524E-30,0.));
#3179=DIRECTION('center_axis',(1.63740415270934E-16,1.61409157853905E-15,
-1.));
#3180=DIRECTION('ref_axis',(-1.,-1.57772181044202E-30,-1.63740415270934E-16));
#3181=DIRECTION('',(0.,1.66533453693773E-15,-1.));
#3182=DIRECTION('center_axis',(1.63740415270934E-16,1.61409157853905E-15,
-1.));
#3183=DIRECTION('ref_axis',(-1.,-1.57772181044202E-30,-1.63740415270934E-16));
#3184=DIRECTION('center_axis',(0.,-1.66533453693773E-15,1.));
#3185=DIRECTION('ref_axis',(-1.,-1.85040437908524E-30,0.));
#3186=DIRECTION('center_axis',(1.63740415270935E-16,1.61409157853905E-15,
-1.));
#3187=DIRECTION('ref_axis',(-1.,-1.57772181044202E-30,-1.63740415270935E-16));
#3188=DIRECTION('',(0.,1.66533453693773E-15,-1.));
#3189=DIRECTION('center_axis',(1.63740415270935E-16,1.61409157853905E-15,
-1.));
#3190=DIRECTION('ref_axis',(-1.,-1.57772181044202E-30,-1.63740415270935E-16));
#3191=DIRECTION('center_axis',(-0.990497795656752,0.137528603567098,2.29031133337106E-16));
#3192=DIRECTION('ref_axis',(-0.137528603567098,-0.990497795656752,-1.62127314119076E-15));
#3193=DIRECTION('',(-0.137528603567098,-0.990497795656752,-1.62127314119076E-15));
#3194=DIRECTION('',(0.,-1.66533453693773E-15,1.));
#3195=DIRECTION('center_axis',(-1.85040437908524E-30,1.,1.66533453693773E-15));
#3196=DIRECTION('ref_axis',(-1.,-1.57772181044202E-30,-1.63740415270934E-16));
#3197=DIRECTION('',(-1.,-1.57772181044202E-30,-1.63740415270934E-16));
#3198=DIRECTION('center_axis',(0.992259880742851,0.12417861759652,2.06798940632669E-16));
#3199=DIRECTION('ref_axis',(-0.12417861759652,0.992259880742851,1.58126525881617E-15));
#3200=DIRECTION('',(-0.12417861759652,0.992259880742851,1.58126525881617E-15));
#3201=DIRECTION('center_axis',(-1.63740415270934E-16,-1.61409157853905E-15,
1.));
#3202=DIRECTION('ref_axis',(-1.,-1.57772181044202E-30,-1.63740415270934E-16));
#3203=DIRECTION('center_axis',(-1.63740415270934E-16,-1.61409157853905E-15,
1.));
#3204=DIRECTION('ref_axis',(-1.,-1.57772181044202E-30,-1.63740415270934E-16));
#3205=DIRECTION('',(0.,0.,1.));
#3206=DIRECTION('',(1.,0.,0.));
#3207=CARTESIAN_POINT('',(0.,0.,0.));
#3208=CARTESIAN_POINT('',(0.,0.,0.));
#3209=CARTESIAN_POINT('Ctrl Pts',(-45.3401911028107,-6.36966620736447,-68.8182561661877));
#3210=CARTESIAN_POINT('Ctrl Pts',(-45.3622537281317,-6.50056051942065,-68.812319445565));
#3211=CARTESIAN_POINT('Ctrl Pts',(-45.3269392146123,-6.90334546836015,-68.8218342217153));
#3212=CARTESIAN_POINT('Ctrl Pts',(-44.786110836081,-7.48482818757816,-68.9674885771797));
#3213=CARTESIAN_POINT('Ctrl Pts',(-43.8002044595137,-7.90287355048401,-69.2411705163042));
#3214=CARTESIAN_POINT('Ctrl Pts',(-43.0879729527307,-8.00000020382749,-69.4488738749983));
#3215=CARTESIAN_POINT('Ctrl Pts',(-42.7397976955105,-8.00000020382749,-69.5533742782243));
#3216=CARTESIAN_POINT('Ctrl Pts',(-45.03119463935,-6.39207962327611,-68.7339090383073));
#3217=CARTESIAN_POINT('Ctrl Pts',(-45.0496924594473,-6.50080484886019,-68.731378332554));
#3218=CARTESIAN_POINT('Ctrl Pts',(-45.0219286893013,-6.82714100409502,-68.733640234732));
#3219=CARTESIAN_POINT('Ctrl Pts',(-44.5576403169138,-7.36630808853285,-68.8079892926926));
#3220=CARTESIAN_POINT('Ctrl Pts',(-43.6387603019996,-7.84220352897779,-69.04223383802));
#3221=CARTESIAN_POINT('Ctrl Pts',(-42.9488830314678,-7.98187923158413,-69.2583766366276));
#3222=CARTESIAN_POINT('Ctrl Pts',(-42.6074909900153,-8.00000020382749,-69.3721284226127));
#3223=CARTESIAN_POINT('Ctrl Pts',(-44.4686053548256,-6.4182916155303,-68.359610790524));
#3224=CARTESIAN_POINT('Ctrl Pts',(-44.4805507086431,-6.50136187489585,-68.3608841771351));
#3225=CARTESIAN_POINT('Ctrl Pts',(-44.4668420275025,-6.73477365190362,-68.3536887533308));
#3226=CARTESIAN_POINT('Ctrl Pts',(-44.1412875008619,-7.25451111289752,-68.3543078234276));
#3227=CARTESIAN_POINT('Ctrl Pts',(-43.3342608609485,-7.85189647451004,-68.5940150899695));
#3228=CARTESIAN_POINT('Ctrl Pts',(-42.6760271962044,-8.05889666675904,-68.863249725004));
#3229=CARTESIAN_POINT('Ctrl Pts',(-42.3429298109956,-8.10246246485104,-69.009708263532));
#3230=CARTESIAN_POINT('Ctrl Pts',(-44.1542585537661,-6.38899880091016,-67.4860121704133));
#3231=CARTESIAN_POINT('Ctrl Pts',(-44.1642865898209,-6.50161838960332,-67.4835930221138));
#3232=CARTESIAN_POINT('Ctrl Pts',(-44.1549544974504,-6.82319786250065,-67.4817913382157));
#3233=CARTESIAN_POINT('Ctrl Pts',(-43.8684507696148,-7.49288598026576,-67.5759450354967));
#3234=CARTESIAN_POINT('Ctrl Pts',(-43.0726072521681,-8.21500122886644,-67.9974900594451));
#3235=CARTESIAN_POINT('Ctrl Pts',(-42.3970974367637,-8.4519368280419,-68.3990502205316));
#3236=CARTESIAN_POINT('Ctrl Pts',(-42.0513109891686,-8.49702670030215,-68.6102220645776));
#3237=CARTESIAN_POINT('Ctrl Pts',(-44.3309804018672,-6.31978011914103,-66.6813496234992));
#3238=CARTESIAN_POINT('Ctrl Pts',(-44.346058966752,-6.50149333580609,-66.6712740591518));
#3239=CARTESIAN_POINT('Ctrl Pts',(-44.3261984372987,-7.04584775127449,-66.684107795329));
#3240=CARTESIAN_POINT('Ctrl Pts',(-43.9304301252469,-7.9533369962475,-66.9512021772492));
#3241=CARTESIAN_POINT('Ctrl Pts',(-43.0138912851745,-8.74590797753936,-67.5908969150887));
#3242=CARTESIAN_POINT('Ctrl Pts',(-42.2681862292168,-8.96935819384097,-68.118763272904));
#3243=CARTESIAN_POINT('Ctrl Pts',(-41.8891630624475,-8.99522542305933,-68.3880969681647));
#3244=CARTESIAN_POINT('Ctrl Pts',(-44.6471992511916,-6.26617244575562,-66.3038587139316));
#3245=CARTESIAN_POINT('Ctrl Pts',(-44.6678738227033,-6.50120745323101,-66.2887631582728));
#3246=CARTESIAN_POINT('Ctrl Pts',(-44.6362843307471,-7.21950744355373,-66.311802718499));
#3247=CARTESIAN_POINT('Ctrl Pts',(-44.1191913064258,-8.29726163353183,-66.6892401638986));
#3248=CARTESIAN_POINT('Ctrl Pts',(-43.0763174686543,-9.11897835695109,-67.4506010921425));
#3249=CARTESIAN_POINT('Ctrl Pts',(-42.2642392130265,-9.32305170799313,-68.0433595939649));
#3250=CARTESIAN_POINT('Ctrl Pts',(-41.8553925157923,-9.33170059738518,-68.3418349771334));
#3251=CARTESIAN_POINT('Ctrl Pts',(-44.8404909454444,-6.23933221090145,-66.1627587302664));
#3252=CARTESIAN_POINT('Ctrl Pts',(-44.864205577178,-6.5011208350135,-66.1454474114165));
#3253=CARTESIAN_POINT('Ctrl Pts',(-44.8263701894053,-7.30669073289269,-66.1730666664359));
#3254=CARTESIAN_POINT('Ctrl Pts',(-44.2432609597932,-8.4696561713287,-66.5987274952229));
#3255=CARTESIAN_POINT('Ctrl Pts',(-43.1299972156827,-9.3057468971405,-67.4113930198141));
#3256=CARTESIAN_POINT('Ctrl Pts',(-42.2809335326835,-9.50000020382748,-68.031196536282));
#3257=CARTESIAN_POINT('Ctrl Pts',(-41.8553925157923,-9.50000020382749,-68.3418349771334));
#3258=CARTESIAN_POINT('',(-45.3401911035911,-6.36966620711207,-68.8182561634399));
#3259=CARTESIAN_POINT('',(-42.8918267923561,-9.30594381661417,-67.5852537900393));
#3260=CARTESIAN_POINT('Ctrl Pts',(-45.3401911132382,-6.36966626922925,-68.8182561633818));
#3261=CARTESIAN_POINT('Ctrl Pts',(-45.3387279751189,-6.37135760164611,-68.8177136860268));
#3262=CARTESIAN_POINT('Ctrl Pts',(-45.3372625759318,-6.37304673590347,-68.8171704919996));
#3263=CARTESIAN_POINT('Ctrl Pts',(-44.9281631324796,-6.84327091652879,-68.6655587034658));
#3264=CARTESIAN_POINT('Ctrl Pts',(-44.3877857933899,-7.09536361198206,-68.4745117719617));
#3265=CARTESIAN_POINT('Ctrl Pts',(-43.6118379860888,-7.6917934436171,-68.1179022249316));
#3266=CARTESIAN_POINT('Ctrl Pts',(-43.3587918146489,-7.92030594073553,-67.988369748741));
#3267=CARTESIAN_POINT('Ctrl Pts',(-43.0303903646205,-8.41478443675898,-67.7815727955043));
#3268=CARTESIAN_POINT('Ctrl Pts',(-42.9567564901605,-8.60919292670923,-67.7200427436259));
#3269=CARTESIAN_POINT('Ctrl Pts',(-42.8787592232959,-8.95071362122775,-67.6341131494318));
#3270=CARTESIAN_POINT('Ctrl Pts',(-42.8686454772448,-9.12799721428645,-67.6021757959029));
#3271=CARTESIAN_POINT('Ctrl Pts',(-42.8918268019835,-9.30594381141299,-67.5852537830114));
#3272=CARTESIAN_POINT('',(-42.7397976955105,-8.00000020382749,-69.5533742782243));
#3273=CARTESIAN_POINT('Ctrl Pts',(-42.7397976955105,-8.00000020382749,-69.5533742782243));
#3274=CARTESIAN_POINT('Ctrl Pts',(-43.0879729527307,-8.00000020382749,-69.4488738749983));
#3275=CARTESIAN_POINT('Ctrl Pts',(-43.8002044595137,-7.90287355048401,-69.2411705163042));
#3276=CARTESIAN_POINT('Ctrl Pts',(-44.786110836081,-7.48482818757816,-68.9674885771797));
#3277=CARTESIAN_POINT('Ctrl Pts',(-45.3269392146123,-6.90334546836015,-68.8218342217153));
#3278=CARTESIAN_POINT('Ctrl Pts',(-45.3622537281317,-6.50056051942065,-68.812319445565));
#3279=CARTESIAN_POINT('Ctrl Pts',(-45.3401911028107,-6.36966620736447,-68.8182561661877));
#3280=CARTESIAN_POINT('',(-41.8553925157923,-9.50000020382749,-68.3418349771334));
#3281=CARTESIAN_POINT('Origin',(-42.7397976955105,-9.50000020382749,-69.5533742782243));
#3282=CARTESIAN_POINT('Ctrl Pts',(-42.8916908503406,-9.30540054603822,-67.5853530256337));
#3283=CARTESIAN_POINT('Ctrl Pts',(-42.5565578289814,-9.43394817147129,-67.8299950110137));
#3284=CARTESIAN_POINT('Ctrl Pts',(-42.2063183227134,-9.50000020382748,-68.0856644995779));
#3285=CARTESIAN_POINT('Ctrl Pts',(-41.8553925157923,-9.50000020382749,-68.3418349771334));
#3286=CARTESIAN_POINT('Origin',(-38.2061849729022,-9.50000020382749,-72.8628423005171));
#3287=CARTESIAN_POINT('',(-35.8438401413073,-9.50000020382749,-72.730176365114));
#3288=CARTESIAN_POINT('',(-36.7282453210255,-8.00000020382749,-73.9417156662048));
#3289=CARTESIAN_POINT('Origin',(-36.7282453210255,-9.50000020382749,-73.9417156662048));
#3290=CARTESIAN_POINT('',(-37.321779793184,-9.50000020382749,-71.6513029994263));
#3291=CARTESIAN_POINT('',(-38.2061849729022,-8.00000020382749,-72.8628423005171));
#3292=CARTESIAN_POINT('Origin',(-34.2813909904718,-9.50000020382749,-70.5897902665202));
#3293=CARTESIAN_POINT('',(-34.4384426840918,-9.50000020382749,-73.2351323550848));
#3294=CARTESIAN_POINT('',(-34.5273398691597,-8.00000020382749,-74.7324958014421));
#3295=CARTESIAN_POINT('Origin',(-34.5273398691597,-9.50000020382749,-74.7324958014421));
#3296=CARTESIAN_POINT('Origin',(-34.2813909904718,-9.50000020382749,-70.5897902665202));
#3297=CARTESIAN_POINT('Origin',(-34.2813909904718,-8.00000020382749,-70.5897902665202));
#3298=CARTESIAN_POINT('Ctrl Pts',(-34.5273398691597,-8.00000020382749,-74.7324958014421));
#3299=CARTESIAN_POINT('Ctrl Pts',(-34.4863504965304,-8.00000020382749,-74.7373628093195));
#3300=CARTESIAN_POINT('Ctrl Pts',(-34.4452887522255,-7.99831714787498,-74.7397902665202));
#3301=CARTESIAN_POINT('Ctrl Pts',(-34.4043654298157,-7.99495080075972,-74.7397902665202));
#3302=CARTESIAN_POINT('Ctrl Pts',(-34.500741893585,-8.00000020382749,-74.2844857059344));
#3303=CARTESIAN_POINT('Ctrl Pts',(-34.4687628911303,-7.99925077593577,-74.2883518369725));
#3304=CARTESIAN_POINT('Ctrl Pts',(-34.4363262544289,-7.99756049920985,-74.2905190586668));
#3305=CARTESIAN_POINT('Ctrl Pts',(-34.4043654298157,-7.99495080075972,-74.2909913160074));
#3306=CARTESIAN_POINT('Ctrl Pts',(-34.4546912302692,-8.37655094445117,-73.5088190762548));
#3307=CARTESIAN_POINT('Ctrl Pts',(-34.4275036117602,-8.37539491750075,-73.5110257480109));
#3308=CARTESIAN_POINT('Ctrl Pts',(-34.4006605891593,-8.3732980635892,-73.5127351203173));
#3309=CARTESIAN_POINT('Ctrl Pts',(-34.3734946856739,-8.37023397040682,-73.5139588945536));
#3310=CARTESIAN_POINT('Ctrl Pts',(-34.4384426840918,-9.16340099094287,-73.2351323550848));
#3311=CARTESIAN_POINT('Ctrl Pts',(-34.3952600883133,-9.16305766925526,-73.2376899042032));
#3312=CARTESIAN_POINT('Ctrl Pts',(-34.3520949646428,-9.16007282072653,-73.239241237954));
#3313=CARTESIAN_POINT('Ctrl Pts',(-34.3089863901305,-9.15443526820609,-73.2397902665202));
#3314=CARTESIAN_POINT('Ctrl Pts',(-34.4384426840918,-9.50000020382749,-73.2351323550848));
#3315=CARTESIAN_POINT('Ctrl Pts',(-34.3860948106135,-9.50000020382749,-73.2382402034885));
#3316=CARTESIAN_POINT('Ctrl Pts',(-34.3336545106578,-9.49663409192247,-73.2397902665202));
#3317=CARTESIAN_POINT('Ctrl Pts',(-34.2813909904718,-9.48990139769195,-73.2397902665202));
#3318=CARTESIAN_POINT('',(-34.2813909904718,-9.48990139769195,-73.2397902665202));
#3319=CARTESIAN_POINT('',(-34.4043654298157,-7.99495080075972,-74.7397902665202));
#3320=CARTESIAN_POINT('Origin',(-34.2813909904717,-9.48990139769195,-74.7397902665202));
#3321=CARTESIAN_POINT('Ctrl Pts',(-34.4384426840918,-9.50000020382749,-73.2351323550848));
#3322=CARTESIAN_POINT('Ctrl Pts',(-34.3860948106135,-9.50000020382749,-73.2382402034885));
#3323=CARTESIAN_POINT('Ctrl Pts',(-34.3336545106578,-9.49663409192247,-73.2397902665202));
#3324=CARTESIAN_POINT('Ctrl Pts',(-34.2813909904718,-9.48990139769195,-73.2397902665202));
#3325=CARTESIAN_POINT('Ctrl Pts',(-34.4043654298157,-7.99495080075972,-74.7397902665202));
#3326=CARTESIAN_POINT('Ctrl Pts',(-34.4452887522255,-7.99831714787498,-74.7397902665202));
#3327=CARTESIAN_POINT('Ctrl Pts',(-34.4863504965304,-8.00000020382749,-74.7373628093195));
#3328=CARTESIAN_POINT('Ctrl Pts',(-34.5273398691597,-8.00000020382749,-74.7324958014421));
#3329=CARTESIAN_POINT('Origin',(-34.5273398691597,-6.50000020382749,-74.7397902665202));
#3330=CARTESIAN_POINT('',(-33.9403141888088,-9.44200646667068,-73.2397902665202));
#3331=CARTESIAN_POINT('',(-33.1066573682144,-6.98131219360943,-74.7397902665202));
#3332=CARTESIAN_POINT('Ctrl Pts',(-33.9403141888088,-9.44200646667068,-73.2397902665202));
#3333=CARTESIAN_POINT('Ctrl Pts',(-33.8789764092721,-9.26095652009835,-73.2397902665202));
#3334=CARTESIAN_POINT('Ctrl Pts',(-33.8127184854173,-9.06538384589161,-73.2689717587173));
#3335=CARTESIAN_POINT('Ctrl Pts',(-33.6846848953442,-8.68746872054333,-73.3816619628054));
#3336=CARTESIAN_POINT('Ctrl Pts',(-33.6228705693623,-8.50501215786765,-73.4647436327574));
#3337=CARTESIAN_POINT('Ctrl Pts',(-33.4027717055191,-7.85534913060396,-73.8339211922371));
#3338=CARTESIAN_POINT('Ctrl Pts',(-33.2400280648492,-7.3749807887629,-74.3241429333988));
#3339=CARTESIAN_POINT('Ctrl Pts',(-33.1066573682144,-6.98131219360943,-74.7397902665202));
#3340=CARTESIAN_POINT('Origin',(-34.5273398691597,-6.50000020382749,-73.2397902665202));
#3341=CARTESIAN_POINT('Origin',(-34.5273398691597,-6.50000020382749,-74.7397902665202));
#3342=CARTESIAN_POINT('Origin',(-35.1457242956577,-13.0000002038275,-73.2397902665202));
#3343=CARTESIAN_POINT('',(-34.2813909904718,-10.4487585399371,-73.2397902665202));
#3344=CARTESIAN_POINT('',(-32.9402448226856,-6.49011439178928,-73.2397902665202));
#3345=CARTESIAN_POINT('',(-34.2813909904718,-13.0000002038275,-73.2397902665202));
#3346=CARTESIAN_POINT('Origin',(-34.2813909904718,-13.0000002038275,-70.5897902665202));
#3347=CARTESIAN_POINT('',(-35.1457242956576,-13.0000002038275,-73.0948706918851));
#3348=CARTESIAN_POINT('Origin',(-34.2813909904718,-10.4487585399371,-70.5897902665202));
#3349=CARTESIAN_POINT('',(-35.8438401413073,-13.0000002038276,-72.730176365114));
#3350=CARTESIAN_POINT('Origin',(-34.2813909904718,-13.0000002038277,-70.5897902665202));
#3351=CARTESIAN_POINT('',(-35.8438401413073,-13.0000002038275,-72.730176365114));
#3352=CARTESIAN_POINT('Origin',(-35.1457242956577,-13.0000002038275,-73.2397902665202));
#3353=CARTESIAN_POINT('',(-43.3880965789134,-13.0000002038275,-67.2229844279363));
#3354=CARTESIAN_POINT('',(-40.5918823517212,-13.0000002038276,-69.2641780928087));
#3355=CARTESIAN_POINT('Origin',(-67.5769637411425,-55.1274945614832,-49.5654809606283));
#3356=CARTESIAN_POINT('Origin',(-43.5213713459068,-9.50000020382749,-69.59424500812));
#3357=CARTESIAN_POINT('',(-44.1846683822895,-9.50000020382749,-70.9671898757226));
#3358=CARTESIAN_POINT('',(-43.3002632025713,-8.00000020382749,-69.7556505746318));
#3359=CARTESIAN_POINT('Origin',(-43.3002632025713,-9.50000020382749,-69.7556505746318));
#3360=CARTESIAN_POINT('',(-35.4117450488779,-9.50000020382749,-77.3712898750823));
#3361=CARTESIAN_POINT('',(-44.405776525625,-9.50000020382749,-70.8057843092108));
#3362=CARTESIAN_POINT('',(-34.5273398691597,-8.00000020382749,-76.1597505739914));
#3363=CARTESIAN_POINT('Origin',(-34.5273398691597,-9.50000020382749,-76.1597505739914));
#3364=CARTESIAN_POINT('',(-43.5213713459068,-8.00000020382749,-69.59424500812));
#3365=CARTESIAN_POINT('Ctrl Pts',(-43.3002632025713,-8.00000020382748,-69.7556505746318));
#3366=CARTESIAN_POINT('Ctrl Pts',(-43.8354115431466,-8.00000020382748,-69.5954962705883));
#3367=CARTESIAN_POINT('Ctrl Pts',(-44.7617994637426,-7.82509587178281,-69.3291213846631));
#3368=CARTESIAN_POINT('Ctrl Pts',(-45.8205113000278,-7.18601908142578,-69.0368067061303));
#3369=CARTESIAN_POINT('Ctrl Pts',(-46.0527649955012,-6.64849705670068,-68.9734664099967));
#3370=CARTESIAN_POINT('Ctrl Pts',(-46.011652087394,-6.38485360356784,-68.9847159635011));
#3371=CARTESIAN_POINT('Ctrl Pts',(-43.5648766135617,-8.00000020382749,-70.1181422858548));
#3372=CARTESIAN_POINT('Ctrl Pts',(-44.0783033635404,-8.05743447455347,-69.9297117686836));
#3373=CARTESIAN_POINT('Ctrl Pts',(-44.9976995765151,-7.95415696752394,-69.5678541836396));
#3374=CARTESIAN_POINT('Ctrl Pts',(-46.0588758754124,-7.28543175388539,-69.1237908611614));
#3375=CARTESIAN_POINT('Ctrl Pts',(-46.2919851814793,-6.66914135047818,-69.0242522466936));
#3376=CARTESIAN_POINT('Ctrl Pts',(-46.250788972029,-6.36864800496741,-69.0418023637088));
#3377=CARTESIAN_POINT('Ctrl Pts',(-44.0230127061655,-8.37656093406435,-70.7457391093091));
#3378=CARTESIAN_POINT('Ctrl Pts',(-44.5297216791458,-8.46515593509213,-70.431975780794));
#3379=CARTESIAN_POINT('Ctrl Pts',(-45.4497559893024,-8.35342639527313,-69.8458655372621));
#3380=CARTESIAN_POINT('Ctrl Pts',(-46.5046571563458,-7.5023465353391,-69.1603245851922));
#3381=CARTESIAN_POINT('Ctrl Pts',(-46.7342097819555,-6.71644418886062,-69.0096047562591));
#3382=CARTESIAN_POINT('Ctrl Pts',(-46.6934596398027,-6.33198554773237,-69.0362403775793));
#3383=CARTESIAN_POINT('Ctrl Pts',(-44.1846683822895,-9.16340099094287,-70.9671898757226));
#3384=CARTESIAN_POINT('Ctrl Pts',(-44.7779939179463,-9.18971230250449,-70.5334874031134));
#3385=CARTESIAN_POINT('Ctrl Pts',(-45.7894804282785,-8.91120300187788,-69.7954117896104));
#3386=CARTESIAN_POINT('Ctrl Pts',(-46.8937558260201,-7.76100859375913,-68.9891345541276));
#3387=CARTESIAN_POINT('Ctrl Pts',(-47.1295100947392,-6.7728404561955,-68.8174951683498));
#3388=CARTESIAN_POINT('Ctrl Pts',(-47.0874430365803,-6.28838726572589,-68.8482087271143));
#3389=CARTESIAN_POINT('Ctrl Pts',(-44.1846683822895,-9.50000020382748,-70.9671898757226));
#3390=CARTESIAN_POINT('Ctrl Pts',(-44.8267864412147,-9.50000020382748,-70.4984535030826));
#3391=CARTESIAN_POINT('Ctrl Pts',(-45.8947348491964,-9.15019153973778,-69.718867481531));
#3392=CARTESIAN_POINT('Ctrl Pts',(-47.0376387394324,-7.87203795902387,-68.8845651031148));
#3393=CARTESIAN_POINT('Ctrl Pts',(-47.2792074925621,-6.79699390957314,-68.7082236040535));
#3394=CARTESIAN_POINT('Ctrl Pts',(-47.2359339322038,-6.26970700330819,-68.7398126419752));
#3395=CARTESIAN_POINT('',(-46.8194591105993,-8.00054929618289,-69.0438328987821));
#3396=CARTESIAN_POINT('',(-46.0116520877136,-6.38485360346492,-68.9847159622209));
#3397=CARTESIAN_POINT('Ctrl Pts',(-46.8194591110506,-8.00054929463291,-69.0438328984526));
#3398=CARTESIAN_POINT('Ctrl Pts',(-46.8085008669522,-7.86119919372492,-69.0518322492227));
#3399=CARTESIAN_POINT('Ctrl Pts',(-46.7860559548846,-7.7227484031833,-69.0571436938806));
#3400=CARTESIAN_POINT('Ctrl Pts',(-46.692330647611,-7.35039042599592,-69.0641846401537));
#3401=CARTESIAN_POINT('Ctrl Pts',(-46.5976966983507,-7.1242466813653,-69.0603558089269));
#3402=CARTESIAN_POINT('Ctrl Pts',(-46.3248890973804,-6.68631619875839,-69.0329949309731));
#3403=CARTESIAN_POINT('Ctrl Pts',(-46.1618485836182,-6.51632910033999,-69.009348897037));
#3404=CARTESIAN_POINT('Ctrl Pts',(-46.0158714676439,-6.38852996069437,-68.9854097853282));
#3405=CARTESIAN_POINT('Ctrl Pts',(-46.013763181946,-6.3866900991304,-68.985063416677));
#3406=CARTESIAN_POINT('Ctrl Pts',(-46.0116520924376,-6.38485363591072,-68.9847159621211));
#3407=CARTESIAN_POINT('Ctrl Pts',(-44.1846683822895,-9.50000020382748,-70.9671898757226));
#3408=CARTESIAN_POINT('Ctrl Pts',(-44.8267864412147,-9.50000020382748,-70.4984535030826));
#3409=CARTESIAN_POINT('Ctrl Pts',(-45.8253203478503,-9.17292840024793,-69.7695390069885));
#3410=CARTESIAN_POINT('Ctrl Pts',(-46.603908364948,-8.35352752202875,-69.201181649891));
#3411=CARTESIAN_POINT('Ctrl Pts',(-46.8178452263313,-7.99905621021729,-69.0450110096405));
#3412=CARTESIAN_POINT('Ctrl Pts',(-46.011652087394,-6.38485360356784,-68.9847159635011));
#3413=CARTESIAN_POINT('Ctrl Pts',(-46.0527649955012,-6.64849705670068,-68.9734664099967));
#3414=CARTESIAN_POINT('Ctrl Pts',(-45.8205113000278,-7.18601908142578,-69.0368067061303));
#3415=CARTESIAN_POINT('Ctrl Pts',(-44.7617994637426,-7.82509587178281,-69.3291213846631));
#3416=CARTESIAN_POINT('Ctrl Pts',(-43.8354115431466,-8.00000020382748,-69.5954962705883));
#3417=CARTESIAN_POINT('Ctrl Pts',(-43.3002632025713,-8.00000020382748,-69.7556505746318));
#3418=CARTESIAN_POINT('Ctrl Pts',(-35.4117450488779,-9.50000020382749,-77.3712898750823));
#3419=CARTESIAN_POINT('Ctrl Pts',(-34.7374436849073,-9.50000020382749,-77.863519568704));
#3420=CARTESIAN_POINT('Ctrl Pts',(-34.0496972498108,-9.27221363978934,-78.3655639588319));
#3421=CARTESIAN_POINT('Ctrl Pts',(-33.4860466821058,-8.80036665294194,-78.7770202617191));
#3422=CARTESIAN_POINT('Ctrl Pts',(-35.4117450488779,-9.05120125331466,-77.3712898750823));
#3423=CARTESIAN_POINT('Ctrl Pts',(-34.8026110840178,-9.08990875511369,-77.8139868529861));
#3424=CARTESIAN_POINT('Ctrl Pts',(-34.1662252000797,-8.91998010067147,-78.2812948531851));
#3425=CARTESIAN_POINT('Ctrl Pts',(-33.6389159133739,-8.52044509350054,-78.6654280584523));
#3426=CARTESIAN_POINT('Ctrl Pts',(-35.1897254111284,-8.2741745124891,-77.0671470196174));
#3427=CARTESIAN_POINT('Ctrl Pts',(-34.7350062764083,-8.37447839213569,-77.4829702237954));
#3428=CARTESIAN_POINT('Ctrl Pts',(-34.219628198843,-8.30720087410406,-77.9301077441164));
#3429=CARTESIAN_POINT('Ctrl Pts',(-33.7830290075549,-8.03226527898557,-78.3030159478018));
#3430=CARTESIAN_POINT('Ctrl Pts',(-34.7257999274025,-8.00000020382748,-76.4316193574087));
#3431=CARTESIAN_POINT('Ctrl Pts',(-34.3723437432889,-8.04500008500997,-76.9011575342885));
#3432=CARTESIAN_POINT('Ctrl Pts',(-33.985092816592,-7.96258389224192,-77.3866360684218));
#3433=CARTESIAN_POINT('Ctrl Pts',(-33.6594053685956,-7.72963905153698,-77.7866213602044));
#3434=CARTESIAN_POINT('Ctrl Pts',(-34.5273398691597,-8.00000020382748,-76.1597505739914));
#3435=CARTESIAN_POINT('Ctrl Pts',(-34.1901891871743,-8.00000020382748,-76.6519802676133));
#3436=CARTESIAN_POINT('Ctrl Pts',(-33.8463159696261,-7.88610692180836,-77.1540246577411));
#3437=CARTESIAN_POINT('Ctrl Pts',(-33.5644906857737,-7.65018342838472,-77.5654809606283));
#3438=CARTESIAN_POINT('',(-35.1457242956577,-9.48818242030227,-77.5654809606283));
#3439=CARTESIAN_POINT('',(-33.5644906857742,-7.65018342838515,-77.5654809606279));
#3440=CARTESIAN_POINT('Ctrl Pts',(-35.1457242956577,-9.48818242030227,-77.5654809606282));
#3441=CARTESIAN_POINT('Ctrl Pts',(-35.1457242956577,-9.36972324874018,-77.5654809606282));
#3442=CARTESIAN_POINT('Ctrl Pts',(-35.1221119168561,-9.25449548535542,-77.5654809604607));
#3443=CARTESIAN_POINT('Ctrl Pts',(-35.026229483108,-9.00297475630033,-77.5654809604607));
#3444=CARTESIAN_POINT('Ctrl Pts',(-34.9444478173991,-8.87398006837924,-77.5654809607777));
#3445=CARTESIAN_POINT('Ctrl Pts',(-34.6933407449196,-8.561095724213,-77.5654809607777));
#3446=CARTESIAN_POINT('Ctrl Pts',(-34.4896191804759,-8.38220482790446,-77.5654809606282));
#3447=CARTESIAN_POINT('Ctrl Pts',(-34.0427063532322,-8.02384973447454,-77.5654809606282));
#3448=CARTESIAN_POINT('Ctrl Pts',(-33.7931378472404,-7.84159009125491,-77.5654809606282));
#3449=CARTESIAN_POINT('Ctrl Pts',(-33.5644906857737,-7.65018342838471,-77.5654809606282));
#3450=CARTESIAN_POINT('Ctrl Pts',(-34.5273398691597,-8.00000020382748,-76.1597505739914));
#3451=CARTESIAN_POINT('Ctrl Pts',(-34.1901891871743,-8.00000020382748,-76.6519802676133));
#3452=CARTESIAN_POINT('Ctrl Pts',(-33.8463159696261,-7.88610692180836,-77.1540246577411));
#3453=CARTESIAN_POINT('Ctrl Pts',(-33.5644906857737,-7.65018342838472,-77.5654809606283));
#3454=CARTESIAN_POINT('Ctrl Pts',(-35.1457244452775,-9.48817985375425,-77.5654808514081));
#3455=CARTESIAN_POINT('Ctrl Pts',(-35.234422195353,-9.49607237020164,-77.5007328489904));
#3456=CARTESIAN_POINT('Ctrl Pts',(-35.3231995420396,-9.50000020382749,-77.4359267422627));
#3457=CARTESIAN_POINT('Ctrl Pts',(-35.4117450488779,-9.50000020382749,-77.3712898750823));
#3458=CARTESIAN_POINT('Ctrl Pts',(-42.7397976955105,-8.00000020382749,-69.5533742782243));
#3459=CARTESIAN_POINT('Ctrl Pts',(-43.6973944604702,-8.00000020382749,-69.9127703510357));
#3460=CARTESIAN_POINT('Ctrl Pts',(-44.6808529317482,-8.00000020382749,-70.2103385322407));
#3461=CARTESIAN_POINT('Ctrl Pts',(-45.6810864149599,-8.00000020382749,-70.4433294316004));
#3462=CARTESIAN_POINT('Ctrl Pts',(-42.8245943981328,-8.00000020382749,-69.3274367840408));
#3463=CARTESIAN_POINT('Ctrl Pts',(-43.7716534295711,-7.99999157007673,-69.6849616115873));
#3464=CARTESIAN_POINT('Ctrl Pts',(-44.7446209530844,-8.00000873306692,-69.9814503146913));
#3465=CARTESIAN_POINT('Ctrl Pts',(-45.7344804005792,-8.00000020382749,-70.2141082372731));
#3466=CARTESIAN_POINT('Ctrl Pts',(-42.9937990489399,-7.88090338125081,-68.8765976166522));
#3467=CARTESIAN_POINT('Ctrl Pts',(-43.9198247147018,-7.88285662538899,-69.2303670111082));
#3468=CARTESIAN_POINT('Ctrl Pts',(-44.8718960498044,-7.88483843749228,-69.5246568709061));
#3469=CARTESIAN_POINT('Ctrl Pts',(-45.8410436818022,-7.88681673649482,-69.756630446282));
#3470=CARTESIAN_POINT('Ctrl Pts',(-43.2232738114165,-7.30535490634594,-68.2651710964111));
#3471=CARTESIAN_POINT('Ctrl Pts',(-44.1218988487132,-7.31603147632418,-68.6110349416053));
#3472=CARTESIAN_POINT('Ctrl Pts',(-45.0461515440953,-7.32688079692626,-68.8995135876956));
#3473=CARTESIAN_POINT('Ctrl Pts',(-45.9875596012092,-7.33776459382698,-69.1276353704354));
#3474=CARTESIAN_POINT('Ctrl Pts',(-43.2782052309064,-6.68213838786985,-68.1188084798507));
#3475=CARTESIAN_POINT('Ctrl Pts',(-44.1721612520852,-6.70014050358634,-68.4574242504203));
#3476=CARTESIAN_POINT('Ctrl Pts',(-45.0913115515122,-6.71847603736902,-68.7387741674117));
#3477=CARTESIAN_POINT('Ctrl Pts',(-46.026517953259,-6.73704954582661,-68.9603865711126));
#3478=CARTESIAN_POINT('Ctrl Pts',(-43.2631696887427,-6.32268738742334,-68.1588700932757));
#3479=CARTESIAN_POINT('Ctrl Pts',(-44.1608360761736,-6.34299115637772,-68.4931920214724));
#3480=CARTESIAN_POINT('Ctrl Pts',(-45.0827456370708,-6.36384326689826,-68.7699996318956));
#3481=CARTESIAN_POINT('Ctrl Pts',(-46.0203803600744,-6.38505105527714,-68.9867353522302));
#3482=CARTESIAN_POINT('Origin',(-51.1024903441517,-6.50000020382749,-49.5654809606283));
#3483=CARTESIAN_POINT('Origin',(-51.1024903441517,-8.00000020382749,-49.5654809606283));
#3484=CARTESIAN_POINT('Origin',(-47.253743810738,-13.0000002038275,-68.7268117027472));
#3485=CARTESIAN_POINT('',(-47.253743810738,-13.0000002038275,-68.7268117027472));
#3486=CARTESIAN_POINT('Origin',(-73.5026914510871,-72.618389950769,-49.5654809606283));
#3487=CARTESIAN_POINT('',(-35.1457242956576,-13.0000002038275,-77.5654809606283));
#3488=CARTESIAN_POINT('',(-47.6758790841622,-13.0000002038277,-68.4186594025932));
#3489=CARTESIAN_POINT('',(-35.1457242956577,-13.0000002038275,-77.5654809606283));
#3490=CARTESIAN_POINT('Origin',(-34.5273398691597,-6.50000020382749,-74.9798568274553));
#3491=CARTESIAN_POINT('',(-34.5273398691597,-8.00000020382749,-74.9798568274553));
#3492=CARTESIAN_POINT('',(-33.1066573682144,-6.98131219360943,-77.5654809606282));
#3493=CARTESIAN_POINT('Origin',(-34.5273398691597,-6.50000020382749,-77.5654809606283));
#3494=CARTESIAN_POINT('',(-33.1066573682144,-6.98131219360943,-74.9798568274553));
#3495=CARTESIAN_POINT('Origin',(-30.7347653497136,0.0197714202489646,-77.5654809606283));
#3496=CARTESIAN_POINT('',(-30.7347653497136,0.0197714202489646,-77.5654809606283));
#3497=CARTESIAN_POINT('',(-30.1580365555126,1.72209449365466,-77.5654809606283));
#3498=CARTESIAN_POINT('',(-30.7347653497136,0.0197714202489646,-62.5654809606283));
#3499=CARTESIAN_POINT('',(-30.7347653497136,0.0197714202489646,-77.5654809606283));
#3500=CARTESIAN_POINT('',(-35.1457242956576,-13.0000002038275,-62.5654809606283));
#3501=CARTESIAN_POINT('',(-30.7347653497136,0.0197714202489646,-62.5654809606283));
#3502=CARTESIAN_POINT('',(-35.1457242956576,-13.0000002038275,-77.5654809606283));
#3503=CARTESIAN_POINT('Origin',(-41.1997340531978,-8.00000020382749,-72.3942326942823));
#3504=CARTESIAN_POINT('Origin',(6.4122742375107,14.1177416956925,-56.0654809606283));
#3505=CARTESIAN_POINT('',(-6.63845672112208,8.226271373632,-56.0654809606283));
#3506=CARTESIAN_POINT('',(7.49954265120606,1.23625856910905,-69.5654809606283));
#3507=CARTESIAN_POINT('Origin',(7.49954265120607,1.23625856910894,-56.0654809606283));
#3508=CARTESIAN_POINT('',(-4.8468420142667,-13.0000001937151,-56.0654809606283));
#3509=CARTESIAN_POINT('',(-7.03989221509082,12.9823044532602,-56.0654809606283));
#3510=CARTESIAN_POINT('',(8.60532443833483,-11.8645629512828,-69.5654809606283));
#3511=CARTESIAN_POINT('Origin',(8.60532443833483,-11.8645629512828,-56.0654809606283));
#3512=CARTESIAN_POINT('',(6.4122742375107,14.1177416956925,-69.5654809606283));
#3513=CARTESIAN_POINT('Ctrl Pts',(-4.8468420142667,-13.0000001937151,-56.0654809606283));
#3514=CARTESIAN_POINT('Ctrl Pts',(-4.8468420142667,-13.0000001937151,-56.0654809606283));
#3515=CARTESIAN_POINT('Ctrl Pts',(-4.8468420142667,-13.0000001937151,-56.0654809606283));
#3516=CARTESIAN_POINT('Ctrl Pts',(-4.8468420142667,-13.0000001937151,-69.5654809606283));
#3517=CARTESIAN_POINT('Ctrl Pts',(-4.8468420142667,-13.0000001937151,-69.5654809606283));
#3518=CARTESIAN_POINT('Ctrl Pts',(-4.8468420142667,-13.0000001937151,-69.5654809606283));
#3519=CARTESIAN_POINT('Ctrl Pts',(8.60532443833483,-11.8645629512828,-69.5654809606283));
#3520=CARTESIAN_POINT('Ctrl Pts',(8.65190699944207,-12.4164528685632,-69.5654809606283));
#3521=CARTESIAN_POINT('Ctrl Pts',(8.6531253237805,-12.9703038697187,-69.5654809606283));
#3522=CARTESIAN_POINT('',(8.6531253237805,-12.9703038697187,-69.5654809606283));
#3523=CARTESIAN_POINT('Origin',(8.6531253237805,-12.9703038697187,-56.0654809606283));
#3524=CARTESIAN_POINT('Origin',(-4.8468420142667,-13.0000001937151,-69.5654809606283));
#3525=CARTESIAN_POINT('Ctrl Pts',(-4.8468420142667,-13.0000001937151,-56.0654809606283));
#3526=CARTESIAN_POINT('Ctrl Pts',(-4.8468420142667,-13.0000001937151,-56.0654809606283));
#3527=CARTESIAN_POINT('Ctrl Pts',(-4.8468420142667,-13.0000001937151,-56.0654809606283));
#3528=CARTESIAN_POINT('Ctrl Pts',(-4.8468420142667,-13.0000001937151,-69.5654809606283));
#3529=CARTESIAN_POINT('Ctrl Pts',(-4.8468420142667,-13.0000001937151,-69.5654809606283));
#3530=CARTESIAN_POINT('Ctrl Pts',(-4.8468420142667,-13.0000001937151,-69.5654809606283));
#3531=CARTESIAN_POINT('Ctrl Pts',(8.6531253237805,-12.9703038697187,-69.5654809606283));
#3532=CARTESIAN_POINT('Ctrl Pts',(8.65315798574921,-12.9851520209852,-69.5654809606283));
#3533=CARTESIAN_POINT('Ctrl Pts',(8.6531579857333,-13.0000002081754,-69.5654809606283));
#3534=CARTESIAN_POINT('',(8.62691375344627,-13.0000002068317,-69.5654554509846));
#3535=CARTESIAN_POINT('Origin',(8.6531579857333,-13.000000193715,-56.0654809606283));
#3536=CARTESIAN_POINT('Ctrl Pts',(8.6531253237805,-12.9703038697187,-69.5654809606283));
#3537=CARTESIAN_POINT('Ctrl Pts',(8.64441316920109,-12.9801742858077,-69.5654809606283));
#3538=CARTESIAN_POINT('Ctrl Pts',(8.63567573166878,-12.9900733461618,-69.5654724844522));
#3539=CARTESIAN_POINT('Ctrl Pts',(8.62691375493687,-13.0000002081473,-69.5654554509875));
#3540=CARTESIAN_POINT('Origin',(-21.6865435304069,0.749756143197151,-69.5654809606283));
#3541=CARTESIAN_POINT('',(11.2543779059605,-10.0232205615987,-69.5654809606283));
#3542=CARTESIAN_POINT('',(6.05731917673349,-15.911216651309,-69.5654809606283));
#3543=CARTESIAN_POINT('',(9.99999919533729,-2.73399258787776E-8,-69.5654809606283));
#3544=CARTESIAN_POINT('',(9.9999991953373,-2.73399258787776E-8,-69.5654809606283));
#3545=CARTESIAN_POINT('',(-19.3267137313839,14.4995124902219,-69.5654809606283));
#3546=CARTESIAN_POINT('Origin',(-6.20000000000002,-3.27836451084959,-80.5654809606283));
#3547=CARTESIAN_POINT('',(-4.35000000000002,-3.27836451084959,-79.5654809606283));
#3548=CARTESIAN_POINT('Origin',(-6.20000000000002,-3.27836451084959,-79.5654809606283));
#3549=CARTESIAN_POINT('',(-4.35000000000002,-3.27836451084959,-68.5654809606283));
#3550=CARTESIAN_POINT('',(-4.35000000000002,-3.27836451084959,-80.5654809606283));
#3551=CARTESIAN_POINT('Origin',(-6.20000000000002,-3.27836451084959,-68.5654809606283));
#3552=CARTESIAN_POINT('Origin',(-6.20000000000002,-3.27836451084959,-68.5654809606283));
#3553=CARTESIAN_POINT('Origin',(-25.1449991608748,14.0084170234046,-17.0843412899354));
#3554=CARTESIAN_POINT('',(-6.63845672112208,8.22627137363204,-29.6563252032886));
#3555=CARTESIAN_POINT('',(-4.8468420142667,-13.0000001937151,-29.6563252032887));
#3556=CARTESIAN_POINT('',(-7.14692750028659,14.2504119443187,-29.6563252032885));
#3557=CARTESIAN_POINT('',(-19.3267137313841,14.4995124902219,-21.1728350634689));
#3558=CARTESIAN_POINT('',(0.150583172787534,4.8696807741354,-34.1955422882076));
#3559=CARTESIAN_POINT('',(-20.2131188730105,12.7066695174833,-20.4487825959958));
#3560=CARTESIAN_POINT('',(-16.950631503677,19.3053762251475,-23.1137175325551));
#3561=CARTESIAN_POINT('',(-14.4827483982917,9.87349900034839,-24.2801631694246));
#3562=CARTESIAN_POINT('',(-17.3242384010493,11.2783690233359,-22.3803157434705));
#3563=CARTESIAN_POINT('',(-12.0328397098697,5.9292444603234,-25.7572445382872));
#3564=CARTESIAN_POINT('Origin',(-16.4328397098697,5.92924446032337,-22.6872477409836));
#3565=CARTESIAN_POINT('',(-12.0328397098697,-13.0000002038273,-24.6424638592995));
#3566=CARTESIAN_POINT('',(-12.0328397098697,-0.0150117813079286,-25.4071755246159));
#3567=CARTESIAN_POINT('',(-20.2473482379948,-13.0000002038274,-18.910983206398));
#3568=CARTESIAN_POINT('Origin',(-7.03989221509082,12.9823044532602,-62.5654809606283));
#3569=CARTESIAN_POINT('',(-6.63845672112208,8.22627137363198,-70.0654809606283));
#3570=CARTESIAN_POINT('',(-4.8468420142667,-13.0000001937151,-62.5654809606283));
#3571=CARTESIAN_POINT('Origin',(-8.53070732462928,-13.0000002038273,-30.2995288779539));
#3572=CARTESIAN_POINT('',(-9.68070732462928,-13.0000002038273,-30.2995288779539));
#3573=CARTESIAN_POINT('Origin',(-8.53070732462928,-13.0000002038277,-30.2995288779539));
#3574=CARTESIAN_POINT('',(-9.68070732462928,-4.00000020382728,-30.2995288779539));
#3575=CARTESIAN_POINT('',(-9.68070732462928,-13.0000002038273,-30.2995288779539));
#3576=CARTESIAN_POINT('Origin',(-8.53070732462928,-4.00000020382728,-30.2995288779539));
#3577=CARTESIAN_POINT('Origin',(-8.53070732462928,-4.00000020382728,-54.0435557471309));
#3578=CARTESIAN_POINT('',(-9.68070732462928,-4.00000020382728,-54.0435557471309));
#3579=CARTESIAN_POINT('Origin',(-8.53070732462928,-4.00000020382728,-54.0435557471309));
#3580=CARTESIAN_POINT('Origin',(-32.0000004768372,15.4995124902218,-74.0000011026859));
#3581=CARTESIAN_POINT('',(-30.8500004768372,14.4995124902218,-74.0000011026859));
#3582=CARTESIAN_POINT('Origin',(-32.0000004768372,14.4995124902218,-74.0000011026859));
#3583=CARTESIAN_POINT('',(-30.8500004768372,6.49951249022179,-74.0000011026859));
#3584=CARTESIAN_POINT('',(-30.8500004768372,15.4995124902218,-74.0000011026859));
#3585=CARTESIAN_POINT('Origin',(-32.0000004768372,6.49951249022179,-74.0000011026859));
#3586=CARTESIAN_POINT('Origin',(-32.0000004768372,6.49951249022179,-74.0000011026859));
#3587=CARTESIAN_POINT('Origin',(-8.53070732462928,-13.0000002038273,-54.0435557471309));
#3588=CARTESIAN_POINT('',(-9.68070732462928,-13.0000002038273,-54.0435557471309));
#3589=CARTESIAN_POINT('Origin',(-8.53070732462928,-13.0000002038277,-54.0435557471309));
#3590=CARTESIAN_POINT('',(-9.68070732462928,-13.0000002038273,-54.0435557471309));
#3591=CARTESIAN_POINT('Origin',(0.,-13.0000002038273,-74.0000011026859));
#3592=CARTESIAN_POINT('',(-1.15,-13.0000002038273,-74.0000011026859));
#3593=CARTESIAN_POINT('Origin',(0.,-13.0000002038277,-74.0000011026859));
#3594=CARTESIAN_POINT('',(-1.15,-4.00000020382728,-74.0000011026859));
#3595=CARTESIAN_POINT('',(-1.15,-13.0000002038273,-74.0000011026859));
#3596=CARTESIAN_POINT('Origin',(0.,-4.00000020382728,-74.0000011026859));
#3597=CARTESIAN_POINT('Origin',(0.,-4.00000020382728,-74.0000011026859));
#3598=CARTESIAN_POINT('Origin',(-8.53070732462928,-4.00000020382728,-54.0435557471309));
#3599=CARTESIAN_POINT('Origin',(-49.0000007301569,-13.0000002038273,-74.0000011026859));
#3600=CARTESIAN_POINT('',(-50.1500007301569,-13.0000002038273,-74.0000011026859));
#3601=CARTESIAN_POINT('Origin',(-49.0000007301569,-13.0000002038277,-74.0000011026859));
#3602=CARTESIAN_POINT('',(-50.1500007301569,-4.00000020382728,-74.0000011026859));
#3603=CARTESIAN_POINT('',(-50.1500007301569,-13.0000002038273,-74.0000011026859));
#3604=CARTESIAN_POINT('Origin',(-49.0000007301569,-4.00000020382728,-74.0000011026859));
#3605=CARTESIAN_POINT('Origin',(-49.0000007301569,-4.00000020382728,-74.0000011026859));
#3606=CARTESIAN_POINT('Origin',(-16.4328397098697,5.92924446032356,-39.8340700213402));
#3607=CARTESIAN_POINT('',(-14.4827483982917,9.87349900034863,-46.5563299410265));
#3608=CARTESIAN_POINT('',(-14.4827483982917,9.87349900034856,-39.8340700213401));
#3609=CARTESIAN_POINT('',(-12.0328397098697,5.92924446032371,-54.9545116699586));
#3610=CARTESIAN_POINT('Origin',(-16.4328397098697,5.92924446032356,-39.8715007063528));
#3611=CARTESIAN_POINT('',(-12.0328397098697,5.92924446032355,-39.8340700213402));
#3612=CARTESIAN_POINT('Origin',(-16.4871383997835,10.8644957748362,-39.8340700213401));
#3613=CARTESIAN_POINT('',(-20.2131188729083,12.7066695174327,-63.9746307743864));
#3614=CARTESIAN_POINT('',(-20.2131188730101,12.7066695174831,-73.3325226952545));
#3615=CARTESIAN_POINT('',(-13.3084808422054,9.29292567898873,-62.6935785302016));
#3616=CARTESIAN_POINT('Ctrl Pts',(-20.2131490892035,12.7066844567664,-63.9745379577059));
#3617=CARTESIAN_POINT('Ctrl Pts',(-18.9931584456363,12.1035050396967,-63.479382371579));
#3618=CARTESIAN_POINT('Ctrl Pts',(-16.7362951316547,10.9876821394873,-62.68500968532));
#3619=CARTESIAN_POINT('Ctrl Pts',(-14.359975233584,9.81279833324888,-62.575403691403));
#3620=CARTESIAN_POINT('Ctrl Pts',(-13.3084808422054,9.29292567898873,-62.6935785302016));
#3621=CARTESIAN_POINT('',(-12.2444151965191,8.76683763128672,-61.6411544799874));
#3622=CARTESIAN_POINT('Ctrl Pts',(-13.3084808422054,9.29292567898873,-62.6935785302016));
#3623=CARTESIAN_POINT('Ctrl Pts',(-13.2182902654099,9.24833427181395,-62.7037148247566));
#3624=CARTESIAN_POINT('Ctrl Pts',(-13.0722410434809,9.17612561594341,-62.6782422360812));
#3625=CARTESIAN_POINT('Ctrl Pts',(-12.8068392077664,9.04490745832918,-62.5434996990115));
#3626=CARTESIAN_POINT('Ctrl Pts',(-12.4870114938956,8.88678043085357,-62.2345404257446));
#3627=CARTESIAN_POINT('Ctrl Pts',(-12.3083756639863,8.79846052748332,-61.8731195754041));
#3628=CARTESIAN_POINT('Ctrl Pts',(-12.2444151965191,8.76683763128672,-61.6411544799874));
#3629=CARTESIAN_POINT('',(-12.1840331337941,8.73698394545067,-61.24828650703));
#3630=CARTESIAN_POINT('Ctrl Pts',(-12.2444151965185,8.76683763128636,-61.641154479985));
#3631=CARTESIAN_POINT('Ctrl Pts',(-12.2092651528395,8.74945898746803,-61.5136759989967));
#3632=CARTESIAN_POINT('Ctrl Pts',(-12.184033133794,8.73698394545061,-61.38165931516));
#3633=CARTESIAN_POINT('Ctrl Pts',(-12.184033133794,8.73698394545063,-61.2482865070353));
#3634=CARTESIAN_POINT('',(-12.184033133794,8.73698394545059,-54.4362271084414));
#3635=CARTESIAN_POINT('',(-12.1840331337941,8.73698394545064,-58.6997754909841));
#3636=CARTESIAN_POINT('',(-13.8283018157884,9.54993200397942,-48.799744708979));
#3637=CARTESIAN_POINT('Origin',(-12.6272357046072,7.84056245908132,-58.6997754909841));
#3638=CARTESIAN_POINT('',(-11.6307789303405,7.9246689214837,-56.3327587485213));
#3639=CARTESIAN_POINT('Origin',(-12.6272357046072,7.84056245908126,-52.9169477369247));
#3640=CARTESIAN_POINT('',(-11.6307789303401,7.92466892147953,-61.2482865070301));
#3641=CARTESIAN_POINT('Origin',(-12.6272357046072,7.84056245908135,-61.2482865070301));
#3642=CARTESIAN_POINT('',(-11.6307789303405,7.92466892148372,-58.6997754909841));
#3643=CARTESIAN_POINT('Origin',(-12.0328397098697,-13.0000002038273,-16.0970417377121));
#3644=CARTESIAN_POINT('',(-12.0328397098697,-13.0000002038273,-54.9545116699586));
#3645=CARTESIAN_POINT('',(-12.0328397098697,-13.0000002038273,-54.9545116699586));
#3646=CARTESIAN_POINT('',(-12.0328397098697,-13.0000002038273,-54.9545116699586));
#3647=CARTESIAN_POINT('Origin',(-12.0328397098697,-13.0000002038273,-54.9545116699586));
#3648=CARTESIAN_POINT('',(-9.86462113752945,-13.0000002038273,-62.3870717831636));
#3649=CARTESIAN_POINT('',(-9.78499435283947,-13.9433837055338,-62.6600289800899));
#3650=CARTESIAN_POINT('',(-9.86462113752945,-13.0000002038273,-62.3870717831636));
#3651=CARTESIAN_POINT('Origin',(9.99999919533728,-2.73400491135334E-8,-77.5654809606283));
#3652=CARTESIAN_POINT('',(9.99999919533728,-2.73400524442025E-8,-79.5654809606283));
#3653=CARTESIAN_POINT('',(-19.326713731384,14.4995124902218,-79.5654809606283));
#3654=CARTESIAN_POINT('',(9.99999919533728,-2.73400524442025E-8,-79.5654809606283));
#3655=CARTESIAN_POINT('',(-19.326713731384,14.4995124902218,-67.0995644298806));
#3656=CARTESIAN_POINT('',(-19.326713731384,14.4995124902218,-77.5654809606283));
#3657=CARTESIAN_POINT('',(-19.3267137313838,14.4995124902217,-73.3325226952545));
#3658=CARTESIAN_POINT('',(9.99999919533728,-2.73400491135334E-8,-77.5654809606283));
#3659=CARTESIAN_POINT('Ctrl Pts',(-12.2444151965191,8.76683763128672,-61.6411544799874));
#3660=CARTESIAN_POINT('Ctrl Pts',(-12.3083756639863,8.79846052748332,-61.8731195754041));
#3661=CARTESIAN_POINT('Ctrl Pts',(-12.4870114938956,8.88678043085357,-62.2345404257446));
#3662=CARTESIAN_POINT('Ctrl Pts',(-12.8068392077664,9.04490745832918,-62.5434996990115));
#3663=CARTESIAN_POINT('Ctrl Pts',(-13.0722410434809,9.17612561594341,-62.6782422360812));
#3664=CARTESIAN_POINT('Ctrl Pts',(-13.2182902654099,9.24833427181395,-62.7037148247566));
#3665=CARTESIAN_POINT('Ctrl Pts',(-13.3084808422054,9.29292567898873,-62.6935785302016));
#3666=CARTESIAN_POINT('Ctrl Pts',(-12.137330884714,8.7138937393704,-61.6778988092343));
#3667=CARTESIAN_POINT('Ctrl Pts',(-12.1931410006161,8.7415233366596,-61.9316514978829));
#3668=CARTESIAN_POINT('Ctrl Pts',(-12.365137701866,8.82611974600559,-62.3330999836378));
#3669=CARTESIAN_POINT('Ctrl Pts',(-12.7049970063615,8.99427939313717,-62.704127578066));
#3670=CARTESIAN_POINT('Ctrl Pts',(-13.0152654751199,9.14786221339085,-62.8845498771525));
#3671=CARTESIAN_POINT('Ctrl Pts',(-13.2033610616119,9.24086809009933,-62.9287448993948));
#3672=CARTESIAN_POINT('Ctrl Pts',(-13.3287964389327,9.30296997716104,-62.918529054675));
#3673=CARTESIAN_POINT('Ctrl Pts',(-11.944206993256,8.56550381438234,-61.7513788883842));
#3674=CARTESIAN_POINT('Ctrl Pts',(-11.9888612014717,8.57465781913579,-62.0487291320412));
#3675=CARTESIAN_POINT('Ctrl Pts',(-12.1567959316151,8.6326634339682,-62.5294168483385));
#3676=CARTESIAN_POINT('Ctrl Pts',(-12.5517104169954,8.79017432793951,-63.0246455748806));
#3677=CARTESIAN_POINT('Ctrl Pts',(-12.9634445548169,8.9648559395337,-63.2965925862394));
#3678=CARTESIAN_POINT('Ctrl Pts',(-13.2413838326623,9.08808575638569,-63.3781511583362));
#3679=CARTESIAN_POINT('Ctrl Pts',(-13.4401162717927,9.17994681237317,-63.3678277482671));
#3680=CARTESIAN_POINT('Ctrl Pts',(-11.7733755387614,8.27296134582453,-61.8383639572698));
#3681=CARTESIAN_POINT('Ctrl Pts',(-11.8277789874111,8.23850539486232,-62.1839497130827));
#3682=CARTESIAN_POINT('Ctrl Pts',(-12.0387246587677,8.22677957288943,-62.7436242505397));
#3683=CARTESIAN_POINT('Ctrl Pts',(-12.5531660094498,8.31782888156951,-63.3243350541177));
#3684=CARTESIAN_POINT('Ctrl Pts',(-13.0945754343922,8.46620816330697,-63.6404701180578));
#3685=CARTESIAN_POINT('Ctrl Pts',(-13.4599269604067,8.59032735167966,-63.7311643295668));
#3686=CARTESIAN_POINT('Ctrl Pts',(-13.7192886889393,8.69344353420819,-63.7116275007732));
#3687=CARTESIAN_POINT('Ctrl Pts',(-11.712127513216,7.96893764114561,-61.8966984337366));
#3688=CARTESIAN_POINT('Ctrl Pts',(-11.7987080791214,7.89280249626227,-62.2692572113493));
#3689=CARTESIAN_POINT('Ctrl Pts',(-12.0899293646379,7.82004478000515,-62.8573262551342));
#3690=CARTESIAN_POINT('Ctrl Pts',(-12.7241887765432,7.85795416543173,-63.4082883133168));
#3691=CARTESIAN_POINT('Ctrl Pts',(-13.3345722129029,7.97226462155372,-63.669700728048));
#3692=CARTESIAN_POINT('Ctrl Pts',(-13.7172332849712,8.07777322361739,-63.7229240549564));
#3693=CARTESIAN_POINT('Ctrl Pts',(-13.9757334008762,8.16919562290927,-63.6871554823104));
#3694=CARTESIAN_POINT('Ctrl Pts',(-11.7263520715557,7.78140959598314,-61.9183412179502));
#3695=CARTESIAN_POINT('Ctrl Pts',(-11.8432305724281,7.68471144132796,-62.2965439934944));
#3696=CARTESIAN_POINT('Ctrl Pts',(-12.1993865589349,7.58805214085069,-62.8747801952685));
#3697=CARTESIAN_POINT('Ctrl Pts',(-12.8943660131292,7.61754587677437,-63.3529899720935));
#3698=CARTESIAN_POINT('Ctrl Pts',(-13.5071795501638,7.72223180155173,-63.5394561707463));
#3699=CARTESIAN_POINT('Ctrl Pts',(-13.8632058933322,7.81535436606505,-63.5526699473996));
#3700=CARTESIAN_POINT('Ctrl Pts',(-14.0917603786003,7.8933234825301,-63.5059268405152));
#3701=CARTESIAN_POINT('Ctrl Pts',(-11.7459855261052,7.69002419174591,-61.9253858391169));
#3702=CARTESIAN_POINT('Ctrl Pts',(-11.8801690599762,7.58541556666188,-62.3035319658019));
#3703=CARTESIAN_POINT('Ctrl Pts',(-12.2709364945458,7.48287217623544,-62.8702113631968));
#3704=CARTESIAN_POINT('Ctrl Pts',(-12.9889828837447,7.51751737732922,-63.3012543316337));
#3705=CARTESIAN_POINT('Ctrl Pts',(-13.5913058617502,7.62290087980201,-63.4441914212678));
#3706=CARTESIAN_POINT('Ctrl Pts',(-13.9253361554304,7.71140217698373,-63.4360657470291));
#3707=CARTESIAN_POINT('Ctrl Pts',(-14.1329866236465,7.78234419779036,-63.3845310338633));
#3708=CARTESIAN_POINT('',(-14.1329866236465,7.78234419779039,-63.3845310338634));
#3709=CARTESIAN_POINT('Origin',(-13.7516834130186,8.39650419261941,-62.6935785302016));
#3710=CARTESIAN_POINT('',(-11.7459855261052,7.69002419174591,-61.9253858391169));
#3711=CARTESIAN_POINT('Ctrl Pts',(-11.7459855261052,7.69002419174591,-61.9253858391169));
#3712=CARTESIAN_POINT('Ctrl Pts',(-11.8801690599762,7.58541556666188,-62.3035319658019));
#3713=CARTESIAN_POINT('Ctrl Pts',(-12.2709364945458,7.48287217623544,-62.8702113631968));
#3714=CARTESIAN_POINT('Ctrl Pts',(-12.9889828837447,7.51751737732922,-63.3012543316337));
#3715=CARTESIAN_POINT('Ctrl Pts',(-13.5913058617502,7.62290087980201,-63.4441914212678));
#3716=CARTESIAN_POINT('Ctrl Pts',(-13.9253361554304,7.71140217698373,-63.4360657470291));
#3717=CARTESIAN_POINT('Ctrl Pts',(-14.1329866236465,7.78234419779036,-63.3845310338633));
#3718=CARTESIAN_POINT('Origin',(-12.6876177673323,7.8704161449174,-61.6411544799874));
#3719=CARTESIAN_POINT('Ctrl Pts',(-13.3084808422054,9.29292567898873,-62.6935785302016));
#3720=CARTESIAN_POINT('Ctrl Pts',(-14.359975233584,9.81279833324888,-62.575403691403));
#3721=CARTESIAN_POINT('Ctrl Pts',(-16.8490034961216,11.043406636996,-62.690208275089));
#3722=CARTESIAN_POINT('Ctrl Pts',(-19.2069748443081,12.209218678888,-63.5562766792926));
#3723=CARTESIAN_POINT('Ctrl Pts',(-20.527619324773,12.862162676519,-64.1035615456797));
#3724=CARTESIAN_POINT('Ctrl Pts',(-13.3287964389327,9.30296997716104,-62.918529054675));
#3725=CARTESIAN_POINT('Ctrl Pts',(-14.3631392794676,9.81439803868411,-62.8038967759385));
#3726=CARTESIAN_POINT('Ctrl Pts',(-16.8039072000892,11.0211955939649,-62.9135679632436));
#3727=CARTESIAN_POINT('Ctrl Pts',(-19.144794185745,12.1785777234176,-63.7595327177208));
#3728=CARTESIAN_POINT('Ctrl Pts',(-20.4626092825908,12.8300208567813,-64.298783391222));
#3729=CARTESIAN_POINT('Ctrl Pts',(-13.440119069653,9.17994027669754,-63.3678238914003));
#3730=CARTESIAN_POINT('Ctrl Pts',(-14.4411818436176,9.67221823665654,-63.2603144740728));
#3731=CARTESIAN_POINT('Ctrl Pts',(-16.7842773478883,10.8336996710485,-63.3598295726064));
#3732=CARTESIAN_POINT('Ctrl Pts',(-19.0841462907653,11.9887096432571,-64.1657690598264));
#3733=CARTESIAN_POINT('Ctrl Pts',(-20.3923669401685,12.6451427037492,-64.6888549156543));
#3734=CARTESIAN_POINT('Ctrl Pts',(-13.7192893240664,8.69344146947473,-63.7116240688592));
#3735=CARTESIAN_POINT('Ctrl Pts',(-14.6968669073286,9.16631910591638,-63.6057557857594));
#3736=CARTESIAN_POINT('Ctrl Pts',(-16.964886979992,10.2992656495388,-63.7024753484106));
#3737=CARTESIAN_POINT('Ctrl Pts',(-19.2086433360293,11.4800461980815,-64.5006877367509));
#3738=CARTESIAN_POINT('Ctrl Pts',(-20.4960332918817,12.156047884052,-65.0222190241817));
#3739=CARTESIAN_POINT('Ctrl Pts',(-13.9757336539172,8.16919404998911,-63.6871508142521));
#3740=CARTESIAN_POINT('Ctrl Pts',(-14.9564442673276,8.63893264248029,-63.574136780842));
#3741=CARTESIAN_POINT('Ctrl Pts',(-17.231787618572,9.77996486217712,-63.6800990430652));
#3742=CARTESIAN_POINT('Ctrl Pts',(-19.4477930551087,10.9813561215362,-64.5222139451265));
#3743=CARTESIAN_POINT('Ctrl Pts',(-20.7181828094131,11.670866508398,-65.0650042979359));
#3744=CARTESIAN_POINT('Ctrl Pts',(-14.0917603786003,7.8933234825301,-63.5059268405152));
#3745=CARTESIAN_POINT('Ctrl Pts',(-15.0856343318838,8.37013280987096,-63.3854671188582));
#3746=CARTESIAN_POINT('Ctrl Pts',(-17.4030423112228,9.53061444270699,-63.5012337078846));
#3747=CARTESIAN_POINT('Ctrl Pts',(-19.622128029393,10.7325346840361,-64.3888688673435));
#3748=CARTESIAN_POINT('Ctrl Pts',(-20.8873821494962,11.4222658382956,-64.9533076971652));
#3749=CARTESIAN_POINT('Ctrl Pts',(-14.1329866236465,7.78234419779037,-63.3845310338633));
#3750=CARTESIAN_POINT('Ctrl Pts',(-15.135436198658,8.26476979750447,-63.2601364667069));
#3751=CARTESIAN_POINT('Ctrl Pts',(-17.4809063709402,9.4371817886864,-63.3809833969028));
#3752=CARTESIAN_POINT('Ctrl Pts',(-19.7073058030578,10.6348352907068,-64.292634348696));
#3753=CARTESIAN_POINT('Ctrl Pts',(-20.9720542442299,11.3219047304302,-64.8687236817351));
#3754=CARTESIAN_POINT('',(-20.9134913501321,11.2900961978765,-64.8420965968614));
#3755=CARTESIAN_POINT('Ctrl Pts',(-20.913489246805,11.2900944474839,-64.842090132637));
#3756=CARTESIAN_POINT('Ctrl Pts',(-20.8974886499977,11.3224589425774,-64.8695192080813));
#3757=CARTESIAN_POINT('Ctrl Pts',(-20.8807413680108,11.3563807899586,-64.8943325939614));
#3758=CARTESIAN_POINT('Ctrl Pts',(-20.8633437583293,11.3916109490734,-64.9164119954791));
#3759=CARTESIAN_POINT('Ctrl Pts',(-20.8464032310105,11.4259155164168,-64.9379113112726));
#3760=CARTESIAN_POINT('Ctrl Pts',(-20.8288455484273,11.4614614478164,-64.9568186733273));
#3761=CARTESIAN_POINT('Ctrl Pts',(-20.8107664195001,11.4980384168907,-64.9729816421734));
#3762=CARTESIAN_POINT('Ctrl Pts',(-20.7945527369606,11.5308412895963,-64.9874768784662));
#3763=CARTESIAN_POINT('Ctrl Pts',(-20.7779194604596,11.5644740545374,-64.9997645381651));
#3764=CARTESIAN_POINT('Ctrl Pts',(-20.7609458935088,11.5987903877049,-65.0097008529653));
#3765=CARTESIAN_POINT('Ctrl Pts',(-20.7479186061882,11.6251283244072,-65.0173270182956));
#3766=CARTESIAN_POINT('Ctrl Pts',(-20.7347694512758,11.6517084368017,-65.0235206070005));
#3767=CARTESIAN_POINT('Ctrl Pts',(-20.7215432531394,11.6784566628162,-65.0282553966266));
#3768=CARTESIAN_POINT('Ctrl Pts',(-20.7013730771336,11.7192481601906,-65.0354760309407));
#3769=CARTESIAN_POINT('Ctrl Pts',(-20.6810228334848,11.7604303623722,-65.0393067574457));
#3770=CARTESIAN_POINT('Ctrl Pts',(-20.6606239434404,11.8016926234678,-65.0397729770295));
#3771=CARTESIAN_POINT('Ctrl Pts',(-20.640225053396,11.8429548845633,-65.0402391966133));
#3772=CARTESIAN_POINT('Ctrl Pts',(-20.6197768708239,11.8842984968395,-65.0373409292714));
#3773=CARTESIAN_POINT('Ctrl Pts',(-20.5994303292382,11.9254156528783,-65.031046631434));
#3774=CARTESIAN_POINT('Ctrl Pts',(-20.58004666597,11.964586983487,-65.0250502045092));
#3775=CARTESIAN_POINT('Ctrl Pts',(-20.5609313585744,12.0031997989213,-65.0160256355319));
#3776=CARTESIAN_POINT('Ctrl Pts',(-20.5422239501433,12.041012861854,-65.0040617287321));
#3777=CARTESIAN_POINT('Ctrl Pts',(-20.533595667697,12.0584531068963,-64.9985437026832));
#3778=CARTESIAN_POINT('Ctrl Pts',(-20.5250542995585,12.0757234566497,-64.9923997105622));
#3779=CARTESIAN_POINT('Ctrl Pts',(-20.5166144750033,12.0928010035078,-64.9856349546352));
#3780=CARTESIAN_POINT('Ctrl Pts',(-20.4982236862479,12.1300138098495,-64.9708942220025));
#3781=CARTESIAN_POINT('Ctrl Pts',(-20.4803135731944,12.1663116453326,-64.9532091520236));
#3782=CARTESIAN_POINT('Ctrl Pts',(-20.4629511794689,12.2014948074423,-64.9327896880903));
#3783=CARTESIAN_POINT('Ctrl Pts',(-20.4573264869462,12.2128926867884,-64.9261746321298));
#3784=CARTESIAN_POINT('Ctrl Pts',(-20.4517594464084,12.2241735265467,-64.9192722319414));
#3785=CARTESIAN_POINT('Ctrl Pts',(-20.4462528421994,12.2353302970444,-64.9120886092002));
#3786=CARTESIAN_POINT('Ctrl Pts',(-20.4295030215962,12.2692666210025,-64.8902376848142));
#3787=CARTESIAN_POINT('Ctrl Pts',(-20.4134376704114,12.3018042100959,-64.8659517366344));
#3788=CARTESIAN_POINT('Ctrl Pts',(-20.3981186391284,12.3327930022337,-64.8394845981105));
#3789=CARTESIAN_POINT('Ctrl Pts',(-20.3822786834383,12.3648355697619,-64.8121174432482));
#3790=CARTESIAN_POINT('Ctrl Pts',(-20.3672363834329,12.3952231142765,-64.7824178183284));
#3791=CARTESIAN_POINT('Ctrl Pts',(-20.3530825577548,12.4237862532654,-64.7506147861206));
#3792=CARTESIAN_POINT('Ctrl Pts',(-20.3404186056344,12.449342751755,-64.7221594351559));
#3793=CARTESIAN_POINT('Ctrl Pts',(-20.3284661414989,12.4734391009068,-64.6920191735029));
#3794=CARTESIAN_POINT('Ctrl Pts',(-20.3173073883064,12.4959427257248,-64.6603293311488));
#3795=CARTESIAN_POINT('Ctrl Pts',(-20.3103201220024,12.5100337999424,-64.6404861314791));
#3796=CARTESIAN_POINT('Ctrl Pts',(-20.3036655020796,12.5234581882247,-64.6200941080747));
#3797=CARTESIAN_POINT('Ctrl Pts',(-20.2973597314912,12.536190485678,-64.5991922646691));
#3798=CARTESIAN_POINT('Ctrl Pts',(-20.2862696854033,12.5585829535899,-64.5624319031179));
#3799=CARTESIAN_POINT('Ctrl Pts',(-20.2762568828935,12.5788364341272,-64.5240967162283));
#3800=CARTESIAN_POINT('Ctrl Pts',(-20.2673116277798,12.5969348370316,-64.484491688345));
#3801=CARTESIAN_POINT('Ctrl Pts',(-20.2580602925305,12.6156525136789,-64.443531493711));
#3802=CARTESIAN_POINT('Ctrl Pts',(-20.2499508389077,12.6320656833932,-64.4012122434511));
#3803=CARTESIAN_POINT('Ctrl Pts',(-20.2430029202568,12.6461254652132,-64.3578380636693));
#3804=CARTESIAN_POINT('Ctrl Pts',(-20.2420636629454,12.6480261427449,-64.3519745068928));
#3805=CARTESIAN_POINT('Ctrl Pts',(-20.241145676391,12.6498837590771,-64.3460916343283));
#3806=CARTESIAN_POINT('Ctrl Pts',(-20.2402490494545,12.6516981425699,-64.340190165982));
#3807=CARTESIAN_POINT('Ctrl Pts',(-20.233524298488,12.6653061178048,-64.2959288312507));
#3808=CARTESIAN_POINT('Ctrl Pts',(-20.2280233636791,12.6764342451742,-64.2507884690941));
#3809=CARTESIAN_POINT('Ctrl Pts',(-20.2237635665677,12.6850380401818,-64.2050797583898));
#3810=CARTESIAN_POINT('Ctrl Pts',(-20.2194966902301,12.6936561335727,-64.1592950857793));
#3811=CARTESIAN_POINT('Ctrl Pts',(-20.216475267419,12.6997419381196,-64.1129391350439));
#3812=CARTESIAN_POINT('Ctrl Pts',(-20.2147453941456,12.7032114728184,-64.0663072769773));
#3813=CARTESIAN_POINT('Ctrl Pts',(-20.2136134024722,12.7054818613203,-64.0357923971546));
#3814=CARTESIAN_POINT('Ctrl Pts',(-20.2130350439305,12.7066311207365,-64.0051590618867));
#3815=CARTESIAN_POINT('Ctrl Pts',(-20.2130293142661,12.7066252384623,-63.9744893450654));
#3816=CARTESIAN_POINT('Ctrl Pts',(-14.1329866236465,7.78234419779037,-63.3845310338633));
#3817=CARTESIAN_POINT('Ctrl Pts',(-15.135436198658,8.26476979750447,-63.2601364667069));
#3818=CARTESIAN_POINT('Ctrl Pts',(-17.4602223304051,9.42684261770227,-63.379917681878));
#3819=CARTESIAN_POINT('Ctrl Pts',(-19.6680285644919,10.6137137162227,-64.2766166636478));
#3820=CARTESIAN_POINT('Ctrl Pts',(-20.9134931188001,11.2900965502744,-64.8420918906292));
#3821=CARTESIAN_POINT('Ctrl Pts',(-11.7459855261036,7.69002419174394,-61.9253858391102));
#3822=CARTESIAN_POINT('Ctrl Pts',(-11.6738161232119,7.76614132726612,-61.7346042236927));
#3823=CARTESIAN_POINT('Ctrl Pts',(-11.6238404311388,7.84246460168299,-61.5037440968341));
#3824=CARTESIAN_POINT('Ctrl Pts',(-11.6307789303405,7.924668921484,-61.248286507035));
#3825=CARTESIAN_POINT('Ctrl Pts',(-11.7001741321546,7.90325680163097,-61.9089483897217));
#3826=CARTESIAN_POINT('Ctrl Pts',(-11.6541615538773,7.9671394863455,-61.7160777948546));
#3827=CARTESIAN_POINT('Ctrl Pts',(-11.6251956814805,8.02798498142373,-61.491158854117));
#3828=CARTESIAN_POINT('Ctrl Pts',(-11.6451810719911,8.09529922980729,-61.248286507035));
#3829=CARTESIAN_POINT('Ctrl Pts',(-11.7490253805549,8.35571580861818,-61.833796510239));
#3830=CARTESIAN_POINT('Ctrl Pts',(-11.7366058207862,8.37695189073245,-61.6536246781171));
#3831=CARTESIAN_POINT('Ctrl Pts',(-11.7333859298106,8.39721459516347,-61.4548765005256));
#3832=CARTESIAN_POINT('Ctrl Pts',(-11.7636502104922,8.42873612393316,-61.2482865070351));
#3833=CARTESIAN_POINT('Ctrl Pts',(-12.057017650859,8.67418582043259,-61.7054570561661));
#3834=CARTESIAN_POINT('Ctrl Pts',(-12.0334151567671,8.66215418542723,-61.5603068814547));
#3835=CARTESIAN_POINT('Ctrl Pts',(-12.0181337054951,8.65509744732597,-61.4060898711695));
#3836=CARTESIAN_POINT('Ctrl Pts',(-12.0305325720468,8.66109124918874,-61.2482865070353));
#3837=CARTESIAN_POINT('Ctrl Pts',(-12.2444151965185,8.76683763128636,-61.641154479985));
#3838=CARTESIAN_POINT('Ctrl Pts',(-12.2092651528395,8.74945898746803,-61.5136759989967));
#3839=CARTESIAN_POINT('Ctrl Pts',(-12.184033133794,8.73698394545061,-61.38165931516));
#3840=CARTESIAN_POINT('Ctrl Pts',(-12.184033133794,8.73698394545063,-61.2482865070353));
#3841=CARTESIAN_POINT('Ctrl Pts',(-11.6307789303405,7.924668921484,-61.248286507035));
#3842=CARTESIAN_POINT('Ctrl Pts',(-11.6238404311388,7.84246460168299,-61.5037440968341));
#3843=CARTESIAN_POINT('Ctrl Pts',(-11.6738161232119,7.76614132726612,-61.7346042236927));
#3844=CARTESIAN_POINT('Ctrl Pts',(-11.7459855261036,7.69002419174394,-61.9253858391102));
#3845=CARTESIAN_POINT('Origin',(-21.,-3.2782626425437,-49.5654809606283));
#3846=CARTESIAN_POINT('',(-20.21311887301,12.7066695174831,-65.9477305129272));
#3847=CARTESIAN_POINT('Ctrl Pts',(-20.2131188730102,12.7066695174831,-65.9477305129272));
#3848=CARTESIAN_POINT('Ctrl Pts',(-20.4542685191791,12.218920261292,-65.5982644894092));
#3849=CARTESIAN_POINT('Ctrl Pts',(-20.6890300694609,11.7440915673612,-65.2268299923299));
#3850=CARTESIAN_POINT('Ctrl Pts',(-20.9134913501724,11.2900961978882,-64.8420965968711));
#3851=CARTESIAN_POINT('Ctrl Pts',(-19.3267137313838,14.4995124902218,-67.0995644298806));
#3852=CARTESIAN_POINT('Ctrl Pts',(-19.6135097559357,13.9194388725486,-66.7679443696043));
#3853=CARTESIAN_POINT('Ctrl Pts',(-19.8993297217785,13.3413394311471,-66.3986792881297));
#3854=CARTESIAN_POINT('Ctrl Pts',(-20.1889714718057,12.7555100493419,-65.9826467742888));
#3855=CARTESIAN_POINT('Ctrl Pts',(-20.2010531294424,12.7310736895152,-65.9652157860445));
#3856=CARTESIAN_POINT('Ctrl Pts',(-20.2131188730102,12.7066695174831,-65.9477305129272));
#3857=CARTESIAN_POINT('',(-41.9507356027769,14.4995124902219,-69.5654809606283));
#3858=CARTESIAN_POINT('Ctrl Pts',(-41.950735602777,14.4995124902218,-69.5654809606283));
#3859=CARTESIAN_POINT('Ctrl Pts',(-40.8171729210987,14.4995124902218,-69.5654809606283));
#3860=CARTESIAN_POINT('Ctrl Pts',(-39.5729833836671,14.4995124902218,-69.5050369526168));
#3861=CARTESIAN_POINT('Ctrl Pts',(-37.0935916677562,14.4995124902218,-69.2738632922376));
#3862=CARTESIAN_POINT('Ctrl Pts',(-35.8582038662934,14.4995124902218,-69.1051288321377));
#3863=CARTESIAN_POINT('Ctrl Pts',(-32.5887730698817,14.4995124902218,-68.5879204626771));
#3864=CARTESIAN_POINT('Ctrl Pts',(-30.2448314014814,14.4995124902218,-68.1055438080649));
#3865=CARTESIAN_POINT('Ctrl Pts',(-26.7179671600949,14.4995124902218,-67.5146338059097));
#3866=CARTESIAN_POINT('Ctrl Pts',(-25.5393621886842,14.4995124902218,-67.3441261509498));
#3867=CARTESIAN_POINT('Ctrl Pts',(-23.2245620865374,14.4995124902218,-67.1143947005448));
#3868=CARTESIAN_POINT('Ctrl Pts',(-22.0882626336496,14.4995124902218,-67.0562232839684));
#3869=CARTESIAN_POINT('Ctrl Pts',(-21.,14.4995124902218,-67.0562232839684));
#3870=CARTESIAN_POINT('Ctrl Pts',(-20.4532339443965,14.4995124902218,-67.0562232839684));
#3871=CARTESIAN_POINT('Ctrl Pts',(-19.8943150319918,14.4995124902218,-67.070380753286));
#3872=CARTESIAN_POINT('Ctrl Pts',(-19.326713731384,14.4995124902218,-67.0995644298806));
#3873=CARTESIAN_POINT('',(-47.0240117605554,5.53839334797322,-69.5654809606283));
#3874=CARTESIAN_POINT('Origin',(-21.,-3.2782626425437,-69.5654809606283));
#3875=CARTESIAN_POINT('',(-32.6290086843073,0.66152073995823,-62.5654809606283));
#3876=CARTESIAN_POINT('Origin',(-47.0240117605554,5.53839334797322,-49.5654809606283));
#3877=CARTESIAN_POINT('',(-14.1371697509523,6.90296012555527,-62.5654809606444));
#3878=CARTESIAN_POINT('Origin',(-21.,-3.2782626425437,-62.5654809606283));
#3879=CARTESIAN_POINT('Ctrl Pts',(-14.1371697509484,6.90296012555803,-62.5654809606415));
#3880=CARTESIAN_POINT('Ctrl Pts',(-14.134807933259,7.18939324891575,-62.8447070942864));
#3881=CARTESIAN_POINT('Ctrl Pts',(-14.1333901654277,7.48262408047798,-63.1178991358686));
#3882=CARTESIAN_POINT('Ctrl Pts',(-14.1329866236465,7.78234419779039,-63.3845310338634));
#3883=CARTESIAN_POINT('Ctrl Pts',(-11.7459855261051,7.69002419174608,-61.9253858391166));
#3884=CARTESIAN_POINT('Ctrl Pts',(-11.7681667310941,7.97906665785316,-62.1823155213345));
#3885=CARTESIAN_POINT('Ctrl Pts',(-11.790870764173,8.27326173562403,-62.433647060865));
#3886=CARTESIAN_POINT('Ctrl Pts',(-11.8140767245851,8.57240581528355,-62.6789077630138));
#3887=CARTESIAN_POINT('Ctrl Pts',(-11.8843243933087,7.41747543605821,-62.2107123261348));
#3888=CARTESIAN_POINT('Ctrl Pts',(-11.9044509745075,7.71238739388456,-62.4690994647538));
#3889=CARTESIAN_POINT('Ctrl Pts',(-11.9250093983267,8.0122977048927,-62.7219243980899));
#3890=CARTESIAN_POINT('Ctrl Pts',(-11.9463527503083,8.31729825871294,-62.9685294473448));
#3891=CARTESIAN_POINT('Ctrl Pts',(-12.3601672937343,7.01262991145058,-62.6095795383108));
#3892=CARTESIAN_POINT('Ctrl Pts',(-12.3726634453844,7.31470311402176,-62.8715159946936));
#3893=CARTESIAN_POINT('Ctrl Pts',(-12.3861293272555,7.62202978042762,-63.1276729223887));
#3894=CARTESIAN_POINT('Ctrl Pts',(-12.4004840110797,7.93443776801511,-63.3775728200632));
#3895=CARTESIAN_POINT('Ctrl Pts',(-13.3250996535284,6.78355186746691,-62.7710510954368));
#3896=CARTESIAN_POINT('Ctrl Pts',(-13.3262154217684,7.08260434672561,-63.0416800078024));
#3897=CARTESIAN_POINT('Ctrl Pts',(-13.328512659457,7.38759586200055,-63.3063473228274));
#3898=CARTESIAN_POINT('Ctrl Pts',(-13.3320494422143,7.69834584450654,-63.5645207893789));
#3899=CARTESIAN_POINT('Ctrl Pts',(-13.8854090757826,6.8344849713748,-62.6636169907776));
#3900=CARTESIAN_POINT('Ctrl Pts',(-13.8832094165556,7.12582302017116,-62.9401042276426));
#3901=CARTESIAN_POINT('Ctrl Pts',(-13.8821221336606,7.42366728208046,-63.2105591025682));
#3902=CARTESIAN_POINT('Ctrl Pts',(-13.8821524046302,7.72777732442245,-63.4744519792995));
#3903=CARTESIAN_POINT('Ctrl Pts',(-14.1371697509484,6.90296012555803,-62.5654809606415));
#3904=CARTESIAN_POINT('Ctrl Pts',(-14.134807933259,7.18939324891575,-62.8447070942864));
#3905=CARTESIAN_POINT('Ctrl Pts',(-14.1333901654277,7.48262408047798,-63.1178991358686));
#3906=CARTESIAN_POINT('Ctrl Pts',(-14.1329866236465,7.78234419779039,-63.3845310338634));
#3907=CARTESIAN_POINT('Origin',(-13.3938419482527,8.00571010979599,-61.4279809606403));
#3908=CARTESIAN_POINT('Ctrl Pts',(-14.1371697509548,6.90296012554865,-62.5654809606283));
#3909=CARTESIAN_POINT('Ctrl Pts',(-14.1316370213795,6.89923069296933,-62.5654809606283));
#3910=CARTESIAN_POINT('Ctrl Pts',(-14.1204222086675,6.8916587643393,-62.5654809606283));
#3911=CARTESIAN_POINT('Ctrl Pts',(-14.0974079231182,6.87606368577101,-62.5654809606282));
#3912=CARTESIAN_POINT('Ctrl Pts',(-14.0556282826227,6.84759719461731,-62.5654809606282));
#3913=CARTESIAN_POINT('Ctrl Pts',(-13.9665130643478,6.78620477245205,-62.5654809606282));
#3914=CARTESIAN_POINT('Ctrl Pts',(-13.8533985886116,6.70631857038971,-62.5654809606283));
#3915=CARTESIAN_POINT('Ctrl Pts',(-13.7339329262069,6.61951615474362,-62.5654809606283));
#3916=CARTESIAN_POINT('Ctrl Pts',(-13.6091450151093,6.52694000492874,-62.5654809606283));
#3917=CARTESIAN_POINT('Ctrl Pts',(-13.2500282173055,6.25341605698815,-62.5654809606282));
#3918=CARTESIAN_POINT('Ctrl Pts',(-12.7411101851238,5.82232949353349,-62.5654809606283));
#3919=CARTESIAN_POINT('Ctrl Pts',(-12.187577250424,5.27807923440128,-62.5654809606283));
#3920=CARTESIAN_POINT('Ctrl Pts',(-11.8247112531207,4.88514969578113,-62.5654809606282));
#3921=CARTESIAN_POINT('Ctrl Pts',(-11.6949610791963,4.73247931828992,-62.5654809606283));
#3922=CARTESIAN_POINT('Ctrl Pts',(-11.6949611290381,4.73247552297376,-62.5654822228054));
#3923=CARTESIAN_POINT('Ctrl Pts',(-13.8260001903352,6.81832663929386,-62.6867745079956));
#3924=CARTESIAN_POINT('Ctrl Pts',(-13.8205650046724,6.81648707637553,-62.686745589999));
#3925=CARTESIAN_POINT('Ctrl Pts',(-13.8095575602648,6.81266667529907,-62.686586690017));
#3926=CARTESIAN_POINT('Ctrl Pts',(-13.7870094491758,6.80445088629703,-62.6858749587867));
#3927=CARTESIAN_POINT('Ctrl Pts',(-13.7461889080897,6.78851897882506,-62.683648187845));
#3928=CARTESIAN_POINT('Ctrl Pts',(-13.659591000765,6.75041402465847,-62.6755932203379));
#3929=CARTESIAN_POINT('Ctrl Pts',(-13.55094064561,6.69194414671643,-62.6599391210929));
#3930=CARTESIAN_POINT('Ctrl Pts',(-13.4375498173442,6.62065572284086,-62.6411864466331));
#3931=CARTESIAN_POINT('Ctrl Pts',(-13.3200504160844,6.54014131442975,-62.6210897946048));
#3932=CARTESIAN_POINT('Ctrl Pts',(-12.9854253942097,6.28539747221518,-62.5621868208734));
#3933=CARTESIAN_POINT('Ctrl Pts',(-12.5282925629971,5.82871296752371,-62.4989019310705));
#3934=CARTESIAN_POINT('Ctrl Pts',(-12.0468204457012,5.24052061672427,-62.4839176646022));
#3935=CARTESIAN_POINT('Ctrl Pts',(-11.7364554758437,4.81672188897405,-62.5042088969302));
#3936=CARTESIAN_POINT('Ctrl Pts',(-11.6268270497212,4.65333686192363,-62.5442126834213));
#3937=CARTESIAN_POINT('Ctrl Pts',(-11.6268270497212,4.65333686192363,-62.5654809606283));
#3938=CARTESIAN_POINT('Ctrl Pts',(-13.1179892924318,6.78183724431481,-62.7920464106117));
#3939=CARTESIAN_POINT('Ctrl Pts',(-13.1135886719472,6.7823455329636,-62.7911272988878));
#3940=CARTESIAN_POINT('Ctrl Pts',(-13.1046799266905,6.78315869473962,-62.7890530885892));
#3941=CARTESIAN_POINT('Ctrl Pts',(-13.0864663199911,6.78393982296582,-62.7839945073202));
#3942=CARTESIAN_POINT('Ctrl Pts',(-13.0535620528164,6.78298047505822,-62.7728917313789));
#3943=CARTESIAN_POINT('Ctrl Pts',(-12.9841294261509,6.77137417778401,-62.7425906110848));
#3944=CARTESIAN_POINT('Ctrl Pts',(-12.8979760901471,6.73403966843808,-62.6942597330432));
#3945=CARTESIAN_POINT('Ctrl Pts',(-12.8093266683161,6.67456604060969,-62.6409527749607));
#3946=CARTESIAN_POINT('Ctrl Pts',(-12.7183364094084,6.60052613322964,-62.585944526966));
#3947=CARTESIAN_POINT('Ctrl Pts',(-12.4621539167043,6.34185382359132,-62.4325011964835));
#3948=CARTESIAN_POINT('Ctrl Pts',(-12.1280641953886,5.81410766529515,-62.2917886771804));
#3949=CARTESIAN_POINT('Ctrl Pts',(-11.7911698379618,5.14084109559765,-62.2899070183522));
#3950=CARTESIAN_POINT('Ctrl Pts',(-11.5789684790599,4.66335453331794,-62.3730460482041));
#3951=CARTESIAN_POINT('Ctrl Pts',(-11.504791912815,4.48281710594563,-62.4989093830843));
#3952=CARTESIAN_POINT('Ctrl Pts',(-11.504791912815,4.48281710594563,-62.5654809606282));
#3953=CARTESIAN_POINT('Ctrl Pts',(-11.979958274357,7.20007148988502,-62.4396671282765));
#3954=CARTESIAN_POINT('Ctrl Pts',(-11.9783857104295,7.19832899124384,-62.4350188223775));
#3955=CARTESIAN_POINT('Ctrl Pts',(-11.9751950631138,7.19456679903761,-62.4255549629576));
#3956=CARTESIAN_POINT('Ctrl Pts',(-11.9686374766967,7.18590612920148,-62.4060086164765));
#3957=CARTESIAN_POINT('Ctrl Pts',(-11.956709070878,7.16768850452798,-62.3703370201787));
#3958=CARTESIAN_POINT('Ctrl Pts',(-11.9311952611253,7.11885472565732,-62.2942840662027));
#3959=CARTESIAN_POINT('Ctrl Pts',(-11.8988128523451,7.03394759415207,-62.2023164458224));
#3960=CARTESIAN_POINT('Ctrl Pts',(-11.8648867451562,6.92492309690198,-62.1152422019164));
#3961=CARTESIAN_POINT('Ctrl Pts',(-11.829754721563,6.80013222752693,-62.0323203502822));
#3962=CARTESIAN_POINT('Ctrl Pts',(-11.7297153181457,6.39900506949586,-61.8275131991128));
#3963=CARTESIAN_POINT('Ctrl Pts',(-11.5966178563994,5.70272412536748,-61.7202943345943));
#3964=CARTESIAN_POINT('Ctrl Pts',(-11.4622072921396,4.89631042334031,-61.8673720972908));
#3965=CARTESIAN_POINT('Ctrl Pts',(-11.3772960486943,4.35043628845809,-62.1211939600495));
#3966=CARTESIAN_POINT('Ctrl Pts',(-11.3476985671219,4.15115687166336,-62.4124921803205));
#3967=CARTESIAN_POINT('Ctrl Pts',(-11.3476985671219,4.15115687166336,-62.5654809606283));
#3968=CARTESIAN_POINT('Ctrl Pts',(-11.6207697486611,7.80608449165112,-61.8100056241853));
#3969=CARTESIAN_POINT('Ctrl Pts',(-11.6201350353558,7.79809996346422,-61.8015411105));
#3970=CARTESIAN_POINT('Ctrl Pts',(-11.6188305580813,7.78184556612132,-61.7847247604041));
#3971=CARTESIAN_POINT('Ctrl Pts',(-11.6161425925681,7.74822073141753,-61.7515553238761));
#3972=CARTESIAN_POINT('Ctrl Pts',(-11.6111409876441,7.68646013298836,-61.6948163552988));
#3973=CARTESIAN_POINT('Ctrl Pts',(-11.6002147569388,7.5519506361467,-61.5871024313134));
#3974=CARTESIAN_POINT('Ctrl Pts',(-11.5855209257933,7.37530902662423,-61.4797984561278));
#3975=CARTESIAN_POINT('Ctrl Pts',(-11.5698376630318,7.18466112324289,-61.3922187859136));
#3976=CARTESIAN_POINT('Ctrl Pts',(-11.5533373473611,6.98372363130792,-61.3165692926206));
#3977=CARTESIAN_POINT('Ctrl Pts',(-11.5043108900984,6.39790413585453,-61.1621452134991));
#3978=CARTESIAN_POINT('Ctrl Pts',(-11.4335607567274,5.5638647472246,-61.1894322493022));
#3979=CARTESIAN_POINT('Ctrl Pts',(-11.3583973843921,4.67721527965419,-61.5182166437071));
#3980=CARTESIAN_POINT('Ctrl Pts',(-11.3095563460437,4.10001822591135,-61.9285749436215));
#3981=CARTESIAN_POINT('Ctrl Pts',(-11.2905681135957,3.89399918052836,-62.3468561956983));
#3982=CARTESIAN_POINT('Ctrl Pts',(-11.2905681135957,3.89399918052836,-62.5654809606283));
#3983=CARTESIAN_POINT('Ctrl Pts',(-11.6500425932858,8.15289641900019,-61.4279809606403));
#3984=CARTESIAN_POINT('Ctrl Pts',(-11.649050148576,8.14113836586302,-61.4172306475269));
#3985=CARTESIAN_POINT('Ctrl Pts',(-11.6470413665105,8.11733918991355,-61.3960111319155));
#3986=CARTESIAN_POINT('Ctrl Pts',(-11.6429314336525,8.06864649352389,-61.3547081907797));
#3987=CARTESIAN_POINT('Ctrl Pts',(-11.6355047876757,7.98065882310899,-61.285422639683));
#3988=CARTESIAN_POINT('Ctrl Pts',(-11.6198085993603,7.79469721290295,-61.159053124115));
#3989=CARTESIAN_POINT('Ctrl Pts',(-11.6002847786263,7.56338747909335,-61.0430617418488));
#3990=CARTESIAN_POINT('Ctrl Pts',(-11.5801070085663,7.32433003818319,-60.9558359885168));
#3991=CARTESIAN_POINT('Ctrl Pts',(-11.5593478693679,7.07838478865869,-60.8852418708516));
#3992=CARTESIAN_POINT('Ctrl Pts',(-11.5007677821529,6.38435340182885,-60.7626032277776));
#3993=CARTESIAN_POINT('Ctrl Pts',(-11.4237534014148,5.47192052556191,-60.8714009856287));
#3994=CARTESIAN_POINT('Ctrl Pts',(-11.3451659822277,4.54085097413443,-61.3093596937584));
#3995=CARTESIAN_POINT('Ctrl Pts',(-11.2950412748853,3.94699524934469,-61.8136430288177));
#3996=CARTESIAN_POINT('Ctrl Pts',(-11.2773931665059,3.73790813944451,-62.3074688748752));
#3997=CARTESIAN_POINT('Ctrl Pts',(-11.2773931665059,3.73790813944451,-62.5654809606283));
#3998=CARTESIAN_POINT('',(-13.2448794862762,6.2408676695359,-62.5654809606283));
#3999=CARTESIAN_POINT('Origin',(-21.,-3.2782626425437,-62.5654809606283));
#4000=CARTESIAN_POINT('',(-11.6949610791963,4.73247931828992,-62.5654809606283));
#4001=CARTESIAN_POINT('Origin',(-21.,-3.2782626425437,-62.5654809606283));
#4002=CARTESIAN_POINT('',(-11.2773931665059,3.73790813944451,-62.5654809606283));
#4003=CARTESIAN_POINT('Ctrl Pts',(-11.6949611290381,4.73247552297376,-62.5654822228054));
#4004=CARTESIAN_POINT('Ctrl Pts',(-11.6268270497212,4.65333686192363,-62.5654809606283));
#4005=CARTESIAN_POINT('Ctrl Pts',(-11.504791912815,4.48281710594563,-62.5654809606282));
#4006=CARTESIAN_POINT('Ctrl Pts',(-11.3476985671219,4.15115687166336,-62.5654809606283));
#4007=CARTESIAN_POINT('Ctrl Pts',(-11.2905681135957,3.89399918052836,-62.5654809606283));
#4008=CARTESIAN_POINT('Ctrl Pts',(-11.2773931665059,3.73790813944451,-62.5654809606283));
#4009=CARTESIAN_POINT('Ctrl Pts',(-11.6307801015508,7.92468279747378,-61.2482658724848));
#4010=CARTESIAN_POINT('Ctrl Pts',(-11.6286069914013,7.89893673387987,-61.2307996769563));
#4011=CARTESIAN_POINT('Ctrl Pts',(-11.6172942208641,7.76490795041308,-61.1441151546833));
#4012=CARTESIAN_POINT('Ctrl Pts',(-11.6002847786263,7.56338747909335,-61.0430617418488));
#4013=CARTESIAN_POINT('Ctrl Pts',(-11.5801070085663,7.32433003818319,-60.9558359885168));
#4014=CARTESIAN_POINT('Ctrl Pts',(-11.5593478693679,7.07838478865869,-60.8852418708516));
#4015=CARTESIAN_POINT('Ctrl Pts',(-11.5007677821529,6.38435340182885,-60.7626032277776));
#4016=CARTESIAN_POINT('Ctrl Pts',(-11.4237534014148,5.47192052556191,-60.8714009856287));
#4017=CARTESIAN_POINT('Ctrl Pts',(-11.3451659822277,4.54085097413443,-61.3093596937584));
#4018=CARTESIAN_POINT('Ctrl Pts',(-11.2950412748853,3.94699524934469,-61.8136430288177));
#4019=CARTESIAN_POINT('Ctrl Pts',(-11.2773931665059,3.73790813944451,-62.3074688748752));
#4020=CARTESIAN_POINT('Ctrl Pts',(-11.2773931665059,3.73790813944451,-62.5654809606283));
#4021=CARTESIAN_POINT('Origin',(-9.86462113752936,-13.0000002038273,-77.5654809606283));
#4022=CARTESIAN_POINT('',(-10.7581554582055,-2.41379432326359,-62.5654809606283));
#4023=CARTESIAN_POINT('',(-10.3704615157266,-7.00702347938984,-62.5654809606283));
#4024=CARTESIAN_POINT('',(-10.7581554582056,-2.41379432326359,-77.5654809606283));
#4025=CARTESIAN_POINT('',(-10.7581554582056,-2.41379432326359,-77.5654809606283));
#4026=CARTESIAN_POINT('',(-9.86462113752936,-13.0000002038273,-77.5654809606283));
#4027=CARTESIAN_POINT('',(-10.4826075809857,-5.67836568969397,-77.5654809606283));
#4028=CARTESIAN_POINT('',(-9.86462113752936,-13.0000002038273,-77.5654809606283));
#4029=CARTESIAN_POINT('Origin',(-22.5574474513794,-2.00000004975961,-62.5654809606283));
#4030=CARTESIAN_POINT('',(-37.2573854148759,-13.0000002038275,-62.5654809606283));
#4031=CARTESIAN_POINT('',(-32.6290086843073,0.66152073995823,-62.5654809606283));
#4032=CARTESIAN_POINT('',(-35.1457242956576,-13.0000002038275,-62.5654809606283));
#4033=CARTESIAN_POINT('Origin',(-21.,-3.2782626425437,-62.5654809606283));
#4034=CARTESIAN_POINT('Origin',(-19.3267137313838,14.4995124902218,-67.0995644298806));
#4035=CARTESIAN_POINT('Origin',(9.94064583235521,-11.511610382713,-77.5654809606282));
#4036=CARTESIAN_POINT('',(11.2543779059604,-10.0232205615987,-79.5654809606283));
#4037=CARTESIAN_POINT('',(8.62691375874999,-13.0000002038273,-79.5654809606282));
#4038=CARTESIAN_POINT('',(6.05731917673346,-15.911216651309,-79.5654809606282));
#4039=CARTESIAN_POINT('',(11.2543779059604,-10.0232205615987,-77.5654809606282));
#4040=CARTESIAN_POINT('',(8.62691375874998,-13.0000002038273,-77.5654809606282));
#4041=CARTESIAN_POINT('Origin',(-55.0000008195639,-13.0000002038277,-77.5654809606282));
#4042=CARTESIAN_POINT('',(-59.0000018328428,-13.0000002038278,-77.5654809606282));
#4043=CARTESIAN_POINT('',(-53.3046206100633,-13.0000002038276,-69.5654809606283));
#4044=CARTESIAN_POINT('Origin',(-53.3046206100634,-13.0000002038277,-49.5654809606283));
#4045=CARTESIAN_POINT('',(-55.0000008195639,-13.0000002038276,-69.5654809606283));
#4046=CARTESIAN_POINT('',(11.62691375875,-13.0000002038271,-69.5654809606283));
#4047=CARTESIAN_POINT('',(-55.0000008195639,-13.0000002038277,-79.5654809606282));
#4048=CARTESIAN_POINT('',(-55.0000008195639,-13.0000002038276,-77.5654809606283));
#4049=CARTESIAN_POINT('',(-59.0000018328428,-13.0000002038278,-79.5654809606282));
#4050=CARTESIAN_POINT('Origin',(-55.0000008195639,-13.0000002038277,-77.5654809606282));
#4051=CARTESIAN_POINT('Origin',(-53.3046206100634,-13.0000002038277,-49.5654809606283));
#4052=CARTESIAN_POINT('Origin',(-47.0240117605554,5.53839334797315,-49.5654809606283));
#4053=CARTESIAN_POINT('',(-47.0240117605554,5.53839334797315,-69.5654809606283));
#4054=CARTESIAN_POINT('',(-36.8656372459015,-0.738198462614282,-65.8326796029112));
#4055=CARTESIAN_POINT('',(-40.5651684137655,-0.128536608890362,-67.9237191199512));
#4056=CARTESIAN_POINT('Ctrl Pts',(-36.8656372459015,-0.738198462614283,
-65.8326796029112));
#4057=CARTESIAN_POINT('Ctrl Pts',(-36.7891455528647,-0.512418901597706,
-65.8326796029112));
#4058=CARTESIAN_POINT('Ctrl Pts',(-36.7542209776784,-0.260699673022312,
-65.8670688189708));
#4059=CARTESIAN_POINT('Ctrl Pts',(-36.7825720175193,0.225042787445572,-65.9954169046111));
#4060=CARTESIAN_POINT('Ctrl Pts',(-36.845422868435,0.459274124086527,-66.0886806368639));
#4061=CARTESIAN_POINT('Ctrl Pts',(-37.0411653991098,0.890575722189143,-66.3053238947533));
#4062=CARTESIAN_POINT('Ctrl Pts',(-37.200120057807,1.10938205910677,-66.4486708332771));
#4063=CARTESIAN_POINT('Ctrl Pts',(-37.5903477514564,1.46003819914307,-66.7454542599698));
#4064=CARTESIAN_POINT('Ctrl Pts',(-37.8218220331133,1.59182474829288,-66.8987008056263));
#4065=CARTESIAN_POINT('Ctrl Pts',(-38.2782036344691,1.74644193862377,-67.1672089626729));
#4066=CARTESIAN_POINT('Ctrl Pts',(-38.535373456361,1.78472435684026,-67.3029061287315));
#4067=CARTESIAN_POINT('Ctrl Pts',(-39.0534559326863,1.74940033575495,-67.5446067356281));
#4068=CARTESIAN_POINT('Ctrl Pts',(-39.3142505045314,1.67547688040214,-67.6508167914004));
#4069=CARTESIAN_POINT('Ctrl Pts',(-39.7417502651852,1.45316244172477,-67.8043863489721));
#4070=CARTESIAN_POINT('Ctrl Pts',(-39.9401538376192,1.30169116941952,-67.8659182165029));
#4071=CARTESIAN_POINT('Ctrl Pts',(-40.2637434701156,0.927729161275177,-67.9470097566976));
#4072=CARTESIAN_POINT('Ctrl Pts',(-40.388793626316,0.70517589123485,-67.9668230931075));
#4073=CARTESIAN_POINT('Ctrl Pts',(-40.5290738997559,0.291112385785433,-67.9668230931075));
#4074=CARTESIAN_POINT('Ctrl Pts',(-40.5651684137655,0.0811078789639514,
-67.9527976383027));
#4075=CARTESIAN_POINT('Ctrl Pts',(-40.5651684137655,-0.128536608890233,
-67.9237191199512));
#4076=CARTESIAN_POINT('Ctrl Pts',(-40.5651684137655,-0.128536608890234,
-67.9237191199512));
#4077=CARTESIAN_POINT('Ctrl Pts',(-40.5651684137655,-0.173372746796828,
-67.9175001705656));
#4078=CARTESIAN_POINT('Ctrl Pts',(-40.5635787259528,-0.218195283796156,
-67.9106123361308));
#4079=CARTESIAN_POINT('Ctrl Pts',(-40.5424782988007,-0.516026557545906,
-67.860307158586));
#4080=CARTESIAN_POINT('Ctrl Pts',(-40.4712284297947,-0.76235728484048,-67.7954553650686));
#4081=CARTESIAN_POINT('Ctrl Pts',(-40.2583547214167,-1.19337424326541,-67.6383297042597));
#4082=CARTESIAN_POINT('Ctrl Pts',(-40.0973827779007,-1.40243781177802,-67.5334800604828));
#4083=CARTESIAN_POINT('Ctrl Pts',(-39.7139545208385,-1.73293988292416,-67.2963185359405));
#4084=CARTESIAN_POINT('Ctrl Pts',(-39.4917752389655,-1.85456914787371,-67.1638247627885));
#4085=CARTESIAN_POINT('Ctrl Pts',(-39.0411457405609,-2.00723758743518,-66.8987008056263));
#4086=CARTESIAN_POINT('Ctrl Pts',(-38.7772350964246,-2.04328213649544,-66.7454542599699));
#4087=CARTESIAN_POINT('Ctrl Pts',(-38.2542295650892,-2.00201961562454,-66.4486708332771));
#4088=CARTESIAN_POINT('Ctrl Pts',(-37.9950133188183,-1.92488509503829,-66.3053238947533));
#4089=CARTESIAN_POINT('Ctrl Pts',(-37.5774268590546,-1.70137277890576,-66.0886806368639));
#4090=CARTESIAN_POINT('Ctrl Pts',(-37.3851490779062,-1.55357628570619,-65.9954169046111));
#4091=CARTESIAN_POINT('Ctrl Pts',(-37.0673947142988,-1.18509062279662,-65.8670688189708));
#4092=CARTESIAN_POINT('Ctrl Pts',(-36.9421289389382,-0.963978023630861,
-65.8326796029112));
#4093=CARTESIAN_POINT('Ctrl Pts',(-36.8656372459015,-0.738198462614282,
-65.8326796029112));
#4094=CARTESIAN_POINT('Origin',(-38.6651684137655,-0.128536608890489,-95.5654809606283));
#4095=CARTESIAN_POINT('',(-40.5651684137655,-0.128536608890489,-79.5654809606283));
#4096=CARTESIAN_POINT('Origin',(-38.6651684137655,-0.128536608890489,-79.5654809606283));
#4097=CARTESIAN_POINT('',(-40.5651684137655,-0.128536608890489,-95.5654809606283));
#4098=CARTESIAN_POINT('Origin',(-21.6865435304069,0.749756143197151,-69.5654809606283));
#4099=CARTESIAN_POINT('',(-51.1817494364905,14.4995124902219,-69.5654809606283));
#4100=CARTESIAN_POINT('',(-51.1817494364905,14.4995124902219,-69.5654809606283));
#4101=CARTESIAN_POINT('',(-55.0000008195639,-13.0000002038276,-69.5654809606283));
#4102=CARTESIAN_POINT('Origin',(-21.,-3.27826264254371,-77.5654809606283));
#4103=CARTESIAN_POINT('Origin',(-21.,-3.27826264254371,-77.5654809606283));
#4104=CARTESIAN_POINT('Origin',(-15.,-3.27826264254381,-77.5654809606283));
#4105=CARTESIAN_POINT('',(-13.8,-3.27826264254381,-79.5654809606283));
#4106=CARTESIAN_POINT('Origin',(-15.,-3.27826264254381,-79.5654809606283));
#4107=CARTESIAN_POINT('',(-13.8,-3.27826264254381,-77.5654809606283));
#4108=CARTESIAN_POINT('',(-13.8,-3.27826264254381,-77.5654809606283));
#4109=CARTESIAN_POINT('Origin',(-15.,-3.27826264254381,-77.5654809606283));
#4110=CARTESIAN_POINT('Origin',(-27.,-3.27826264254386,-77.5654809606283));
#4111=CARTESIAN_POINT('',(-25.8,-3.27826264254386,-79.5654809606283));
#4112=CARTESIAN_POINT('Origin',(-27.,-3.27826264254386,-79.5654809606283));
#4113=CARTESIAN_POINT('',(-25.8,-3.27826264254386,-77.5654809606283));
#4114=CARTESIAN_POINT('',(-25.8,-3.27826264254386,-77.5654809606283));
#4115=CARTESIAN_POINT('Origin',(-27.,-3.27826264254386,-77.5654809606283));
#4116=CARTESIAN_POINT('Origin',(-21.,-9.27826264254383,-77.5654809606282));
#4117=CARTESIAN_POINT('',(-19.8,-9.27826264254384,-79.5654809606282));
#4118=CARTESIAN_POINT('Origin',(-21.,-9.27826264254384,-79.5654809606282));
#4119=CARTESIAN_POINT('',(-19.8,-9.27826264254383,-77.5654809606282));
#4120=CARTESIAN_POINT('',(-19.8,-9.27826264254383,-77.5654809606282));
#4121=CARTESIAN_POINT('Origin',(-21.,-9.27826264254383,-77.5654809606282));
#4122=CARTESIAN_POINT('Origin',(-21.,2.72173735745617,-77.5654809606283));
#4123=CARTESIAN_POINT('',(-19.8,2.72173735745617,-79.5654809606283));
#4124=CARTESIAN_POINT('Origin',(-21.,2.72173735745617,-79.5654809606283));
#4125=CARTESIAN_POINT('',(-19.8,2.72173735745617,-77.5654809606283));
#4126=CARTESIAN_POINT('',(-19.8,2.72173735745617,-77.5654809606283));
#4127=CARTESIAN_POINT('Origin',(-21.,2.72173735745617,-77.5654809606283));
#4128=CARTESIAN_POINT('Origin',(-21.,-3.27826264254383,-77.5654809606283));
#4129=CARTESIAN_POINT('',(-18.4,-3.27826264254383,-79.5654809606283));
#4130=CARTESIAN_POINT('Origin',(-21.,-3.27826264254383,-79.5654809606283));
#4131=CARTESIAN_POINT('',(-18.4,-3.27826264254383,-77.5654809606283));
#4132=CARTESIAN_POINT('',(-18.4,-3.27826264254383,-77.5654809606283));
#4133=CARTESIAN_POINT('Origin',(-21.,-3.27826264254383,-77.5654809606283));
#4134=CARTESIAN_POINT('Origin',(-51.1817494364905,14.4995124902218,-77.5654809606283));
#4135=CARTESIAN_POINT('',(-51.1817494364905,14.4995124902218,-79.5654809606283));
#4136=CARTESIAN_POINT('',(-51.1817494364905,14.4995124902218,-77.5654809606283));
#4137=CARTESIAN_POINT('',(-55.0000008195639,-13.0000001937151,-79.5654809606282));
#4138=CARTESIAN_POINT('Origin',(-19.326713731384,14.4995124902218,-77.5654809606283));
#4139=CARTESIAN_POINT('',(-19.326713731384,14.4995124902218,-79.5654809606283));
#4140=CARTESIAN_POINT('Origin',(11.62691375875,-13.0000002038272,-77.5654809606282));
#4141=CARTESIAN_POINT('',(11.62691375875,-13.0000002038272,-79.5654809606282));
#4142=CARTESIAN_POINT('Origin',(-21.686543530407,0.749756143197022,-79.5654809606283));
#4143=CARTESIAN_POINT('Origin',(-21.686543530407,0.749756143197026,-77.5654809606283));
#4144=CARTESIAN_POINT('Origin',(-15.5387879459267,-3.00000028759222,33.4410676758253));
#4145=CARTESIAN_POINT('',(-14.4827483982917,9.87349900034851,35.139531827296));
#4146=CARTESIAN_POINT('',(-13.5387879459267,9.24352634145826,33.4410676758253));
#4147=CARTESIAN_POINT('Ctrl Pts',(-14.4827483982917,9.87349900034851,35.139531827296));
#4148=CARTESIAN_POINT('Ctrl Pts',(-14.3409343585328,9.80338427423556,35.0513573231325));
#4149=CARTESIAN_POINT('Ctrl Pts',(-14.2131899934246,9.73053378077805,34.9468850368326));
#4150=CARTESIAN_POINT('Ctrl Pts',(-13.938382564595,9.55907457818513,34.6637925894028));
#4151=CARTESIAN_POINT('Ctrl Pts',(-13.7915196327543,9.45057176086886,34.4485353010285));
#4152=CARTESIAN_POINT('Ctrl Pts',(-13.5916732714126,9.29140040640591,33.9670713872661));
#4153=CARTESIAN_POINT('Ctrl Pts',(-13.5387879459267,9.24352634145827,33.6999047302905));
#4154=CARTESIAN_POINT('Ctrl Pts',(-13.5387879459267,9.24352634145826,33.4410676758253));
#4155=CARTESIAN_POINT('',(-14.4827483982917,9.87349900034847,31.7426035243547));
#4156=CARTESIAN_POINT('Origin',(-15.5387879459267,10.3956188396307,33.4410676758253));
#4157=CARTESIAN_POINT('Ctrl Pts',(-13.5387879459267,9.24352634145826,33.4410676758253));
#4158=CARTESIAN_POINT('Ctrl Pts',(-13.5387879459267,9.24352634145826,33.1822306213601));
#4159=CARTESIAN_POINT('Ctrl Pts',(-13.5916732714126,9.2914004064059,32.9150639643845));
#4160=CARTESIAN_POINT('Ctrl Pts',(-13.7915196327543,9.45057176086884,32.4336000506222));
#4161=CARTESIAN_POINT('Ctrl Pts',(-13.938382564595,9.5590745781851,32.2183427622479));
#4162=CARTESIAN_POINT('Ctrl Pts',(-14.2131899937505,9.73053378098133,31.9352503144824));
#4163=CARTESIAN_POINT('Ctrl Pts',(-14.3409343582318,9.80338427408669,31.8307780287053));
#4164=CARTESIAN_POINT('Ctrl Pts',(-14.4827483982917,9.87349900034847,31.7426035243547));
#4165=CARTESIAN_POINT('',(-13.5387879459267,11.6378858706054,33.4410676758253));
#4166=CARTESIAN_POINT('',(-13.5387879459267,-3.00000028759222,33.4410676758253));
#4167=CARTESIAN_POINT('Origin',(-15.5387879459267,12.6267121706269,33.4410676758253));
#4168=CARTESIAN_POINT('Origin',(-16.4871383997835,10.8644957748362,39.8340700213401));
#4169=CARTESIAN_POINT('',(-14.4827483982917,9.87349900034863,46.5563299410265));
#4170=CARTESIAN_POINT('',(-14.4827483982917,9.87349900034856,39.8340700213401));
#4171=CARTESIAN_POINT('',(-12.184033133794,8.73698394545059,54.4362271084414));
#4172=CARTESIAN_POINT('',(-13.8283018157884,9.54993200397942,48.799744708979));
#4173=CARTESIAN_POINT('',(-12.1840331337941,8.73698394545067,61.24828650703));
#4174=CARTESIAN_POINT('',(-12.1840331337941,8.73698394545064,58.6997754909841));
#4175=CARTESIAN_POINT('',(-12.2444151965191,8.76683763128672,61.6411544799874));
#4176=CARTESIAN_POINT('Ctrl Pts',(-12.2444151965185,8.76683763128636,61.641154479985));
#4177=CARTESIAN_POINT('Ctrl Pts',(-12.2092651528395,8.74945898746803,61.5136759989967));
#4178=CARTESIAN_POINT('Ctrl Pts',(-12.184033133794,8.73698394545061,61.38165931516));
#4179=CARTESIAN_POINT('Ctrl Pts',(-12.184033133794,8.73698394545063,61.2482865070353));
#4180=CARTESIAN_POINT('',(-13.3084808422054,9.29292567898873,62.6935785302016));
#4181=CARTESIAN_POINT('Ctrl Pts',(-13.3084808422054,9.29292567898873,62.6935785302016));
#4182=CARTESIAN_POINT('Ctrl Pts',(-13.2182902654099,9.24833427181395,62.7037148247566));
#4183=CARTESIAN_POINT('Ctrl Pts',(-13.0722410434809,9.17612561594341,62.6782422360812));
#4184=CARTESIAN_POINT('Ctrl Pts',(-12.8068392077664,9.04490745832918,62.5434996990115));
#4185=CARTESIAN_POINT('Ctrl Pts',(-12.4870114938956,8.88678043085357,62.2345404257446));
#4186=CARTESIAN_POINT('Ctrl Pts',(-12.3083756639863,8.79846052748332,61.8731195754041));
#4187=CARTESIAN_POINT('Ctrl Pts',(-12.2444151965191,8.76683763128672,61.6411544799874));
#4188=CARTESIAN_POINT('',(-20.2131188729083,12.7066695174327,63.9746307743864));
#4189=CARTESIAN_POINT('Ctrl Pts',(-20.2131490892035,12.7066844567664,63.9745379577059));
#4190=CARTESIAN_POINT('Ctrl Pts',(-18.9931584456363,12.1035050396967,63.479382371579));
#4191=CARTESIAN_POINT('Ctrl Pts',(-16.7362951316547,10.9876821394873,62.68500968532));
#4192=CARTESIAN_POINT('Ctrl Pts',(-14.359975233584,9.81279833324888,62.575403691403));
#4193=CARTESIAN_POINT('Ctrl Pts',(-13.3084808422054,9.29292567898873,62.6935785302016));
#4194=CARTESIAN_POINT('',(-20.2131188730105,12.7066695174833,20.4487825959958));
#4195=CARTESIAN_POINT('',(-20.2131188730101,12.7066695174831,73.3325226952545));
#4196=CARTESIAN_POINT('',(-14.4827483982917,9.87349900034839,24.2801631694246));
#4197=CARTESIAN_POINT('',(-17.3242384010493,11.2783690233359,22.3803157434705));
#4198=CARTESIAN_POINT('',(-14.4827483982917,9.87349900034856,39.8340700213401));
#4199=CARTESIAN_POINT('Ctrl Pts',(-45.3401911028107,-6.36966620736447,68.8182561661877));
#4200=CARTESIAN_POINT('Ctrl Pts',(-45.3622537281317,-6.50056051942065,68.812319445565));
#4201=CARTESIAN_POINT('Ctrl Pts',(-45.3269392146123,-6.90334546836015,68.8218342217153));
#4202=CARTESIAN_POINT('Ctrl Pts',(-44.786110836081,-7.48482818757816,68.9674885771797));
#4203=CARTESIAN_POINT('Ctrl Pts',(-43.8002044595137,-7.90287355048401,69.2411705163042));
#4204=CARTESIAN_POINT('Ctrl Pts',(-43.0879729527307,-8.00000020382749,69.4488738749983));
#4205=CARTESIAN_POINT('Ctrl Pts',(-42.7397976955105,-8.00000020382749,69.5533742782243));
#4206=CARTESIAN_POINT('Ctrl Pts',(-45.03119463935,-6.39207962327611,68.7339090383073));
#4207=CARTESIAN_POINT('Ctrl Pts',(-45.0496924594473,-6.50080484886019,68.731378332554));
#4208=CARTESIAN_POINT('Ctrl Pts',(-45.0219286893013,-6.82714100409502,68.733640234732));
#4209=CARTESIAN_POINT('Ctrl Pts',(-44.5576403169138,-7.36630808853285,68.8079892926926));
#4210=CARTESIAN_POINT('Ctrl Pts',(-43.6387603019996,-7.84220352897779,69.04223383802));
#4211=CARTESIAN_POINT('Ctrl Pts',(-42.9488830314678,-7.98187923158413,69.2583766366276));
#4212=CARTESIAN_POINT('Ctrl Pts',(-42.6074909900153,-8.00000020382749,69.3721284226127));
#4213=CARTESIAN_POINT('Ctrl Pts',(-44.4686053548256,-6.4182916155303,68.359610790524));
#4214=CARTESIAN_POINT('Ctrl Pts',(-44.4805507086431,-6.50136187489585,68.3608841771351));
#4215=CARTESIAN_POINT('Ctrl Pts',(-44.4668420275025,-6.73477365190362,68.3536887533308));
#4216=CARTESIAN_POINT('Ctrl Pts',(-44.1412875008619,-7.25451111289752,68.3543078234276));
#4217=CARTESIAN_POINT('Ctrl Pts',(-43.3342608609485,-7.85189647451004,68.5940150899695));
#4218=CARTESIAN_POINT('Ctrl Pts',(-42.6760271962044,-8.05889666675904,68.863249725004));
#4219=CARTESIAN_POINT('Ctrl Pts',(-42.3429298109956,-8.10246246485104,69.009708263532));
#4220=CARTESIAN_POINT('Ctrl Pts',(-44.1542585537661,-6.38899880091016,67.4860121704133));
#4221=CARTESIAN_POINT('Ctrl Pts',(-44.1642865898209,-6.50161838960332,67.4835930221138));
#4222=CARTESIAN_POINT('Ctrl Pts',(-44.1549544974504,-6.82319786250065,67.4817913382157));
#4223=CARTESIAN_POINT('Ctrl Pts',(-43.8684507696148,-7.49288598026576,67.5759450354967));
#4224=CARTESIAN_POINT('Ctrl Pts',(-43.0726072521681,-8.21500122886644,67.9974900594451));
#4225=CARTESIAN_POINT('Ctrl Pts',(-42.3970974367637,-8.4519368280419,68.3990502205316));
#4226=CARTESIAN_POINT('Ctrl Pts',(-42.0513109891686,-8.49702670030215,68.6102220645776));
#4227=CARTESIAN_POINT('Ctrl Pts',(-44.3309804018672,-6.31978011914103,66.6813496234992));
#4228=CARTESIAN_POINT('Ctrl Pts',(-44.346058966752,-6.50149333580609,66.6712740591518));
#4229=CARTESIAN_POINT('Ctrl Pts',(-44.3261984372987,-7.04584775127449,66.684107795329));
#4230=CARTESIAN_POINT('Ctrl Pts',(-43.9304301252469,-7.9533369962475,66.9512021772492));
#4231=CARTESIAN_POINT('Ctrl Pts',(-43.0138912851745,-8.74590797753936,67.5908969150887));
#4232=CARTESIAN_POINT('Ctrl Pts',(-42.2681862292168,-8.96935819384097,68.118763272904));
#4233=CARTESIAN_POINT('Ctrl Pts',(-41.8891630624475,-8.99522542305933,68.3880969681647));
#4234=CARTESIAN_POINT('Ctrl Pts',(-44.6471992511916,-6.26617244575562,66.3038587139316));
#4235=CARTESIAN_POINT('Ctrl Pts',(-44.6678738227033,-6.50120745323101,66.2887631582728));
#4236=CARTESIAN_POINT('Ctrl Pts',(-44.6362843307471,-7.21950744355373,66.311802718499));
#4237=CARTESIAN_POINT('Ctrl Pts',(-44.1191913064258,-8.29726163353183,66.6892401638986));
#4238=CARTESIAN_POINT('Ctrl Pts',(-43.0763174686543,-9.11897835695109,67.4506010921425));
#4239=CARTESIAN_POINT('Ctrl Pts',(-42.2642392130265,-9.32305170799313,68.0433595939649));
#4240=CARTESIAN_POINT('Ctrl Pts',(-41.8553925157923,-9.33170059738518,68.3418349771334));
#4241=CARTESIAN_POINT('Ctrl Pts',(-44.8404909454444,-6.23933221090145,66.1627587302664));
#4242=CARTESIAN_POINT('Ctrl Pts',(-44.864205577178,-6.5011208350135,66.1454474114165));
#4243=CARTESIAN_POINT('Ctrl Pts',(-44.8263701894053,-7.30669073289269,66.1730666664359));
#4244=CARTESIAN_POINT('Ctrl Pts',(-44.2432609597932,-8.4696561713287,66.5987274952229));
#4245=CARTESIAN_POINT('Ctrl Pts',(-43.1299972156827,-9.3057468971405,67.4113930198141));
#4246=CARTESIAN_POINT('Ctrl Pts',(-42.2809335326835,-9.50000020382748,68.031196536282));
#4247=CARTESIAN_POINT('Ctrl Pts',(-41.8553925157923,-9.50000020382749,68.3418349771334));
#4248=CARTESIAN_POINT('',(-45.3401911035911,-6.36966620711207,68.8182561634399));
#4249=CARTESIAN_POINT('',(-42.8918267923561,-9.30594381661417,67.5852537900393));
#4250=CARTESIAN_POINT('Ctrl Pts',(-45.3401911132382,-6.36966626922925,68.8182561633818));
#4251=CARTESIAN_POINT('Ctrl Pts',(-45.3387279751189,-6.37135760164611,68.8177136860268));
#4252=CARTESIAN_POINT('Ctrl Pts',(-45.3372625759318,-6.37304673590347,68.8171704919996));
#4253=CARTESIAN_POINT('Ctrl Pts',(-44.9281631324796,-6.84327091652879,68.6655587034658));
#4254=CARTESIAN_POINT('Ctrl Pts',(-44.3877857933899,-7.09536361198206,68.4745117719617));
#4255=CARTESIAN_POINT('Ctrl Pts',(-43.6118379860888,-7.6917934436171,68.1179022249316));
#4256=CARTESIAN_POINT('Ctrl Pts',(-43.3587918146489,-7.92030594073553,67.988369748741));
#4257=CARTESIAN_POINT('Ctrl Pts',(-43.0303903646205,-8.41478443675898,67.7815727955043));
#4258=CARTESIAN_POINT('Ctrl Pts',(-42.9567564901605,-8.60919292670923,67.7200427436259));
#4259=CARTESIAN_POINT('Ctrl Pts',(-42.8787592232959,-8.95071362122775,67.6341131494318));
#4260=CARTESIAN_POINT('Ctrl Pts',(-42.8686454772448,-9.12799721428645,67.6021757959029));
#4261=CARTESIAN_POINT('Ctrl Pts',(-42.8918268019835,-9.30594381141299,67.5852537830114));
#4262=CARTESIAN_POINT('',(-41.8553925157923,-9.50000020382749,68.3418349771334));
#4263=CARTESIAN_POINT('Ctrl Pts',(-42.8916908503406,-9.30540054603822,67.5853530256337));
#4264=CARTESIAN_POINT('Ctrl Pts',(-42.5565578289814,-9.43394817147129,67.8299950110137));
#4265=CARTESIAN_POINT('Ctrl Pts',(-42.2063183227134,-9.50000020382748,68.0856644995779));
#4266=CARTESIAN_POINT('Ctrl Pts',(-41.8553925157923,-9.50000020382749,68.3418349771334));
#4267=CARTESIAN_POINT('',(-42.7397976955105,-8.00000020382749,69.5533742782243));
#4268=CARTESIAN_POINT('Origin',(-42.7397976955105,-9.50000020382749,69.5533742782243));
#4269=CARTESIAN_POINT('Ctrl Pts',(-42.7397976955105,-8.00000020382749,69.5533742782243));
#4270=CARTESIAN_POINT('Ctrl Pts',(-43.0879729527307,-8.00000020382749,69.4488738749983));
#4271=CARTESIAN_POINT('Ctrl Pts',(-43.8002044595137,-7.90287355048401,69.2411705163042));
#4272=CARTESIAN_POINT('Ctrl Pts',(-44.786110836081,-7.48482818757816,68.9674885771797));
#4273=CARTESIAN_POINT('Ctrl Pts',(-45.3269392146123,-6.90334546836015,68.8218342217153));
#4274=CARTESIAN_POINT('Ctrl Pts',(-45.3622537281317,-6.50056051942065,68.812319445565));
#4275=CARTESIAN_POINT('Ctrl Pts',(-45.3401911028107,-6.36966620736447,68.8182561661877));
#4276=CARTESIAN_POINT('Origin',(-38.2061849729022,-9.50000020382749,72.8628423005171));
#4277=CARTESIAN_POINT('',(-35.8438401413073,-9.50000020382749,72.730176365114));
#4278=CARTESIAN_POINT('',(-36.7282453210255,-8.00000020382749,73.9417156662048));
#4279=CARTESIAN_POINT('Origin',(-36.7282453210255,-9.50000020382749,73.9417156662048));
#4280=CARTESIAN_POINT('',(-38.2061849729022,-8.00000020382749,72.8628423005171));
#4281=CARTESIAN_POINT('',(-37.321779793184,-9.50000020382749,71.6513029994263));
#4282=CARTESIAN_POINT('Origin',(-34.2813909904718,-9.50000020382749,70.5897902665202));
#4283=CARTESIAN_POINT('',(-34.4384426840918,-9.50000020382749,73.2351323550848));
#4284=CARTESIAN_POINT('',(-34.5273398691597,-8.00000020382749,74.7324958014421));
#4285=CARTESIAN_POINT('Origin',(-34.5273398691597,-9.50000020382749,74.7324958014421));
#4286=CARTESIAN_POINT('Origin',(-34.2813909904718,-8.00000020382749,70.5897902665202));
#4287=CARTESIAN_POINT('Origin',(-34.2813909904718,-9.50000020382749,70.5897902665202));
#4288=CARTESIAN_POINT('Ctrl Pts',(-34.5273398691597,-8.00000020382749,74.7324958014421));
#4289=CARTESIAN_POINT('Ctrl Pts',(-34.4863504965304,-8.00000020382749,74.7373628093195));
#4290=CARTESIAN_POINT('Ctrl Pts',(-34.4452887522255,-7.99831714787498,74.7397902665202));
#4291=CARTESIAN_POINT('Ctrl Pts',(-34.4043654298157,-7.99495080075972,74.7397902665202));
#4292=CARTESIAN_POINT('Ctrl Pts',(-34.500741893585,-8.00000020382749,74.2844857059344));
#4293=CARTESIAN_POINT('Ctrl Pts',(-34.4687628911303,-7.99925077593577,74.2883518369725));
#4294=CARTESIAN_POINT('Ctrl Pts',(-34.4363262544289,-7.99756049920985,74.2905190586668));
#4295=CARTESIAN_POINT('Ctrl Pts',(-34.4043654298157,-7.99495080075972,74.2909913160074));
#4296=CARTESIAN_POINT('Ctrl Pts',(-34.4546912302692,-8.37655094445117,73.5088190762548));
#4297=CARTESIAN_POINT('Ctrl Pts',(-34.4275036117602,-8.37539491750075,73.5110257480109));
#4298=CARTESIAN_POINT('Ctrl Pts',(-34.4006605891593,-8.3732980635892,73.5127351203173));
#4299=CARTESIAN_POINT('Ctrl Pts',(-34.3734946856739,-8.37023397040682,73.5139588945536));
#4300=CARTESIAN_POINT('Ctrl Pts',(-34.4384426840918,-9.16340099094287,73.2351323550848));
#4301=CARTESIAN_POINT('Ctrl Pts',(-34.3952600883133,-9.16305766925526,73.2376899042032));
#4302=CARTESIAN_POINT('Ctrl Pts',(-34.3520949646428,-9.16007282072653,73.239241237954));
#4303=CARTESIAN_POINT('Ctrl Pts',(-34.3089863901305,-9.15443526820609,73.2397902665202));
#4304=CARTESIAN_POINT('Ctrl Pts',(-34.4384426840918,-9.50000020382749,73.2351323550848));
#4305=CARTESIAN_POINT('Ctrl Pts',(-34.3860948106135,-9.50000020382749,73.2382402034885));
#4306=CARTESIAN_POINT('Ctrl Pts',(-34.3336545106578,-9.49663409192247,73.2397902665202));
#4307=CARTESIAN_POINT('Ctrl Pts',(-34.2813909904718,-9.48990139769195,73.2397902665202));
#4308=CARTESIAN_POINT('',(-34.2813909904718,-9.48990139769195,73.2397902665202));
#4309=CARTESIAN_POINT('',(-34.4043654298157,-7.99495080075972,74.7397902665202));
#4310=CARTESIAN_POINT('Origin',(-34.2813909904717,-9.48990139769195,74.7397902665202));
#4311=CARTESIAN_POINT('Ctrl Pts',(-34.4043654298157,-7.99495080075972,74.7397902665202));
#4312=CARTESIAN_POINT('Ctrl Pts',(-34.4452887522255,-7.99831714787498,74.7397902665202));
#4313=CARTESIAN_POINT('Ctrl Pts',(-34.4863504965304,-8.00000020382749,74.7373628093195));
#4314=CARTESIAN_POINT('Ctrl Pts',(-34.5273398691597,-8.00000020382749,74.7324958014421));
#4315=CARTESIAN_POINT('Ctrl Pts',(-34.4384426840918,-9.50000020382749,73.2351323550848));
#4316=CARTESIAN_POINT('Ctrl Pts',(-34.3860948106135,-9.50000020382749,73.2382402034885));
#4317=CARTESIAN_POINT('Ctrl Pts',(-34.3336545106578,-9.49663409192247,73.2397902665202));
#4318=CARTESIAN_POINT('Ctrl Pts',(-34.2813909904718,-9.48990139769195,73.2397902665202));
#4319=CARTESIAN_POINT('Origin',(-34.5273398691597,-6.50000020382749,74.7397902665202));
#4320=CARTESIAN_POINT('',(-33.9403141888088,-9.44200646667068,73.2397902665202));
#4321=CARTESIAN_POINT('',(-33.1066573682144,-6.98131219360943,74.7397902665202));
#4322=CARTESIAN_POINT('Ctrl Pts',(-33.9403141888088,-9.44200646667068,73.2397902665202));
#4323=CARTESIAN_POINT('Ctrl Pts',(-33.8789764092721,-9.26095652009835,73.2397902665202));
#4324=CARTESIAN_POINT('Ctrl Pts',(-33.8127184854173,-9.06538384589161,73.2689717587173));
#4325=CARTESIAN_POINT('Ctrl Pts',(-33.6846848953442,-8.68746872054333,73.3816619628054));
#4326=CARTESIAN_POINT('Ctrl Pts',(-33.6228705693623,-8.50501215786765,73.4647436327574));
#4327=CARTESIAN_POINT('Ctrl Pts',(-33.4027717055191,-7.85534913060396,73.8339211922371));
#4328=CARTESIAN_POINT('Ctrl Pts',(-33.2400280648492,-7.3749807887629,74.3241429333988));
#4329=CARTESIAN_POINT('Ctrl Pts',(-33.1066573682144,-6.98131219360943,74.7397902665202));
#4330=CARTESIAN_POINT('Origin',(-34.5273398691597,-6.50000020382749,74.7397902665202));
#4331=CARTESIAN_POINT('Origin',(-34.5273398691597,-6.50000020382749,73.2397902665202));
#4332=CARTESIAN_POINT('Origin',(-35.1457242956577,-13.0000002038275,73.2397902665202));
#4333=CARTESIAN_POINT('',(-34.2813909904718,-10.4487585399371,73.2397902665202));
#4334=CARTESIAN_POINT('',(-34.2813909904718,-13.0000002038275,73.2397902665202));
#4335=CARTESIAN_POINT('',(-32.9402448226856,-6.49011439178928,73.2397902665202));
#4336=CARTESIAN_POINT('Origin',(-34.2813909904718,-13.0000002038275,70.5897902665202));
#4337=CARTESIAN_POINT('',(-35.8438401413073,-13.0000002038276,72.730176365114));
#4338=CARTESIAN_POINT('',(-35.8438401413073,-13.0000002038275,72.730176365114));
#4339=CARTESIAN_POINT('',(-35.1457242956576,-13.0000002038275,73.0948706918851));
#4340=CARTESIAN_POINT('Origin',(-34.2813909904718,-13.0000002038277,70.5897902665202));
#4341=CARTESIAN_POINT('Origin',(-34.2813909904718,-10.4487585399371,70.5897902665202));
#4342=CARTESIAN_POINT('Origin',(-35.1457242956577,-13.0000002038275,73.2397902665202));
#4343=CARTESIAN_POINT('',(-43.3880965789134,-13.0000002038275,67.2229844279363));
#4344=CARTESIAN_POINT('Origin',(-67.5769637411425,-55.1274945614832,49.5654809606283));
#4345=CARTESIAN_POINT('',(-40.5918823517212,-13.0000002038276,69.2641780928087));
#4346=CARTESIAN_POINT('Origin',(-43.5213713459068,-9.50000020382749,69.59424500812));
#4347=CARTESIAN_POINT('',(-44.1846683822895,-9.50000020382749,70.9671898757226));
#4348=CARTESIAN_POINT('',(-43.3002632025713,-8.00000020382749,69.7556505746318));
#4349=CARTESIAN_POINT('Origin',(-43.3002632025713,-9.50000020382749,69.7556505746318));
#4350=CARTESIAN_POINT('',(-34.5273398691597,-8.00000020382749,76.1597505739914));
#4351=CARTESIAN_POINT('',(-43.5213713459068,-8.00000020382749,69.59424500812));
#4352=CARTESIAN_POINT('',(-35.4117450488779,-9.50000020382749,77.3712898750823));
#4353=CARTESIAN_POINT('Origin',(-34.5273398691597,-9.50000020382749,76.1597505739914));
#4354=CARTESIAN_POINT('',(-44.405776525625,-9.50000020382749,70.8057843092108));
#4355=CARTESIAN_POINT('Ctrl Pts',(-43.3002632025713,-8.00000020382748,69.7556505746318));
#4356=CARTESIAN_POINT('Ctrl Pts',(-43.8354115431466,-8.00000020382748,69.5954962705883));
#4357=CARTESIAN_POINT('Ctrl Pts',(-44.7617994637426,-7.82509587178281,69.3291213846631));
#4358=CARTESIAN_POINT('Ctrl Pts',(-45.8205113000278,-7.18601908142578,69.0368067061303));
#4359=CARTESIAN_POINT('Ctrl Pts',(-46.0527649955012,-6.64849705670068,68.9734664099967));
#4360=CARTESIAN_POINT('Ctrl Pts',(-46.011652087394,-6.38485360356784,68.9847159635011));
#4361=CARTESIAN_POINT('Ctrl Pts',(-43.5648766135617,-8.00000020382749,70.1181422858548));
#4362=CARTESIAN_POINT('Ctrl Pts',(-44.0783033635404,-8.05743447455347,69.9297117686836));
#4363=CARTESIAN_POINT('Ctrl Pts',(-44.9976995765151,-7.95415696752394,69.5678541836396));
#4364=CARTESIAN_POINT('Ctrl Pts',(-46.0588758754124,-7.28543175388539,69.1237908611614));
#4365=CARTESIAN_POINT('Ctrl Pts',(-46.2919851814793,-6.66914135047818,69.0242522466936));
#4366=CARTESIAN_POINT('Ctrl Pts',(-46.250788972029,-6.36864800496741,69.0418023637088));
#4367=CARTESIAN_POINT('Ctrl Pts',(-44.0230127061655,-8.37656093406435,70.7457391093091));
#4368=CARTESIAN_POINT('Ctrl Pts',(-44.5297216791458,-8.46515593509213,70.431975780794));
#4369=CARTESIAN_POINT('Ctrl Pts',(-45.4497559893024,-8.35342639527313,69.8458655372621));
#4370=CARTESIAN_POINT('Ctrl Pts',(-46.5046571563458,-7.5023465353391,69.1603245851922));
#4371=CARTESIAN_POINT('Ctrl Pts',(-46.7342097819555,-6.71644418886062,69.0096047562591));
#4372=CARTESIAN_POINT('Ctrl Pts',(-46.6934596398027,-6.33198554773237,69.0362403775793));
#4373=CARTESIAN_POINT('Ctrl Pts',(-44.1846683822895,-9.16340099094287,70.9671898757226));
#4374=CARTESIAN_POINT('Ctrl Pts',(-44.7779939179463,-9.18971230250449,70.5334874031134));
#4375=CARTESIAN_POINT('Ctrl Pts',(-45.7894804282785,-8.91120300187788,69.7954117896104));
#4376=CARTESIAN_POINT('Ctrl Pts',(-46.8937558260201,-7.76100859375913,68.9891345541276));
#4377=CARTESIAN_POINT('Ctrl Pts',(-47.1295100947392,-6.7728404561955,68.8174951683498));
#4378=CARTESIAN_POINT('Ctrl Pts',(-47.0874430365803,-6.28838726572589,68.8482087271143));
#4379=CARTESIAN_POINT('Ctrl Pts',(-44.1846683822895,-9.50000020382748,70.9671898757226));
#4380=CARTESIAN_POINT('Ctrl Pts',(-44.8267864412147,-9.50000020382748,70.4984535030826));
#4381=CARTESIAN_POINT('Ctrl Pts',(-45.8947348491964,-9.15019153973778,69.718867481531));
#4382=CARTESIAN_POINT('Ctrl Pts',(-47.0376387394324,-7.87203795902387,68.8845651031148));
#4383=CARTESIAN_POINT('Ctrl Pts',(-47.2792074925621,-6.79699390957314,68.7082236040535));
#4384=CARTESIAN_POINT('Ctrl Pts',(-47.2359339322038,-6.26970700330819,68.7398126419752));
#4385=CARTESIAN_POINT('',(-46.8194591105993,-8.00054929618289,69.0438328987821));
#4386=CARTESIAN_POINT('',(-46.0116520877136,-6.38485360346492,68.9847159622209));
#4387=CARTESIAN_POINT('Ctrl Pts',(-46.8194591110506,-8.00054929463291,69.0438328984526));
#4388=CARTESIAN_POINT('Ctrl Pts',(-46.8085008669522,-7.86119919372492,69.0518322492227));
#4389=CARTESIAN_POINT('Ctrl Pts',(-46.7860559548846,-7.7227484031833,69.0571436938806));
#4390=CARTESIAN_POINT('Ctrl Pts',(-46.692330647611,-7.35039042599592,69.0641846401537));
#4391=CARTESIAN_POINT('Ctrl Pts',(-46.5976966983507,-7.1242466813653,69.0603558089269));
#4392=CARTESIAN_POINT('Ctrl Pts',(-46.3248890973804,-6.68631619875839,69.0329949309731));
#4393=CARTESIAN_POINT('Ctrl Pts',(-46.1618485836182,-6.51632910033999,69.009348897037));
#4394=CARTESIAN_POINT('Ctrl Pts',(-46.0158714676439,-6.38852996069437,68.9854097853282));
#4395=CARTESIAN_POINT('Ctrl Pts',(-46.013763181946,-6.3866900991304,68.985063416677));
#4396=CARTESIAN_POINT('Ctrl Pts',(-46.0116520924376,-6.38485363591072,68.9847159621211));
#4397=CARTESIAN_POINT('Ctrl Pts',(-46.011652087394,-6.38485360356784,68.9847159635011));
#4398=CARTESIAN_POINT('Ctrl Pts',(-46.0527649955012,-6.64849705670068,68.9734664099967));
#4399=CARTESIAN_POINT('Ctrl Pts',(-45.8205113000278,-7.18601908142578,69.0368067061303));
#4400=CARTESIAN_POINT('Ctrl Pts',(-44.7617994637426,-7.82509587178281,69.3291213846631));
#4401=CARTESIAN_POINT('Ctrl Pts',(-43.8354115431466,-8.00000020382748,69.5954962705883));
#4402=CARTESIAN_POINT('Ctrl Pts',(-43.3002632025713,-8.00000020382748,69.7556505746318));
#4403=CARTESIAN_POINT('Ctrl Pts',(-44.1846683822895,-9.50000020382748,70.9671898757226));
#4404=CARTESIAN_POINT('Ctrl Pts',(-44.8267864412147,-9.50000020382748,70.4984535030826));
#4405=CARTESIAN_POINT('Ctrl Pts',(-45.8253203478503,-9.17292840024793,69.7695390069885));
#4406=CARTESIAN_POINT('Ctrl Pts',(-46.603908364948,-8.35352752202875,69.201181649891));
#4407=CARTESIAN_POINT('Ctrl Pts',(-46.8178452263313,-7.99905621021729,69.0450110096405));
#4408=CARTESIAN_POINT('Ctrl Pts',(-35.4117450488779,-9.50000020382749,77.3712898750823));
#4409=CARTESIAN_POINT('Ctrl Pts',(-34.7374436849073,-9.50000020382749,77.863519568704));
#4410=CARTESIAN_POINT('Ctrl Pts',(-34.0496972498108,-9.27221363978934,78.3655639588319));
#4411=CARTESIAN_POINT('Ctrl Pts',(-33.4860466821058,-8.80036665294194,78.7770202617191));
#4412=CARTESIAN_POINT('Ctrl Pts',(-35.4117450488779,-9.05120125331466,77.3712898750823));
#4413=CARTESIAN_POINT('Ctrl Pts',(-34.8026110840178,-9.08990875511369,77.8139868529861));
#4414=CARTESIAN_POINT('Ctrl Pts',(-34.1662252000797,-8.91998010067147,78.2812948531851));
#4415=CARTESIAN_POINT('Ctrl Pts',(-33.6389159133739,-8.52044509350054,78.6654280584523));
#4416=CARTESIAN_POINT('Ctrl Pts',(-35.1897254111284,-8.2741745124891,77.0671470196174));
#4417=CARTESIAN_POINT('Ctrl Pts',(-34.7350062764083,-8.37447839213569,77.4829702237954));
#4418=CARTESIAN_POINT('Ctrl Pts',(-34.219628198843,-8.30720087410406,77.9301077441164));
#4419=CARTESIAN_POINT('Ctrl Pts',(-33.7830290075549,-8.03226527898557,78.3030159478018));
#4420=CARTESIAN_POINT('Ctrl Pts',(-34.7257999274025,-8.00000020382748,76.4316193574087));
#4421=CARTESIAN_POINT('Ctrl Pts',(-34.3723437432889,-8.04500008500997,76.9011575342885));
#4422=CARTESIAN_POINT('Ctrl Pts',(-33.985092816592,-7.96258389224192,77.3866360684218));
#4423=CARTESIAN_POINT('Ctrl Pts',(-33.6594053685956,-7.72963905153698,77.7866213602044));
#4424=CARTESIAN_POINT('Ctrl Pts',(-34.5273398691597,-8.00000020382748,76.1597505739914));
#4425=CARTESIAN_POINT('Ctrl Pts',(-34.1901891871743,-8.00000020382748,76.6519802676133));
#4426=CARTESIAN_POINT('Ctrl Pts',(-33.8463159696261,-7.88610692180836,77.1540246577411));
#4427=CARTESIAN_POINT('Ctrl Pts',(-33.5644906857737,-7.65018342838472,77.5654809606283));
#4428=CARTESIAN_POINT('',(-35.1457242956577,-9.48818242030227,77.5654809606283));
#4429=CARTESIAN_POINT('',(-33.5644906857742,-7.65018342838515,77.5654809606279));
#4430=CARTESIAN_POINT('Ctrl Pts',(-35.1457242956577,-9.48818242030227,77.5654809606282));
#4431=CARTESIAN_POINT('Ctrl Pts',(-35.1457242956577,-9.36972324874018,77.5654809606282));
#4432=CARTESIAN_POINT('Ctrl Pts',(-35.1221119168561,-9.25449548535542,77.5654809604607));
#4433=CARTESIAN_POINT('Ctrl Pts',(-35.026229483108,-9.00297475630033,77.5654809604607));
#4434=CARTESIAN_POINT('Ctrl Pts',(-34.9444478173991,-8.87398006837924,77.5654809607777));
#4435=CARTESIAN_POINT('Ctrl Pts',(-34.6933407449196,-8.561095724213,77.5654809607777));
#4436=CARTESIAN_POINT('Ctrl Pts',(-34.4896191804759,-8.38220482790446,77.5654809606282));
#4437=CARTESIAN_POINT('Ctrl Pts',(-34.0427063532322,-8.02384973447454,77.5654809606282));
#4438=CARTESIAN_POINT('Ctrl Pts',(-33.7931378472404,-7.84159009125491,77.5654809606282));
#4439=CARTESIAN_POINT('Ctrl Pts',(-33.5644906857737,-7.65018342838471,77.5654809606282));
#4440=CARTESIAN_POINT('Ctrl Pts',(-35.1457244452775,-9.48817985375425,77.5654808514081));
#4441=CARTESIAN_POINT('Ctrl Pts',(-35.234422195353,-9.49607237020164,77.5007328489904));
#4442=CARTESIAN_POINT('Ctrl Pts',(-35.3231995420396,-9.50000020382749,77.4359267422627));
#4443=CARTESIAN_POINT('Ctrl Pts',(-35.4117450488779,-9.50000020382749,77.3712898750823));
#4444=CARTESIAN_POINT('Ctrl Pts',(-34.5273398691597,-8.00000020382748,76.1597505739914));
#4445=CARTESIAN_POINT('Ctrl Pts',(-34.1901891871743,-8.00000020382748,76.6519802676133));
#4446=CARTESIAN_POINT('Ctrl Pts',(-33.8463159696261,-7.88610692180836,77.1540246577411));
#4447=CARTESIAN_POINT('Ctrl Pts',(-33.5644906857737,-7.65018342838472,77.5654809606283));
#4448=CARTESIAN_POINT('Ctrl Pts',(-42.7397976955105,-8.00000020382749,69.5533742782243));
#4449=CARTESIAN_POINT('Ctrl Pts',(-43.6973944604702,-8.00000020382749,69.9127703510357));
#4450=CARTESIAN_POINT('Ctrl Pts',(-44.6808529317482,-8.00000020382749,70.2103385322407));
#4451=CARTESIAN_POINT('Ctrl Pts',(-45.6810864149599,-8.00000020382749,70.4433294316004));
#4452=CARTESIAN_POINT('Ctrl Pts',(-42.8245943981328,-8.00000020382749,69.3274367840408));
#4453=CARTESIAN_POINT('Ctrl Pts',(-43.7716534295711,-7.99999157007673,69.6849616115873));
#4454=CARTESIAN_POINT('Ctrl Pts',(-44.7446209530844,-8.00000873306692,69.9814503146913));
#4455=CARTESIAN_POINT('Ctrl Pts',(-45.7344804005792,-8.00000020382749,70.2141082372731));
#4456=CARTESIAN_POINT('Ctrl Pts',(-42.9937990489399,-7.88090338125081,68.8765976166522));
#4457=CARTESIAN_POINT('Ctrl Pts',(-43.9198247147018,-7.88285662538899,69.2303670111082));
#4458=CARTESIAN_POINT('Ctrl Pts',(-44.8718960498044,-7.88483843749228,69.5246568709061));
#4459=CARTESIAN_POINT('Ctrl Pts',(-45.8410436818022,-7.88681673649482,69.756630446282));
#4460=CARTESIAN_POINT('Ctrl Pts',(-43.2232738114165,-7.30535490634594,68.2651710964111));
#4461=CARTESIAN_POINT('Ctrl Pts',(-44.1218988487132,-7.31603147632418,68.6110349416053));
#4462=CARTESIAN_POINT('Ctrl Pts',(-45.0461515440953,-7.32688079692626,68.8995135876956));
#4463=CARTESIAN_POINT('Ctrl Pts',(-45.9875596012092,-7.33776459382698,69.1276353704354));
#4464=CARTESIAN_POINT('Ctrl Pts',(-43.2782052309064,-6.68213838786985,68.1188084798507));
#4465=CARTESIAN_POINT('Ctrl Pts',(-44.1721612520852,-6.70014050358634,68.4574242504203));
#4466=CARTESIAN_POINT('Ctrl Pts',(-45.0913115515122,-6.71847603736902,68.7387741674117));
#4467=CARTESIAN_POINT('Ctrl Pts',(-46.026517953259,-6.73704954582661,68.9603865711126));
#4468=CARTESIAN_POINT('Ctrl Pts',(-43.2631696887427,-6.32268738742334,68.1588700932757));
#4469=CARTESIAN_POINT('Ctrl Pts',(-44.1608360761736,-6.34299115637772,68.4931920214724));
#4470=CARTESIAN_POINT('Ctrl Pts',(-45.0827456370708,-6.36384326689826,68.7699996318956));
#4471=CARTESIAN_POINT('Ctrl Pts',(-46.0203803600744,-6.38505105527714,68.9867353522302));
#4472=CARTESIAN_POINT('Origin',(-51.1024903441517,-8.00000020382749,49.5654809606283));
#4473=CARTESIAN_POINT('Origin',(-51.1024903441517,-6.50000020382749,49.5654809606283));
#4474=CARTESIAN_POINT('Origin',(-47.253743810738,-13.0000002038275,68.7268117027472));
#4475=CARTESIAN_POINT('',(-35.1457242956576,-13.0000002038275,77.5654809606283));
#4476=CARTESIAN_POINT('',(-35.1457242956577,-13.0000002038275,77.5654809606283));
#4477=CARTESIAN_POINT('',(-47.253743810738,-13.0000002038275,68.7268117027472));
#4478=CARTESIAN_POINT('',(-47.6758790841622,-13.0000002038277,68.4186594025932));
#4479=CARTESIAN_POINT('Origin',(-73.5026914510871,-72.618389950769,49.5654809606283));
#4480=CARTESIAN_POINT('Origin',(-34.5273398691597,-6.50000020382749,74.9798568274553));
#4481=CARTESIAN_POINT('',(-33.1066573682144,-6.98131219360943,77.5654809606282));
#4482=CARTESIAN_POINT('',(-33.1066573682144,-6.98131219360943,74.9798568274553));
#4483=CARTESIAN_POINT('Origin',(-34.5273398691597,-6.50000020382749,77.5654809606283));
#4484=CARTESIAN_POINT('',(-34.5273398691597,-8.00000020382749,74.9798568274553));
#4485=CARTESIAN_POINT('Origin',(-30.7347653497136,0.0197714202489646,77.5654809606283));
#4486=CARTESIAN_POINT('',(-35.1457242956576,-13.0000002038275,62.5654809606283));
#4487=CARTESIAN_POINT('',(-35.1457242956576,-13.0000002038275,77.5654809606283));
#4488=CARTESIAN_POINT('',(-30.7347653497136,0.0197714202489646,62.5654809606283));
#4489=CARTESIAN_POINT('',(-30.7347653497136,0.0197714202489646,62.5654809606283));
#4490=CARTESIAN_POINT('',(-30.7347653497136,0.0197714202489646,77.5654809606283));
#4491=CARTESIAN_POINT('',(-30.7347653497136,0.0197714202489646,77.5654809606283));
#4492=CARTESIAN_POINT('',(-30.1580365555126,1.72209449365466,77.5654809606283));
#4493=CARTESIAN_POINT('Origin',(-41.1997340531978,-8.00000020382749,72.3942326942823));
#4494=CARTESIAN_POINT('Origin',(6.4122742375107,14.1177416956925,56.0654809606283));
#4495=CARTESIAN_POINT('',(-6.63845672112208,8.226271373632,56.0654809606283));
#4496=CARTESIAN_POINT('',(7.49954265120606,1.23625856910905,69.5654809606283));
#4497=CARTESIAN_POINT('Origin',(7.49954265120607,1.23625856910894,56.0654809606283));
#4498=CARTESIAN_POINT('',(8.60532443833483,-11.8645629512828,69.5654809606283));
#4499=CARTESIAN_POINT('',(6.4122742375107,14.1177416956925,69.5654809606283));
#4500=CARTESIAN_POINT('',(-4.8468420142667,-13.0000001937151,56.0654809606283));
#4501=CARTESIAN_POINT('Origin',(8.60532443833483,-11.8645629512828,56.0654809606283));
#4502=CARTESIAN_POINT('',(-7.03989221509082,12.9823044532602,56.0654809606283));
#4503=CARTESIAN_POINT('Ctrl Pts',(-4.8468420142667,-13.0000001937151,56.0654809606283));
#4504=CARTESIAN_POINT('Ctrl Pts',(-4.8468420142667,-13.0000001937151,56.0654809606283));
#4505=CARTESIAN_POINT('Ctrl Pts',(-4.8468420142667,-13.0000001937151,56.0654809606283));
#4506=CARTESIAN_POINT('Ctrl Pts',(-4.8468420142667,-13.0000001937151,69.5654809606283));
#4507=CARTESIAN_POINT('Ctrl Pts',(-4.8468420142667,-13.0000001937151,69.5654809606283));
#4508=CARTESIAN_POINT('Ctrl Pts',(-4.8468420142667,-13.0000001937151,69.5654809606283));
#4509=CARTESIAN_POINT('Ctrl Pts',(8.60532443833483,-11.8645629512828,69.5654809606283));
#4510=CARTESIAN_POINT('Ctrl Pts',(8.65190699944207,-12.4164528685632,69.5654809606283));
#4511=CARTESIAN_POINT('Ctrl Pts',(8.6531253237805,-12.9703038697187,69.5654809606283));
#4512=CARTESIAN_POINT('',(8.6531253237805,-12.9703038697187,69.5654809606283));
#4513=CARTESIAN_POINT('Origin',(8.6531253237805,-12.9703038697187,56.0654809606283));
#4514=CARTESIAN_POINT('Origin',(-4.8468420142667,-13.0000001937151,69.5654809606283));
#4515=CARTESIAN_POINT('Ctrl Pts',(-4.8468420142667,-13.0000001937151,56.0654809606283));
#4516=CARTESIAN_POINT('Ctrl Pts',(-4.8468420142667,-13.0000001937151,56.0654809606283));
#4517=CARTESIAN_POINT('Ctrl Pts',(-4.8468420142667,-13.0000001937151,56.0654809606283));
#4518=CARTESIAN_POINT('Ctrl Pts',(-4.8468420142667,-13.0000001937151,69.5654809606283));
#4519=CARTESIAN_POINT('Ctrl Pts',(-4.8468420142667,-13.0000001937151,69.5654809606283));
#4520=CARTESIAN_POINT('Ctrl Pts',(-4.8468420142667,-13.0000001937151,69.5654809606283));
#4521=CARTESIAN_POINT('Ctrl Pts',(8.6531253237805,-12.9703038697187,69.5654809606283));
#4522=CARTESIAN_POINT('Ctrl Pts',(8.65315798574921,-12.9851520209852,69.5654809606283));
#4523=CARTESIAN_POINT('Ctrl Pts',(8.6531579857333,-13.0000002081754,69.5654809606283));
#4524=CARTESIAN_POINT('',(8.62691375344627,-13.0000002068317,69.5654554509846));
#4525=CARTESIAN_POINT('Origin',(8.6531579857333,-13.000000193715,56.0654809606283));
#4526=CARTESIAN_POINT('Ctrl Pts',(8.6531253237805,-12.9703038697187,69.5654809606283));
#4527=CARTESIAN_POINT('Ctrl Pts',(8.64441316920109,-12.9801742858077,69.5654809606283));
#4528=CARTESIAN_POINT('Ctrl Pts',(8.63567573166878,-12.9900733461618,69.5654724844522));
#4529=CARTESIAN_POINT('Ctrl Pts',(8.62691375493687,-13.0000002081473,69.5654554509875));
#4530=CARTESIAN_POINT('Origin',(-21.6865435304069,0.749756143197151,69.5654809606283));
#4531=CARTESIAN_POINT('',(9.99999919533729,-2.73399258787776E-8,69.5654809606283));
#4532=CARTESIAN_POINT('',(-19.3267137313839,14.4995124902219,69.5654809606283));
#4533=CARTESIAN_POINT('',(11.2543779059605,-10.0232205615987,69.5654809606283));
#4534=CARTESIAN_POINT('',(9.9999991953373,-2.73399258787776E-8,69.5654809606283));
#4535=CARTESIAN_POINT('',(6.05731917673349,-15.911216651309,69.5654809606283));
#4536=CARTESIAN_POINT('Origin',(-6.20000000000002,-3.27836451084959,80.5654809606283));
#4537=CARTESIAN_POINT('',(-4.35000000000002,-3.27836451084959,79.5654809606283));
#4538=CARTESIAN_POINT('Origin',(-6.20000000000002,-3.27836451084959,79.5654809606283));
#4539=CARTESIAN_POINT('',(-4.35000000000002,-3.27836451084959,68.5654809606283));
#4540=CARTESIAN_POINT('',(-4.35000000000002,-3.27836451084959,80.5654809606283));
#4541=CARTESIAN_POINT('Origin',(-6.20000000000002,-3.27836451084959,68.5654809606283));
#4542=CARTESIAN_POINT('Origin',(-6.20000000000002,-3.27836451084959,68.5654809606283));
#4543=CARTESIAN_POINT('Origin',(-25.1449991608748,14.0084170234046,17.0843412899354));
#4544=CARTESIAN_POINT('',(-6.63845672112208,8.22627137363204,29.6563252032886));
#4545=CARTESIAN_POINT('',(-4.8468420142667,-13.0000001937151,29.6563252032887));
#4546=CARTESIAN_POINT('',(-7.14692750028659,14.2504119443187,29.6563252032885));
#4547=CARTESIAN_POINT('',(-12.0328397098697,-13.0000002038273,24.6424638592995));
#4548=CARTESIAN_POINT('',(-20.2473482379948,-13.0000002038274,18.910983206398));
#4549=CARTESIAN_POINT('',(-12.0328397098697,5.9292444603234,25.7572445382872));
#4550=CARTESIAN_POINT('',(-12.0328397098697,-0.0150117813079286,25.4071755246159));
#4551=CARTESIAN_POINT('Origin',(-16.4328397098697,5.92924446032337,22.6872477409836));
#4552=CARTESIAN_POINT('',(-19.3267137313841,14.4995124902219,21.1728350634689));
#4553=CARTESIAN_POINT('',(-16.950631503677,19.3053762251475,23.1137175325551));
#4554=CARTESIAN_POINT('',(0.150583172787534,4.8696807741354,34.1955422882076));
#4555=CARTESIAN_POINT('Origin',(-7.03989221509082,12.9823044532602,62.5654809606283));
#4556=CARTESIAN_POINT('',(-4.8468420142667,-13.0000001937151,62.5654809606283));
#4557=CARTESIAN_POINT('',(-6.63845672112208,8.22627137363198,70.0654809606283));
#4558=CARTESIAN_POINT('Origin',(-8.53070732462928,-13.0000002038273,30.2995288779539));
#4559=CARTESIAN_POINT('',(-9.68070732462928,-13.0000002038273,30.2995288779539));
#4560=CARTESIAN_POINT('Origin',(-8.53070732462928,-13.0000002038277,30.2995288779539));
#4561=CARTESIAN_POINT('',(-9.68070732462928,-4.00000020382728,30.2995288779539));
#4562=CARTESIAN_POINT('',(-9.68070732462928,-13.0000002038273,30.2995288779539));
#4563=CARTESIAN_POINT('Origin',(-8.53070732462928,-4.00000020382728,30.2995288779539));
#4564=CARTESIAN_POINT('Origin',(-8.53070732462928,-4.00000020382728,54.0435557471309));
#4565=CARTESIAN_POINT('',(-9.68070732462928,-4.00000020382728,54.0435557471309));
#4566=CARTESIAN_POINT('Origin',(-8.53070732462928,-4.00000020382728,54.0435557471309));
#4567=CARTESIAN_POINT('Origin',(-32.0000004768372,15.4995124902218,74.0000011026859));
#4568=CARTESIAN_POINT('',(-30.8500004768372,14.4995124902218,74.0000011026859));
#4569=CARTESIAN_POINT('Origin',(-32.0000004768372,14.4995124902218,74.0000011026859));
#4570=CARTESIAN_POINT('',(-30.8500004768372,6.49951249022179,74.0000011026859));
#4571=CARTESIAN_POINT('',(-30.8500004768372,15.4995124902218,74.0000011026859));
#4572=CARTESIAN_POINT('Origin',(-32.0000004768372,6.49951249022179,74.0000011026859));
#4573=CARTESIAN_POINT('Origin',(-32.0000004768372,6.49951249022179,74.0000011026859));
#4574=CARTESIAN_POINT('Origin',(-8.53070732462928,-13.0000002038273,54.0435557471309));
#4575=CARTESIAN_POINT('',(-9.68070732462928,-13.0000002038273,54.0435557471309));
#4576=CARTESIAN_POINT('Origin',(-8.53070732462928,-13.0000002038277,54.0435557471309));
#4577=CARTESIAN_POINT('',(-9.68070732462928,-13.0000002038273,54.0435557471309));
#4578=CARTESIAN_POINT('Origin',(0.,-13.0000002038273,74.0000011026859));
#4579=CARTESIAN_POINT('',(-1.15,-13.0000002038273,74.0000011026859));
#4580=CARTESIAN_POINT('Origin',(0.,-13.0000002038277,74.0000011026859));
#4581=CARTESIAN_POINT('',(-1.15,-4.00000020382728,74.0000011026859));
#4582=CARTESIAN_POINT('',(-1.15,-13.0000002038273,74.0000011026859));
#4583=CARTESIAN_POINT('Origin',(0.,-4.00000020382728,74.0000011026859));
#4584=CARTESIAN_POINT('Origin',(0.,-4.00000020382728,74.0000011026859));
#4585=CARTESIAN_POINT('Origin',(-8.53070732462928,-4.00000020382728,54.0435557471309));
#4586=CARTESIAN_POINT('Origin',(-49.0000007301569,-13.0000002038273,74.0000011026859));
#4587=CARTESIAN_POINT('',(-50.1500007301569,-13.0000002038273,74.0000011026859));
#4588=CARTESIAN_POINT('Origin',(-49.0000007301569,-13.0000002038277,74.0000011026859));
#4589=CARTESIAN_POINT('',(-50.1500007301569,-4.00000020382728,74.0000011026859));
#4590=CARTESIAN_POINT('',(-50.1500007301569,-13.0000002038273,74.0000011026859));
#4591=CARTESIAN_POINT('Origin',(-49.0000007301569,-4.00000020382728,74.0000011026859));
#4592=CARTESIAN_POINT('Origin',(-49.0000007301569,-4.00000020382728,74.0000011026859));
#4593=CARTESIAN_POINT('Origin',(-16.4328397098697,5.92924446032356,39.8340700213402));
#4594=CARTESIAN_POINT('',(-12.0328397098697,5.92924446032371,54.9545116699586));
#4595=CARTESIAN_POINT('',(-12.0328397098697,5.92924446032355,39.8340700213402));
#4596=CARTESIAN_POINT('Origin',(-16.4328397098697,5.92924446032356,39.8715007063528));
#4597=CARTESIAN_POINT('Origin',(-12.6272357046072,7.84056245908132,58.6997754909841));
#4598=CARTESIAN_POINT('',(-11.6307789303405,7.9246689214837,56.3327587485213));
#4599=CARTESIAN_POINT('Origin',(-12.6272357046072,7.84056245908126,52.9169477369247));
#4600=CARTESIAN_POINT('',(-11.6307789303401,7.92466892147953,61.2482865070301));
#4601=CARTESIAN_POINT('',(-11.6307789303405,7.92466892148372,58.6997754909841));
#4602=CARTESIAN_POINT('Origin',(-12.6272357046072,7.84056245908135,61.2482865070301));
#4603=CARTESIAN_POINT('Origin',(-12.0328397098697,-13.0000002038273,16.0970417377121));
#4604=CARTESIAN_POINT('',(-12.0328397098697,-13.0000002038273,54.9545116699586));
#4605=CARTESIAN_POINT('',(-12.0328397098697,-13.0000002038273,54.9545116699586));
#4606=CARTESIAN_POINT('',(-12.0328397098697,-13.0000002038273,54.9545116699586));
#4607=CARTESIAN_POINT('Origin',(-12.0328397098697,-13.0000002038273,54.9545116699586));
#4608=CARTESIAN_POINT('',(-9.86462113752945,-13.0000002038273,62.3870717831636));
#4609=CARTESIAN_POINT('',(-9.78499435283947,-13.9433837055338,62.6600289800899));
#4610=CARTESIAN_POINT('',(-9.86462113752945,-13.0000002038273,62.3870717831636));
#4611=CARTESIAN_POINT('Origin',(9.99999919533728,-2.73400491135334E-8,77.5654809606283));
#4612=CARTESIAN_POINT('',(9.99999919533728,-2.73400524442025E-8,79.5654809606283));
#4613=CARTESIAN_POINT('',(-19.326713731384,14.4995124902218,79.5654809606283));
#4614=CARTESIAN_POINT('',(9.99999919533728,-2.73400524442025E-8,79.5654809606283));
#4615=CARTESIAN_POINT('',(9.99999919533728,-2.73400491135334E-8,77.5654809606283));
#4616=CARTESIAN_POINT('',(-19.326713731384,14.4995124902218,67.0995644298806));
#4617=CARTESIAN_POINT('',(-19.3267137313838,14.4995124902217,73.3325226952545));
#4618=CARTESIAN_POINT('',(-19.326713731384,14.4995124902218,77.5654809606283));
#4619=CARTESIAN_POINT('Ctrl Pts',(-12.2444151965191,8.76683763128672,61.6411544799874));
#4620=CARTESIAN_POINT('Ctrl Pts',(-12.3083756639863,8.79846052748332,61.8731195754041));
#4621=CARTESIAN_POINT('Ctrl Pts',(-12.4870114938956,8.88678043085357,62.2345404257446));
#4622=CARTESIAN_POINT('Ctrl Pts',(-12.8068392077664,9.04490745832918,62.5434996990115));
#4623=CARTESIAN_POINT('Ctrl Pts',(-13.0722410434809,9.17612561594341,62.6782422360812));
#4624=CARTESIAN_POINT('Ctrl Pts',(-13.2182902654099,9.24833427181395,62.7037148247566));
#4625=CARTESIAN_POINT('Ctrl Pts',(-13.3084808422054,9.29292567898873,62.6935785302016));
#4626=CARTESIAN_POINT('Ctrl Pts',(-12.137330884714,8.7138937393704,61.6778988092343));
#4627=CARTESIAN_POINT('Ctrl Pts',(-12.1931410006161,8.7415233366596,61.9316514978829));
#4628=CARTESIAN_POINT('Ctrl Pts',(-12.365137701866,8.82611974600559,62.3330999836378));
#4629=CARTESIAN_POINT('Ctrl Pts',(-12.7049970063615,8.99427939313717,62.704127578066));
#4630=CARTESIAN_POINT('Ctrl Pts',(-13.0152654751199,9.14786221339085,62.8845498771525));
#4631=CARTESIAN_POINT('Ctrl Pts',(-13.2033610616119,9.24086809009933,62.9287448993948));
#4632=CARTESIAN_POINT('Ctrl Pts',(-13.3287964389327,9.30296997716104,62.918529054675));
#4633=CARTESIAN_POINT('Ctrl Pts',(-11.944206993256,8.56550381438234,61.7513788883842));
#4634=CARTESIAN_POINT('Ctrl Pts',(-11.9888612014717,8.57465781913579,62.0487291320412));
#4635=CARTESIAN_POINT('Ctrl Pts',(-12.1567959316151,8.6326634339682,62.5294168483385));
#4636=CARTESIAN_POINT('Ctrl Pts',(-12.5517104169954,8.79017432793951,63.0246455748806));
#4637=CARTESIAN_POINT('Ctrl Pts',(-12.9634445548169,8.9648559395337,63.2965925862394));
#4638=CARTESIAN_POINT('Ctrl Pts',(-13.2413838326623,9.08808575638569,63.3781511583362));
#4639=CARTESIAN_POINT('Ctrl Pts',(-13.4401162717927,9.17994681237317,63.3678277482671));
#4640=CARTESIAN_POINT('Ctrl Pts',(-11.7733755387614,8.27296134582453,61.8383639572698));
#4641=CARTESIAN_POINT('Ctrl Pts',(-11.8277789874111,8.23850539486232,62.1839497130827));
#4642=CARTESIAN_POINT('Ctrl Pts',(-12.0387246587677,8.22677957288943,62.7436242505397));
#4643=CARTESIAN_POINT('Ctrl Pts',(-12.5531660094498,8.31782888156951,63.3243350541177));
#4644=CARTESIAN_POINT('Ctrl Pts',(-13.0945754343922,8.46620816330697,63.6404701180578));
#4645=CARTESIAN_POINT('Ctrl Pts',(-13.4599269604067,8.59032735167966,63.7311643295668));
#4646=CARTESIAN_POINT('Ctrl Pts',(-13.7192886889393,8.69344353420819,63.7116275007732));
#4647=CARTESIAN_POINT('Ctrl Pts',(-11.712127513216,7.96893764114561,61.8966984337366));
#4648=CARTESIAN_POINT('Ctrl Pts',(-11.7987080791214,7.89280249626227,62.2692572113493));
#4649=CARTESIAN_POINT('Ctrl Pts',(-12.0899293646379,7.82004478000515,62.8573262551342));
#4650=CARTESIAN_POINT('Ctrl Pts',(-12.7241887765432,7.85795416543173,63.4082883133168));
#4651=CARTESIAN_POINT('Ctrl Pts',(-13.3345722129029,7.97226462155372,63.669700728048));
#4652=CARTESIAN_POINT('Ctrl Pts',(-13.7172332849712,8.07777322361739,63.7229240549564));
#4653=CARTESIAN_POINT('Ctrl Pts',(-13.9757334008762,8.16919562290927,63.6871554823104));
#4654=CARTESIAN_POINT('Ctrl Pts',(-11.7263520715557,7.78140959598314,61.9183412179502));
#4655=CARTESIAN_POINT('Ctrl Pts',(-11.8432305724281,7.68471144132796,62.2965439934944));
#4656=CARTESIAN_POINT('Ctrl Pts',(-12.1993865589349,7.58805214085069,62.8747801952685));
#4657=CARTESIAN_POINT('Ctrl Pts',(-12.8943660131292,7.61754587677437,63.3529899720935));
#4658=CARTESIAN_POINT('Ctrl Pts',(-13.5071795501638,7.72223180155173,63.5394561707463));
#4659=CARTESIAN_POINT('Ctrl Pts',(-13.8632058933322,7.81535436606505,63.5526699473996));
#4660=CARTESIAN_POINT('Ctrl Pts',(-14.0917603786003,7.8933234825301,63.5059268405152));
#4661=CARTESIAN_POINT('Ctrl Pts',(-11.7459855261052,7.69002419174591,61.9253858391169));
#4662=CARTESIAN_POINT('Ctrl Pts',(-11.8801690599762,7.58541556666188,62.3035319658019));
#4663=CARTESIAN_POINT('Ctrl Pts',(-12.2709364945458,7.48287217623544,62.8702113631968));
#4664=CARTESIAN_POINT('Ctrl Pts',(-12.9889828837447,7.51751737732922,63.3012543316337));
#4665=CARTESIAN_POINT('Ctrl Pts',(-13.5913058617502,7.62290087980201,63.4441914212678));
#4666=CARTESIAN_POINT('Ctrl Pts',(-13.9253361554304,7.71140217698373,63.4360657470291));
#4667=CARTESIAN_POINT('Ctrl Pts',(-14.1329866236465,7.78234419779036,63.3845310338633));
#4668=CARTESIAN_POINT('',(-14.1329866236465,7.78234419779039,63.3845310338634));
#4669=CARTESIAN_POINT('Origin',(-13.7516834130186,8.39650419261941,62.6935785302016));
#4670=CARTESIAN_POINT('',(-11.7459855261052,7.69002419174591,61.9253858391169));
#4671=CARTESIAN_POINT('Origin',(-12.6876177673323,7.8704161449174,61.6411544799874));
#4672=CARTESIAN_POINT('Ctrl Pts',(-11.7459855261052,7.69002419174591,61.9253858391169));
#4673=CARTESIAN_POINT('Ctrl Pts',(-11.8801690599762,7.58541556666188,62.3035319658019));
#4674=CARTESIAN_POINT('Ctrl Pts',(-12.2709364945458,7.48287217623544,62.8702113631968));
#4675=CARTESIAN_POINT('Ctrl Pts',(-12.9889828837447,7.51751737732922,63.3012543316337));
#4676=CARTESIAN_POINT('Ctrl Pts',(-13.5913058617502,7.62290087980201,63.4441914212678));
#4677=CARTESIAN_POINT('Ctrl Pts',(-13.9253361554304,7.71140217698373,63.4360657470291));
#4678=CARTESIAN_POINT('Ctrl Pts',(-14.1329866236465,7.78234419779036,63.3845310338633));
#4679=CARTESIAN_POINT('Ctrl Pts',(-13.3084808422054,9.29292567898873,62.6935785302016));
#4680=CARTESIAN_POINT('Ctrl Pts',(-14.359975233584,9.81279833324888,62.575403691403));
#4681=CARTESIAN_POINT('Ctrl Pts',(-16.8490034961216,11.043406636996,62.690208275089));
#4682=CARTESIAN_POINT('Ctrl Pts',(-19.2069748443081,12.209218678888,63.5562766792926));
#4683=CARTESIAN_POINT('Ctrl Pts',(-20.527619324773,12.862162676519,64.1035615456797));
#4684=CARTESIAN_POINT('Ctrl Pts',(-13.3287964389327,9.30296997716104,62.918529054675));
#4685=CARTESIAN_POINT('Ctrl Pts',(-14.3631392794676,9.81439803868411,62.8038967759385));
#4686=CARTESIAN_POINT('Ctrl Pts',(-16.8039072000892,11.0211955939649,62.9135679632436));
#4687=CARTESIAN_POINT('Ctrl Pts',(-19.144794185745,12.1785777234176,63.7595327177208));
#4688=CARTESIAN_POINT('Ctrl Pts',(-20.4626092825908,12.8300208567813,64.298783391222));
#4689=CARTESIAN_POINT('Ctrl Pts',(-13.440119069653,9.17994027669754,63.3678238914003));
#4690=CARTESIAN_POINT('Ctrl Pts',(-14.4411818436176,9.67221823665654,63.2603144740728));
#4691=CARTESIAN_POINT('Ctrl Pts',(-16.7842773478883,10.8336996710485,63.3598295726064));
#4692=CARTESIAN_POINT('Ctrl Pts',(-19.0841462907653,11.9887096432571,64.1657690598264));
#4693=CARTESIAN_POINT('Ctrl Pts',(-20.3923669401685,12.6451427037492,64.6888549156543));
#4694=CARTESIAN_POINT('Ctrl Pts',(-13.7192893240664,8.69344146947473,63.7116240688592));
#4695=CARTESIAN_POINT('Ctrl Pts',(-14.6968669073286,9.16631910591638,63.6057557857594));
#4696=CARTESIAN_POINT('Ctrl Pts',(-16.964886979992,10.2992656495388,63.7024753484106));
#4697=CARTESIAN_POINT('Ctrl Pts',(-19.2086433360293,11.4800461980815,64.5006877367509));
#4698=CARTESIAN_POINT('Ctrl Pts',(-20.4960332918817,12.156047884052,65.0222190241817));
#4699=CARTESIAN_POINT('Ctrl Pts',(-13.9757336539172,8.16919404998911,63.6871508142521));
#4700=CARTESIAN_POINT('Ctrl Pts',(-14.9564442673276,8.63893264248029,63.574136780842));
#4701=CARTESIAN_POINT('Ctrl Pts',(-17.231787618572,9.77996486217712,63.6800990430652));
#4702=CARTESIAN_POINT('Ctrl Pts',(-19.4477930551087,10.9813561215362,64.5222139451265));
#4703=CARTESIAN_POINT('Ctrl Pts',(-20.7181828094131,11.670866508398,65.0650042979359));
#4704=CARTESIAN_POINT('Ctrl Pts',(-14.0917603786003,7.8933234825301,63.5059268405152));
#4705=CARTESIAN_POINT('Ctrl Pts',(-15.0856343318838,8.37013280987096,63.3854671188582));
#4706=CARTESIAN_POINT('Ctrl Pts',(-17.4030423112228,9.53061444270699,63.5012337078846));
#4707=CARTESIAN_POINT('Ctrl Pts',(-19.622128029393,10.7325346840361,64.3888688673435));
#4708=CARTESIAN_POINT('Ctrl Pts',(-20.8873821494962,11.4222658382956,64.9533076971652));
#4709=CARTESIAN_POINT('Ctrl Pts',(-14.1329866236465,7.78234419779037,63.3845310338633));
#4710=CARTESIAN_POINT('Ctrl Pts',(-15.135436198658,8.26476979750447,63.2601364667069));
#4711=CARTESIAN_POINT('Ctrl Pts',(-17.4809063709402,9.4371817886864,63.3809833969028));
#4712=CARTESIAN_POINT('Ctrl Pts',(-19.7073058030578,10.6348352907068,64.292634348696));
#4713=CARTESIAN_POINT('Ctrl Pts',(-20.9720542442299,11.3219047304302,64.8687236817351));
#4714=CARTESIAN_POINT('',(-20.9134913501321,11.2900961978765,64.8420965968614));
#4715=CARTESIAN_POINT('Ctrl Pts',(-20.913489246805,11.2900944474839,64.842090132637));
#4716=CARTESIAN_POINT('Ctrl Pts',(-20.8974886499977,11.3224589425774,64.8695192080813));
#4717=CARTESIAN_POINT('Ctrl Pts',(-20.8807413680108,11.3563807899586,64.8943325939614));
#4718=CARTESIAN_POINT('Ctrl Pts',(-20.8633437583293,11.3916109490734,64.9164119954791));
#4719=CARTESIAN_POINT('Ctrl Pts',(-20.8464032310105,11.4259155164168,64.9379113112726));
#4720=CARTESIAN_POINT('Ctrl Pts',(-20.8288455484273,11.4614614478164,64.9568186733273));
#4721=CARTESIAN_POINT('Ctrl Pts',(-20.8107664195001,11.4980384168907,64.9729816421734));
#4722=CARTESIAN_POINT('Ctrl Pts',(-20.7945527369606,11.5308412895963,64.9874768784662));
#4723=CARTESIAN_POINT('Ctrl Pts',(-20.7779194604596,11.5644740545374,64.9997645381651));
#4724=CARTESIAN_POINT('Ctrl Pts',(-20.7609458935088,11.5987903877049,65.0097008529653));
#4725=CARTESIAN_POINT('Ctrl Pts',(-20.7479186061882,11.6251283244072,65.0173270182956));
#4726=CARTESIAN_POINT('Ctrl Pts',(-20.7347694512758,11.6517084368017,65.0235206070005));
#4727=CARTESIAN_POINT('Ctrl Pts',(-20.7215432531394,11.6784566628162,65.0282553966266));
#4728=CARTESIAN_POINT('Ctrl Pts',(-20.7013730771336,11.7192481601906,65.0354760309407));
#4729=CARTESIAN_POINT('Ctrl Pts',(-20.6810228334848,11.7604303623722,65.0393067574457));
#4730=CARTESIAN_POINT('Ctrl Pts',(-20.6606239434404,11.8016926234678,65.0397729770295));
#4731=CARTESIAN_POINT('Ctrl Pts',(-20.640225053396,11.8429548845633,65.0402391966133));
#4732=CARTESIAN_POINT('Ctrl Pts',(-20.6197768708239,11.8842984968395,65.0373409292714));
#4733=CARTESIAN_POINT('Ctrl Pts',(-20.5994303292382,11.9254156528783,65.031046631434));
#4734=CARTESIAN_POINT('Ctrl Pts',(-20.58004666597,11.964586983487,65.0250502045092));
#4735=CARTESIAN_POINT('Ctrl Pts',(-20.5609313585744,12.0031997989213,65.0160256355319));
#4736=CARTESIAN_POINT('Ctrl Pts',(-20.5422239501433,12.041012861854,65.0040617287321));
#4737=CARTESIAN_POINT('Ctrl Pts',(-20.533595667697,12.0584531068963,64.9985437026832));
#4738=CARTESIAN_POINT('Ctrl Pts',(-20.5250542995585,12.0757234566497,64.9923997105622));
#4739=CARTESIAN_POINT('Ctrl Pts',(-20.5166144750033,12.0928010035078,64.9856349546352));
#4740=CARTESIAN_POINT('Ctrl Pts',(-20.4982236862479,12.1300138098495,64.9708942220025));
#4741=CARTESIAN_POINT('Ctrl Pts',(-20.4803135731944,12.1663116453326,64.9532091520236));
#4742=CARTESIAN_POINT('Ctrl Pts',(-20.4629511794689,12.2014948074423,64.9327896880903));
#4743=CARTESIAN_POINT('Ctrl Pts',(-20.4573264869462,12.2128926867884,64.9261746321298));
#4744=CARTESIAN_POINT('Ctrl Pts',(-20.4517594464084,12.2241735265467,64.9192722319414));
#4745=CARTESIAN_POINT('Ctrl Pts',(-20.4462528421994,12.2353302970444,64.9120886092002));
#4746=CARTESIAN_POINT('Ctrl Pts',(-20.4295030215962,12.2692666210025,64.8902376848142));
#4747=CARTESIAN_POINT('Ctrl Pts',(-20.4134376704114,12.3018042100959,64.8659517366344));
#4748=CARTESIAN_POINT('Ctrl Pts',(-20.3981186391284,12.3327930022337,64.8394845981105));
#4749=CARTESIAN_POINT('Ctrl Pts',(-20.3822786834383,12.3648355697619,64.8121174432482));
#4750=CARTESIAN_POINT('Ctrl Pts',(-20.3672363834329,12.3952231142765,64.7824178183284));
#4751=CARTESIAN_POINT('Ctrl Pts',(-20.3530825577548,12.4237862532654,64.7506147861206));
#4752=CARTESIAN_POINT('Ctrl Pts',(-20.3404186056344,12.449342751755,64.7221594351559));
#4753=CARTESIAN_POINT('Ctrl Pts',(-20.3284661414989,12.4734391009068,64.6920191735029));
#4754=CARTESIAN_POINT('Ctrl Pts',(-20.3173073883064,12.4959427257248,64.6603293311488));
#4755=CARTESIAN_POINT('Ctrl Pts',(-20.3103201220024,12.5100337999424,64.6404861314791));
#4756=CARTESIAN_POINT('Ctrl Pts',(-20.3036655020796,12.5234581882247,64.6200941080747));
#4757=CARTESIAN_POINT('Ctrl Pts',(-20.2973597314912,12.536190485678,64.5991922646691));
#4758=CARTESIAN_POINT('Ctrl Pts',(-20.2862696854033,12.5585829535899,64.5624319031179));
#4759=CARTESIAN_POINT('Ctrl Pts',(-20.2762568828935,12.5788364341272,64.5240967162283));
#4760=CARTESIAN_POINT('Ctrl Pts',(-20.2673116277798,12.5969348370316,64.484491688345));
#4761=CARTESIAN_POINT('Ctrl Pts',(-20.2580602925305,12.6156525136789,64.443531493711));
#4762=CARTESIAN_POINT('Ctrl Pts',(-20.2499508389077,12.6320656833932,64.4012122434511));
#4763=CARTESIAN_POINT('Ctrl Pts',(-20.2430029202568,12.6461254652132,64.3578380636693));
#4764=CARTESIAN_POINT('Ctrl Pts',(-20.2420636629454,12.6480261427449,64.3519745068928));
#4765=CARTESIAN_POINT('Ctrl Pts',(-20.241145676391,12.6498837590771,64.3460916343283));
#4766=CARTESIAN_POINT('Ctrl Pts',(-20.2402490494545,12.6516981425699,64.340190165982));
#4767=CARTESIAN_POINT('Ctrl Pts',(-20.233524298488,12.6653061178048,64.2959288312507));
#4768=CARTESIAN_POINT('Ctrl Pts',(-20.2280233636791,12.6764342451742,64.2507884690941));
#4769=CARTESIAN_POINT('Ctrl Pts',(-20.2237635665677,12.6850380401818,64.2050797583898));
#4770=CARTESIAN_POINT('Ctrl Pts',(-20.2194966902301,12.6936561335727,64.1592950857793));
#4771=CARTESIAN_POINT('Ctrl Pts',(-20.216475267419,12.6997419381196,64.1129391350439));
#4772=CARTESIAN_POINT('Ctrl Pts',(-20.2147453941456,12.7032114728184,64.0663072769773));
#4773=CARTESIAN_POINT('Ctrl Pts',(-20.2136134024722,12.7054818613203,64.0357923971546));
#4774=CARTESIAN_POINT('Ctrl Pts',(-20.2130350439305,12.7066311207365,64.0051590618867));
#4775=CARTESIAN_POINT('Ctrl Pts',(-20.2130293142661,12.7066252384623,63.9744893450654));
#4776=CARTESIAN_POINT('Ctrl Pts',(-14.1329866236465,7.78234419779037,63.3845310338633));
#4777=CARTESIAN_POINT('Ctrl Pts',(-15.135436198658,8.26476979750447,63.2601364667069));
#4778=CARTESIAN_POINT('Ctrl Pts',(-17.4602223304051,9.42684261770227,63.379917681878));
#4779=CARTESIAN_POINT('Ctrl Pts',(-19.6680285644919,10.6137137162227,64.2766166636478));
#4780=CARTESIAN_POINT('Ctrl Pts',(-20.9134931188001,11.2900965502744,64.8420918906292));
#4781=CARTESIAN_POINT('Ctrl Pts',(-11.7459855261036,7.69002419174394,61.9253858391102));
#4782=CARTESIAN_POINT('Ctrl Pts',(-11.6738161232119,7.76614132726612,61.7346042236927));
#4783=CARTESIAN_POINT('Ctrl Pts',(-11.6238404311388,7.84246460168299,61.5037440968341));
#4784=CARTESIAN_POINT('Ctrl Pts',(-11.6307789303405,7.924668921484,61.248286507035));
#4785=CARTESIAN_POINT('Ctrl Pts',(-11.7001741321546,7.90325680163097,61.9089483897217));
#4786=CARTESIAN_POINT('Ctrl Pts',(-11.6541615538773,7.9671394863455,61.7160777948546));
#4787=CARTESIAN_POINT('Ctrl Pts',(-11.6251956814805,8.02798498142373,61.491158854117));
#4788=CARTESIAN_POINT('Ctrl Pts',(-11.6451810719911,8.09529922980729,61.248286507035));
#4789=CARTESIAN_POINT('Ctrl Pts',(-11.7490253805549,8.35571580861818,61.833796510239));
#4790=CARTESIAN_POINT('Ctrl Pts',(-11.7366058207862,8.37695189073245,61.6536246781171));
#4791=CARTESIAN_POINT('Ctrl Pts',(-11.7333859298106,8.39721459516347,61.4548765005256));
#4792=CARTESIAN_POINT('Ctrl Pts',(-11.7636502104922,8.42873612393316,61.2482865070351));
#4793=CARTESIAN_POINT('Ctrl Pts',(-12.057017650859,8.67418582043259,61.7054570561661));
#4794=CARTESIAN_POINT('Ctrl Pts',(-12.0334151567671,8.66215418542723,61.5603068814547));
#4795=CARTESIAN_POINT('Ctrl Pts',(-12.0181337054951,8.65509744732597,61.4060898711695));
#4796=CARTESIAN_POINT('Ctrl Pts',(-12.0305325720468,8.66109124918874,61.2482865070353));
#4797=CARTESIAN_POINT('Ctrl Pts',(-12.2444151965185,8.76683763128636,61.641154479985));
#4798=CARTESIAN_POINT('Ctrl Pts',(-12.2092651528395,8.74945898746803,61.5136759989967));
#4799=CARTESIAN_POINT('Ctrl Pts',(-12.184033133794,8.73698394545061,61.38165931516));
#4800=CARTESIAN_POINT('Ctrl Pts',(-12.184033133794,8.73698394545063,61.2482865070353));
#4801=CARTESIAN_POINT('Ctrl Pts',(-11.6307789303405,7.924668921484,61.248286507035));
#4802=CARTESIAN_POINT('Ctrl Pts',(-11.6238404311388,7.84246460168299,61.5037440968341));
#4803=CARTESIAN_POINT('Ctrl Pts',(-11.6738161232119,7.76614132726612,61.7346042236927));
#4804=CARTESIAN_POINT('Ctrl Pts',(-11.7459855261036,7.69002419174394,61.9253858391102));
#4805=CARTESIAN_POINT('Origin',(-21.,-3.2782626425437,49.5654809606283));
#4806=CARTESIAN_POINT('',(-20.21311887301,12.7066695174831,65.9477305129272));
#4807=CARTESIAN_POINT('Ctrl Pts',(-20.2131188730102,12.7066695174831,65.9477305129272));
#4808=CARTESIAN_POINT('Ctrl Pts',(-20.4542685191791,12.218920261292,65.5982644894092));
#4809=CARTESIAN_POINT('Ctrl Pts',(-20.6890300694609,11.7440915673612,65.2268299923299));
#4810=CARTESIAN_POINT('Ctrl Pts',(-20.9134913501724,11.2900961978882,64.8420965968711));
#4811=CARTESIAN_POINT('',(-14.1371697509523,6.90296012555527,62.5654809606444));
#4812=CARTESIAN_POINT('Ctrl Pts',(-14.1371697509484,6.90296012555803,62.5654809606415));
#4813=CARTESIAN_POINT('Ctrl Pts',(-14.134807933259,7.18939324891575,62.8447070942864));
#4814=CARTESIAN_POINT('Ctrl Pts',(-14.1333901654277,7.48262408047798,63.1178991358686));
#4815=CARTESIAN_POINT('Ctrl Pts',(-14.1329866236465,7.78234419779039,63.3845310338634));
#4816=CARTESIAN_POINT('',(-32.6290086843073,0.66152073995823,62.5654809606283));
#4817=CARTESIAN_POINT('Origin',(-21.,-3.2782626425437,62.5654809606283));
#4818=CARTESIAN_POINT('',(-47.0240117605554,5.53839334797322,69.5654809606283));
#4819=CARTESIAN_POINT('Origin',(-47.0240117605554,5.53839334797322,49.5654809606283));
#4820=CARTESIAN_POINT('',(-41.9507356027769,14.4995124902219,69.5654809606283));
#4821=CARTESIAN_POINT('Origin',(-21.,-3.2782626425437,69.5654809606283));
#4822=CARTESIAN_POINT('Ctrl Pts',(-41.950735602777,14.4995124902218,69.5654809606283));
#4823=CARTESIAN_POINT('Ctrl Pts',(-40.8171729210987,14.4995124902218,69.5654809606283));
#4824=CARTESIAN_POINT('Ctrl Pts',(-39.5729833836671,14.4995124902218,69.5050369526168));
#4825=CARTESIAN_POINT('Ctrl Pts',(-37.0935916677562,14.4995124902218,69.2738632922376));
#4826=CARTESIAN_POINT('Ctrl Pts',(-35.8582038662934,14.4995124902218,69.1051288321377));
#4827=CARTESIAN_POINT('Ctrl Pts',(-32.5887730698817,14.4995124902218,68.5879204626771));
#4828=CARTESIAN_POINT('Ctrl Pts',(-30.2448314014814,14.4995124902218,68.1055438080649));
#4829=CARTESIAN_POINT('Ctrl Pts',(-26.7179671600949,14.4995124902218,67.5146338059097));
#4830=CARTESIAN_POINT('Ctrl Pts',(-25.5393621886842,14.4995124902218,67.3441261509498));
#4831=CARTESIAN_POINT('Ctrl Pts',(-23.2245620865374,14.4995124902218,67.1143947005448));
#4832=CARTESIAN_POINT('Ctrl Pts',(-22.0882626336496,14.4995124902218,67.0562232839684));
#4833=CARTESIAN_POINT('Ctrl Pts',(-21.,14.4995124902218,67.0562232839684));
#4834=CARTESIAN_POINT('Ctrl Pts',(-20.4532339443965,14.4995124902218,67.0562232839684));
#4835=CARTESIAN_POINT('Ctrl Pts',(-19.8943150319918,14.4995124902218,67.070380753286));
#4836=CARTESIAN_POINT('Ctrl Pts',(-19.326713731384,14.4995124902218,67.0995644298806));
#4837=CARTESIAN_POINT('Ctrl Pts',(-19.3267137313838,14.4995124902218,67.0995644298806));
#4838=CARTESIAN_POINT('Ctrl Pts',(-19.6135097559357,13.9194388725486,66.7679443696043));
#4839=CARTESIAN_POINT('Ctrl Pts',(-19.8993297217785,13.3413394311471,66.3986792881297));
#4840=CARTESIAN_POINT('Ctrl Pts',(-20.1889714718057,12.7555100493419,65.9826467742888));
#4841=CARTESIAN_POINT('Ctrl Pts',(-20.2010531294424,12.7310736895152,65.9652157860445));
#4842=CARTESIAN_POINT('Ctrl Pts',(-20.2131188730102,12.7066695174831,65.9477305129272));
#4843=CARTESIAN_POINT('Ctrl Pts',(-11.7459855261051,7.69002419174608,61.9253858391166));
#4844=CARTESIAN_POINT('Ctrl Pts',(-11.7681667310941,7.97906665785316,62.1823155213345));
#4845=CARTESIAN_POINT('Ctrl Pts',(-11.790870764173,8.27326173562403,62.433647060865));
#4846=CARTESIAN_POINT('Ctrl Pts',(-11.8140767245851,8.57240581528355,62.6789077630138));
#4847=CARTESIAN_POINT('Ctrl Pts',(-11.8843243933087,7.41747543605821,62.2107123261348));
#4848=CARTESIAN_POINT('Ctrl Pts',(-11.9044509745075,7.71238739388456,62.4690994647538));
#4849=CARTESIAN_POINT('Ctrl Pts',(-11.9250093983267,8.0122977048927,62.7219243980899));
#4850=CARTESIAN_POINT('Ctrl Pts',(-11.9463527503083,8.31729825871294,62.9685294473448));
#4851=CARTESIAN_POINT('Ctrl Pts',(-12.3601672937343,7.01262991145058,62.6095795383108));
#4852=CARTESIAN_POINT('Ctrl Pts',(-12.3726634453844,7.31470311402176,62.8715159946936));
#4853=CARTESIAN_POINT('Ctrl Pts',(-12.3861293272555,7.62202978042762,63.1276729223887));
#4854=CARTESIAN_POINT('Ctrl Pts',(-12.4004840110797,7.93443776801511,63.3775728200632));
#4855=CARTESIAN_POINT('Ctrl Pts',(-13.3250996535284,6.78355186746691,62.7710510954368));
#4856=CARTESIAN_POINT('Ctrl Pts',(-13.3262154217684,7.08260434672561,63.0416800078024));
#4857=CARTESIAN_POINT('Ctrl Pts',(-13.328512659457,7.38759586200055,63.3063473228274));
#4858=CARTESIAN_POINT('Ctrl Pts',(-13.3320494422143,7.69834584450654,63.5645207893789));
#4859=CARTESIAN_POINT('Ctrl Pts',(-13.8854090757826,6.8344849713748,62.6636169907776));
#4860=CARTESIAN_POINT('Ctrl Pts',(-13.8832094165556,7.12582302017116,62.9401042276426));
#4861=CARTESIAN_POINT('Ctrl Pts',(-13.8821221336606,7.42366728208046,63.2105591025682));
#4862=CARTESIAN_POINT('Ctrl Pts',(-13.8821524046302,7.72777732442245,63.4744519792995));
#4863=CARTESIAN_POINT('Ctrl Pts',(-14.1371697509484,6.90296012555803,62.5654809606415));
#4864=CARTESIAN_POINT('Ctrl Pts',(-14.134807933259,7.18939324891575,62.8447070942864));
#4865=CARTESIAN_POINT('Ctrl Pts',(-14.1333901654277,7.48262408047798,63.1178991358686));
#4866=CARTESIAN_POINT('Ctrl Pts',(-14.1329866236465,7.78234419779039,63.3845310338634));
#4867=CARTESIAN_POINT('Origin',(-13.3938419482527,8.00571010979599,61.4279809606403));
#4868=CARTESIAN_POINT('Ctrl Pts',(-14.1371697509548,6.90296012554865,62.5654809606283));
#4869=CARTESIAN_POINT('Ctrl Pts',(-14.1316370213795,6.89923069296933,62.5654809606283));
#4870=CARTESIAN_POINT('Ctrl Pts',(-14.1204222086675,6.8916587643393,62.5654809606283));
#4871=CARTESIAN_POINT('Ctrl Pts',(-14.0974079231182,6.87606368577101,62.5654809606282));
#4872=CARTESIAN_POINT('Ctrl Pts',(-14.0556282826227,6.84759719461731,62.5654809606282));
#4873=CARTESIAN_POINT('Ctrl Pts',(-13.9665130643478,6.78620477245205,62.5654809606282));
#4874=CARTESIAN_POINT('Ctrl Pts',(-13.8533985886116,6.70631857038971,62.5654809606283));
#4875=CARTESIAN_POINT('Ctrl Pts',(-13.7339329262069,6.61951615474362,62.5654809606283));
#4876=CARTESIAN_POINT('Ctrl Pts',(-13.6091450151093,6.52694000492874,62.5654809606283));
#4877=CARTESIAN_POINT('Ctrl Pts',(-13.2500282173055,6.25341605698815,62.5654809606282));
#4878=CARTESIAN_POINT('Ctrl Pts',(-12.7411101851238,5.82232949353349,62.5654809606283));
#4879=CARTESIAN_POINT('Ctrl Pts',(-12.187577250424,5.27807923440128,62.5654809606283));
#4880=CARTESIAN_POINT('Ctrl Pts',(-11.8247112531207,4.88514969578113,62.5654809606282));
#4881=CARTESIAN_POINT('Ctrl Pts',(-11.6949610791963,4.73247931828992,62.5654809606283));
#4882=CARTESIAN_POINT('Ctrl Pts',(-11.6949611290381,4.73247552297376,62.5654822228054));
#4883=CARTESIAN_POINT('Ctrl Pts',(-13.8260001903352,6.81832663929386,62.6867745079956));
#4884=CARTESIAN_POINT('Ctrl Pts',(-13.8205650046724,6.81648707637553,62.686745589999));
#4885=CARTESIAN_POINT('Ctrl Pts',(-13.8095575602648,6.81266667529907,62.686586690017));
#4886=CARTESIAN_POINT('Ctrl Pts',(-13.7870094491758,6.80445088629703,62.6858749587867));
#4887=CARTESIAN_POINT('Ctrl Pts',(-13.7461889080897,6.78851897882506,62.683648187845));
#4888=CARTESIAN_POINT('Ctrl Pts',(-13.659591000765,6.75041402465847,62.6755932203379));
#4889=CARTESIAN_POINT('Ctrl Pts',(-13.55094064561,6.69194414671643,62.6599391210929));
#4890=CARTESIAN_POINT('Ctrl Pts',(-13.4375498173442,6.62065572284086,62.6411864466331));
#4891=CARTESIAN_POINT('Ctrl Pts',(-13.3200504160844,6.54014131442975,62.6210897946048));
#4892=CARTESIAN_POINT('Ctrl Pts',(-12.9854253942097,6.28539747221518,62.5621868208734));
#4893=CARTESIAN_POINT('Ctrl Pts',(-12.5282925629971,5.82871296752371,62.4989019310705));
#4894=CARTESIAN_POINT('Ctrl Pts',(-12.0468204457012,5.24052061672427,62.4839176646022));
#4895=CARTESIAN_POINT('Ctrl Pts',(-11.7364554758437,4.81672188897405,62.5042088969302));
#4896=CARTESIAN_POINT('Ctrl Pts',(-11.6268270497212,4.65333686192363,62.5442126834213));
#4897=CARTESIAN_POINT('Ctrl Pts',(-11.6268270497212,4.65333686192363,62.5654809606283));
#4898=CARTESIAN_POINT('Ctrl Pts',(-13.1179892924318,6.78183724431481,62.7920464106117));
#4899=CARTESIAN_POINT('Ctrl Pts',(-13.1135886719472,6.7823455329636,62.7911272988878));
#4900=CARTESIAN_POINT('Ctrl Pts',(-13.1046799266905,6.78315869473962,62.7890530885892));
#4901=CARTESIAN_POINT('Ctrl Pts',(-13.0864663199911,6.78393982296582,62.7839945073202));
#4902=CARTESIAN_POINT('Ctrl Pts',(-13.0535620528164,6.78298047505822,62.7728917313789));
#4903=CARTESIAN_POINT('Ctrl Pts',(-12.9841294261509,6.77137417778401,62.7425906110848));
#4904=CARTESIAN_POINT('Ctrl Pts',(-12.8979760901471,6.73403966843808,62.6942597330432));
#4905=CARTESIAN_POINT('Ctrl Pts',(-12.8093266683161,6.67456604060969,62.6409527749607));
#4906=CARTESIAN_POINT('Ctrl Pts',(-12.7183364094084,6.60052613322964,62.585944526966));
#4907=CARTESIAN_POINT('Ctrl Pts',(-12.4621539167043,6.34185382359132,62.4325011964835));
#4908=CARTESIAN_POINT('Ctrl Pts',(-12.1280641953886,5.81410766529515,62.2917886771804));
#4909=CARTESIAN_POINT('Ctrl Pts',(-11.7911698379618,5.14084109559765,62.2899070183522));
#4910=CARTESIAN_POINT('Ctrl Pts',(-11.5789684790599,4.66335453331794,62.3730460482041));
#4911=CARTESIAN_POINT('Ctrl Pts',(-11.504791912815,4.48281710594563,62.4989093830843));
#4912=CARTESIAN_POINT('Ctrl Pts',(-11.504791912815,4.48281710594563,62.5654809606282));
#4913=CARTESIAN_POINT('Ctrl Pts',(-11.979958274357,7.20007148988502,62.4396671282765));
#4914=CARTESIAN_POINT('Ctrl Pts',(-11.9783857104295,7.19832899124384,62.4350188223775));
#4915=CARTESIAN_POINT('Ctrl Pts',(-11.9751950631138,7.19456679903761,62.4255549629576));
#4916=CARTESIAN_POINT('Ctrl Pts',(-11.9686374766967,7.18590612920148,62.4060086164765));
#4917=CARTESIAN_POINT('Ctrl Pts',(-11.956709070878,7.16768850452798,62.3703370201787));
#4918=CARTESIAN_POINT('Ctrl Pts',(-11.9311952611253,7.11885472565732,62.2942840662027));
#4919=CARTESIAN_POINT('Ctrl Pts',(-11.8988128523451,7.03394759415207,62.2023164458224));
#4920=CARTESIAN_POINT('Ctrl Pts',(-11.8648867451562,6.92492309690198,62.1152422019164));
#4921=CARTESIAN_POINT('Ctrl Pts',(-11.829754721563,6.80013222752693,62.0323203502822));
#4922=CARTESIAN_POINT('Ctrl Pts',(-11.7297153181457,6.39900506949586,61.8275131991128));
#4923=CARTESIAN_POINT('Ctrl Pts',(-11.5966178563994,5.70272412536748,61.7202943345943));
#4924=CARTESIAN_POINT('Ctrl Pts',(-11.4622072921396,4.89631042334031,61.8673720972908));
#4925=CARTESIAN_POINT('Ctrl Pts',(-11.3772960486943,4.35043628845809,62.1211939600495));
#4926=CARTESIAN_POINT('Ctrl Pts',(-11.3476985671219,4.15115687166336,62.4124921803205));
#4927=CARTESIAN_POINT('Ctrl Pts',(-11.3476985671219,4.15115687166336,62.5654809606283));
#4928=CARTESIAN_POINT('Ctrl Pts',(-11.6207697486611,7.80608449165112,61.8100056241853));
#4929=CARTESIAN_POINT('Ctrl Pts',(-11.6201350353558,7.79809996346422,61.8015411105));
#4930=CARTESIAN_POINT('Ctrl Pts',(-11.6188305580813,7.78184556612132,61.7847247604041));
#4931=CARTESIAN_POINT('Ctrl Pts',(-11.6161425925681,7.74822073141753,61.7515553238761));
#4932=CARTESIAN_POINT('Ctrl Pts',(-11.6111409876441,7.68646013298836,61.6948163552988));
#4933=CARTESIAN_POINT('Ctrl Pts',(-11.6002147569388,7.5519506361467,61.5871024313134));
#4934=CARTESIAN_POINT('Ctrl Pts',(-11.5855209257933,7.37530902662423,61.4797984561278));
#4935=CARTESIAN_POINT('Ctrl Pts',(-11.5698376630318,7.18466112324289,61.3922187859136));
#4936=CARTESIAN_POINT('Ctrl Pts',(-11.5533373473611,6.98372363130792,61.3165692926206));
#4937=CARTESIAN_POINT('Ctrl Pts',(-11.5043108900984,6.39790413585453,61.1621452134991));
#4938=CARTESIAN_POINT('Ctrl Pts',(-11.4335607567274,5.5638647472246,61.1894322493022));
#4939=CARTESIAN_POINT('Ctrl Pts',(-11.3583973843921,4.67721527965419,61.5182166437071));
#4940=CARTESIAN_POINT('Ctrl Pts',(-11.3095563460437,4.10001822591135,61.9285749436215));
#4941=CARTESIAN_POINT('Ctrl Pts',(-11.2905681135957,3.89399918052836,62.3468561956983));
#4942=CARTESIAN_POINT('Ctrl Pts',(-11.2905681135957,3.89399918052836,62.5654809606283));
#4943=CARTESIAN_POINT('Ctrl Pts',(-11.6500425932858,8.15289641900019,61.4279809606403));
#4944=CARTESIAN_POINT('Ctrl Pts',(-11.649050148576,8.14113836586302,61.4172306475269));
#4945=CARTESIAN_POINT('Ctrl Pts',(-11.6470413665105,8.11733918991355,61.3960111319155));
#4946=CARTESIAN_POINT('Ctrl Pts',(-11.6429314336525,8.06864649352389,61.3547081907797));
#4947=CARTESIAN_POINT('Ctrl Pts',(-11.6355047876757,7.98065882310899,61.285422639683));
#4948=CARTESIAN_POINT('Ctrl Pts',(-11.6198085993603,7.79469721290295,61.159053124115));
#4949=CARTESIAN_POINT('Ctrl Pts',(-11.6002847786263,7.56338747909335,61.0430617418488));
#4950=CARTESIAN_POINT('Ctrl Pts',(-11.5801070085663,7.32433003818319,60.9558359885168));
#4951=CARTESIAN_POINT('Ctrl Pts',(-11.5593478693679,7.07838478865869,60.8852418708516));
#4952=CARTESIAN_POINT('Ctrl Pts',(-11.5007677821529,6.38435340182885,60.7626032277776));
#4953=CARTESIAN_POINT('Ctrl Pts',(-11.4237534014148,5.47192052556191,60.8714009856287));
#4954=CARTESIAN_POINT('Ctrl Pts',(-11.3451659822277,4.54085097413443,61.3093596937584));
#4955=CARTESIAN_POINT('Ctrl Pts',(-11.2950412748853,3.94699524934469,61.8136430288177));
#4956=CARTESIAN_POINT('Ctrl Pts',(-11.2773931665059,3.73790813944451,62.3074688748752));
#4957=CARTESIAN_POINT('Ctrl Pts',(-11.2773931665059,3.73790813944451,62.5654809606283));
#4958=CARTESIAN_POINT('',(-11.2773931665059,3.73790813944451,62.5654809606283));
#4959=CARTESIAN_POINT('Ctrl Pts',(-11.6307801015508,7.92468279747378,61.2482658724848));
#4960=CARTESIAN_POINT('Ctrl Pts',(-11.6286069914013,7.89893673387987,61.2307996769563));
#4961=CARTESIAN_POINT('Ctrl Pts',(-11.6172942208641,7.76490795041308,61.1441151546833));
#4962=CARTESIAN_POINT('Ctrl Pts',(-11.6002847786263,7.56338747909335,61.0430617418488));
#4963=CARTESIAN_POINT('Ctrl Pts',(-11.5801070085663,7.32433003818319,60.9558359885168));
#4964=CARTESIAN_POINT('Ctrl Pts',(-11.5593478693679,7.07838478865869,60.8852418708516));
#4965=CARTESIAN_POINT('Ctrl Pts',(-11.5007677821529,6.38435340182885,60.7626032277776));
#4966=CARTESIAN_POINT('Ctrl Pts',(-11.4237534014148,5.47192052556191,60.8714009856287));
#4967=CARTESIAN_POINT('Ctrl Pts',(-11.3451659822277,4.54085097413443,61.3093596937584));
#4968=CARTESIAN_POINT('Ctrl Pts',(-11.2950412748853,3.94699524934469,61.8136430288177));
#4969=CARTESIAN_POINT('Ctrl Pts',(-11.2773931665059,3.73790813944451,62.3074688748752));
#4970=CARTESIAN_POINT('Ctrl Pts',(-11.2773931665059,3.73790813944451,62.5654809606283));
#4971=CARTESIAN_POINT('',(-11.6949610791963,4.73247931828992,62.5654809606283));
#4972=CARTESIAN_POINT('Ctrl Pts',(-11.6949611290381,4.73247552297376,62.5654822228054));
#4973=CARTESIAN_POINT('Ctrl Pts',(-11.6268270497212,4.65333686192363,62.5654809606283));
#4974=CARTESIAN_POINT('Ctrl Pts',(-11.504791912815,4.48281710594563,62.5654809606282));
#4975=CARTESIAN_POINT('Ctrl Pts',(-11.3476985671219,4.15115687166336,62.5654809606283));
#4976=CARTESIAN_POINT('Ctrl Pts',(-11.2905681135957,3.89399918052836,62.5654809606283));
#4977=CARTESIAN_POINT('Ctrl Pts',(-11.2773931665059,3.73790813944451,62.5654809606283));
#4978=CARTESIAN_POINT('',(-13.2448794862762,6.2408676695359,62.5654809606283));
#4979=CARTESIAN_POINT('Origin',(-21.,-3.2782626425437,62.5654809606283));
#4980=CARTESIAN_POINT('Origin',(-21.,-3.2782626425437,62.5654809606283));
#4981=CARTESIAN_POINT('Origin',(-9.86462113752936,-13.0000002038273,77.5654809606283));
#4982=CARTESIAN_POINT('',(-9.86462113752936,-13.0000002038273,77.5654809606283));
#4983=CARTESIAN_POINT('',(-9.86462113752936,-13.0000002038273,77.5654809606283));
#4984=CARTESIAN_POINT('',(-10.7581554582056,-2.41379432326359,77.5654809606283));
#4985=CARTESIAN_POINT('',(-10.4826075809857,-5.67836568969397,77.5654809606283));
#4986=CARTESIAN_POINT('',(-10.7581554582055,-2.41379432326359,62.5654809606283));
#4987=CARTESIAN_POINT('',(-10.7581554582056,-2.41379432326359,77.5654809606283));
#4988=CARTESIAN_POINT('',(-10.3704615157266,-7.00702347938984,62.5654809606283));
#4989=CARTESIAN_POINT('Origin',(-22.5574474513794,-2.00000004975961,62.5654809606283));
#4990=CARTESIAN_POINT('Origin',(-21.,-3.2782626425437,62.5654809606283));
#4991=CARTESIAN_POINT('',(-37.2573854148759,-13.0000002038275,62.5654809606283));
#4992=CARTESIAN_POINT('',(-35.1457242956576,-13.0000002038275,62.5654809606283));
#4993=CARTESIAN_POINT('',(-32.6290086843073,0.66152073995823,62.5654809606283));
#4994=CARTESIAN_POINT('Origin',(-19.3267137313838,14.4995124902218,67.0995644298806));
#4995=CARTESIAN_POINT('Origin',(9.94064583235521,-11.511610382713,77.5654809606282));
#4996=CARTESIAN_POINT('',(11.2543779059604,-10.0232205615987,79.5654809606283));
#4997=CARTESIAN_POINT('',(8.62691375874999,-13.0000002038273,79.5654809606282));
#4998=CARTESIAN_POINT('',(6.05731917673346,-15.911216651309,79.5654809606282));
#4999=CARTESIAN_POINT('',(8.62691375874998,-13.0000002038273,77.5654809606282));
#5000=CARTESIAN_POINT('',(11.2543779059604,-10.0232205615987,77.5654809606282));
#5001=CARTESIAN_POINT('Origin',(-55.0000008195639,-13.0000002038277,77.5654809606282));
#5002=CARTESIAN_POINT('',(-55.0000008195639,-13.0000002038277,79.5654809606282));
#5003=CARTESIAN_POINT('',(-59.0000018328428,-13.0000002038278,79.5654809606282));
#5004=CARTESIAN_POINT('',(-55.0000008195639,-13.0000002038276,69.5654809606283));
#5005=CARTESIAN_POINT('',(-55.0000008195639,-13.0000002038276,77.5654809606283));
#5006=CARTESIAN_POINT('',(-53.3046206100633,-13.0000002038276,69.5654809606283));
#5007=CARTESIAN_POINT('',(11.62691375875,-13.0000002038271,69.5654809606283));
#5008=CARTESIAN_POINT('Origin',(-53.3046206100634,-13.0000002038277,49.5654809606283));
#5009=CARTESIAN_POINT('',(-59.0000018328428,-13.0000002038278,77.5654809606282));
#5010=CARTESIAN_POINT('Origin',(-55.0000008195639,-13.0000002038277,77.5654809606282));
#5011=CARTESIAN_POINT('Origin',(-53.3046206100634,-13.0000002038277,49.5654809606283));
#5012=CARTESIAN_POINT('Origin',(-47.0240117605554,5.53839334797315,49.5654809606283));
#5013=CARTESIAN_POINT('',(-47.0240117605554,5.53839334797315,69.5654809606283));
#5014=CARTESIAN_POINT('',(-36.8656372459015,-0.738198462614282,65.8326796029112));
#5015=CARTESIAN_POINT('',(-40.5651684137655,-0.128536608890362,67.9237191199512));
#5016=CARTESIAN_POINT('Ctrl Pts',(-36.8656372459015,-0.738198462614283,
65.8326796029112));
#5017=CARTESIAN_POINT('Ctrl Pts',(-36.7891455528647,-0.512418901597706,
65.8326796029112));
#5018=CARTESIAN_POINT('Ctrl Pts',(-36.7542209776784,-0.260699673022312,
65.8670688189708));
#5019=CARTESIAN_POINT('Ctrl Pts',(-36.7825720175193,0.225042787445572,65.9954169046111));
#5020=CARTESIAN_POINT('Ctrl Pts',(-36.845422868435,0.459274124086527,66.0886806368639));
#5021=CARTESIAN_POINT('Ctrl Pts',(-37.0411653991098,0.890575722189143,66.3053238947533));
#5022=CARTESIAN_POINT('Ctrl Pts',(-37.200120057807,1.10938205910677,66.4486708332771));
#5023=CARTESIAN_POINT('Ctrl Pts',(-37.5903477514564,1.46003819914307,66.7454542599698));
#5024=CARTESIAN_POINT('Ctrl Pts',(-37.8218220331133,1.59182474829288,66.8987008056263));
#5025=CARTESIAN_POINT('Ctrl Pts',(-38.2782036344691,1.74644193862377,67.1672089626729));
#5026=CARTESIAN_POINT('Ctrl Pts',(-38.535373456361,1.78472435684026,67.3029061287315));
#5027=CARTESIAN_POINT('Ctrl Pts',(-39.0534559326863,1.74940033575495,67.5446067356281));
#5028=CARTESIAN_POINT('Ctrl Pts',(-39.3142505045314,1.67547688040214,67.6508167914004));
#5029=CARTESIAN_POINT('Ctrl Pts',(-39.7417502651852,1.45316244172477,67.8043863489721));
#5030=CARTESIAN_POINT('Ctrl Pts',(-39.9401538376192,1.30169116941952,67.8659182165029));
#5031=CARTESIAN_POINT('Ctrl Pts',(-40.2637434701156,0.927729161275177,67.9470097566976));
#5032=CARTESIAN_POINT('Ctrl Pts',(-40.388793626316,0.70517589123485,67.9668230931075));
#5033=CARTESIAN_POINT('Ctrl Pts',(-40.5290738997559,0.291112385785433,67.9668230931075));
#5034=CARTESIAN_POINT('Ctrl Pts',(-40.5651684137655,0.0811078789639514,
67.9527976383027));
#5035=CARTESIAN_POINT('Ctrl Pts',(-40.5651684137655,-0.128536608890233,
67.9237191199512));
#5036=CARTESIAN_POINT('Ctrl Pts',(-40.5651684137655,-0.128536608890234,
67.9237191199512));
#5037=CARTESIAN_POINT('Ctrl Pts',(-40.5651684137655,-0.173372746796828,
67.9175001705656));
#5038=CARTESIAN_POINT('Ctrl Pts',(-40.5635787259528,-0.218195283796156,
67.9106123361308));
#5039=CARTESIAN_POINT('Ctrl Pts',(-40.5424782988007,-0.516026557545906,
67.860307158586));
#5040=CARTESIAN_POINT('Ctrl Pts',(-40.4712284297947,-0.76235728484048,67.7954553650686));
#5041=CARTESIAN_POINT('Ctrl Pts',(-40.2583547214167,-1.19337424326541,67.6383297042597));
#5042=CARTESIAN_POINT('Ctrl Pts',(-40.0973827779007,-1.40243781177802,67.5334800604828));
#5043=CARTESIAN_POINT('Ctrl Pts',(-39.7139545208385,-1.73293988292416,67.2963185359405));
#5044=CARTESIAN_POINT('Ctrl Pts',(-39.4917752389655,-1.85456914787371,67.1638247627885));
#5045=CARTESIAN_POINT('Ctrl Pts',(-39.0411457405609,-2.00723758743518,66.8987008056263));
#5046=CARTESIAN_POINT('Ctrl Pts',(-38.7772350964246,-2.04328213649544,66.7454542599699));
#5047=CARTESIAN_POINT('Ctrl Pts',(-38.2542295650892,-2.00201961562454,66.4486708332771));
#5048=CARTESIAN_POINT('Ctrl Pts',(-37.9950133188183,-1.92488509503829,66.3053238947533));
#5049=CARTESIAN_POINT('Ctrl Pts',(-37.5774268590546,-1.70137277890576,66.0886806368639));
#5050=CARTESIAN_POINT('Ctrl Pts',(-37.3851490779062,-1.55357628570619,65.9954169046111));
#5051=CARTESIAN_POINT('Ctrl Pts',(-37.0673947142988,-1.18509062279662,65.8670688189708));
#5052=CARTESIAN_POINT('Ctrl Pts',(-36.9421289389382,-0.963978023630861,
65.8326796029112));
#5053=CARTESIAN_POINT('Ctrl Pts',(-36.8656372459015,-0.738198462614282,
65.8326796029112));
#5054=CARTESIAN_POINT('Origin',(-38.6651684137655,-0.128536608890489,95.5654809606283));
#5055=CARTESIAN_POINT('',(-40.5651684137655,-0.128536608890489,79.5654809606283));
#5056=CARTESIAN_POINT('Origin',(-38.6651684137655,-0.128536608890489,79.5654809606283));
#5057=CARTESIAN_POINT('',(-40.5651684137655,-0.128536608890489,95.5654809606283));
#5058=CARTESIAN_POINT('Origin',(-21.6865435304069,0.749756143197151,69.5654809606283));
#5059=CARTESIAN_POINT('',(-51.1817494364905,14.4995124902219,69.5654809606283));
#5060=CARTESIAN_POINT('',(-55.0000008195639,-13.0000002038276,69.5654809606283));
#5061=CARTESIAN_POINT('',(-51.1817494364905,14.4995124902219,69.5654809606283));
#5062=CARTESIAN_POINT('Origin',(-21.,-3.27826264254371,77.5654809606283));
#5063=CARTESIAN_POINT('Origin',(-21.,-3.27826264254371,77.5654809606283));
#5064=CARTESIAN_POINT('Origin',(-15.,-3.27826264254381,77.5654809606283));
#5065=CARTESIAN_POINT('',(-13.8,-3.27826264254381,79.5654809606283));
#5066=CARTESIAN_POINT('Origin',(-15.,-3.27826264254381,79.5654809606283));
#5067=CARTESIAN_POINT('',(-13.8,-3.27826264254381,77.5654809606283));
#5068=CARTESIAN_POINT('',(-13.8,-3.27826264254381,77.5654809606283));
#5069=CARTESIAN_POINT('Origin',(-15.,-3.27826264254381,77.5654809606283));
#5070=CARTESIAN_POINT('Origin',(-27.,-3.27826264254386,77.5654809606283));
#5071=CARTESIAN_POINT('',(-25.8,-3.27826264254386,79.5654809606283));
#5072=CARTESIAN_POINT('Origin',(-27.,-3.27826264254386,79.5654809606283));
#5073=CARTESIAN_POINT('',(-25.8,-3.27826264254386,77.5654809606283));
#5074=CARTESIAN_POINT('',(-25.8,-3.27826264254386,77.5654809606283));
#5075=CARTESIAN_POINT('Origin',(-27.,-3.27826264254386,77.5654809606283));
#5076=CARTESIAN_POINT('Origin',(-21.,-9.27826264254383,77.5654809606282));
#5077=CARTESIAN_POINT('',(-19.8,-9.27826264254384,79.5654809606282));
#5078=CARTESIAN_POINT('Origin',(-21.,-9.27826264254384,79.5654809606282));
#5079=CARTESIAN_POINT('',(-19.8,-9.27826264254383,77.5654809606282));
#5080=CARTESIAN_POINT('',(-19.8,-9.27826264254383,77.5654809606282));
#5081=CARTESIAN_POINT('Origin',(-21.,-9.27826264254383,77.5654809606282));
#5082=CARTESIAN_POINT('Origin',(-21.,2.72173735745617,77.5654809606283));
#5083=CARTESIAN_POINT('',(-19.8,2.72173735745617,79.5654809606283));
#5084=CARTESIAN_POINT('Origin',(-21.,2.72173735745617,79.5654809606283));
#5085=CARTESIAN_POINT('',(-19.8,2.72173735745617,77.5654809606283));
#5086=CARTESIAN_POINT('',(-19.8,2.72173735745617,77.5654809606283));
#5087=CARTESIAN_POINT('Origin',(-21.,2.72173735745617,77.5654809606283));
#5088=CARTESIAN_POINT('Origin',(-21.,-3.27826264254383,77.5654809606283));
#5089=CARTESIAN_POINT('',(-18.4,-3.27826264254383,79.5654809606283));
#5090=CARTESIAN_POINT('Origin',(-21.,-3.27826264254383,79.5654809606283));
#5091=CARTESIAN_POINT('',(-18.4,-3.27826264254383,77.5654809606283));
#5092=CARTESIAN_POINT('',(-18.4,-3.27826264254383,77.5654809606283));
#5093=CARTESIAN_POINT('Origin',(-21.,-3.27826264254383,77.5654809606283));
#5094=CARTESIAN_POINT('Origin',(-51.1817494364905,14.4995124902218,77.5654809606283));
#5095=CARTESIAN_POINT('',(-51.1817494364905,14.4995124902218,79.5654809606283));
#5096=CARTESIAN_POINT('',(-55.0000008195639,-13.0000001937151,79.5654809606282));
#5097=CARTESIAN_POINT('',(-51.1817494364905,14.4995124902218,77.5654809606283));
#5098=CARTESIAN_POINT('Origin',(-19.326713731384,14.4995124902218,77.5654809606283));
#5099=CARTESIAN_POINT('',(-19.326713731384,14.4995124902218,79.5654809606283));
#5100=CARTESIAN_POINT('Origin',(11.62691375875,-13.0000002038272,77.5654809606282));
#5101=CARTESIAN_POINT('',(11.62691375875,-13.0000002038272,79.5654809606282));
#5102=CARTESIAN_POINT('Origin',(-21.686543530407,0.749756143197022,79.5654809606283));
#5103=CARTESIAN_POINT('Origin',(-21.686543530407,0.749756143197026,77.5654809606283));
#5104=CARTESIAN_POINT('',(0.,0.,0.));
#5105=UNCERTAINTY_MEASURE_WITH_UNIT(LENGTH_MEASURE(0.01),#5111,
'DISTANCE_ACCURACY_VALUE',
'Maximum model space distance between geometric entities at asserted c
onnectivities');
#5106=UNCERTAINTY_MEASURE_WITH_UNIT(LENGTH_MEASURE(0.01),#5111,
'DISTANCE_ACCURACY_VALUE',
'Maximum model space distance between geometric entities at asserted c
onnectivities');
#5107=UNCERTAINTY_MEASURE_WITH_UNIT(LENGTH_MEASURE(0.01),#5111,
'DISTANCE_ACCURACY_VALUE',
'Maximum model space distance between geometric entities at asserted c
onnectivities');
#5108=(
GEOMETRIC_REPRESENTATION_CONTEXT(3)
GLOBAL_UNCERTAINTY_ASSIGNED_CONTEXT((#5105))
GLOBAL_UNIT_ASSIGNED_CONTEXT((#5111,#5113,#5114))
REPRESENTATION_CONTEXT('','3D')
);
#5109=(
GEOMETRIC_REPRESENTATION_CONTEXT(3)
GLOBAL_UNCERTAINTY_ASSIGNED_CONTEXT((#5106))
GLOBAL_UNIT_ASSIGNED_CONTEXT((#5111,#5113,#5114))
REPRESENTATION_CONTEXT('','3D')
);
#5110=(
GEOMETRIC_REPRESENTATION_CONTEXT(3)
GLOBAL_UNCERTAINTY_ASSIGNED_CONTEXT((#5107))
GLOBAL_UNIT_ASSIGNED_CONTEXT((#5111,#5113,#5114))
REPRESENTATION_CONTEXT('','3D')
);
#5111=(
LENGTH_UNIT()
NAMED_UNIT(*)
SI_UNIT(.MILLI.,.METRE.)
);
#5112=(
LENGTH_UNIT()
NAMED_UNIT(*)
SI_UNIT($,.METRE.)
);
#5113=(
NAMED_UNIT(*)
PLANE_ANGLE_UNIT()
SI_UNIT($,.RADIAN.)
);
#5114=(
NAMED_UNIT(*)
SI_UNIT($,.STERADIAN.)
SOLID_ANGLE_UNIT()
);
#5115=SHAPE_DEFINITION_REPRESENTATION(#5117,#5120);
#5116=SHAPE_DEFINITION_REPRESENTATION(#5118,#5121);
#5117=PRODUCT_DEFINITION_SHAPE('',$,#5123);
#5118=PRODUCT_DEFINITION_SHAPE('',$,#5124);
#5119=PRODUCT_DEFINITION_SHAPE($,$,#14);
#5120=SHAPE_REPRESENTATION('',(#2347,#2582),#5108);
#5121=SHAPE_REPRESENTATION('',(#2348),#5109);
#5122=PRODUCT_DEFINITION_CONTEXT('part definition',#5130,'design');
#5123=PRODUCT_DEFINITION('driwe pods','driwe pods',#5125,#5122);
#5124=PRODUCT_DEFINITION('l drive pod(Mirror)','l drive pod(Mirror)',#5126,
#5122);
#5125=PRODUCT_DEFINITION_FORMATION('',$,#5132);
#5126=PRODUCT_DEFINITION_FORMATION('',$,#5133);
#5127=PRODUCT_RELATED_PRODUCT_CATEGORY('driwe pods','driwe pods',(#5132));
#5128=PRODUCT_RELATED_PRODUCT_CATEGORY('l drive pod(Mirror)',
'l drive pod(Mirror)',(#5133));
#5129=APPLICATION_PROTOCOL_DEFINITION('international standard',
'automotive_design',2009,#5130);
#5130=APPLICATION_CONTEXT(
'Core Data for Automotive Mechanical Design Process');
#5131=PRODUCT_CONTEXT('part definition',#5130,'mechanical');
#5132=PRODUCT('driwe pods','driwe pods',$,(#5131));
#5133=PRODUCT('l drive pod(Mirror)','l drive pod(Mirror)',$,(#5131));
#5134=PRESENTATION_STYLE_ASSIGNMENT((#5136));
#5135=PRESENTATION_STYLE_ASSIGNMENT((#5137));
#5136=SURFACE_STYLE_USAGE(.BOTH.,#5138);
#5137=SURFACE_STYLE_USAGE(.BOTH.,#5139);
#5138=SURFACE_SIDE_STYLE('',(#5140));
#5139=SURFACE_SIDE_STYLE('',(#5141));
#5140=SURFACE_STYLE_FILL_AREA(#5142);
#5141=SURFACE_STYLE_FILL_AREA(#5143);
#5142=FILL_AREA_STYLE('Steel - Satin',(#5144));
#5143=FILL_AREA_STYLE('EPX 86FR (with Carbon M2 M3 L1 3D Printers)',(#5145));
#5144=FILL_AREA_STYLE_COLOUR('Steel - Satin',#5146);
#5145=FILL_AREA_STYLE_COLOUR(
'EPX 86FR (with Carbon M2 M3 L1 3D Printers)',#5147);
#5146=COLOUR_RGB('Steel - Satin',0.627450980392157,0.627450980392157,0.627450980392157);
#5147=COLOUR_RGB('EPX 86FR (with Carbon M2 M3 L1 3D Printers)',0.247058823529412,
0.247058823529412,0.247058823529412);
ENDSEC;
END-ISO-10303-21;
