ISO-10303-21;
HEADER;
/* Generated by software containing ST-Developer
 * from STEP Tools, Inc. (www.steptools.com) 
 */

FILE_DESCRIPTION(
/* description */ (''),
/* implementation_level */ '2;1');

FILE_NAME(
/* name */ 'main body metal forks.step',
/* time_stamp */ '2026-08-07T19:04:39+03:00',
/* author */ (''),
/* organization */ (''),
/* preprocessor_version */ 'ST-DEVELOPER v20.1',
/* originating_system */ 'Autodesk Translation Framework v15.8.0.0',
/* authorisation */ '');

FILE_SCHEMA (('AUTOMOTIVE_DESIGN { 1 0 10303 214 3 1 1 }'));
ENDSEC;

DATA;
#10=MECHANICAL_DESIGN_GEOMETRIC_PRESENTATION_REPRESENTATION('',(#13),#3345);
#11=SHAPE_REPRESENTATION_RELATIONSHIP('SRR','None',#3352,#12);
#12=ADVANCED_BREP_SHAPE_REPRESENTATION('',(#14),#3344);
#13=STYLED_ITEM('',(#3362),#14);
#14=MANIFOLD_SOLID_BREP('Body5',#1525);
#15=ELLIPSE('',#1559,9.32614092789621,9.);
#16=ELLIPSE('',#1560,12.767667603569,9.);
#17=ELLIPSE('',#1573,9.32614092789621,9.);
#18=ELLIPSE('',#1574,12.767667603569,9.);
#19=ELLIPSE('',#1587,9.32614092789621,9.);
#20=ELLIPSE('',#1588,12.767667603569,9.);
#21=ELLIPSE('',#1605,9.32614092789621,9.);
#22=ELLIPSE('',#1610,12.767667603569,9.);
#23=ELLIPSE('',#1621,9.32614092789621,9.);
#24=ELLIPSE('',#1622,12.767667603569,9.);
#25=ELLIPSE('',#1639,9.32614092789621,9.);
#26=ELLIPSE('',#1644,12.767667603569,9.);
#27=B_SPLINE_SURFACE_WITH_KNOTS('',3,3,((#2239,#2240,#2241,#2242,#2243,
#2244,#2245,#2246,#2247,#2248,#2249,#2250),(#2251,#2252,#2253,#2254,#2255,
#2256,#2257,#2258,#2259,#2260,#2261,#2262),(#2263,#2264,#2265,#2266,#2267,
#2268,#2269,#2270,#2271,#2272,#2273,#2274),(#2275,#2276,#2277,#2278,#2279,
#2280,#2281,#2282,#2283,#2284,#2285,#2286)),.UNSPECIFIED.,.F.,.F.,.F.,(4,
4),(4,1,1,1,1,1,1,1,1,4),(0.,3.16064609459392),(0.00264599620572248,0.0694565719386604,
0.136267147671598,0.203077723404536,0.269888299137474,0.40350945060335,
0.537130602069226,0.670751753535102,0.73756232926804,0.937994056466854),
 .UNSPECIFIED.);
#28=B_SPLINE_SURFACE_WITH_KNOTS('',3,3,((#2354,#2355,#2356,#2357,#2358,
#2359,#2360,#2361,#2362,#2363,#2364,#2365),(#2366,#2367,#2368,#2369,#2370,
#2371,#2372,#2373,#2374,#2375,#2376,#2377),(#2378,#2379,#2380,#2381,#2382,
#2383,#2384,#2385,#2386,#2387,#2388,#2389),(#2390,#2391,#2392,#2393,#2394,
#2395,#2396,#2397,#2398,#2399,#2400,#2401)),.UNSPECIFIED.,.F.,.F.,.F.,(4,
4),(4,1,1,1,1,1,1,1,1,4),(-3.43044374501887E-8,0.450606559875909),(0.,0.0683486304876495,
0.136697260975299,0.205045891462948,0.273394521950598,0.410091782925897,
0.546789043901196,0.683486304876495,0.820183565851794,0.956880826827093),
 .UNSPECIFIED.);
#29=B_SPLINE_SURFACE_WITH_KNOTS('',3,3,((#2421,#2422,#2423,#2424,#2425,
#2426,#2427,#2428,#2429,#2430,#2431,#2432),(#2433,#2434,#2435,#2436,#2437,
#2438,#2439,#2440,#2441,#2442,#2443,#2444),(#2445,#2446,#2447,#2448,#2449,
#2450,#2451,#2452,#2453,#2454,#2455,#2456),(#2457,#2458,#2459,#2460,#2461,
#2462,#2463,#2464,#2465,#2466,#2467,#2468)),.UNSPECIFIED.,.F.,.F.,.F.,(4,
4),(4,1,1,1,1,1,1,1,1,4),(0.,3.16064609459376),(0.00264585444395998,0.0694564403027381,
0.136267026161516,0.203077612020294,0.269888197879072,0.403509369596629,
0.537130541314185,0.670751713031741,0.737562298890519,0.937994056466854),
 .UNSPECIFIED.);
#30=B_SPLINE_SURFACE_WITH_KNOTS('',3,3,((#2757,#2758,#2759,#2760,#2761,
#2762,#2763,#2764,#2765,#2766,#2767,#2768),(#2769,#2770,#2771,#2772,#2773,
#2774,#2775,#2776,#2777,#2778,#2779,#2780),(#2781,#2782,#2783,#2784,#2785,
#2786,#2787,#2788,#2789,#2790,#2791,#2792),(#2793,#2794,#2795,#2796,#2797,
#2798,#2799,#2800,#2801,#2802,#2803,#2804)),.UNSPECIFIED.,.F.,.F.,.F.,(4,
4),(4,1,1,1,1,1,1,1,1,4),(2.5485260397075,2.77633254758566),(0.,0.0551061623523895,
0.110212324704779,0.165318487057168,0.220424649409558,0.330636974114337,
0.440849298819116,0.551061623523895,0.633720867052479,0.771486272933453),
 .UNSPECIFIED.);
#31=B_SPLINE_SURFACE_WITH_KNOTS('',3,3,((#2829,#2830,#2831,#2832,#2833,
#2834,#2835,#2836,#2837,#2838,#2839,#2840,#2841),(#2842,#2843,#2844,#2845,
#2846,#2847,#2848,#2849,#2850,#2851,#2852,#2853,#2854),(#2855,#2856,#2857,
#2858,#2859,#2860,#2861,#2862,#2863,#2864,#2865,#2866,#2867),(#2868,#2869,
#2870,#2871,#2872,#2873,#2874,#2875,#2876,#2877,#2878,#2879,#2880),(#2881,
#2882,#2883,#2884,#2885,#2886,#2887,#2888,#2889,#2890,#2891,#2892,#2893),
(#2894,#2895,#2896,#2897,#2898,#2899,#2900,#2901,#2902,#2903,#2904,#2905,
#2906)),.UNSPECIFIED.,.F.,.F.,.F.,(4,1,1,4),(4,1,1,1,1,1,1,1,1,1,4),(-3.63287765924988,
-3.09351976211382,-2.73394783068979,-2.37437589926576),(0.,0.0682792157048672,
0.136558431409734,0.204837647114602,0.273116862819469,0.341396078524336,
0.409675294229203,0.546233725638938,0.682792157048672,0.819350588458407,
0.955909019868141),.UNSPECIFIED.);
#32=B_SPLINE_SURFACE_WITH_KNOTS('',3,3,((#3085,#3086,#3087,#3088,#3089,
#3090,#3091,#3092,#3093,#3094,#3095,#3096),(#3097,#3098,#3099,#3100,#3101,
#3102,#3103,#3104,#3105,#3106,#3107,#3108),(#3109,#3110,#3111,#3112,#3113,
#3114,#3115,#3116,#3117,#3118,#3119,#3120),(#3121,#3122,#3123,#3124,#3125,
#3126,#3127,#3128,#3129,#3130,#3131,#3132)),.UNSPECIFIED.,.F.,.F.,.F.,(4,
4),(4,1,1,1,1,1,1,1,1,4),(2.5485260397075,2.77633254758566),(0.,0.0551061623523895,
0.110212324704779,0.165318487057168,0.220424649409558,0.330636974114337,
0.440849298819116,0.551061623523895,0.633720867052479,0.771486272933453),
 .UNSPECIFIED.);
#33=B_SPLINE_SURFACE_WITH_KNOTS('',3,3,((#3145,#3146,#3147,#3148,#3149,
#3150,#3151,#3152,#3153,#3154,#3155,#3156,#3157),(#3158,#3159,#3160,#3161,
#3162,#3163,#3164,#3165,#3166,#3167,#3168,#3169,#3170),(#3171,#3172,#3173,
#3174,#3175,#3176,#3177,#3178,#3179,#3180,#3181,#3182,#3183),(#3184,#3185,
#3186,#3187,#3188,#3189,#3190,#3191,#3192,#3193,#3194,#3195,#3196),(#3197,
#3198,#3199,#3200,#3201,#3202,#3203,#3204,#3205,#3206,#3207,#3208,#3209),
(#3210,#3211,#3212,#3213,#3214,#3215,#3216,#3217,#3218,#3219,#3220,#3221,
#3222)),.UNSPECIFIED.,.F.,.F.,.F.,(4,1,1,4),(4,1,1,1,1,1,1,1,1,1,4),(-3.63287765924988,
-3.09351976211382,-2.73394783068979,-2.37437589926576),(0.,0.0682792157048672,
0.136558431409734,0.204837647114602,0.273116862819469,0.341396078524336,
0.409675294229203,0.546233725638938,0.682792157048672,0.819350588458407,
0.955909019868141),.UNSPECIFIED.);
#34=B_SPLINE_SURFACE_WITH_KNOTS('',3,3,((#3289,#3290,#3291,#3292,#3293,
#3294,#3295,#3296,#3297,#3298,#3299,#3300),(#3301,#3302,#3303,#3304,#3305,
#3306,#3307,#3308,#3309,#3310,#3311,#3312),(#3313,#3314,#3315,#3316,#3317,
#3318,#3319,#3320,#3321,#3322,#3323,#3324),(#3325,#3326,#3327,#3328,#3329,
#3330,#3331,#3332,#3333,#3334,#3335,#3336)),.UNSPECIFIED.,.F.,.F.,.F.,(4,
4),(4,1,1,1,1,1,1,1,1,4),(-3.43042489546227E-8,0.450606559875909),(0.,0.0683486304876495,
0.136697260975299,0.205045891462948,0.273394521950598,0.410091782925897,
0.546789043901196,0.683486304876495,0.820183565851794,0.956880826827093),
 .UNSPECIFIED.);
#35=FACE_BOUND('',#196,.T.);
#36=FACE_BOUND('',#197,.T.);
#37=FACE_BOUND('',#207,.T.);
#38=FACE_BOUND('',#215,.T.);
#39=FACE_BOUND('',#223,.T.);
#40=FACE_BOUND('',#234,.T.);
#41=FACE_BOUND('',#245,.T.);
#42=FACE_BOUND('',#256,.T.);
#43=FACE_BOUND('',#261,.T.);
#44=FACE_BOUND('',#262,.T.);
#45=B_SPLINE_CURVE_WITH_KNOTS('',3,(#2113,#2114,#2115,#2116,#2117,#2118,
#2119,#2120,#2121,#2122,#2123,#2124),.UNSPECIFIED.,.F.,.F.,(4,2,2,2,2,4),
(0.928303956359343,5.49886666540162,6.52032757387727,6.91167694711756,7.18333167484312,
7.6354863601803),.UNSPECIFIED.);
#46=B_SPLINE_CURVE_WITH_KNOTS('',3,(#2128,#2129,#2130,#2131,#2132,#2133,
#2134,#2135,#2136,#2137,#2138,#2139,#2140,#2141,#2142,#2143,#2144,#2145,
#2146,#2147,#2148,#2149,#2150,#2151,#2152,#2153,#2154,#2155),
 .UNSPECIFIED.,.F.,.F.,(4,3,3,3,3,3,3,3,3,4),(0.0234664612377795,0.61091251191066,
1.19836302711667,1.78581354232268,2.37326405752869,3.5481650879407,4.72306611835272,
5.89796714876474,6.48541766397075,8.08225839968441),.UNSPECIFIED.);
#47=B_SPLINE_CURVE_WITH_KNOTS('',3,(#2183,#2184,#2185,#2186,#2187,#2188,
#2189,#2190,#2191,#2192,#2193,#2194,#2195,#2196,#2197,#2198,#2199,#2200,
#2201),.UNSPECIFIED.,.F.,.F.,(4,3,3,3,3,3,4),(-15.3204812345839,-13.898015576465,
-12.4449598668679,-11.1812856416097,-8.33073279020438,-6.72879437427257,
-1.3367147224859),.UNSPECIFIED.);
#48=B_SPLINE_CURVE_WITH_KNOTS('',3,(#2205,#2206,#2207,#2208,#2209,#2210,
#2211,#2212,#2213,#2214,#2215,#2216,#2217,#2218),.UNSPECIFIED.,.F.,.F.,
(4,2,2,2,2,2,4),(0.,0.316741849793516,0.501253702421596,0.761164871599851,
1.45390310611965,3.8071373838884,6.51525557283105),.UNSPECIFIED.);
#49=B_SPLINE_CURVE_WITH_KNOTS('',3,(#2226,#2227,#2228,#2229,#2230,#2231,
#2232),.UNSPECIFIED.,.F.,.F.,(4,3,4),(-0.451693782017242,-0.0273647087379183,
0.),.UNSPECIFIED.);
#50=B_SPLINE_CURVE_WITH_KNOTS('',3,(#2235,#2236,#2237,#2238),
 .UNSPECIFIED.,.F.,.F.,(4,4),(-0.451444393765231,-0.0447893467636795),
 .UNSPECIFIED.);
#51=B_SPLINE_CURVE_WITH_KNOTS('',3,(#2288,#2289,#2290,#2291,#2292,#2293),
 .UNSPECIFIED.,.F.,.F.,(4,2,4),(-3.16064605182879,-1.5802920503376,0.),
 .UNSPECIFIED.);
#52=B_SPLINE_CURVE_WITH_KNOTS('',3,(#2295,#2296,#2297,#2298,#2299,#2300,
#2301,#2302,#2303,#2304,#2305),.UNSPECIFIED.,.F.,.F.,(4,1,1,1,1,1,1,1,4),
(0.00515607814017896,0.0694565719386604,0.136267147671598,0.203077723404536,
0.269888299137474,0.40350945060335,0.537130602069226,0.670751753535102,
0.729256712577733),.UNSPECIFIED.);
#53=B_SPLINE_CURVE_WITH_KNOTS('',3,(#2307,#2308,#2309,#2310),
 .UNSPECIFIED.,.F.,.F.,(4,4),(-3.26018061816617,-0.0400000452981359),
 .UNSPECIFIED.);
#54=B_SPLINE_CURVE_WITH_KNOTS('',3,(#2311,#2312,#2313,#2314),
 .UNSPECIFIED.,.F.,.F.,(4,4),(-1.4944526114859,-0.342222705894097),
 .UNSPECIFIED.);
#55=B_SPLINE_CURVE_WITH_KNOTS('',3,(#2347,#2348,#2349,#2350,#2351,#2352),
 .UNSPECIFIED.,.F.,.F.,(4,2,4),(-3.16064605182879,-1.5802920503376,0.),
 .UNSPECIFIED.);
#56=B_SPLINE_CURVE_WITH_KNOTS('',3,(#2403,#2404,#2405,#2406),
 .UNSPECIFIED.,.F.,.F.,(4,4),(-0.150841159987142,0.),.UNSPECIFIED.);
#57=B_SPLINE_CURVE_WITH_KNOTS('',3,(#2408,#2409,#2410,#2411,#2412,#2413,
#2414,#2415,#2416,#2417,#2418,#2419),.UNSPECIFIED.,.F.,.F.,(4,1,1,1,1,1,
1,1,1,4),(0.,0.0683486304876495,0.136697260975299,0.205045891462948,0.273394521950598,
0.410091782925897,0.546789043901196,0.683486304876495,0.820183565851794,
0.955909019868141),.UNSPECIFIED.);
#58=B_SPLINE_CURVE_WITH_KNOTS('',3,(#2470,#2471,#2472,#2473,#2474,#2475,
#2476),.UNSPECIFIED.,.F.,.F.,(4,3,4),(-0.451693782017242,-0.0273647118221826,
0.),.UNSPECIFIED.);
#59=B_SPLINE_CURVE_WITH_KNOTS('',3,(#2478,#2479,#2480,#2481),
 .UNSPECIFIED.,.F.,.F.,(4,4),(-1.4944526114859,-0.342222705894097),
 .UNSPECIFIED.);
#60=B_SPLINE_CURVE_WITH_KNOTS('',3,(#2483,#2484,#2485,#2486),
 .UNSPECIFIED.,.F.,.F.,(4,4),(-3.26018061816617,-0.0400000452981359),
 .UNSPECIFIED.);
#61=B_SPLINE_CURVE_WITH_KNOTS('',3,(#2487,#2488,#2489,#2490,#2491,#2492,
#2493,#2494,#2495,#2496,#2497),.UNSPECIFIED.,.F.,.F.,(4,1,1,1,1,1,1,1,4),
(0.00515607814017896,0.0694564403027381,0.136267026161516,0.203077612020294,
0.269888197879072,0.403509369596629,0.537130541314185,0.670751713031741,
0.729256712577733),.UNSPECIFIED.);
#62=B_SPLINE_CURVE_WITH_KNOTS('',3,(#2500,#2501,#2502,#2503),
 .UNSPECIFIED.,.F.,.F.,(4,4),(-0.451444393765231,-0.0447893467636795),
 .UNSPECIFIED.);
#63=B_SPLINE_CURVE_WITH_KNOTS('',3,(#2533,#2534,#2535,#2536,#2537,#2538,
#2539,#2540,#2541,#2542,#2543,#2544,#2545,#2546,#2547,#2548,#2549,#2550,
#2551),.UNSPECIFIED.,.F.,.F.,(4,2,2,2,3,2,2,2,4),(-0.285681207416172,-0.226654929079778,
-0.15111960300665,-0.075559801503325,0.,0.0755975518727059,0.151195103745412,
0.226692675883204,0.2856814139207),.UNSPECIFIED.);
#64=B_SPLINE_CURVE_WITH_KNOTS('',3,(#2583,#2584,#2585,#2586,#2587,#2588,
#2589,#2590,#2591,#2592,#2593,#2594,#2595,#2596,#2597,#2598,#2599,#2600,
#2601),.UNSPECIFIED.,.F.,.F.,(4,2,2,2,3,2,2,2,4),(-0.285681207416172,-0.226654929079778,
-0.15111960300665,-0.075559801503325,0.,0.0755975518727059,0.151195103745412,
0.226692675883204,0.2856814139207),.UNSPECIFIED.);
#65=B_SPLINE_CURVE_WITH_KNOTS('',3,(#2635,#2636,#2637,#2638,#2639,#2640,
#2641,#2642,#2643,#2644,#2645,#2646,#2647,#2648,#2649,#2650,#2651,#2652,
#2653),.UNSPECIFIED.,.F.,.F.,(4,2,2,2,3,2,2,2,4),(0.924185644072281,0.983174382109784,
1.05867195424758,1.13426950612028,1.20986705799299,1.28542685949631,1.36098666099964,
1.43652198707277,1.49554826540916),.UNSPECIFIED.);
#66=B_SPLINE_CURVE_WITH_KNOTS('',3,(#2686,#2687,#2688,#2689,#2690,#2691,
#2692,#2693,#2694,#2695,#2696,#2697,#2698,#2699,#2700,#2701,#2702,#2703),
 .UNSPECIFIED.,.F.,.F.,(4,2,2,2,2,2,2,2,4),(0.319252337423946,0.378278615760343,
0.453813941833471,0.529373743336796,0.604933544840121,0.680531096712827,
0.756128648585533,0.831626220723325,0.890614958760826),.UNSPECIFIED.);
#67=B_SPLINE_CURVE_WITH_KNOTS('',3,(#2735,#2736,#2737,#2738,#2739,#2740),
 .UNSPECIFIED.,.F.,.F.,(4,2,4),(-2.34481540277365,-1.22340314959079,0.),
 .UNSPECIFIED.);
#68=B_SPLINE_CURVE_WITH_KNOTS('',3,(#2744,#2745,#2746,#2747,#2748,#2749,
#2750,#2751,#2752,#2753,#2754,#2755,#2756),.UNSPECIFIED.,.F.,.F.,(4,3,3,
3,4),(-0.50905244490757,-0.269244177640175,-0.254064078305527,-0.028379452515835,
0.),.UNSPECIFIED.);
#69=B_SPLINE_CURVE_WITH_KNOTS('',3,(#2805,#2806,#2807,#2808,#2809,#2810,
#2811,#2812,#2813,#2814,#2815,#2816),.UNSPECIFIED.,.F.,.F.,(4,1,1,1,1,1,
1,1,1,4),(0.,0.0551061623523895,0.110212324704779,0.165318487057168,0.220424649409558,
0.330636974114337,0.440849298819116,0.551061623523895,0.633720867052479,
0.733213018627626),.UNSPECIFIED.);
#70=B_SPLINE_CURVE_WITH_KNOTS('',3,(#2817,#2818,#2819,#2820,#2821,#2822,
#2823,#2824,#2825,#2826,#2827,#2828),.UNSPECIFIED.,.F.,.F.,(4,1,1,1,1,1,
1,1,1,4),(0.,0.0682792157048672,0.136558431409734,0.204837647114602,0.273116862819469,
0.341396078524336,0.409675294229203,0.546233725638938,0.682792157048672,
0.771484085131135),.UNSPECIFIED.);
#71=B_SPLINE_CURVE_WITH_KNOTS('',3,(#2908,#2909,#2910,#2911,#2912,#2913,
#2914,#2915,#2916,#2917,#2918,#2919,#2920,#2921,#2922,#2923,#2924,#2925,
#2926,#2927,#2928,#2929,#2930,#2931,#2932,#2933,#2934,#2935),
 .UNSPECIFIED.,.F.,.F.,(4,3,3,3,3,3,3,3,3,4),(-2.26362848304182,-2.14665251421672,
-2.02926563174758,-1.91222318721132,-1.81419103599671,-1.69741397761004,
-1.58114179356829,-1.46654957775358,-1.3671246645715,-1.36229853298366),
 .UNSPECIFIED.);
#72=B_SPLINE_CURVE_WITH_KNOTS('',3,(#2948,#2949,#2950,#2951,#2952,#2953,
#2954,#2955,#2956,#2957,#2958,#2959,#2960,#2961,#2962,#2963,#2964,#2965,
#2966),.UNSPECIFIED.,.F.,.F.,(4,2,2,2,3,2,2,2,4),(0.924185644072281,0.983174382109784,
1.05867195424758,1.13426950612028,1.20986705799299,1.28542685949631,1.36098666099964,
1.43652198707277,1.49554826540916),.UNSPECIFIED.);
#73=B_SPLINE_CURVE_WITH_KNOTS('',3,(#3001,#3002,#3003,#3004,#3005,#3006,
#3007,#3008,#3009,#3010,#3011,#3012,#3013,#3014,#3015,#3016,#3017,#3018),
 .UNSPECIFIED.,.F.,.F.,(4,2,2,2,2,2,2,2,4),(0.319252337423946,0.378278615760343,
0.453813941833471,0.529373743336796,0.604933544840121,0.680531096712827,
0.756128648585533,0.831626220723325,0.890614958760826),.UNSPECIFIED.);
#74=B_SPLINE_CURVE_WITH_KNOTS('',3,(#3046,#3047,#3048,#3049,#3050,#3051),
 .UNSPECIFIED.,.F.,.F.,(4,2,4),(-2.34481540277365,-1.22340314959079,0.),
 .UNSPECIFIED.);
#75=B_SPLINE_CURVE_WITH_KNOTS('',3,(#3053,#3054,#3055,#3056,#3057,#3058,
#3059,#3060,#3061,#3062,#3063,#3064,#3065),.UNSPECIFIED.,.F.,.F.,(4,3,3,
3,4),(-0.50905244490757,-0.269244177640175,-0.254064078305527,-0.028379452515835,
0.),.UNSPECIFIED.);
#76=B_SPLINE_CURVE_WITH_KNOTS('',3,(#3069,#3070,#3071,#3072,#3073,#3074,
#3075,#3076,#3077,#3078,#3079,#3080),.UNSPECIFIED.,.F.,.F.,(4,1,1,1,1,1,
1,1,1,4),(0.,0.0551061623523895,0.110212324704779,0.165318487057168,0.220424649409558,
0.330636974114337,0.440849298819116,0.551061623523895,0.633720867052479,
0.733213018627626),.UNSPECIFIED.);
#77=B_SPLINE_CURVE_WITH_KNOTS('',3,(#3133,#3134,#3135,#3136,#3137,#3138,
#3139,#3140,#3141,#3142,#3143,#3144),.UNSPECIFIED.,.F.,.F.,(4,1,1,1,1,1,
1,1,1,4),(0.,0.0682792157048672,0.136558431409734,0.204837647114602,0.273116862819469,
0.341396078524336,0.409675294229203,0.546233725638938,0.682792157048672,
0.771484085131135),.UNSPECIFIED.);
#78=B_SPLINE_CURVE_WITH_KNOTS('',3,(#3224,#3225,#3226,#3227,#3228,#3229,
#3230,#3231,#3232,#3233,#3234,#3235,#3236,#3237,#3238,#3239,#3240,#3241,
#3242,#3243,#3244,#3245,#3246,#3247,#3248,#3249,#3250,#3251),
 .UNSPECIFIED.,.F.,.F.,(4,3,3,3,3,3,3,3,3,4),(-2.26362848304182,-2.14665251421672,
-2.02926563174758,-1.91222318721132,-1.81419103599671,-1.69741397761004,
-1.58114179356829,-1.46654957775358,-1.3671246645715,-1.36229853298366),
 .UNSPECIFIED.);
#79=B_SPLINE_CURVE_WITH_KNOTS('',3,(#3252,#3253,#3254,#3255,#3256,#3257,
#3258,#3259,#3260,#3261,#3262,#3263,#3264),.UNSPECIFIED.,.F.,.F.,(4,1,1,
1,1,1,1,1,1,1,4),(0.,0.0682792157048672,0.136558431409734,0.204837647114602,
0.273116862819469,0.341396078524336,0.409675294229203,0.546233725638938,
0.682792157048672,0.819350588458407,0.955909019868141),.UNSPECIFIED.);
#80=B_SPLINE_CURVE_WITH_KNOTS('',3,(#3337,#3338,#3339,#3340),
 .UNSPECIFIED.,.F.,.F.,(4,4),(-0.150841159987142,0.),.UNSPECIFIED.);
#81=CYLINDRICAL_SURFACE('',#1545,3.);
#82=CYLINDRICAL_SURFACE('',#1548,3.);
#83=CYLINDRICAL_SURFACE('',#1558,9.);
#84=CYLINDRICAL_SURFACE('',#1569,5.);
#85=CYLINDRICAL_SURFACE('',#1571,2.);
#86=CYLINDRICAL_SURFACE('',#1572,9.);
#87=CYLINDRICAL_SURFACE('',#1583,5.);
#88=CYLINDRICAL_SURFACE('',#1585,2.);
#89=CYLINDRICAL_SURFACE('',#1586,9.);
#90=CYLINDRICAL_SURFACE('',#1597,5.);
#91=CYLINDRICAL_SURFACE('',#1599,2.);
#92=CYLINDRICAL_SURFACE('',#1600,2.);
#93=CYLINDRICAL_SURFACE('',#1606,5.);
#94=CYLINDRICAL_SURFACE('',#1613,9.);
#95=CYLINDRICAL_SURFACE('',#1616,17.823104931249);
#96=CYLINDRICAL_SURFACE('',#1620,9.);
#97=CYLINDRICAL_SURFACE('',#1631,5.);
#98=CYLINDRICAL_SURFACE('',#1633,2.);
#99=CYLINDRICAL_SURFACE('',#1634,2.);
#100=CYLINDRICAL_SURFACE('',#1640,5.);
#101=CYLINDRICAL_SURFACE('',#1647,9.);
#102=CYLINDRICAL_SURFACE('',#1653,1.15);
#103=CYLINDRICAL_SURFACE('',#1656,1.15);
#104=CYLINDRICAL_SURFACE('',#1659,1.15);
#105=CYLINDRICAL_SURFACE('',#1662,1.15);
#106=CYLINDRICAL_SURFACE('',#1665,17.823104931249);
#107=FACE_OUTER_BOUND('',#187,.T.);
#108=FACE_OUTER_BOUND('',#188,.T.);
#109=FACE_OUTER_BOUND('',#189,.T.);
#110=FACE_OUTER_BOUND('',#190,.T.);
#111=FACE_OUTER_BOUND('',#191,.T.);
#112=FACE_OUTER_BOUND('',#192,.T.);
#113=FACE_OUTER_BOUND('',#193,.T.);
#114=FACE_OUTER_BOUND('',#194,.T.);
#115=FACE_OUTER_BOUND('',#195,.T.);
#116=FACE_OUTER_BOUND('',#198,.T.);
#117=FACE_OUTER_BOUND('',#199,.T.);
#118=FACE_OUTER_BOUND('',#200,.T.);
#119=FACE_OUTER_BOUND('',#201,.T.);
#120=FACE_OUTER_BOUND('',#202,.T.);
#121=FACE_OUTER_BOUND('',#203,.T.);
#122=FACE_OUTER_BOUND('',#204,.T.);
#123=FACE_OUTER_BOUND('',#205,.T.);
#124=FACE_OUTER_BOUND('',#206,.T.);
#125=FACE_OUTER_BOUND('',#208,.T.);
#126=FACE_OUTER_BOUND('',#209,.T.);
#127=FACE_OUTER_BOUND('',#210,.T.);
#128=FACE_OUTER_BOUND('',#211,.T.);
#129=FACE_OUTER_BOUND('',#212,.T.);
#130=FACE_OUTER_BOUND('',#213,.T.);
#131=FACE_OUTER_BOUND('',#214,.T.);
#132=FACE_OUTER_BOUND('',#216,.T.);
#133=FACE_OUTER_BOUND('',#217,.T.);
#134=FACE_OUTER_BOUND('',#218,.T.);
#135=FACE_OUTER_BOUND('',#219,.T.);
#136=FACE_OUTER_BOUND('',#220,.T.);
#137=FACE_OUTER_BOUND('',#221,.T.);
#138=FACE_OUTER_BOUND('',#222,.T.);
#139=FACE_OUTER_BOUND('',#224,.T.);
#140=FACE_OUTER_BOUND('',#225,.T.);
#141=FACE_OUTER_BOUND('',#226,.T.);
#142=FACE_OUTER_BOUND('',#227,.T.);
#143=FACE_OUTER_BOUND('',#228,.T.);
#144=FACE_OUTER_BOUND('',#229,.T.);
#145=FACE_OUTER_BOUND('',#230,.T.);
#146=FACE_OUTER_BOUND('',#231,.T.);
#147=FACE_OUTER_BOUND('',#232,.T.);
#148=FACE_OUTER_BOUND('',#233,.T.);
#149=FACE_OUTER_BOUND('',#235,.T.);
#150=FACE_OUTER_BOUND('',#236,.T.);
#151=FACE_OUTER_BOUND('',#237,.T.);
#152=FACE_OUTER_BOUND('',#238,.T.);
#153=FACE_OUTER_BOUND('',#239,.T.);
#154=FACE_OUTER_BOUND('',#240,.T.);
#155=FACE_OUTER_BOUND('',#241,.T.);
#156=FACE_OUTER_BOUND('',#242,.T.);
#157=FACE_OUTER_BOUND('',#243,.T.);
#158=FACE_OUTER_BOUND('',#244,.T.);
#159=FACE_OUTER_BOUND('',#246,.T.);
#160=FACE_OUTER_BOUND('',#247,.T.);
#161=FACE_OUTER_BOUND('',#248,.T.);
#162=FACE_OUTER_BOUND('',#249,.T.);
#163=FACE_OUTER_BOUND('',#250,.T.);
#164=FACE_OUTER_BOUND('',#251,.T.);
#165=FACE_OUTER_BOUND('',#252,.T.);
#166=FACE_OUTER_BOUND('',#253,.T.);
#167=FACE_OUTER_BOUND('',#254,.T.);
#168=FACE_OUTER_BOUND('',#255,.T.);
#169=FACE_OUTER_BOUND('',#257,.T.);
#170=FACE_OUTER_BOUND('',#258,.T.);
#171=FACE_OUTER_BOUND('',#259,.T.);
#172=FACE_OUTER_BOUND('',#260,.T.);
#173=FACE_OUTER_BOUND('',#263,.T.);
#174=FACE_OUTER_BOUND('',#264,.T.);
#175=FACE_OUTER_BOUND('',#265,.T.);
#176=FACE_OUTER_BOUND('',#266,.T.);
#177=FACE_OUTER_BOUND('',#267,.T.);
#178=FACE_OUTER_BOUND('',#268,.T.);
#179=FACE_OUTER_BOUND('',#269,.T.);
#180=FACE_OUTER_BOUND('',#270,.T.);
#181=FACE_OUTER_BOUND('',#271,.T.);
#182=FACE_OUTER_BOUND('',#272,.T.);
#183=FACE_OUTER_BOUND('',#273,.T.);
#184=FACE_OUTER_BOUND('',#274,.T.);
#185=FACE_OUTER_BOUND('',#275,.T.);
#186=FACE_OUTER_BOUND('',#276,.T.);
#187=EDGE_LOOP('',(#951,#952,#953,#954,#955,#956,#957,#958));
#188=EDGE_LOOP('',(#959,#960,#961,#962));
#189=EDGE_LOOP('',(#963,#964,#965,#966));
#190=EDGE_LOOP('',(#967,#968,#969,#970));
#191=EDGE_LOOP('',(#971,#972,#973,#974));
#192=EDGE_LOOP('',(#975,#976,#977,#978));
#193=EDGE_LOOP('',(#979,#980,#981,#982));
#194=EDGE_LOOP('',(#983,#984,#985,#986));
#195=EDGE_LOOP('',(#987,#988,#989,#990,#991,#992,#993,#994,#995,#996,#997,
#998,#999,#1000,#1001,#1002,#1003,#1004,#1005,#1006,#1007,#1008,#1009,#1010,
#1011,#1012,#1013,#1014));
#196=EDGE_LOOP('',(#1015));
#197=EDGE_LOOP('',(#1016));
#198=EDGE_LOOP('',(#1017,#1018,#1019,#1020));
#199=EDGE_LOOP('',(#1021,#1022,#1023,#1024,#1025,#1026));
#200=EDGE_LOOP('',(#1027,#1028,#1029,#1030,#1031,#1032,#1033,#1034,#1035,
#1036,#1037,#1038,#1039,#1040,#1041,#1042,#1043,#1044,#1045,#1046,#1047,
#1048,#1049,#1050,#1051,#1052,#1053,#1054));
#201=EDGE_LOOP('',(#1055,#1056,#1057,#1058,#1059));
#202=EDGE_LOOP('',(#1060,#1061,#1062,#1063,#1064,#1065));
#203=EDGE_LOOP('',(#1066,#1067,#1068,#1069));
#204=EDGE_LOOP('',(#1070,#1071,#1072,#1073,#1074,#1075,#1076,#1077,#1078,
#1079,#1080,#1081,#1082,#1083,#1084,#1085));
#205=EDGE_LOOP('',(#1086,#1087,#1088,#1089,#1090,#1091));
#206=EDGE_LOOP('',(#1092,#1093,#1094,#1095));
#207=EDGE_LOOP('',(#1096));
#208=EDGE_LOOP('',(#1097,#1098,#1099,#1100,#1101,#1102,#1103));
#209=EDGE_LOOP('',(#1104,#1105,#1106,#1107,#1108));
#210=EDGE_LOOP('',(#1109,#1110,#1111,#1112));
#211=EDGE_LOOP('',(#1113,#1114,#1115,#1116,#1117));
#212=EDGE_LOOP('',(#1118,#1119,#1120,#1121,#1122,#1123));
#213=EDGE_LOOP('',(#1124,#1125,#1126,#1127,#1128,#1129));
#214=EDGE_LOOP('',(#1130,#1131,#1132,#1133));
#215=EDGE_LOOP('',(#1134));
#216=EDGE_LOOP('',(#1135,#1136,#1137,#1138,#1139,#1140,#1141));
#217=EDGE_LOOP('',(#1142,#1143,#1144,#1145,#1146));
#218=EDGE_LOOP('',(#1147,#1148,#1149,#1150));
#219=EDGE_LOOP('',(#1151,#1152,#1153,#1154,#1155));
#220=EDGE_LOOP('',(#1156,#1157,#1158,#1159,#1160,#1161));
#221=EDGE_LOOP('',(#1162,#1163,#1164,#1165,#1166,#1167));
#222=EDGE_LOOP('',(#1168,#1169,#1170,#1171));
#223=EDGE_LOOP('',(#1172));
#224=EDGE_LOOP('',(#1173,#1174,#1175,#1176,#1177,#1178,#1179));
#225=EDGE_LOOP('',(#1180,#1181,#1182,#1183,#1184));
#226=EDGE_LOOP('',(#1185,#1186,#1187,#1188));
#227=EDGE_LOOP('',(#1189,#1190,#1191,#1192,#1193));
#228=EDGE_LOOP('',(#1194,#1195,#1196,#1197,#1198,#1199));
#229=EDGE_LOOP('',(#1200,#1201,#1202,#1203,#1204,#1205));
#230=EDGE_LOOP('',(#1206,#1207,#1208,#1209,#1210));
#231=EDGE_LOOP('',(#1211,#1212,#1213,#1214));
#232=EDGE_LOOP('',(#1215,#1216,#1217,#1218,#1219));
#233=EDGE_LOOP('',(#1220,#1221,#1222,#1223));
#234=EDGE_LOOP('',(#1224));
#235=EDGE_LOOP('',(#1225,#1226,#1227,#1228,#1229,#1230,#1231));
#236=EDGE_LOOP('',(#1232,#1233,#1234,#1235,#1236,#1237));
#237=EDGE_LOOP('',(#1238,#1239,#1240,#1241,#1242));
#238=EDGE_LOOP('',(#1243,#1244,#1245,#1246));
#239=EDGE_LOOP('',(#1247,#1248,#1249,#1250,#1251));
#240=EDGE_LOOP('',(#1252,#1253,#1254,#1255));
#241=EDGE_LOOP('',(#1256,#1257));
#242=EDGE_LOOP('',(#1258,#1259,#1260,#1261,#1262));
#243=EDGE_LOOP('',(#1263,#1264,#1265,#1266,#1267,#1268));
#244=EDGE_LOOP('',(#1269,#1270,#1271,#1272));
#245=EDGE_LOOP('',(#1273));
#246=EDGE_LOOP('',(#1274,#1275,#1276,#1277,#1278,#1279,#1280));
#247=EDGE_LOOP('',(#1281,#1282,#1283,#1284,#1285));
#248=EDGE_LOOP('',(#1286,#1287,#1288,#1289));
#249=EDGE_LOOP('',(#1290,#1291,#1292,#1293,#1294));
#250=EDGE_LOOP('',(#1295,#1296,#1297,#1298,#1299,#1300));
#251=EDGE_LOOP('',(#1301,#1302,#1303,#1304,#1305,#1306));
#252=EDGE_LOOP('',(#1307,#1308,#1309,#1310,#1311));
#253=EDGE_LOOP('',(#1312,#1313,#1314,#1315));
#254=EDGE_LOOP('',(#1316,#1317,#1318,#1319,#1320));
#255=EDGE_LOOP('',(#1321,#1322,#1323,#1324));
#256=EDGE_LOOP('',(#1325));
#257=EDGE_LOOP('',(#1326,#1327,#1328,#1329,#1330,#1331,#1332));
#258=EDGE_LOOP('',(#1333,#1334,#1335,#1336,#1337,#1338));
#259=EDGE_LOOP('',(#1339,#1340,#1341,#1342,#1343));
#260=EDGE_LOOP('',(#1344,#1345,#1346,#1347,#1348,#1349,#1350,#1351));
#261=EDGE_LOOP('',(#1352));
#262=EDGE_LOOP('',(#1353));
#263=EDGE_LOOP('',(#1354,#1355,#1356,#1357));
#264=EDGE_LOOP('',(#1358,#1359,#1360,#1361,#1362));
#265=EDGE_LOOP('',(#1363,#1364,#1365,#1366));
#266=EDGE_LOOP('',(#1367));
#267=EDGE_LOOP('',(#1368,#1369,#1370,#1371));
#268=EDGE_LOOP('',(#1372));
#269=EDGE_LOOP('',(#1373,#1374,#1375,#1376));
#270=EDGE_LOOP('',(#1377));
#271=EDGE_LOOP('',(#1378,#1379,#1380,#1381));
#272=EDGE_LOOP('',(#1382));
#273=EDGE_LOOP('',(#1383,#1384,#1385,#1386));
#274=EDGE_LOOP('',(#1387,#1388));
#275=EDGE_LOOP('',(#1389,#1390,#1391,#1392,#1393));
#276=EDGE_LOOP('',(#1394,#1395,#1396,#1397,#1398));
#277=CIRCLE('',#1540,3.);
#278=CIRCLE('',#1541,3.);
#279=CIRCLE('',#1546,3.);
#280=CIRCLE('',#1549,3.);
#281=CIRCLE('',#1552,1.15);
#282=CIRCLE('',#1553,1.15);
#283=CIRCLE('',#1562,5.);
#284=CIRCLE('',#1563,2.);
#285=CIRCLE('',#1565,2.);
#286=CIRCLE('',#1566,2.);
#287=CIRCLE('',#1567,5.);
#288=CIRCLE('',#1576,5.);
#289=CIRCLE('',#1577,2.);
#290=CIRCLE('',#1579,5.);
#291=CIRCLE('',#1580,2.);
#292=CIRCLE('',#1581,2.);
#293=CIRCLE('',#1590,5.);
#294=CIRCLE('',#1591,2.);
#295=CIRCLE('',#1593,5.);
#296=CIRCLE('',#1594,2.);
#297=CIRCLE('',#1595,2.);
#298=CIRCLE('',#1601,2.);
#299=CIRCLE('',#1602,2.);
#300=CIRCLE('',#1603,2.);
#301=CIRCLE('',#1607,5.);
#302=CIRCLE('',#1608,5.);
#303=CIRCLE('',#1615,17.823104931249);
#304=CIRCLE('',#1617,17.823104931249);
#305=CIRCLE('',#1624,5.);
#306=CIRCLE('',#1625,2.);
#307=CIRCLE('',#1627,2.);
#308=CIRCLE('',#1628,2.);
#309=CIRCLE('',#1629,5.);
#310=CIRCLE('',#1635,2.);
#311=CIRCLE('',#1636,2.);
#312=CIRCLE('',#1637,2.);
#313=CIRCLE('',#1641,5.);
#314=CIRCLE('',#1642,5.);
#315=CIRCLE('',#1650,1.15);
#316=CIRCLE('',#1651,1.15);
#317=CIRCLE('',#1652,17.823104931249);
#318=CIRCLE('',#1654,1.15);
#319=CIRCLE('',#1657,1.15);
#320=CIRCLE('',#1660,1.15);
#321=CIRCLE('',#1663,1.15);
#322=CIRCLE('',#1666,17.823104931249);
#323=LINE('',#2065,#453);
#324=LINE('',#2067,#454);
#325=LINE('',#2069,#455);
#326=LINE('',#2071,#456);
#327=LINE('',#2075,#457);
#328=LINE('',#2078,#458);
#329=LINE('',#2081,#459);
#330=LINE('',#2083,#460);
#331=LINE('',#2084,#461);
#332=LINE('',#2087,#462);
#333=LINE('',#2089,#463);
#334=LINE('',#2090,#464);
#335=LINE('',#2093,#465);
#336=LINE('',#2094,#466);
#337=LINE('',#2098,#467);
#338=LINE('',#2101,#468);
#339=LINE('',#2102,#469);
#340=LINE('',#2106,#470);
#341=LINE('',#2108,#471);
#342=LINE('',#2111,#472);
#343=LINE('',#2126,#473);
#344=LINE('',#2157,#474);
#345=LINE('',#2159,#475);
#346=LINE('',#2161,#476);
#347=LINE('',#2163,#477);
#348=LINE('',#2165,#478);
#349=LINE('',#2167,#479);
#350=LINE('',#2169,#480);
#351=LINE('',#2171,#481);
#352=LINE('',#2173,#482);
#353=LINE('',#2175,#483);
#354=LINE('',#2177,#484);
#355=LINE('',#2179,#485);
#356=LINE('',#2181,#486);
#357=LINE('',#2203,#487);
#358=LINE('',#2219,#488);
#359=LINE('',#2234,#489);
#360=LINE('',#2317,#490);
#361=LINE('',#2319,#491);
#362=LINE('',#2320,#492);
#363=LINE('',#2322,#493);
#364=LINE('',#2324,#494);
#365=LINE('',#2325,#495);
#366=LINE('',#2327,#496);
#367=LINE('',#2329,#497);
#368=LINE('',#2330,#498);
#369=LINE('',#2332,#499);
#370=LINE('',#2334,#500);
#371=LINE('',#2335,#501);
#372=LINE('',#2337,#502);
#373=LINE('',#2339,#503);
#374=LINE('',#2340,#504);
#375=LINE('',#2342,#505);
#376=LINE('',#2344,#506);
#377=LINE('',#2345,#507);
#378=LINE('',#2353,#508);
#379=LINE('',#2420,#509);
#380=LINE('',#2504,#510);
#381=LINE('',#2507,#511);
#382=LINE('',#2509,#512);
#383=LINE('',#2511,#513);
#384=LINE('',#2513,#514);
#385=LINE('',#2515,#515);
#386=LINE('',#2517,#516);
#387=LINE('',#2519,#517);
#388=LINE('',#2521,#518);
#389=LINE('',#2523,#519);
#390=LINE('',#2524,#520);
#391=LINE('',#2531,#521);
#392=LINE('',#2552,#522);
#393=LINE('',#2555,#523);
#394=LINE('',#2558,#524);
#395=LINE('',#2566,#525);
#396=LINE('',#2569,#526);
#397=LINE('',#2571,#527);
#398=LINE('',#2573,#528);
#399=LINE('',#2576,#529);
#400=LINE('',#2581,#530);
#401=LINE('',#2603,#531);
#402=LINE('',#2607,#532);
#403=LINE('',#2609,#533);
#404=LINE('',#2615,#534);
#405=LINE('',#2618,#535);
#406=LINE('',#2623,#536);
#407=LINE('',#2625,#537);
#408=LINE('',#2628,#538);
#409=LINE('',#2633,#539);
#410=LINE('',#2655,#540);
#411=LINE('',#2659,#541);
#412=LINE('',#2661,#542);
#413=LINE('',#2667,#543);
#414=LINE('',#2670,#544);
#415=LINE('',#2675,#545);
#416=LINE('',#2677,#546);
#417=LINE('',#2680,#547);
#418=LINE('',#2706,#548);
#419=LINE('',#2712,#549);
#420=LINE('',#2714,#550);
#421=LINE('',#2715,#551);
#422=LINE('',#2720,#552);
#423=LINE('',#2724,#553);
#424=LINE('',#2726,#554);
#425=LINE('',#2729,#555);
#426=LINE('',#2730,#556);
#427=LINE('',#2741,#557);
#428=LINE('',#2743,#558);
#429=LINE('',#2946,#559);
#430=LINE('',#2967,#560);
#431=LINE('',#2970,#561);
#432=LINE('',#2973,#562);
#433=LINE('',#2981,#563);
#434=LINE('',#2984,#564);
#435=LINE('',#2986,#565);
#436=LINE('',#2988,#566);
#437=LINE('',#2991,#567);
#438=LINE('',#2997,#568);
#439=LINE('',#3021,#569);
#440=LINE('',#3023,#570);
#441=LINE('',#3025,#571);
#442=LINE('',#3032,#572);
#443=LINE('',#3035,#573);
#444=LINE('',#3036,#574);
#445=LINE('',#3040,#575);
#446=LINE('',#3041,#576);
#447=LINE('',#3066,#577);
#448=LINE('',#3067,#578);
#449=LINE('',#3268,#579);
#450=LINE('',#3273,#580);
#451=LINE('',#3278,#581);
#452=LINE('',#3283,#582);
#453=VECTOR('',#1673,10.);
#454=VECTOR('',#1674,10.);
#455=VECTOR('',#1675,10.);
#456=VECTOR('',#1676,10.);
#457=VECTOR('',#1679,10.);
#458=VECTOR('',#1682,10.);
#459=VECTOR('',#1685,10.);
#460=VECTOR('',#1686,10.);
#461=VECTOR('',#1687,10.);
#462=VECTOR('',#1690,10.);
#463=VECTOR('',#1691,10.);
#464=VECTOR('',#1692,10.);
#465=VECTOR('',#1695,10.);
#466=VECTOR('',#1696,10.);
#467=VECTOR('',#1701,10.);
#468=VECTOR('',#1704,10.);
#469=VECTOR('',#1705,10.);
#470=VECTOR('',#1710,10.);
#471=VECTOR('',#1713,10.);
#472=VECTOR('',#1716,10.);
#473=VECTOR('',#1717,10.);
#474=VECTOR('',#1718,10.);
#475=VECTOR('',#1719,10.);
#476=VECTOR('',#1720,10.);
#477=VECTOR('',#1721,10.);
#478=VECTOR('',#1722,10.);
#479=VECTOR('',#1723,10.);
#480=VECTOR('',#1724,10.);
#481=VECTOR('',#1725,10.);
#482=VECTOR('',#1726,10.);
#483=VECTOR('',#1727,10.);
#484=VECTOR('',#1728,10.);
#485=VECTOR('',#1729,10.);
#486=VECTOR('',#1730,10.);
#487=VECTOR('',#1731,10.);
#488=VECTOR('',#1732,10.);
#489=VECTOR('',#1739,10.);
#490=VECTOR('',#1742,10.);
#491=VECTOR('',#1743,10.);
#492=VECTOR('',#1744,10.);
#493=VECTOR('',#1745,10.);
#494=VECTOR('',#1746,10.);
#495=VECTOR('',#1747,10.);
#496=VECTOR('',#1748,10.);
#497=VECTOR('',#1749,10.);
#498=VECTOR('',#1750,10.);
#499=VECTOR('',#1751,10.);
#500=VECTOR('',#1752,10.);
#501=VECTOR('',#1753,10.);
#502=VECTOR('',#1754,10.);
#503=VECTOR('',#1755,10.);
#504=VECTOR('',#1756,10.);
#505=VECTOR('',#1757,10.);
#506=VECTOR('',#1758,10.);
#507=VECTOR('',#1759,10.);
#508=VECTOR('',#1760,10.);
#509=VECTOR('',#1761,10.);
#510=VECTOR('',#1764,10.);
#511=VECTOR('',#1767,10.);
#512=VECTOR('',#1768,10.);
#513=VECTOR('',#1769,10.);
#514=VECTOR('',#1770,10.);
#515=VECTOR('',#1771,10.);
#516=VECTOR('',#1772,10.);
#517=VECTOR('',#1773,10.);
#518=VECTOR('',#1774,10.);
#519=VECTOR('',#1775,10.);
#520=VECTOR('',#1776,10.);
#521=VECTOR('',#1783,10.);
#522=VECTOR('',#1784,10.);
#523=VECTOR('',#1787,10.);
#524=VECTOR('',#1790,10.);
#525=VECTOR('',#1799,10.);
#526=VECTOR('',#1802,10.);
#527=VECTOR('',#1805,10.);
#528=VECTOR('',#1808,10.);
#529=VECTOR('',#1813,2.);
#530=VECTOR('',#1818,10.);
#531=VECTOR('',#1819,10.);
#532=VECTOR('',#1824,10.);
#533=VECTOR('',#1825,10.);
#534=VECTOR('',#1832,10.);
#535=VECTOR('',#1835,10.);
#536=VECTOR('',#1842,10.);
#537=VECTOR('',#1845,10.);
#538=VECTOR('',#1850,2.);
#539=VECTOR('',#1855,10.);
#540=VECTOR('',#1856,10.);
#541=VECTOR('',#1861,10.);
#542=VECTOR('',#1862,10.);
#543=VECTOR('',#1869,10.);
#544=VECTOR('',#1872,10.);
#545=VECTOR('',#1879,10.);
#546=VECTOR('',#1882,10.);
#547=VECTOR('',#1887,2.);
#548=VECTOR('',#1894,2.);
#549=VECTOR('',#1901,10.);
#550=VECTOR('',#1902,10.);
#551=VECTOR('',#1903,10.);
#552=VECTOR('',#1908,10.);
#553=VECTOR('',#1913,10.);
#554=VECTOR('',#1916,10.);
#555=VECTOR('',#1921,10.);
#556=VECTOR('',#1922,10.);
#557=VECTOR('',#1927,10.);
#558=VECTOR('',#1928,10.);
#559=VECTOR('',#1945,10.);
#560=VECTOR('',#1946,10.);
#561=VECTOR('',#1949,10.);
#562=VECTOR('',#1952,10.);
#563=VECTOR('',#1961,10.);
#564=VECTOR('',#1964,10.);
#565=VECTOR('',#1967,10.);
#566=VECTOR('',#1970,10.);
#567=VECTOR('',#1975,2.);
#568=VECTOR('',#1980,2.);
#569=VECTOR('',#1987,10.);
#570=VECTOR('',#1988,10.);
#571=VECTOR('',#1989,10.);
#572=VECTOR('',#1998,10.);
#573=VECTOR('',#2001,10.);
#574=VECTOR('',#2002,10.);
#575=VECTOR('',#2009,10.);
#576=VECTOR('',#2010,10.);
#577=VECTOR('',#2015,10.);
#578=VECTOR('',#2016,10.);
#579=VECTOR('',#2027,1.15);
#580=VECTOR('',#2034,1.15);
#581=VECTOR('',#2041,1.15);
#582=VECTOR('',#2048,1.15);
#583=VERTEX_POINT('',#2063);
#584=VERTEX_POINT('',#2064);
#585=VERTEX_POINT('',#2066);
#586=VERTEX_POINT('',#2068);
#587=VERTEX_POINT('',#2070);
#588=VERTEX_POINT('',#2072);
#589=VERTEX_POINT('',#2074);
#590=VERTEX_POINT('',#2076);
#591=VERTEX_POINT('',#2080);
#592=VERTEX_POINT('',#2082);
#593=VERTEX_POINT('',#2086);
#594=VERTEX_POINT('',#2088);
#595=VERTEX_POINT('',#2092);
#596=VERTEX_POINT('',#2096);
#597=VERTEX_POINT('',#2100);
#598=VERTEX_POINT('',#2104);
#599=VERTEX_POINT('',#2110);
#600=VERTEX_POINT('',#2112);
#601=VERTEX_POINT('',#2125);
#602=VERTEX_POINT('',#2127);
#603=VERTEX_POINT('',#2156);
#604=VERTEX_POINT('',#2158);
#605=VERTEX_POINT('',#2160);
#606=VERTEX_POINT('',#2162);
#607=VERTEX_POINT('',#2164);
#608=VERTEX_POINT('',#2166);
#609=VERTEX_POINT('',#2168);
#610=VERTEX_POINT('',#2170);
#611=VERTEX_POINT('',#2172);
#612=VERTEX_POINT('',#2174);
#613=VERTEX_POINT('',#2176);
#614=VERTEX_POINT('',#2178);
#615=VERTEX_POINT('',#2180);
#616=VERTEX_POINT('',#2182);
#617=VERTEX_POINT('',#2202);
#618=VERTEX_POINT('',#2204);
#619=VERTEX_POINT('',#2220);
#620=VERTEX_POINT('',#2222);
#621=VERTEX_POINT('',#2225);
#622=VERTEX_POINT('',#2233);
#623=VERTEX_POINT('',#2287);
#624=VERTEX_POINT('',#2294);
#625=VERTEX_POINT('',#2306);
#626=VERTEX_POINT('',#2316);
#627=VERTEX_POINT('',#2318);
#628=VERTEX_POINT('',#2321);
#629=VERTEX_POINT('',#2323);
#630=VERTEX_POINT('',#2326);
#631=VERTEX_POINT('',#2328);
#632=VERTEX_POINT('',#2331);
#633=VERTEX_POINT('',#2333);
#634=VERTEX_POINT('',#2336);
#635=VERTEX_POINT('',#2338);
#636=VERTEX_POINT('',#2341);
#637=VERTEX_POINT('',#2343);
#638=VERTEX_POINT('',#2346);
#639=VERTEX_POINT('',#2402);
#640=VERTEX_POINT('',#2407);
#641=VERTEX_POINT('',#2469);
#642=VERTEX_POINT('',#2477);
#643=VERTEX_POINT('',#2482);
#644=VERTEX_POINT('',#2499);
#645=VERTEX_POINT('',#2506);
#646=VERTEX_POINT('',#2508);
#647=VERTEX_POINT('',#2510);
#648=VERTEX_POINT('',#2512);
#649=VERTEX_POINT('',#2514);
#650=VERTEX_POINT('',#2516);
#651=VERTEX_POINT('',#2518);
#652=VERTEX_POINT('',#2520);
#653=VERTEX_POINT('',#2522);
#654=VERTEX_POINT('',#2526);
#655=VERTEX_POINT('',#2528);
#656=VERTEX_POINT('',#2530);
#657=VERTEX_POINT('',#2532);
#658=VERTEX_POINT('',#2554);
#659=VERTEX_POINT('',#2556);
#660=VERTEX_POINT('',#2559);
#661=VERTEX_POINT('',#2562);
#662=VERTEX_POINT('',#2565);
#663=VERTEX_POINT('',#2567);
#664=VERTEX_POINT('',#2578);
#665=VERTEX_POINT('',#2580);
#666=VERTEX_POINT('',#2582);
#667=VERTEX_POINT('',#2602);
#668=VERTEX_POINT('',#2606);
#669=VERTEX_POINT('',#2608);
#670=VERTEX_POINT('',#2611);
#671=VERTEX_POINT('',#2614);
#672=VERTEX_POINT('',#2616);
#673=VERTEX_POINT('',#2619);
#674=VERTEX_POINT('',#2630);
#675=VERTEX_POINT('',#2632);
#676=VERTEX_POINT('',#2634);
#677=VERTEX_POINT('',#2654);
#678=VERTEX_POINT('',#2658);
#679=VERTEX_POINT('',#2660);
#680=VERTEX_POINT('',#2663);
#681=VERTEX_POINT('',#2666);
#682=VERTEX_POINT('',#2668);
#683=VERTEX_POINT('',#2671);
#684=VERTEX_POINT('',#2682);
#685=VERTEX_POINT('',#2683);
#686=VERTEX_POINT('',#2685);
#687=VERTEX_POINT('',#2705);
#688=VERTEX_POINT('',#2709);
#689=VERTEX_POINT('',#2711);
#690=VERTEX_POINT('',#2713);
#691=VERTEX_POINT('',#2717);
#692=VERTEX_POINT('',#2719);
#693=VERTEX_POINT('',#2723);
#694=VERTEX_POINT('',#2733);
#695=VERTEX_POINT('',#2734);
#696=VERTEX_POINT('',#2742);
#697=VERTEX_POINT('',#2941);
#698=VERTEX_POINT('',#2943);
#699=VERTEX_POINT('',#2945);
#700=VERTEX_POINT('',#2947);
#701=VERTEX_POINT('',#2969);
#702=VERTEX_POINT('',#2971);
#703=VERTEX_POINT('',#2974);
#704=VERTEX_POINT('',#2977);
#705=VERTEX_POINT('',#2980);
#706=VERTEX_POINT('',#2982);
#707=VERTEX_POINT('',#2993);
#708=VERTEX_POINT('',#2994);
#709=VERTEX_POINT('',#2996);
#710=VERTEX_POINT('',#2999);
#711=VERTEX_POINT('',#3020);
#712=VERTEX_POINT('',#3022);
#713=VERTEX_POINT('',#3024);
#714=VERTEX_POINT('',#3028);
#715=VERTEX_POINT('',#3030);
#716=VERTEX_POINT('',#3034);
#717=VERTEX_POINT('',#3044);
#718=VERTEX_POINT('',#3045);
#719=VERTEX_POINT('',#3052);
#720=VERTEX_POINT('',#3081);
#721=VERTEX_POINT('',#3083);
#722=VERTEX_POINT('',#3223);
#723=VERTEX_POINT('',#3267);
#724=VERTEX_POINT('',#3272);
#725=VERTEX_POINT('',#3277);
#726=VERTEX_POINT('',#3282);
#727=EDGE_CURVE('',#583,#584,#323,.T.);
#728=EDGE_CURVE('',#585,#583,#324,.T.);
#729=EDGE_CURVE('',#586,#585,#325,.T.);
#730=EDGE_CURVE('',#587,#586,#326,.T.);
#731=EDGE_CURVE('',#588,#587,#277,.T.);
#732=EDGE_CURVE('',#589,#588,#327,.T.);
#733=EDGE_CURVE('',#590,#589,#278,.T.);
#734=EDGE_CURVE('',#584,#590,#328,.T.);
#735=EDGE_CURVE('',#591,#585,#329,.T.);
#736=EDGE_CURVE('',#592,#591,#330,.T.);
#737=EDGE_CURVE('',#592,#586,#331,.T.);
#738=EDGE_CURVE('',#593,#584,#332,.T.);
#739=EDGE_CURVE('',#594,#593,#333,.T.);
#740=EDGE_CURVE('',#583,#594,#334,.T.);
#741=EDGE_CURVE('',#595,#592,#335,.T.);
#742=EDGE_CURVE('',#595,#587,#336,.T.);
#743=EDGE_CURVE('',#596,#595,#279,.T.);
#744=EDGE_CURVE('',#596,#588,#337,.T.);
#745=EDGE_CURVE('',#597,#596,#338,.T.);
#746=EDGE_CURVE('',#597,#589,#339,.T.);
#747=EDGE_CURVE('',#598,#597,#280,.T.);
#748=EDGE_CURVE('',#598,#590,#340,.T.);
#749=EDGE_CURVE('',#593,#598,#341,.T.);
#750=EDGE_CURVE('',#591,#599,#342,.T.);
#751=EDGE_CURVE('',#600,#599,#45,.T.);
#752=EDGE_CURVE('',#601,#600,#343,.T.);
#753=EDGE_CURVE('',#602,#601,#46,.T.);
#754=EDGE_CURVE('',#602,#603,#344,.T.);
#755=EDGE_CURVE('',#603,#604,#345,.T.);
#756=EDGE_CURVE('',#604,#605,#346,.T.);
#757=EDGE_CURVE('',#605,#606,#347,.T.);
#758=EDGE_CURVE('',#607,#606,#348,.T.);
#759=EDGE_CURVE('',#608,#607,#349,.T.);
#760=EDGE_CURVE('',#609,#608,#350,.T.);
#761=EDGE_CURVE('',#610,#609,#351,.T.);
#762=EDGE_CURVE('',#611,#610,#352,.T.);
#763=EDGE_CURVE('',#612,#611,#353,.T.);
#764=EDGE_CURVE('',#612,#613,#354,.T.);
#765=EDGE_CURVE('',#613,#614,#355,.T.);
#766=EDGE_CURVE('',#614,#615,#356,.T.);
#767=EDGE_CURVE('',#615,#616,#47,.T.);
#768=EDGE_CURVE('',#616,#617,#357,.T.);
#769=EDGE_CURVE('',#618,#617,#48,.T.);
#770=EDGE_CURVE('',#618,#594,#358,.T.);
#771=EDGE_CURVE('',#619,#619,#281,.T.);
#772=EDGE_CURVE('',#620,#620,#282,.T.);
#773=EDGE_CURVE('',#621,#616,#49,.T.);
#774=EDGE_CURVE('',#622,#621,#359,.T.);
#775=EDGE_CURVE('',#617,#622,#50,.T.);
#776=EDGE_CURVE('',#615,#623,#51,.T.);
#777=EDGE_CURVE('',#623,#624,#52,.T.);
#778=EDGE_CURVE('',#624,#625,#53,.T.);
#779=EDGE_CURVE('',#625,#621,#54,.T.);
#780=EDGE_CURVE('',#626,#614,#360,.T.);
#781=EDGE_CURVE('',#627,#626,#361,.T.);
#782=EDGE_CURVE('',#613,#627,#362,.T.);
#783=EDGE_CURVE('',#628,#612,#363,.T.);
#784=EDGE_CURVE('',#628,#629,#364,.T.);
#785=EDGE_CURVE('',#629,#611,#365,.T.);
#786=EDGE_CURVE('',#610,#630,#366,.T.);
#787=EDGE_CURVE('',#630,#631,#367,.T.);
#788=EDGE_CURVE('',#631,#609,#368,.T.);
#789=EDGE_CURVE('',#608,#632,#369,.T.);
#790=EDGE_CURVE('',#632,#633,#370,.T.);
#791=EDGE_CURVE('',#633,#607,#371,.T.);
#792=EDGE_CURVE('',#606,#634,#372,.T.);
#793=EDGE_CURVE('',#634,#635,#373,.T.);
#794=EDGE_CURVE('',#635,#605,#374,.T.);
#795=EDGE_CURVE('',#604,#636,#375,.T.);
#796=EDGE_CURVE('',#636,#637,#376,.T.);
#797=EDGE_CURVE('',#637,#603,#377,.T.);
#798=EDGE_CURVE('',#602,#638,#55,.T.);
#799=EDGE_CURVE('',#623,#638,#378,.T.);
#800=EDGE_CURVE('',#622,#639,#56,.T.);
#801=EDGE_CURVE('',#640,#639,#57,.T.);
#802=EDGE_CURVE('',#618,#640,#379,.T.);
#803=EDGE_CURVE('',#641,#601,#58,.T.);
#804=EDGE_CURVE('',#642,#641,#59,.T.);
#805=EDGE_CURVE('',#643,#642,#60,.T.);
#806=EDGE_CURVE('',#638,#643,#61,.T.);
#807=EDGE_CURVE('',#600,#644,#62,.T.);
#808=EDGE_CURVE('',#644,#641,#380,.T.);
#809=EDGE_CURVE('',#645,#640,#381,.T.);
#810=EDGE_CURVE('',#645,#646,#382,.T.);
#811=EDGE_CURVE('',#646,#647,#383,.T.);
#812=EDGE_CURVE('',#647,#648,#384,.T.);
#813=EDGE_CURVE('',#649,#648,#385,.T.);
#814=EDGE_CURVE('',#650,#649,#386,.T.);
#815=EDGE_CURVE('',#651,#650,#387,.T.);
#816=EDGE_CURVE('',#652,#651,#388,.T.);
#817=EDGE_CURVE('',#652,#653,#389,.T.);
#818=EDGE_CURVE('',#599,#653,#390,.T.);
#819=EDGE_CURVE('',#607,#654,#15,.F.);
#820=EDGE_CURVE('',#633,#655,#16,.T.);
#821=EDGE_CURVE('',#655,#656,#391,.T.);
#822=EDGE_CURVE('',#657,#656,#63,.F.);
#823=EDGE_CURVE('',#657,#654,#392,.T.);
#824=EDGE_CURVE('',#658,#608,#393,.T.);
#825=EDGE_CURVE('',#659,#658,#283,.T.);
#826=EDGE_CURVE('',#632,#659,#394,.T.);
#827=EDGE_CURVE('',#660,#660,#284,.T.);
#828=EDGE_CURVE('',#657,#661,#285,.T.);
#829=EDGE_CURVE('',#661,#656,#286,.T.);
#830=EDGE_CURVE('',#655,#662,#395,.T.);
#831=EDGE_CURVE('',#662,#663,#287,.T.);
#832=EDGE_CURVE('',#663,#654,#396,.T.);
#833=EDGE_CURVE('',#659,#662,#397,.T.);
#834=EDGE_CURVE('',#658,#663,#398,.T.);
#835=EDGE_CURVE('',#660,#661,#399,.T.);
#836=EDGE_CURVE('',#610,#664,#17,.F.);
#837=EDGE_CURVE('',#665,#664,#400,.T.);
#838=EDGE_CURVE('',#665,#666,#64,.F.);
#839=EDGE_CURVE('',#667,#666,#401,.T.);
#840=EDGE_CURVE('',#630,#667,#18,.T.);
#841=EDGE_CURVE('',#668,#609,#402,.T.);
#842=EDGE_CURVE('',#631,#669,#403,.T.);
#843=EDGE_CURVE('',#669,#668,#288,.T.);
#844=EDGE_CURVE('',#670,#670,#289,.T.);
#845=EDGE_CURVE('',#671,#664,#404,.T.);
#846=EDGE_CURVE('',#672,#671,#290,.T.);
#847=EDGE_CURVE('',#667,#672,#405,.T.);
#848=EDGE_CURVE('',#673,#666,#291,.T.);
#849=EDGE_CURVE('',#665,#673,#292,.T.);
#850=EDGE_CURVE('',#669,#672,#406,.T.);
#851=EDGE_CURVE('',#668,#671,#407,.T.);
#852=EDGE_CURVE('',#670,#673,#408,.T.);
#853=EDGE_CURVE('',#614,#674,#19,.F.);
#854=EDGE_CURVE('',#675,#674,#409,.T.);
#855=EDGE_CURVE('',#675,#676,#65,.F.);
#856=EDGE_CURVE('',#677,#676,#410,.T.);
#857=EDGE_CURVE('',#626,#677,#20,.T.);
#858=EDGE_CURVE('',#678,#613,#411,.T.);
#859=EDGE_CURVE('',#627,#679,#412,.T.);
#860=EDGE_CURVE('',#679,#678,#293,.T.);
#861=EDGE_CURVE('',#680,#680,#294,.T.);
#862=EDGE_CURVE('',#681,#674,#413,.T.);
#863=EDGE_CURVE('',#682,#681,#295,.T.);
#864=EDGE_CURVE('',#677,#682,#414,.T.);
#865=EDGE_CURVE('',#683,#676,#296,.T.);
#866=EDGE_CURVE('',#675,#683,#297,.T.);
#867=EDGE_CURVE('',#679,#682,#415,.T.);
#868=EDGE_CURVE('',#678,#681,#416,.T.);
#869=EDGE_CURVE('',#680,#683,#417,.T.);
#870=EDGE_CURVE('',#684,#685,#298,.T.);
#871=EDGE_CURVE('',#686,#684,#66,.F.);
#872=EDGE_CURVE('',#685,#686,#299,.T.);
#873=EDGE_CURVE('',#685,#687,#418,.T.);
#874=EDGE_CURVE('',#687,#687,#300,.T.);
#875=EDGE_CURVE('',#611,#688,#21,.T.);
#876=EDGE_CURVE('',#689,#688,#419,.T.);
#877=EDGE_CURVE('',#689,#690,#420,.T.);
#878=EDGE_CURVE('',#690,#612,#421,.T.);
#879=EDGE_CURVE('',#691,#689,#301,.T.);
#880=EDGE_CURVE('',#691,#692,#422,.T.);
#881=EDGE_CURVE('',#692,#690,#302,.T.);
#882=EDGE_CURVE('',#693,#691,#423,.T.);
#883=EDGE_CURVE('',#693,#629,#22,.T.);
#884=EDGE_CURVE('',#628,#692,#424,.T.);
#885=EDGE_CURVE('',#688,#684,#425,.T.);
#886=EDGE_CURVE('',#686,#693,#426,.T.);
#887=EDGE_CURVE('',#694,#695,#67,.T.);
#888=EDGE_CURVE('',#625,#694,#427,.T.);
#889=EDGE_CURVE('',#696,#624,#428,.T.);
#890=EDGE_CURVE('',#695,#696,#68,.T.);
#891=EDGE_CURVE('',#648,#696,#69,.T.);
#892=EDGE_CURVE('',#647,#695,#70,.T.);
#893=EDGE_CURVE('',#640,#647,#303,.T.);
#894=EDGE_CURVE('',#639,#694,#71,.T.);
#895=EDGE_CURVE('',#645,#646,#304,.T.);
#896=EDGE_CURVE('',#603,#697,#23,.F.);
#897=EDGE_CURVE('',#637,#698,#24,.T.);
#898=EDGE_CURVE('',#698,#699,#429,.T.);
#899=EDGE_CURVE('',#700,#699,#72,.F.);
#900=EDGE_CURVE('',#700,#697,#430,.T.);
#901=EDGE_CURVE('',#701,#604,#431,.T.);
#902=EDGE_CURVE('',#702,#701,#305,.T.);
#903=EDGE_CURVE('',#636,#702,#432,.T.);
#904=EDGE_CURVE('',#703,#703,#306,.T.);
#905=EDGE_CURVE('',#700,#704,#307,.T.);
#906=EDGE_CURVE('',#704,#699,#308,.T.);
#907=EDGE_CURVE('',#698,#705,#433,.T.);
#908=EDGE_CURVE('',#705,#706,#309,.T.);
#909=EDGE_CURVE('',#706,#697,#434,.T.);
#910=EDGE_CURVE('',#702,#705,#435,.T.);
#911=EDGE_CURVE('',#701,#706,#436,.T.);
#912=EDGE_CURVE('',#703,#704,#437,.T.);
#913=EDGE_CURVE('',#707,#708,#310,.T.);
#914=EDGE_CURVE('',#708,#709,#438,.T.);
#915=EDGE_CURVE('',#709,#709,#311,.T.);
#916=EDGE_CURVE('',#708,#710,#312,.T.);
#917=EDGE_CURVE('',#710,#707,#73,.F.);
#918=EDGE_CURVE('',#711,#605,#439,.T.);
#919=EDGE_CURVE('',#712,#711,#440,.T.);
#920=EDGE_CURVE('',#712,#713,#441,.T.);
#921=EDGE_CURVE('',#606,#713,#25,.T.);
#922=EDGE_CURVE('',#714,#712,#313,.T.);
#923=EDGE_CURVE('',#715,#711,#314,.T.);
#924=EDGE_CURVE('',#714,#715,#442,.T.);
#925=EDGE_CURVE('',#716,#714,#443,.T.);
#926=EDGE_CURVE('',#635,#715,#444,.T.);
#927=EDGE_CURVE('',#716,#634,#26,.T.);
#928=EDGE_CURVE('',#713,#707,#445,.T.);
#929=EDGE_CURVE('',#710,#716,#446,.T.);
#930=EDGE_CURVE('',#717,#718,#74,.T.);
#931=EDGE_CURVE('',#718,#719,#75,.T.);
#932=EDGE_CURVE('',#719,#643,#447,.T.);
#933=EDGE_CURVE('',#642,#717,#448,.T.);
#934=EDGE_CURVE('',#649,#719,#76,.T.);
#935=EDGE_CURVE('',#720,#720,#315,.T.);
#936=EDGE_CURVE('',#721,#721,#316,.T.);
#937=EDGE_CURVE('',#650,#718,#77,.T.);
#938=EDGE_CURVE('',#722,#717,#78,.T.);
#939=EDGE_CURVE('',#653,#722,#79,.T.);
#940=EDGE_CURVE('',#653,#650,#317,.T.);
#941=EDGE_CURVE('',#620,#723,#449,.T.);
#942=EDGE_CURVE('',#723,#723,#318,.T.);
#943=EDGE_CURVE('',#721,#724,#450,.T.);
#944=EDGE_CURVE('',#724,#724,#319,.T.);
#945=EDGE_CURVE('',#619,#725,#451,.T.);
#946=EDGE_CURVE('',#725,#725,#320,.T.);
#947=EDGE_CURVE('',#720,#726,#452,.T.);
#948=EDGE_CURVE('',#726,#726,#321,.T.);
#949=EDGE_CURVE('',#652,#651,#322,.T.);
#950=EDGE_CURVE('',#644,#722,#80,.T.);
#951=ORIENTED_EDGE('',*,*,#727,.F.);
#952=ORIENTED_EDGE('',*,*,#728,.F.);
#953=ORIENTED_EDGE('',*,*,#729,.F.);
#954=ORIENTED_EDGE('',*,*,#730,.F.);
#955=ORIENTED_EDGE('',*,*,#731,.F.);
#956=ORIENTED_EDGE('',*,*,#732,.F.);
#957=ORIENTED_EDGE('',*,*,#733,.F.);
#958=ORIENTED_EDGE('',*,*,#734,.F.);
#959=ORIENTED_EDGE('',*,*,#729,.T.);
#960=ORIENTED_EDGE('',*,*,#735,.F.);
#961=ORIENTED_EDGE('',*,*,#736,.F.);
#962=ORIENTED_EDGE('',*,*,#737,.T.);
#963=ORIENTED_EDGE('',*,*,#727,.T.);
#964=ORIENTED_EDGE('',*,*,#738,.F.);
#965=ORIENTED_EDGE('',*,*,#739,.F.);
#966=ORIENTED_EDGE('',*,*,#740,.F.);
#967=ORIENTED_EDGE('',*,*,#741,.F.);
#968=ORIENTED_EDGE('',*,*,#742,.T.);
#969=ORIENTED_EDGE('',*,*,#730,.T.);
#970=ORIENTED_EDGE('',*,*,#737,.F.);
#971=ORIENTED_EDGE('',*,*,#743,.F.);
#972=ORIENTED_EDGE('',*,*,#744,.T.);
#973=ORIENTED_EDGE('',*,*,#731,.T.);
#974=ORIENTED_EDGE('',*,*,#742,.F.);
#975=ORIENTED_EDGE('',*,*,#745,.F.);
#976=ORIENTED_EDGE('',*,*,#746,.T.);
#977=ORIENTED_EDGE('',*,*,#732,.T.);
#978=ORIENTED_EDGE('',*,*,#744,.F.);
#979=ORIENTED_EDGE('',*,*,#747,.F.);
#980=ORIENTED_EDGE('',*,*,#748,.T.);
#981=ORIENTED_EDGE('',*,*,#733,.T.);
#982=ORIENTED_EDGE('',*,*,#746,.F.);
#983=ORIENTED_EDGE('',*,*,#749,.F.);
#984=ORIENTED_EDGE('',*,*,#738,.T.);
#985=ORIENTED_EDGE('',*,*,#734,.T.);
#986=ORIENTED_EDGE('',*,*,#748,.F.);
#987=ORIENTED_EDGE('',*,*,#739,.T.);
#988=ORIENTED_EDGE('',*,*,#749,.T.);
#989=ORIENTED_EDGE('',*,*,#747,.T.);
#990=ORIENTED_EDGE('',*,*,#745,.T.);
#991=ORIENTED_EDGE('',*,*,#743,.T.);
#992=ORIENTED_EDGE('',*,*,#741,.T.);
#993=ORIENTED_EDGE('',*,*,#736,.T.);
#994=ORIENTED_EDGE('',*,*,#750,.T.);
#995=ORIENTED_EDGE('',*,*,#751,.F.);
#996=ORIENTED_EDGE('',*,*,#752,.F.);
#997=ORIENTED_EDGE('',*,*,#753,.F.);
#998=ORIENTED_EDGE('',*,*,#754,.T.);
#999=ORIENTED_EDGE('',*,*,#755,.T.);
#1000=ORIENTED_EDGE('',*,*,#756,.T.);
#1001=ORIENTED_EDGE('',*,*,#757,.T.);
#1002=ORIENTED_EDGE('',*,*,#758,.F.);
#1003=ORIENTED_EDGE('',*,*,#759,.F.);
#1004=ORIENTED_EDGE('',*,*,#760,.F.);
#1005=ORIENTED_EDGE('',*,*,#761,.F.);
#1006=ORIENTED_EDGE('',*,*,#762,.F.);
#1007=ORIENTED_EDGE('',*,*,#763,.F.);
#1008=ORIENTED_EDGE('',*,*,#764,.T.);
#1009=ORIENTED_EDGE('',*,*,#765,.T.);
#1010=ORIENTED_EDGE('',*,*,#766,.T.);
#1011=ORIENTED_EDGE('',*,*,#767,.T.);
#1012=ORIENTED_EDGE('',*,*,#768,.T.);
#1013=ORIENTED_EDGE('',*,*,#769,.F.);
#1014=ORIENTED_EDGE('',*,*,#770,.T.);
#1015=ORIENTED_EDGE('',*,*,#771,.F.);
#1016=ORIENTED_EDGE('',*,*,#772,.F.);
#1017=ORIENTED_EDGE('',*,*,#768,.F.);
#1018=ORIENTED_EDGE('',*,*,#773,.F.);
#1019=ORIENTED_EDGE('',*,*,#774,.F.);
#1020=ORIENTED_EDGE('',*,*,#775,.F.);
#1021=ORIENTED_EDGE('',*,*,#767,.F.);
#1022=ORIENTED_EDGE('',*,*,#776,.T.);
#1023=ORIENTED_EDGE('',*,*,#777,.T.);
#1024=ORIENTED_EDGE('',*,*,#778,.T.);
#1025=ORIENTED_EDGE('',*,*,#779,.T.);
#1026=ORIENTED_EDGE('',*,*,#773,.T.);
#1027=ORIENTED_EDGE('',*,*,#766,.F.);
#1028=ORIENTED_EDGE('',*,*,#780,.F.);
#1029=ORIENTED_EDGE('',*,*,#781,.F.);
#1030=ORIENTED_EDGE('',*,*,#782,.F.);
#1031=ORIENTED_EDGE('',*,*,#764,.F.);
#1032=ORIENTED_EDGE('',*,*,#783,.F.);
#1033=ORIENTED_EDGE('',*,*,#784,.T.);
#1034=ORIENTED_EDGE('',*,*,#785,.T.);
#1035=ORIENTED_EDGE('',*,*,#762,.T.);
#1036=ORIENTED_EDGE('',*,*,#786,.T.);
#1037=ORIENTED_EDGE('',*,*,#787,.T.);
#1038=ORIENTED_EDGE('',*,*,#788,.T.);
#1039=ORIENTED_EDGE('',*,*,#760,.T.);
#1040=ORIENTED_EDGE('',*,*,#789,.T.);
#1041=ORIENTED_EDGE('',*,*,#790,.T.);
#1042=ORIENTED_EDGE('',*,*,#791,.T.);
#1043=ORIENTED_EDGE('',*,*,#758,.T.);
#1044=ORIENTED_EDGE('',*,*,#792,.T.);
#1045=ORIENTED_EDGE('',*,*,#793,.T.);
#1046=ORIENTED_EDGE('',*,*,#794,.T.);
#1047=ORIENTED_EDGE('',*,*,#756,.F.);
#1048=ORIENTED_EDGE('',*,*,#795,.T.);
#1049=ORIENTED_EDGE('',*,*,#796,.T.);
#1050=ORIENTED_EDGE('',*,*,#797,.T.);
#1051=ORIENTED_EDGE('',*,*,#754,.F.);
#1052=ORIENTED_EDGE('',*,*,#798,.T.);
#1053=ORIENTED_EDGE('',*,*,#799,.F.);
#1054=ORIENTED_EDGE('',*,*,#776,.F.);
#1055=ORIENTED_EDGE('',*,*,#769,.T.);
#1056=ORIENTED_EDGE('',*,*,#775,.T.);
#1057=ORIENTED_EDGE('',*,*,#800,.T.);
#1058=ORIENTED_EDGE('',*,*,#801,.F.);
#1059=ORIENTED_EDGE('',*,*,#802,.F.);
#1060=ORIENTED_EDGE('',*,*,#753,.T.);
#1061=ORIENTED_EDGE('',*,*,#803,.F.);
#1062=ORIENTED_EDGE('',*,*,#804,.F.);
#1063=ORIENTED_EDGE('',*,*,#805,.F.);
#1064=ORIENTED_EDGE('',*,*,#806,.F.);
#1065=ORIENTED_EDGE('',*,*,#798,.F.);
#1066=ORIENTED_EDGE('',*,*,#752,.T.);
#1067=ORIENTED_EDGE('',*,*,#807,.T.);
#1068=ORIENTED_EDGE('',*,*,#808,.T.);
#1069=ORIENTED_EDGE('',*,*,#803,.T.);
#1070=ORIENTED_EDGE('',*,*,#740,.T.);
#1071=ORIENTED_EDGE('',*,*,#770,.F.);
#1072=ORIENTED_EDGE('',*,*,#802,.T.);
#1073=ORIENTED_EDGE('',*,*,#809,.F.);
#1074=ORIENTED_EDGE('',*,*,#810,.T.);
#1075=ORIENTED_EDGE('',*,*,#811,.T.);
#1076=ORIENTED_EDGE('',*,*,#812,.T.);
#1077=ORIENTED_EDGE('',*,*,#813,.F.);
#1078=ORIENTED_EDGE('',*,*,#814,.F.);
#1079=ORIENTED_EDGE('',*,*,#815,.F.);
#1080=ORIENTED_EDGE('',*,*,#816,.F.);
#1081=ORIENTED_EDGE('',*,*,#817,.T.);
#1082=ORIENTED_EDGE('',*,*,#818,.F.);
#1083=ORIENTED_EDGE('',*,*,#750,.F.);
#1084=ORIENTED_EDGE('',*,*,#735,.T.);
#1085=ORIENTED_EDGE('',*,*,#728,.T.);
#1086=ORIENTED_EDGE('',*,*,#819,.F.);
#1087=ORIENTED_EDGE('',*,*,#791,.F.);
#1088=ORIENTED_EDGE('',*,*,#820,.T.);
#1089=ORIENTED_EDGE('',*,*,#821,.T.);
#1090=ORIENTED_EDGE('',*,*,#822,.F.);
#1091=ORIENTED_EDGE('',*,*,#823,.T.);
#1092=ORIENTED_EDGE('',*,*,#824,.F.);
#1093=ORIENTED_EDGE('',*,*,#825,.F.);
#1094=ORIENTED_EDGE('',*,*,#826,.F.);
#1095=ORIENTED_EDGE('',*,*,#789,.F.);
#1096=ORIENTED_EDGE('',*,*,#827,.F.);
#1097=ORIENTED_EDGE('',*,*,#823,.F.);
#1098=ORIENTED_EDGE('',*,*,#828,.T.);
#1099=ORIENTED_EDGE('',*,*,#829,.T.);
#1100=ORIENTED_EDGE('',*,*,#821,.F.);
#1101=ORIENTED_EDGE('',*,*,#830,.T.);
#1102=ORIENTED_EDGE('',*,*,#831,.T.);
#1103=ORIENTED_EDGE('',*,*,#832,.T.);
#1104=ORIENTED_EDGE('',*,*,#826,.T.);
#1105=ORIENTED_EDGE('',*,*,#833,.T.);
#1106=ORIENTED_EDGE('',*,*,#830,.F.);
#1107=ORIENTED_EDGE('',*,*,#820,.F.);
#1108=ORIENTED_EDGE('',*,*,#790,.F.);
#1109=ORIENTED_EDGE('',*,*,#825,.T.);
#1110=ORIENTED_EDGE('',*,*,#834,.T.);
#1111=ORIENTED_EDGE('',*,*,#831,.F.);
#1112=ORIENTED_EDGE('',*,*,#833,.F.);
#1113=ORIENTED_EDGE('',*,*,#832,.F.);
#1114=ORIENTED_EDGE('',*,*,#834,.F.);
#1115=ORIENTED_EDGE('',*,*,#824,.T.);
#1116=ORIENTED_EDGE('',*,*,#759,.T.);
#1117=ORIENTED_EDGE('',*,*,#819,.T.);
#1118=ORIENTED_EDGE('',*,*,#827,.T.);
#1119=ORIENTED_EDGE('',*,*,#835,.T.);
#1120=ORIENTED_EDGE('',*,*,#828,.F.);
#1121=ORIENTED_EDGE('',*,*,#822,.T.);
#1122=ORIENTED_EDGE('',*,*,#829,.F.);
#1123=ORIENTED_EDGE('',*,*,#835,.F.);
#1124=ORIENTED_EDGE('',*,*,#836,.T.);
#1125=ORIENTED_EDGE('',*,*,#837,.F.);
#1126=ORIENTED_EDGE('',*,*,#838,.T.);
#1127=ORIENTED_EDGE('',*,*,#839,.F.);
#1128=ORIENTED_EDGE('',*,*,#840,.F.);
#1129=ORIENTED_EDGE('',*,*,#786,.F.);
#1130=ORIENTED_EDGE('',*,*,#841,.T.);
#1131=ORIENTED_EDGE('',*,*,#788,.F.);
#1132=ORIENTED_EDGE('',*,*,#842,.T.);
#1133=ORIENTED_EDGE('',*,*,#843,.T.);
#1134=ORIENTED_EDGE('',*,*,#844,.T.);
#1135=ORIENTED_EDGE('',*,*,#837,.T.);
#1136=ORIENTED_EDGE('',*,*,#845,.F.);
#1137=ORIENTED_EDGE('',*,*,#846,.F.);
#1138=ORIENTED_EDGE('',*,*,#847,.F.);
#1139=ORIENTED_EDGE('',*,*,#839,.T.);
#1140=ORIENTED_EDGE('',*,*,#848,.F.);
#1141=ORIENTED_EDGE('',*,*,#849,.F.);
#1142=ORIENTED_EDGE('',*,*,#842,.F.);
#1143=ORIENTED_EDGE('',*,*,#787,.F.);
#1144=ORIENTED_EDGE('',*,*,#840,.T.);
#1145=ORIENTED_EDGE('',*,*,#847,.T.);
#1146=ORIENTED_EDGE('',*,*,#850,.F.);
#1147=ORIENTED_EDGE('',*,*,#843,.F.);
#1148=ORIENTED_EDGE('',*,*,#850,.T.);
#1149=ORIENTED_EDGE('',*,*,#846,.T.);
#1150=ORIENTED_EDGE('',*,*,#851,.F.);
#1151=ORIENTED_EDGE('',*,*,#845,.T.);
#1152=ORIENTED_EDGE('',*,*,#836,.F.);
#1153=ORIENTED_EDGE('',*,*,#761,.T.);
#1154=ORIENTED_EDGE('',*,*,#841,.F.);
#1155=ORIENTED_EDGE('',*,*,#851,.T.);
#1156=ORIENTED_EDGE('',*,*,#844,.F.);
#1157=ORIENTED_EDGE('',*,*,#852,.T.);
#1158=ORIENTED_EDGE('',*,*,#848,.T.);
#1159=ORIENTED_EDGE('',*,*,#838,.F.);
#1160=ORIENTED_EDGE('',*,*,#849,.T.);
#1161=ORIENTED_EDGE('',*,*,#852,.F.);
#1162=ORIENTED_EDGE('',*,*,#853,.T.);
#1163=ORIENTED_EDGE('',*,*,#854,.F.);
#1164=ORIENTED_EDGE('',*,*,#855,.T.);
#1165=ORIENTED_EDGE('',*,*,#856,.F.);
#1166=ORIENTED_EDGE('',*,*,#857,.F.);
#1167=ORIENTED_EDGE('',*,*,#780,.T.);
#1168=ORIENTED_EDGE('',*,*,#858,.T.);
#1169=ORIENTED_EDGE('',*,*,#782,.T.);
#1170=ORIENTED_EDGE('',*,*,#859,.T.);
#1171=ORIENTED_EDGE('',*,*,#860,.T.);
#1172=ORIENTED_EDGE('',*,*,#861,.T.);
#1173=ORIENTED_EDGE('',*,*,#854,.T.);
#1174=ORIENTED_EDGE('',*,*,#862,.F.);
#1175=ORIENTED_EDGE('',*,*,#863,.F.);
#1176=ORIENTED_EDGE('',*,*,#864,.F.);
#1177=ORIENTED_EDGE('',*,*,#856,.T.);
#1178=ORIENTED_EDGE('',*,*,#865,.F.);
#1179=ORIENTED_EDGE('',*,*,#866,.F.);
#1180=ORIENTED_EDGE('',*,*,#859,.F.);
#1181=ORIENTED_EDGE('',*,*,#781,.T.);
#1182=ORIENTED_EDGE('',*,*,#857,.T.);
#1183=ORIENTED_EDGE('',*,*,#864,.T.);
#1184=ORIENTED_EDGE('',*,*,#867,.F.);
#1185=ORIENTED_EDGE('',*,*,#860,.F.);
#1186=ORIENTED_EDGE('',*,*,#867,.T.);
#1187=ORIENTED_EDGE('',*,*,#863,.T.);
#1188=ORIENTED_EDGE('',*,*,#868,.F.);
#1189=ORIENTED_EDGE('',*,*,#862,.T.);
#1190=ORIENTED_EDGE('',*,*,#853,.F.);
#1191=ORIENTED_EDGE('',*,*,#765,.F.);
#1192=ORIENTED_EDGE('',*,*,#858,.F.);
#1193=ORIENTED_EDGE('',*,*,#868,.T.);
#1194=ORIENTED_EDGE('',*,*,#861,.F.);
#1195=ORIENTED_EDGE('',*,*,#869,.T.);
#1196=ORIENTED_EDGE('',*,*,#865,.T.);
#1197=ORIENTED_EDGE('',*,*,#855,.F.);
#1198=ORIENTED_EDGE('',*,*,#866,.T.);
#1199=ORIENTED_EDGE('',*,*,#869,.F.);
#1200=ORIENTED_EDGE('',*,*,#870,.F.);
#1201=ORIENTED_EDGE('',*,*,#871,.F.);
#1202=ORIENTED_EDGE('',*,*,#872,.F.);
#1203=ORIENTED_EDGE('',*,*,#873,.T.);
#1204=ORIENTED_EDGE('',*,*,#874,.T.);
#1205=ORIENTED_EDGE('',*,*,#873,.F.);
#1206=ORIENTED_EDGE('',*,*,#763,.T.);
#1207=ORIENTED_EDGE('',*,*,#875,.T.);
#1208=ORIENTED_EDGE('',*,*,#876,.F.);
#1209=ORIENTED_EDGE('',*,*,#877,.T.);
#1210=ORIENTED_EDGE('',*,*,#878,.T.);
#1211=ORIENTED_EDGE('',*,*,#879,.F.);
#1212=ORIENTED_EDGE('',*,*,#880,.T.);
#1213=ORIENTED_EDGE('',*,*,#881,.T.);
#1214=ORIENTED_EDGE('',*,*,#877,.F.);
#1215=ORIENTED_EDGE('',*,*,#882,.F.);
#1216=ORIENTED_EDGE('',*,*,#883,.T.);
#1217=ORIENTED_EDGE('',*,*,#784,.F.);
#1218=ORIENTED_EDGE('',*,*,#884,.T.);
#1219=ORIENTED_EDGE('',*,*,#880,.F.);
#1220=ORIENTED_EDGE('',*,*,#884,.F.);
#1221=ORIENTED_EDGE('',*,*,#783,.T.);
#1222=ORIENTED_EDGE('',*,*,#878,.F.);
#1223=ORIENTED_EDGE('',*,*,#881,.F.);
#1224=ORIENTED_EDGE('',*,*,#874,.F.);
#1225=ORIENTED_EDGE('',*,*,#885,.T.);
#1226=ORIENTED_EDGE('',*,*,#870,.T.);
#1227=ORIENTED_EDGE('',*,*,#872,.T.);
#1228=ORIENTED_EDGE('',*,*,#886,.T.);
#1229=ORIENTED_EDGE('',*,*,#882,.T.);
#1230=ORIENTED_EDGE('',*,*,#879,.T.);
#1231=ORIENTED_EDGE('',*,*,#876,.T.);
#1232=ORIENTED_EDGE('',*,*,#871,.T.);
#1233=ORIENTED_EDGE('',*,*,#885,.F.);
#1234=ORIENTED_EDGE('',*,*,#875,.F.);
#1235=ORIENTED_EDGE('',*,*,#785,.F.);
#1236=ORIENTED_EDGE('',*,*,#883,.F.);
#1237=ORIENTED_EDGE('',*,*,#886,.F.);
#1238=ORIENTED_EDGE('',*,*,#887,.F.);
#1239=ORIENTED_EDGE('',*,*,#888,.F.);
#1240=ORIENTED_EDGE('',*,*,#778,.F.);
#1241=ORIENTED_EDGE('',*,*,#889,.F.);
#1242=ORIENTED_EDGE('',*,*,#890,.F.);
#1243=ORIENTED_EDGE('',*,*,#890,.T.);
#1244=ORIENTED_EDGE('',*,*,#891,.F.);
#1245=ORIENTED_EDGE('',*,*,#812,.F.);
#1246=ORIENTED_EDGE('',*,*,#892,.T.);
#1247=ORIENTED_EDGE('',*,*,#887,.T.);
#1248=ORIENTED_EDGE('',*,*,#892,.F.);
#1249=ORIENTED_EDGE('',*,*,#893,.F.);
#1250=ORIENTED_EDGE('',*,*,#801,.T.);
#1251=ORIENTED_EDGE('',*,*,#894,.T.);
#1252=ORIENTED_EDGE('',*,*,#895,.F.);
#1253=ORIENTED_EDGE('',*,*,#809,.T.);
#1254=ORIENTED_EDGE('',*,*,#893,.T.);
#1255=ORIENTED_EDGE('',*,*,#811,.F.);
#1256=ORIENTED_EDGE('',*,*,#895,.T.);
#1257=ORIENTED_EDGE('',*,*,#810,.F.);
#1258=ORIENTED_EDGE('',*,*,#774,.T.);
#1259=ORIENTED_EDGE('',*,*,#779,.F.);
#1260=ORIENTED_EDGE('',*,*,#888,.T.);
#1261=ORIENTED_EDGE('',*,*,#894,.F.);
#1262=ORIENTED_EDGE('',*,*,#800,.F.);
#1263=ORIENTED_EDGE('',*,*,#896,.F.);
#1264=ORIENTED_EDGE('',*,*,#797,.F.);
#1265=ORIENTED_EDGE('',*,*,#897,.T.);
#1266=ORIENTED_EDGE('',*,*,#898,.T.);
#1267=ORIENTED_EDGE('',*,*,#899,.F.);
#1268=ORIENTED_EDGE('',*,*,#900,.T.);
#1269=ORIENTED_EDGE('',*,*,#901,.F.);
#1270=ORIENTED_EDGE('',*,*,#902,.F.);
#1271=ORIENTED_EDGE('',*,*,#903,.F.);
#1272=ORIENTED_EDGE('',*,*,#795,.F.);
#1273=ORIENTED_EDGE('',*,*,#904,.F.);
#1274=ORIENTED_EDGE('',*,*,#900,.F.);
#1275=ORIENTED_EDGE('',*,*,#905,.T.);
#1276=ORIENTED_EDGE('',*,*,#906,.T.);
#1277=ORIENTED_EDGE('',*,*,#898,.F.);
#1278=ORIENTED_EDGE('',*,*,#907,.T.);
#1279=ORIENTED_EDGE('',*,*,#908,.T.);
#1280=ORIENTED_EDGE('',*,*,#909,.T.);
#1281=ORIENTED_EDGE('',*,*,#903,.T.);
#1282=ORIENTED_EDGE('',*,*,#910,.T.);
#1283=ORIENTED_EDGE('',*,*,#907,.F.);
#1284=ORIENTED_EDGE('',*,*,#897,.F.);
#1285=ORIENTED_EDGE('',*,*,#796,.F.);
#1286=ORIENTED_EDGE('',*,*,#902,.T.);
#1287=ORIENTED_EDGE('',*,*,#911,.T.);
#1288=ORIENTED_EDGE('',*,*,#908,.F.);
#1289=ORIENTED_EDGE('',*,*,#910,.F.);
#1290=ORIENTED_EDGE('',*,*,#909,.F.);
#1291=ORIENTED_EDGE('',*,*,#911,.F.);
#1292=ORIENTED_EDGE('',*,*,#901,.T.);
#1293=ORIENTED_EDGE('',*,*,#755,.F.);
#1294=ORIENTED_EDGE('',*,*,#896,.T.);
#1295=ORIENTED_EDGE('',*,*,#904,.T.);
#1296=ORIENTED_EDGE('',*,*,#912,.T.);
#1297=ORIENTED_EDGE('',*,*,#905,.F.);
#1298=ORIENTED_EDGE('',*,*,#899,.T.);
#1299=ORIENTED_EDGE('',*,*,#906,.F.);
#1300=ORIENTED_EDGE('',*,*,#912,.F.);
#1301=ORIENTED_EDGE('',*,*,#913,.T.);
#1302=ORIENTED_EDGE('',*,*,#914,.T.);
#1303=ORIENTED_EDGE('',*,*,#915,.F.);
#1304=ORIENTED_EDGE('',*,*,#914,.F.);
#1305=ORIENTED_EDGE('',*,*,#916,.T.);
#1306=ORIENTED_EDGE('',*,*,#917,.T.);
#1307=ORIENTED_EDGE('',*,*,#757,.F.);
#1308=ORIENTED_EDGE('',*,*,#918,.F.);
#1309=ORIENTED_EDGE('',*,*,#919,.F.);
#1310=ORIENTED_EDGE('',*,*,#920,.T.);
#1311=ORIENTED_EDGE('',*,*,#921,.F.);
#1312=ORIENTED_EDGE('',*,*,#922,.T.);
#1313=ORIENTED_EDGE('',*,*,#919,.T.);
#1314=ORIENTED_EDGE('',*,*,#923,.F.);
#1315=ORIENTED_EDGE('',*,*,#924,.F.);
#1316=ORIENTED_EDGE('',*,*,#925,.T.);
#1317=ORIENTED_EDGE('',*,*,#924,.T.);
#1318=ORIENTED_EDGE('',*,*,#926,.F.);
#1319=ORIENTED_EDGE('',*,*,#793,.F.);
#1320=ORIENTED_EDGE('',*,*,#927,.F.);
#1321=ORIENTED_EDGE('',*,*,#926,.T.);
#1322=ORIENTED_EDGE('',*,*,#923,.T.);
#1323=ORIENTED_EDGE('',*,*,#918,.T.);
#1324=ORIENTED_EDGE('',*,*,#794,.F.);
#1325=ORIENTED_EDGE('',*,*,#915,.T.);
#1326=ORIENTED_EDGE('',*,*,#928,.F.);
#1327=ORIENTED_EDGE('',*,*,#920,.F.);
#1328=ORIENTED_EDGE('',*,*,#922,.F.);
#1329=ORIENTED_EDGE('',*,*,#925,.F.);
#1330=ORIENTED_EDGE('',*,*,#929,.F.);
#1331=ORIENTED_EDGE('',*,*,#916,.F.);
#1332=ORIENTED_EDGE('',*,*,#913,.F.);
#1333=ORIENTED_EDGE('',*,*,#917,.F.);
#1334=ORIENTED_EDGE('',*,*,#929,.T.);
#1335=ORIENTED_EDGE('',*,*,#927,.T.);
#1336=ORIENTED_EDGE('',*,*,#792,.F.);
#1337=ORIENTED_EDGE('',*,*,#921,.T.);
#1338=ORIENTED_EDGE('',*,*,#928,.T.);
#1339=ORIENTED_EDGE('',*,*,#930,.T.);
#1340=ORIENTED_EDGE('',*,*,#931,.T.);
#1341=ORIENTED_EDGE('',*,*,#932,.T.);
#1342=ORIENTED_EDGE('',*,*,#805,.T.);
#1343=ORIENTED_EDGE('',*,*,#933,.T.);
#1344=ORIENTED_EDGE('',*,*,#799,.T.);
#1345=ORIENTED_EDGE('',*,*,#806,.T.);
#1346=ORIENTED_EDGE('',*,*,#932,.F.);
#1347=ORIENTED_EDGE('',*,*,#934,.F.);
#1348=ORIENTED_EDGE('',*,*,#813,.T.);
#1349=ORIENTED_EDGE('',*,*,#891,.T.);
#1350=ORIENTED_EDGE('',*,*,#889,.T.);
#1351=ORIENTED_EDGE('',*,*,#777,.F.);
#1352=ORIENTED_EDGE('',*,*,#935,.F.);
#1353=ORIENTED_EDGE('',*,*,#936,.T.);
#1354=ORIENTED_EDGE('',*,*,#931,.F.);
#1355=ORIENTED_EDGE('',*,*,#937,.F.);
#1356=ORIENTED_EDGE('',*,*,#814,.T.);
#1357=ORIENTED_EDGE('',*,*,#934,.T.);
#1358=ORIENTED_EDGE('',*,*,#930,.F.);
#1359=ORIENTED_EDGE('',*,*,#938,.F.);
#1360=ORIENTED_EDGE('',*,*,#939,.F.);
#1361=ORIENTED_EDGE('',*,*,#940,.T.);
#1362=ORIENTED_EDGE('',*,*,#937,.T.);
#1363=ORIENTED_EDGE('',*,*,#772,.T.);
#1364=ORIENTED_EDGE('',*,*,#941,.T.);
#1365=ORIENTED_EDGE('',*,*,#942,.T.);
#1366=ORIENTED_EDGE('',*,*,#941,.F.);
#1367=ORIENTED_EDGE('',*,*,#942,.F.);
#1368=ORIENTED_EDGE('',*,*,#936,.F.);
#1369=ORIENTED_EDGE('',*,*,#943,.T.);
#1370=ORIENTED_EDGE('',*,*,#944,.T.);
#1371=ORIENTED_EDGE('',*,*,#943,.F.);
#1372=ORIENTED_EDGE('',*,*,#944,.F.);
#1373=ORIENTED_EDGE('',*,*,#771,.T.);
#1374=ORIENTED_EDGE('',*,*,#945,.T.);
#1375=ORIENTED_EDGE('',*,*,#946,.F.);
#1376=ORIENTED_EDGE('',*,*,#945,.F.);
#1377=ORIENTED_EDGE('',*,*,#946,.T.);
#1378=ORIENTED_EDGE('',*,*,#935,.T.);
#1379=ORIENTED_EDGE('',*,*,#947,.T.);
#1380=ORIENTED_EDGE('',*,*,#948,.F.);
#1381=ORIENTED_EDGE('',*,*,#947,.F.);
#1382=ORIENTED_EDGE('',*,*,#948,.T.);
#1383=ORIENTED_EDGE('',*,*,#949,.T.);
#1384=ORIENTED_EDGE('',*,*,#815,.T.);
#1385=ORIENTED_EDGE('',*,*,#940,.F.);
#1386=ORIENTED_EDGE('',*,*,#817,.F.);
#1387=ORIENTED_EDGE('',*,*,#949,.F.);
#1388=ORIENTED_EDGE('',*,*,#816,.T.);
#1389=ORIENTED_EDGE('',*,*,#751,.T.);
#1390=ORIENTED_EDGE('',*,*,#818,.T.);
#1391=ORIENTED_EDGE('',*,*,#939,.T.);
#1392=ORIENTED_EDGE('',*,*,#950,.F.);
#1393=ORIENTED_EDGE('',*,*,#807,.F.);
#1394=ORIENTED_EDGE('',*,*,#808,.F.);
#1395=ORIENTED_EDGE('',*,*,#950,.T.);
#1396=ORIENTED_EDGE('',*,*,#938,.T.);
#1397=ORIENTED_EDGE('',*,*,#933,.F.);
#1398=ORIENTED_EDGE('',*,*,#804,.T.);
#1399=PLANE('',#1539);
#1400=PLANE('',#1542);
#1401=PLANE('',#1543);
#1402=PLANE('',#1544);
#1403=PLANE('',#1547);
#1404=PLANE('',#1550);
#1405=PLANE('',#1551);
#1406=PLANE('',#1554);
#1407=PLANE('',#1555);
#1408=PLANE('',#1556);
#1409=PLANE('',#1557);
#1410=PLANE('',#1561);
#1411=PLANE('',#1564);
#1412=PLANE('',#1568);
#1413=PLANE('',#1570);
#1414=PLANE('',#1575);
#1415=PLANE('',#1578);
#1416=PLANE('',#1582);
#1417=PLANE('',#1584);
#1418=PLANE('',#1589);
#1419=PLANE('',#1592);
#1420=PLANE('',#1596);
#1421=PLANE('',#1598);
#1422=PLANE('',#1604);
#1423=PLANE('',#1609);
#1424=PLANE('',#1611);
#1425=PLANE('',#1612);
#1426=PLANE('',#1614);
#1427=PLANE('',#1618);
#1428=PLANE('',#1619);
#1429=PLANE('',#1623);
#1430=PLANE('',#1626);
#1431=PLANE('',#1630);
#1432=PLANE('',#1632);
#1433=PLANE('',#1638);
#1434=PLANE('',#1643);
#1435=PLANE('',#1645);
#1436=PLANE('',#1646);
#1437=PLANE('',#1648);
#1438=PLANE('',#1649);
#1439=PLANE('',#1655);
#1440=PLANE('',#1658);
#1441=PLANE('',#1661);
#1442=PLANE('',#1664);
#1443=PLANE('',#1667);
#1444=PLANE('',#1668);
#1445=ADVANCED_FACE('',(#107),#1399,.T.);
#1446=ADVANCED_FACE('',(#108),#1400,.F.);
#1447=ADVANCED_FACE('',(#109),#1401,.F.);
#1448=ADVANCED_FACE('',(#110),#1402,.F.);
#1449=ADVANCED_FACE('',(#111),#81,.T.);
#1450=ADVANCED_FACE('',(#112),#1403,.F.);
#1451=ADVANCED_FACE('',(#113),#82,.T.);
#1452=ADVANCED_FACE('',(#114),#1404,.F.);
#1453=ADVANCED_FACE('',(#115,#35,#36),#1405,.T.);
#1454=ADVANCED_FACE('',(#116),#1406,.F.);
#1455=ADVANCED_FACE('',(#117),#27,.F.);
#1456=ADVANCED_FACE('',(#118),#1407,.T.);
#1457=ADVANCED_FACE('',(#119),#28,.F.);
#1458=ADVANCED_FACE('',(#120),#29,.T.);
#1459=ADVANCED_FACE('',(#121),#1408,.T.);
#1460=ADVANCED_FACE('',(#122),#1409,.T.);
#1461=ADVANCED_FACE('',(#123),#83,.F.);
#1462=ADVANCED_FACE('',(#124,#37),#1410,.F.);
#1463=ADVANCED_FACE('',(#125),#1411,.T.);
#1464=ADVANCED_FACE('',(#126),#1412,.T.);
#1465=ADVANCED_FACE('',(#127),#84,.T.);
#1466=ADVANCED_FACE('',(#128),#1413,.T.);
#1467=ADVANCED_FACE('',(#129),#85,.F.);
#1468=ADVANCED_FACE('',(#130),#86,.F.);
#1469=ADVANCED_FACE('',(#131,#38),#1414,.T.);
#1470=ADVANCED_FACE('',(#132),#1415,.F.);
#1471=ADVANCED_FACE('',(#133),#1416,.F.);
#1472=ADVANCED_FACE('',(#134),#87,.T.);
#1473=ADVANCED_FACE('',(#135),#1417,.F.);
#1474=ADVANCED_FACE('',(#136),#88,.F.);
#1475=ADVANCED_FACE('',(#137),#89,.F.);
#1476=ADVANCED_FACE('',(#138,#39),#1418,.T.);
#1477=ADVANCED_FACE('',(#139),#1419,.F.);
#1478=ADVANCED_FACE('',(#140),#1420,.F.);
#1479=ADVANCED_FACE('',(#141),#90,.T.);
#1480=ADVANCED_FACE('',(#142),#1421,.F.);
#1481=ADVANCED_FACE('',(#143),#91,.F.);
#1482=ADVANCED_FACE('',(#144),#92,.F.);
#1483=ADVANCED_FACE('',(#145),#1422,.F.);
#1484=ADVANCED_FACE('',(#146),#93,.T.);
#1485=ADVANCED_FACE('',(#147),#1423,.F.);
#1486=ADVANCED_FACE('',(#148,#40),#1424,.F.);
#1487=ADVANCED_FACE('',(#149),#1425,.T.);
#1488=ADVANCED_FACE('',(#150),#94,.F.);
#1489=ADVANCED_FACE('',(#151),#1426,.F.);
#1490=ADVANCED_FACE('',(#152),#30,.F.);
#1491=ADVANCED_FACE('',(#153),#31,.F.);
#1492=ADVANCED_FACE('',(#154),#95,.F.);
#1493=ADVANCED_FACE('',(#155),#1427,.F.);
#1494=ADVANCED_FACE('',(#156),#1428,.F.);
#1495=ADVANCED_FACE('',(#157),#96,.F.);
#1496=ADVANCED_FACE('',(#158,#41),#1429,.F.);
#1497=ADVANCED_FACE('',(#159),#1430,.T.);
#1498=ADVANCED_FACE('',(#160),#1431,.T.);
#1499=ADVANCED_FACE('',(#161),#97,.T.);
#1500=ADVANCED_FACE('',(#162),#1432,.T.);
#1501=ADVANCED_FACE('',(#163),#98,.F.);
#1502=ADVANCED_FACE('',(#164),#99,.F.);
#1503=ADVANCED_FACE('',(#165),#1433,.T.);
#1504=ADVANCED_FACE('',(#166),#100,.T.);
#1505=ADVANCED_FACE('',(#167),#1434,.T.);
#1506=ADVANCED_FACE('',(#168,#42),#1435,.T.);
#1507=ADVANCED_FACE('',(#169),#1436,.F.);
#1508=ADVANCED_FACE('',(#170),#101,.F.);
#1509=ADVANCED_FACE('',(#171),#1437,.T.);
#1510=ADVANCED_FACE('',(#172,#43,#44),#1438,.T.);
#1511=ADVANCED_FACE('',(#173),#32,.T.);
#1512=ADVANCED_FACE('',(#174),#33,.T.);
#1513=ADVANCED_FACE('',(#175),#102,.F.);
#1514=ADVANCED_FACE('',(#176),#1439,.T.);
#1515=ADVANCED_FACE('',(#177),#103,.F.);
#1516=ADVANCED_FACE('',(#178),#1440,.T.);
#1517=ADVANCED_FACE('',(#179),#104,.F.);
#1518=ADVANCED_FACE('',(#180),#1441,.F.);
#1519=ADVANCED_FACE('',(#181),#105,.F.);
#1520=ADVANCED_FACE('',(#182),#1442,.F.);
#1521=ADVANCED_FACE('',(#183),#106,.F.);
#1522=ADVANCED_FACE('',(#184),#1443,.T.);
#1523=ADVANCED_FACE('',(#185),#34,.T.);
#1524=ADVANCED_FACE('',(#186),#1444,.T.);
#1525=CLOSED_SHELL('',(#1445,#1446,#1447,#1448,#1449,#1450,#1451,#1452,
#1453,#1454,#1455,#1456,#1457,#1458,#1459,#1460,#1461,#1462,#1463,#1464,
#1465,#1466,#1467,#1468,#1469,#1470,#1471,#1472,#1473,#1474,#1475,#1476,
#1477,#1478,#1479,#1480,#1481,#1482,#1483,#1484,#1485,#1486,#1487,#1488,
#1489,#1490,#1491,#1492,#1493,#1494,#1495,#1496,#1497,#1498,#1499,#1500,
#1501,#1502,#1503,#1504,#1505,#1506,#1507,#1508,#1509,#1510,#1511,#1512,
#1513,#1514,#1515,#1516,#1517,#1518,#1519,#1520,#1521,#1522,#1523,#1524));
#1526=DERIVED_UNIT_ELEMENT(#1528,1.);
#1527=DERIVED_UNIT_ELEMENT(#3347,-3.);
#1528=(
MASS_UNIT()
NAMED_UNIT(*)
SI_UNIT(.KILO.,.GRAM.)
);
#1529=DERIVED_UNIT((#1526,#1527));
#1530=MEASURE_REPRESENTATION_ITEM('density measure',
POSITIVE_RATIO_MEASURE(7850.),#1529);
#1531=PROPERTY_DEFINITION_REPRESENTATION(#1536,#1533);
#1532=PROPERTY_DEFINITION_REPRESENTATION(#1537,#1534);
#1533=REPRESENTATION('material name',(#1535),#3344);
#1534=REPRESENTATION('density',(#1530),#3344);
#1535=DESCRIPTIVE_REPRESENTATION_ITEM('Steel','Steel');
#1536=PROPERTY_DEFINITION('material property','material name',#3354);
#1537=PROPERTY_DEFINITION('material property','density of part',#3354);
#1538=AXIS2_PLACEMENT_3D('',#2061,#1669,#1670);
#1539=AXIS2_PLACEMENT_3D('',#2062,#1671,#1672);
#1540=AXIS2_PLACEMENT_3D('',#2073,#1677,#1678);
#1541=AXIS2_PLACEMENT_3D('',#2077,#1680,#1681);
#1542=AXIS2_PLACEMENT_3D('',#2079,#1683,#1684);
#1543=AXIS2_PLACEMENT_3D('',#2085,#1688,#1689);
#1544=AXIS2_PLACEMENT_3D('',#2091,#1693,#1694);
#1545=AXIS2_PLACEMENT_3D('',#2095,#1697,#1698);
#1546=AXIS2_PLACEMENT_3D('',#2097,#1699,#1700);
#1547=AXIS2_PLACEMENT_3D('',#2099,#1702,#1703);
#1548=AXIS2_PLACEMENT_3D('',#2103,#1706,#1707);
#1549=AXIS2_PLACEMENT_3D('',#2105,#1708,#1709);
#1550=AXIS2_PLACEMENT_3D('',#2107,#1711,#1712);
#1551=AXIS2_PLACEMENT_3D('',#2109,#1714,#1715);
#1552=AXIS2_PLACEMENT_3D('',#2221,#1733,#1734);
#1553=AXIS2_PLACEMENT_3D('',#2223,#1735,#1736);
#1554=AXIS2_PLACEMENT_3D('',#2224,#1737,#1738);
#1555=AXIS2_PLACEMENT_3D('',#2315,#1740,#1741);
#1556=AXIS2_PLACEMENT_3D('',#2498,#1762,#1763);
#1557=AXIS2_PLACEMENT_3D('',#2505,#1765,#1766);
#1558=AXIS2_PLACEMENT_3D('',#2525,#1777,#1778);
#1559=AXIS2_PLACEMENT_3D('',#2527,#1779,#1780);
#1560=AXIS2_PLACEMENT_3D('',#2529,#1781,#1782);
#1561=AXIS2_PLACEMENT_3D('',#2553,#1785,#1786);
#1562=AXIS2_PLACEMENT_3D('',#2557,#1788,#1789);
#1563=AXIS2_PLACEMENT_3D('',#2560,#1791,#1792);
#1564=AXIS2_PLACEMENT_3D('',#2561,#1793,#1794);
#1565=AXIS2_PLACEMENT_3D('',#2563,#1795,#1796);
#1566=AXIS2_PLACEMENT_3D('',#2564,#1797,#1798);
#1567=AXIS2_PLACEMENT_3D('',#2568,#1800,#1801);
#1568=AXIS2_PLACEMENT_3D('',#2570,#1803,#1804);
#1569=AXIS2_PLACEMENT_3D('',#2572,#1806,#1807);
#1570=AXIS2_PLACEMENT_3D('',#2574,#1809,#1810);
#1571=AXIS2_PLACEMENT_3D('',#2575,#1811,#1812);
#1572=AXIS2_PLACEMENT_3D('',#2577,#1814,#1815);
#1573=AXIS2_PLACEMENT_3D('',#2579,#1816,#1817);
#1574=AXIS2_PLACEMENT_3D('',#2604,#1820,#1821);
#1575=AXIS2_PLACEMENT_3D('',#2605,#1822,#1823);
#1576=AXIS2_PLACEMENT_3D('',#2610,#1826,#1827);
#1577=AXIS2_PLACEMENT_3D('',#2612,#1828,#1829);
#1578=AXIS2_PLACEMENT_3D('',#2613,#1830,#1831);
#1579=AXIS2_PLACEMENT_3D('',#2617,#1833,#1834);
#1580=AXIS2_PLACEMENT_3D('',#2620,#1836,#1837);
#1581=AXIS2_PLACEMENT_3D('',#2621,#1838,#1839);
#1582=AXIS2_PLACEMENT_3D('',#2622,#1840,#1841);
#1583=AXIS2_PLACEMENT_3D('',#2624,#1843,#1844);
#1584=AXIS2_PLACEMENT_3D('',#2626,#1846,#1847);
#1585=AXIS2_PLACEMENT_3D('',#2627,#1848,#1849);
#1586=AXIS2_PLACEMENT_3D('',#2629,#1851,#1852);
#1587=AXIS2_PLACEMENT_3D('',#2631,#1853,#1854);
#1588=AXIS2_PLACEMENT_3D('',#2656,#1857,#1858);
#1589=AXIS2_PLACEMENT_3D('',#2657,#1859,#1860);
#1590=AXIS2_PLACEMENT_3D('',#2662,#1863,#1864);
#1591=AXIS2_PLACEMENT_3D('',#2664,#1865,#1866);
#1592=AXIS2_PLACEMENT_3D('',#2665,#1867,#1868);
#1593=AXIS2_PLACEMENT_3D('',#2669,#1870,#1871);
#1594=AXIS2_PLACEMENT_3D('',#2672,#1873,#1874);
#1595=AXIS2_PLACEMENT_3D('',#2673,#1875,#1876);
#1596=AXIS2_PLACEMENT_3D('',#2674,#1877,#1878);
#1597=AXIS2_PLACEMENT_3D('',#2676,#1880,#1881);
#1598=AXIS2_PLACEMENT_3D('',#2678,#1883,#1884);
#1599=AXIS2_PLACEMENT_3D('',#2679,#1885,#1886);
#1600=AXIS2_PLACEMENT_3D('',#2681,#1888,#1889);
#1601=AXIS2_PLACEMENT_3D('',#2684,#1890,#1891);
#1602=AXIS2_PLACEMENT_3D('',#2704,#1892,#1893);
#1603=AXIS2_PLACEMENT_3D('',#2707,#1895,#1896);
#1604=AXIS2_PLACEMENT_3D('',#2708,#1897,#1898);
#1605=AXIS2_PLACEMENT_3D('',#2710,#1899,#1900);
#1606=AXIS2_PLACEMENT_3D('',#2716,#1904,#1905);
#1607=AXIS2_PLACEMENT_3D('',#2718,#1906,#1907);
#1608=AXIS2_PLACEMENT_3D('',#2721,#1909,#1910);
#1609=AXIS2_PLACEMENT_3D('',#2722,#1911,#1912);
#1610=AXIS2_PLACEMENT_3D('',#2725,#1914,#1915);
#1611=AXIS2_PLACEMENT_3D('',#2727,#1917,#1918);
#1612=AXIS2_PLACEMENT_3D('',#2728,#1919,#1920);
#1613=AXIS2_PLACEMENT_3D('',#2731,#1923,#1924);
#1614=AXIS2_PLACEMENT_3D('',#2732,#1925,#1926);
#1615=AXIS2_PLACEMENT_3D('',#2907,#1929,#1930);
#1616=AXIS2_PLACEMENT_3D('',#2936,#1931,#1932);
#1617=AXIS2_PLACEMENT_3D('',#2937,#1933,#1934);
#1618=AXIS2_PLACEMENT_3D('',#2938,#1935,#1936);
#1619=AXIS2_PLACEMENT_3D('',#2939,#1937,#1938);
#1620=AXIS2_PLACEMENT_3D('',#2940,#1939,#1940);
#1621=AXIS2_PLACEMENT_3D('',#2942,#1941,#1942);
#1622=AXIS2_PLACEMENT_3D('',#2944,#1943,#1944);
#1623=AXIS2_PLACEMENT_3D('',#2968,#1947,#1948);
#1624=AXIS2_PLACEMENT_3D('',#2972,#1950,#1951);
#1625=AXIS2_PLACEMENT_3D('',#2975,#1953,#1954);
#1626=AXIS2_PLACEMENT_3D('',#2976,#1955,#1956);
#1627=AXIS2_PLACEMENT_3D('',#2978,#1957,#1958);
#1628=AXIS2_PLACEMENT_3D('',#2979,#1959,#1960);
#1629=AXIS2_PLACEMENT_3D('',#2983,#1962,#1963);
#1630=AXIS2_PLACEMENT_3D('',#2985,#1965,#1966);
#1631=AXIS2_PLACEMENT_3D('',#2987,#1968,#1969);
#1632=AXIS2_PLACEMENT_3D('',#2989,#1971,#1972);
#1633=AXIS2_PLACEMENT_3D('',#2990,#1973,#1974);
#1634=AXIS2_PLACEMENT_3D('',#2992,#1976,#1977);
#1635=AXIS2_PLACEMENT_3D('',#2995,#1978,#1979);
#1636=AXIS2_PLACEMENT_3D('',#2998,#1981,#1982);
#1637=AXIS2_PLACEMENT_3D('',#3000,#1983,#1984);
#1638=AXIS2_PLACEMENT_3D('',#3019,#1985,#1986);
#1639=AXIS2_PLACEMENT_3D('',#3026,#1990,#1991);
#1640=AXIS2_PLACEMENT_3D('',#3027,#1992,#1993);
#1641=AXIS2_PLACEMENT_3D('',#3029,#1994,#1995);
#1642=AXIS2_PLACEMENT_3D('',#3031,#1996,#1997);
#1643=AXIS2_PLACEMENT_3D('',#3033,#1999,#2000);
#1644=AXIS2_PLACEMENT_3D('',#3037,#2003,#2004);
#1645=AXIS2_PLACEMENT_3D('',#3038,#2005,#2006);
#1646=AXIS2_PLACEMENT_3D('',#3039,#2007,#2008);
#1647=AXIS2_PLACEMENT_3D('',#3042,#2011,#2012);
#1648=AXIS2_PLACEMENT_3D('',#3043,#2013,#2014);
#1649=AXIS2_PLACEMENT_3D('',#3068,#2017,#2018);
#1650=AXIS2_PLACEMENT_3D('',#3082,#2019,#2020);
#1651=AXIS2_PLACEMENT_3D('',#3084,#2021,#2022);
#1652=AXIS2_PLACEMENT_3D('',#3265,#2023,#2024);
#1653=AXIS2_PLACEMENT_3D('',#3266,#2025,#2026);
#1654=AXIS2_PLACEMENT_3D('',#3269,#2028,#2029);
#1655=AXIS2_PLACEMENT_3D('',#3270,#2030,#2031);
#1656=AXIS2_PLACEMENT_3D('',#3271,#2032,#2033);
#1657=AXIS2_PLACEMENT_3D('',#3274,#2035,#2036);
#1658=AXIS2_PLACEMENT_3D('',#3275,#2037,#2038);
#1659=AXIS2_PLACEMENT_3D('',#3276,#2039,#2040);
#1660=AXIS2_PLACEMENT_3D('',#3279,#2042,#2043);
#1661=AXIS2_PLACEMENT_3D('',#3280,#2044,#2045);
#1662=AXIS2_PLACEMENT_3D('',#3281,#2046,#2047);
#1663=AXIS2_PLACEMENT_3D('',#3284,#2049,#2050);
#1664=AXIS2_PLACEMENT_3D('',#3285,#2051,#2052);
#1665=AXIS2_PLACEMENT_3D('',#3286,#2053,#2054);
#1666=AXIS2_PLACEMENT_3D('',#3287,#2055,#2056);
#1667=AXIS2_PLACEMENT_3D('',#3288,#2057,#2058);
#1668=AXIS2_PLACEMENT_3D('',#3341,#2059,#2060);
#1669=DIRECTION('axis',(0.,0.,1.));
#1670=DIRECTION('refdir',(1.,0.,0.));
#1671=DIRECTION('center_axis',(0.,-1.,0.));
#1672=DIRECTION('ref_axis',(1.,0.,0.));
#1673=DIRECTION('',(-0.421634256552981,-2.59167617528004E-8,0.906765986184426));
#1674=DIRECTION('',(0.,0.,-1.));
#1675=DIRECTION('',(0.421634256552981,2.59167617528004E-8,0.906765986184426));
#1676=DIRECTION('',(2.39285860473448E-10,2.0486520207261E-18,1.));
#1677=DIRECTION('center_axis',(0.,-1.,0.));
#1678=DIRECTION('ref_axis',(1.,0.,0.));
#1679=DIRECTION('',(2.39285860473448E-10,2.0486520207261E-18,1.));
#1680=DIRECTION('center_axis',(0.,-1.,0.));
#1681=DIRECTION('ref_axis',(1.,0.,0.));
#1682=DIRECTION('',(2.39285860473448E-10,2.0486520207261E-18,1.));
#1683=DIRECTION('center_axis',(-0.906765986184426,0.,0.421634256552981));
#1684=DIRECTION('ref_axis',(0.421634256552981,2.59167617528004E-8,0.906765986184426));
#1685=DIRECTION('',(0.131881098723018,0.949823776187837,0.283623288867271));
#1686=DIRECTION('',(0.421634256552981,1.88485186609081E-9,0.906765986184426));
#1687=DIRECTION('',(0.,1.,0.));
#1688=DIRECTION('center_axis',(-0.906765986184426,0.,-0.421634256552981));
#1689=DIRECTION('ref_axis',(-0.421634256552981,-2.59167617528004E-8,0.906765986184426));
#1690=DIRECTION('',(0.,1.,0.));
#1691=DIRECTION('',(-0.421634256552981,-1.88485186609081E-9,0.906765986184426));
#1692=DIRECTION('',(-0.131881098723018,-0.949823776187837,0.283623288867271));
#1693=DIRECTION('center_axis',(-1.,0.,2.39285860473448E-10));
#1694=DIRECTION('ref_axis',(2.39285860473448E-10,2.0486520207261E-18,1.));
#1695=DIRECTION('',(2.39285860473448E-10,1.06969107379881E-18,1.));
#1696=DIRECTION('',(0.,1.,0.));
#1697=DIRECTION('center_axis',(0.,1.,0.));
#1698=DIRECTION('ref_axis',(1.,0.,0.));
#1699=DIRECTION('center_axis',(4.47034802508739E-9,-1.,0.));
#1700=DIRECTION('ref_axis',(1.,4.47034802508739E-9,0.));
#1701=DIRECTION('',(0.,1.,0.));
#1702=DIRECTION('center_axis',(-1.,0.,2.39285860473448E-10));
#1703=DIRECTION('ref_axis',(2.39285860473448E-10,2.0486520207261E-18,1.));
#1704=DIRECTION('',(2.39285860473448E-10,1.06969107379881E-18,1.));
#1705=DIRECTION('',(0.,1.,0.));
#1706=DIRECTION('center_axis',(0.,1.,0.));
#1707=DIRECTION('ref_axis',(1.,0.,0.));
#1708=DIRECTION('center_axis',(4.47034802508739E-9,-1.,0.));
#1709=DIRECTION('ref_axis',(1.,4.47034802508739E-9,0.));
#1710=DIRECTION('',(0.,1.,0.));
#1711=DIRECTION('center_axis',(-1.,0.,2.39285860473448E-10));
#1712=DIRECTION('ref_axis',(2.39285860473448E-10,2.0486520207261E-18,1.));
#1713=DIRECTION('',(2.39285860473448E-10,1.06969107379881E-18,1.));
#1714=DIRECTION('center_axis',(4.47034802508739E-9,-1.,0.));
#1715=DIRECTION('ref_axis',(-1.,-4.47034802508739E-9,0.));
#1716=DIRECTION('',(0.,0.,1.));
#1717=DIRECTION('',(2.08412075769737E-16,9.31674511321609E-25,-1.));
#1718=DIRECTION('',(0.,0.,-1.));
#1719=DIRECTION('',(0.,0.,-1.));
#1720=DIRECTION('',(0.,0.,-1.));
#1721=DIRECTION('',(0.,0.,-1.));
#1722=DIRECTION('',(0.,0.,1.));
#1723=DIRECTION('',(0.,0.,1.));
#1724=DIRECTION('',(0.,0.,1.));
#1725=DIRECTION('',(0.,0.,1.));
#1726=DIRECTION('',(0.,0.,1.));
#1727=DIRECTION('',(0.,0.,1.));
#1728=DIRECTION('',(0.,0.,-1.));
#1729=DIRECTION('',(0.,0.,-1.));
#1730=DIRECTION('',(0.,0.,-1.));
#1731=DIRECTION('',(2.08412075769737E-16,9.31674511321609E-25,1.));
#1732=DIRECTION('',(0.,0.,1.));
#1733=DIRECTION('center_axis',(4.47034802508739E-9,-1.,0.));
#1734=DIRECTION('ref_axis',(1.,4.47034802508739E-9,0.));
#1735=DIRECTION('center_axis',(4.47034802508739E-9,-1.,0.));
#1736=DIRECTION('ref_axis',(1.,4.47034802508739E-9,0.));
#1737=DIRECTION('center_axis',(-0.749726155871771,0.661748208310183,1.56251983787567E-16));
#1738=DIRECTION('ref_axis',(2.08412074947392E-16,0.,1.));
#1739=DIRECTION('',(-2.08412074947392E-16,0.,-1.));
#1740=DIRECTION('center_axis',(-0.87005986369774,0.49294607573473,0.));
#1741=DIRECTION('ref_axis',(0.,0.,1.));
#1742=DIRECTION('',(-0.49294607573473,-0.87005986369774,0.));
#1743=DIRECTION('',(0.,0.,-1.));
#1744=DIRECTION('',(0.49294607573473,0.87005986369774,0.));
#1745=DIRECTION('',(-0.49294607573473,-0.87005986369774,0.));
#1746=DIRECTION('',(0.,0.,1.));
#1747=DIRECTION('',(-0.49294607573473,-0.87005986369774,0.));
#1748=DIRECTION('',(0.49294607573473,0.87005986369774,0.));
#1749=DIRECTION('',(0.,0.,1.));
#1750=DIRECTION('',(-0.49294607573473,-0.87005986369774,0.));
#1751=DIRECTION('',(0.49294607573473,0.87005986369774,0.));
#1752=DIRECTION('',(0.,0.,1.));
#1753=DIRECTION('',(-0.49294607573473,-0.87005986369774,0.));
#1754=DIRECTION('',(0.49294607573473,0.87005986369774,0.));
#1755=DIRECTION('',(0.,0.,1.));
#1756=DIRECTION('',(-0.49294607573473,-0.87005986369774,0.));
#1757=DIRECTION('',(0.49294607573473,0.87005986369774,0.));
#1758=DIRECTION('',(0.,0.,1.));
#1759=DIRECTION('',(-0.49294607573473,-0.87005986369774,0.));
#1760=DIRECTION('',(0.,0.,1.));
#1761=DIRECTION('',(0.137528603567098,0.990497795656752,0.));
#1762=DIRECTION('center_axis',(0.749726155871771,-0.661748208310183,1.56251983787567E-16));
#1763=DIRECTION('ref_axis',(2.08412074947392E-16,0.,-1.));
#1764=DIRECTION('',(-2.08412074947392E-16,0.,1.));
#1765=DIRECTION('center_axis',(0.990497795656752,-0.137528603567097,0.));
#1766=DIRECTION('ref_axis',(0.137528603567097,0.990497795656752,-2.28705803700324E-47));
#1767=DIRECTION('',(0.,0.,-1.));
#1768=DIRECTION('',(0.137528603567097,0.990497795656752,-2.4491455253568E-15));
#1769=DIRECTION('',(0.,0.,-1.));
#1770=DIRECTION('',(0.137528603567098,0.990497795656752,0.));
#1771=DIRECTION('',(0.,0.,-1.));
#1772=DIRECTION('',(0.137528603567098,0.990497795656752,0.));
#1773=DIRECTION('',(0.,0.,1.));
#1774=DIRECTION('',(0.137528603567097,0.990497795656752,2.4491455253568E-15));
#1775=DIRECTION('',(0.,0.,1.));
#1776=DIRECTION('',(0.137528603567098,0.990497795656752,0.));
#1777=DIRECTION('center_axis',(0.49294607573473,0.87005986369774,0.));
#1778=DIRECTION('ref_axis',(0.615225229658915,-0.348565512911325,-0.707106781186548));
#1779=DIRECTION('center_axis',(-0.703786458119679,-0.710411585890431,0.));
#1780=DIRECTION('ref_axis',(0.710411585890431,-0.703786458119679,6.54743122868056E-16));
#1781=DIRECTION('center_axis',(-0.26965403823026,0.962957267829738,0.));
#1782=DIRECTION('ref_axis',(0.962957267829738,0.26965403823026,4.34779107311194E-17));
#1783=DIRECTION('',(-0.49294607573473,-0.87005986369774,0.));
#1784=DIRECTION('',(-0.49294607573473,-0.87005986369774,0.));
#1785=DIRECTION('center_axis',(0.,0.,1.));
#1786=DIRECTION('ref_axis',(1.,0.,0.));
#1787=DIRECTION('',(0.710411585890431,-0.703786458119679,0.));
#1788=DIRECTION('center_axis',(0.,0.,1.));
#1789=DIRECTION('ref_axis',(1.,0.,0.));
#1790=DIRECTION('',(-0.962957267829738,-0.26965403823026,0.));
#1791=DIRECTION('center_axis',(0.,0.,-1.));
#1792=DIRECTION('ref_axis',(1.,0.,0.));
#1793=DIRECTION('center_axis',(0.,0.,1.));
#1794=DIRECTION('ref_axis',(1.,0.,0.));
#1795=DIRECTION('center_axis',(0.,0.,-1.));
#1796=DIRECTION('ref_axis',(1.,0.,0.));
#1797=DIRECTION('center_axis',(0.,0.,-1.));
#1798=DIRECTION('ref_axis',(1.,0.,0.));
#1799=DIRECTION('',(-0.962957267829738,-0.26965403823026,0.));
#1800=DIRECTION('center_axis',(0.,0.,1.));
#1801=DIRECTION('ref_axis',(1.,0.,0.));
#1802=DIRECTION('',(0.710411585890431,-0.703786458119679,0.));
#1803=DIRECTION('center_axis',(-0.26965403823026,0.962957267829738,0.));
#1804=DIRECTION('ref_axis',(-0.962957267829738,-0.26965403823026,0.));
#1805=DIRECTION('',(0.,0.,1.));
#1806=DIRECTION('center_axis',(0.,0.,1.));
#1807=DIRECTION('ref_axis',(-0.967955283126367,0.251122619187828,0.));
#1808=DIRECTION('',(0.,0.,1.));
#1809=DIRECTION('center_axis',(-0.703786458119679,-0.710411585890431,0.));
#1810=DIRECTION('ref_axis',(0.710411585890431,-0.703786458119679,0.));
#1811=DIRECTION('center_axis',(0.,0.,1.));
#1812=DIRECTION('ref_axis',(1.,0.,0.));
#1813=DIRECTION('',(0.,0.,1.));
#1814=DIRECTION('center_axis',(-0.49294607573473,-0.87005986369774,0.));
#1815=DIRECTION('ref_axis',(0.615225229658915,-0.348565512911325,0.707106781186548));
#1816=DIRECTION('center_axis',(0.703786458119679,0.710411585890431,0.));
#1817=DIRECTION('ref_axis',(0.710411585890431,-0.703786458119679,-6.54743122868056E-16));
#1818=DIRECTION('',(-0.49294607573473,-0.87005986369774,0.));
#1819=DIRECTION('',(-0.49294607573473,-0.87005986369774,0.));
#1820=DIRECTION('center_axis',(0.26965403823026,-0.962957267829738,0.));
#1821=DIRECTION('ref_axis',(0.962957267829738,0.26965403823026,-4.34779107311194E-17));
#1822=DIRECTION('center_axis',(0.,0.,1.));
#1823=DIRECTION('ref_axis',(1.,0.,0.));
#1824=DIRECTION('',(0.710411585890431,-0.703786458119679,0.));
#1825=DIRECTION('',(-0.962957267829738,-0.26965403823026,0.));
#1826=DIRECTION('center_axis',(0.,0.,1.));
#1827=DIRECTION('ref_axis',(1.,0.,0.));
#1828=DIRECTION('center_axis',(0.,0.,-1.));
#1829=DIRECTION('ref_axis',(1.,0.,0.));
#1830=DIRECTION('center_axis',(0.,0.,1.));
#1831=DIRECTION('ref_axis',(1.,0.,0.));
#1832=DIRECTION('',(0.710411585890431,-0.703786458119679,0.));
#1833=DIRECTION('center_axis',(0.,0.,1.));
#1834=DIRECTION('ref_axis',(1.,0.,0.));
#1835=DIRECTION('',(-0.962957267829738,-0.26965403823026,0.));
#1836=DIRECTION('center_axis',(0.,0.,-1.));
#1837=DIRECTION('ref_axis',(1.,0.,0.));
#1838=DIRECTION('center_axis',(0.,0.,-1.));
#1839=DIRECTION('ref_axis',(1.,0.,0.));
#1840=DIRECTION('center_axis',(0.26965403823026,-0.962957267829738,0.));
#1841=DIRECTION('ref_axis',(-0.962957267829738,-0.26965403823026,0.));
#1842=DIRECTION('',(0.,0.,-1.));
#1843=DIRECTION('center_axis',(0.,0.,1.));
#1844=DIRECTION('ref_axis',(-0.967955283126367,0.251122619187828,0.));
#1845=DIRECTION('',(0.,0.,-1.));
#1846=DIRECTION('center_axis',(0.703786458119679,0.710411585890431,0.));
#1847=DIRECTION('ref_axis',(0.710411585890431,-0.703786458119679,0.));
#1848=DIRECTION('center_axis',(0.,0.,1.));
#1849=DIRECTION('ref_axis',(1.,0.,0.));
#1850=DIRECTION('',(0.,0.,-1.));
#1851=DIRECTION('center_axis',(-0.49294607573473,-0.87005986369774,0.));
#1852=DIRECTION('ref_axis',(0.615225229658915,-0.348565512911325,0.707106781186548));
#1853=DIRECTION('center_axis',(0.703786458119679,0.710411585890431,0.));
#1854=DIRECTION('ref_axis',(0.710411585890431,-0.703786458119679,-6.54743122868056E-16));
#1855=DIRECTION('',(-0.49294607573473,-0.87005986369774,0.));
#1856=DIRECTION('',(-0.49294607573473,-0.87005986369774,0.));
#1857=DIRECTION('center_axis',(0.26965403823026,-0.962957267829738,0.));
#1858=DIRECTION('ref_axis',(0.962957267829738,0.26965403823026,-4.34779107311194E-17));
#1859=DIRECTION('center_axis',(0.,0.,1.));
#1860=DIRECTION('ref_axis',(1.,2.77555756156289E-17,0.));
#1861=DIRECTION('',(0.710411585890431,-0.703786458119679,0.));
#1862=DIRECTION('',(-0.962957267829738,-0.26965403823026,0.));
#1863=DIRECTION('center_axis',(0.,0.,1.));
#1864=DIRECTION('ref_axis',(1.,2.77555756156289E-17,0.));
#1865=DIRECTION('center_axis',(0.,0.,-1.));
#1866=DIRECTION('ref_axis',(1.,2.77555756156289E-17,0.));
#1867=DIRECTION('center_axis',(0.,0.,1.));
#1868=DIRECTION('ref_axis',(1.,2.77555756156289E-17,0.));
#1869=DIRECTION('',(0.710411585890431,-0.703786458119679,0.));
#1870=DIRECTION('center_axis',(0.,0.,1.));
#1871=DIRECTION('ref_axis',(1.,2.77555756156289E-17,0.));
#1872=DIRECTION('',(-0.962957267829738,-0.26965403823026,0.));
#1873=DIRECTION('center_axis',(0.,0.,-1.));
#1874=DIRECTION('ref_axis',(1.,2.77555756156289E-17,0.));
#1875=DIRECTION('center_axis',(0.,0.,-1.));
#1876=DIRECTION('ref_axis',(1.,2.77555756156289E-17,0.));
#1877=DIRECTION('center_axis',(0.26965403823026,-0.962957267829738,0.));
#1878=DIRECTION('ref_axis',(-0.962957267829738,-0.26965403823026,0.));
#1879=DIRECTION('',(0.,0.,-1.));
#1880=DIRECTION('center_axis',(0.,0.,1.));
#1881=DIRECTION('ref_axis',(-0.967955283126367,0.251122619187828,0.));
#1882=DIRECTION('',(0.,0.,-1.));
#1883=DIRECTION('center_axis',(0.703786458119679,0.710411585890431,0.));
#1884=DIRECTION('ref_axis',(0.710411585890431,-0.703786458119679,0.));
#1885=DIRECTION('center_axis',(0.,0.,1.));
#1886=DIRECTION('ref_axis',(1.,2.77555756156289E-17,0.));
#1887=DIRECTION('',(0.,0.,-1.));
#1888=DIRECTION('center_axis',(0.,0.,1.));
#1889=DIRECTION('ref_axis',(1.,2.77555756156289E-17,0.));
#1890=DIRECTION('center_axis',(0.,0.,-1.));
#1891=DIRECTION('ref_axis',(1.,2.77555756156289E-17,0.));
#1892=DIRECTION('center_axis',(0.,0.,-1.));
#1893=DIRECTION('ref_axis',(1.,2.77555756156289E-17,0.));
#1894=DIRECTION('',(0.,0.,-1.));
#1895=DIRECTION('center_axis',(0.,0.,-1.));
#1896=DIRECTION('ref_axis',(1.,2.77555756156289E-17,0.));
#1897=DIRECTION('center_axis',(0.703786458119679,0.710411585890431,0.));
#1898=DIRECTION('ref_axis',(0.710411585890431,-0.703786458119679,0.));
#1899=DIRECTION('center_axis',(0.703786458119679,0.710411585890431,0.));
#1900=DIRECTION('ref_axis',(0.710411585890431,-0.703786458119679,5.95221020789142E-16));
#1901=DIRECTION('',(0.710411585890431,-0.703786458119679,0.));
#1902=DIRECTION('',(0.,0.,-1.));
#1903=DIRECTION('',(0.710411585890431,-0.703786458119679,0.));
#1904=DIRECTION('center_axis',(0.,0.,1.));
#1905=DIRECTION('ref_axis',(-0.967955283126367,0.251122619187827,0.));
#1906=DIRECTION('center_axis',(0.,0.,1.));
#1907=DIRECTION('ref_axis',(1.,2.77555756156289E-17,0.));
#1908=DIRECTION('',(0.,0.,-1.));
#1909=DIRECTION('center_axis',(0.,0.,1.));
#1910=DIRECTION('ref_axis',(1.,2.77555756156289E-17,0.));
#1911=DIRECTION('center_axis',(0.26965403823026,-0.962957267829738,0.));
#1912=DIRECTION('ref_axis',(-0.962957267829738,-0.26965403823026,0.));
#1913=DIRECTION('',(-0.962957267829738,-0.26965403823026,0.));
#1914=DIRECTION('center_axis',(0.26965403823026,-0.962957267829738,0.));
#1915=DIRECTION('ref_axis',(0.962957267829738,0.26965403823026,8.69558214622387E-17));
#1916=DIRECTION('',(-0.962957267829738,-0.26965403823026,0.));
#1917=DIRECTION('center_axis',(0.,0.,1.));
#1918=DIRECTION('ref_axis',(1.,2.77555756156289E-17,0.));
#1919=DIRECTION('center_axis',(0.,0.,1.));
#1920=DIRECTION('ref_axis',(1.,2.77555756156289E-17,0.));
#1921=DIRECTION('',(0.49294607573473,0.87005986369774,0.));
#1922=DIRECTION('',(0.49294607573473,0.87005986369774,0.));
#1923=DIRECTION('center_axis',(0.49294607573473,0.87005986369774,0.));
#1924=DIRECTION('ref_axis',(0.615225229658915,-0.348565512911325,-0.707106781186548));
#1925=DIRECTION('center_axis',(-0.443202570813192,-0.896421486369318,1.49284166090388E-15));
#1926=DIRECTION('ref_axis',(0.,-1.66533453693773E-15,-1.));
#1927=DIRECTION('',(-2.95428102158797E-32,1.66533453693773E-15,1.));
#1928=DIRECTION('',(-3.36830550890968E-15,-7.90682751330627E-26,-1.));
#1929=DIRECTION('center_axis',(1.97215226305253E-31,4.37905770101507E-47,
-1.));
#1930=DIRECTION('ref_axis',(1.,0.,1.97215226305253E-31));
#1931=DIRECTION('center_axis',(0.,0.,1.));
#1932=DIRECTION('ref_axis',(-0.990497795656752,0.137528603567097,0.));
#1933=DIRECTION('center_axis',(1.57374776243811E-15,-2.69115274075329E-15,
-1.));
#1934=DIRECTION('ref_axis',(1.,0.,0.));
#1935=DIRECTION('center_axis',(-1.57374776243811E-15,2.69115274075329E-15,
1.));
#1936=DIRECTION('ref_axis',(1.,0.,1.57374776243811E-15));
#1937=DIRECTION('center_axis',(-0.992259880742851,-0.12417861759652,2.06798940632669E-16));
#1938=DIRECTION('ref_axis',(2.08412074947392E-16,0.,1.));
#1939=DIRECTION('center_axis',(0.49294607573473,0.87005986369774,0.));
#1940=DIRECTION('ref_axis',(0.615225229658915,-0.348565512911325,-0.707106781186548));
#1941=DIRECTION('center_axis',(-0.703786458119679,-0.710411585890431,0.));
#1942=DIRECTION('ref_axis',(0.710411585890431,-0.703786458119679,6.54743122868056E-16));
#1943=DIRECTION('center_axis',(-0.26965403823026,0.962957267829738,0.));
#1944=DIRECTION('ref_axis',(0.962957267829738,0.26965403823026,4.34779107311194E-17));
#1945=DIRECTION('',(-0.49294607573473,-0.87005986369774,0.));
#1946=DIRECTION('',(-0.49294607573473,-0.87005986369774,0.));
#1947=DIRECTION('center_axis',(0.,0.,1.));
#1948=DIRECTION('ref_axis',(1.,2.77555756156289E-17,0.));
#1949=DIRECTION('',(0.710411585890431,-0.703786458119679,0.));
#1950=DIRECTION('center_axis',(0.,0.,1.));
#1951=DIRECTION('ref_axis',(1.,2.77555756156289E-17,0.));
#1952=DIRECTION('',(-0.962957267829738,-0.26965403823026,0.));
#1953=DIRECTION('center_axis',(0.,0.,-1.));
#1954=DIRECTION('ref_axis',(1.,2.77555756156289E-17,0.));
#1955=DIRECTION('center_axis',(0.,0.,1.));
#1956=DIRECTION('ref_axis',(1.,2.77555756156289E-17,0.));
#1957=DIRECTION('center_axis',(0.,0.,-1.));
#1958=DIRECTION('ref_axis',(1.,2.77555756156289E-17,0.));
#1959=DIRECTION('center_axis',(0.,0.,-1.));
#1960=DIRECTION('ref_axis',(1.,2.77555756156289E-17,0.));
#1961=DIRECTION('',(-0.962957267829738,-0.26965403823026,0.));
#1962=DIRECTION('center_axis',(0.,0.,1.));
#1963=DIRECTION('ref_axis',(1.,2.77555756156289E-17,0.));
#1964=DIRECTION('',(0.710411585890431,-0.703786458119679,0.));
#1965=DIRECTION('center_axis',(-0.26965403823026,0.962957267829738,0.));
#1966=DIRECTION('ref_axis',(-0.962957267829738,-0.26965403823026,0.));
#1967=DIRECTION('',(0.,0.,1.));
#1968=DIRECTION('center_axis',(0.,0.,1.));
#1969=DIRECTION('ref_axis',(-0.967955283126367,0.251122619187828,0.));
#1970=DIRECTION('',(0.,0.,1.));
#1971=DIRECTION('center_axis',(-0.703786458119679,-0.710411585890431,0.));
#1972=DIRECTION('ref_axis',(0.710411585890431,-0.703786458119679,0.));
#1973=DIRECTION('center_axis',(0.,0.,1.));
#1974=DIRECTION('ref_axis',(1.,2.77555756156289E-17,0.));
#1975=DIRECTION('',(0.,0.,1.));
#1976=DIRECTION('center_axis',(0.,0.,1.));
#1977=DIRECTION('ref_axis',(1.,2.77555756156289E-17,0.));
#1978=DIRECTION('center_axis',(0.,0.,-1.));
#1979=DIRECTION('ref_axis',(1.,2.77555756156289E-17,0.));
#1980=DIRECTION('',(0.,0.,1.));
#1981=DIRECTION('center_axis',(0.,0.,-1.));
#1982=DIRECTION('ref_axis',(1.,2.77555756156289E-17,0.));
#1983=DIRECTION('center_axis',(0.,0.,-1.));
#1984=DIRECTION('ref_axis',(1.,2.77555756156289E-17,0.));
#1985=DIRECTION('center_axis',(-0.703786458119679,-0.710411585890431,0.));
#1986=DIRECTION('ref_axis',(0.710411585890431,-0.703786458119679,0.));
#1987=DIRECTION('',(0.710411585890431,-0.703786458119679,0.));
#1988=DIRECTION('',(0.,0.,1.));
#1989=DIRECTION('',(0.710411585890431,-0.703786458119679,0.));
#1990=DIRECTION('center_axis',(-0.703786458119679,-0.710411585890431,0.));
#1991=DIRECTION('ref_axis',(0.710411585890431,-0.703786458119679,-5.95221020789142E-16));
#1992=DIRECTION('center_axis',(0.,0.,1.));
#1993=DIRECTION('ref_axis',(-0.967955283126367,0.251122619187827,0.));
#1994=DIRECTION('center_axis',(0.,0.,1.));
#1995=DIRECTION('ref_axis',(1.,2.77555756156289E-17,0.));
#1996=DIRECTION('center_axis',(0.,0.,1.));
#1997=DIRECTION('ref_axis',(1.,2.77555756156289E-17,0.));
#1998=DIRECTION('',(0.,0.,1.));
#1999=DIRECTION('center_axis',(-0.26965403823026,0.962957267829738,0.));
#2000=DIRECTION('ref_axis',(-0.962957267829738,-0.26965403823026,0.));
#2001=DIRECTION('',(-0.962957267829738,-0.26965403823026,0.));
#2002=DIRECTION('',(-0.962957267829738,-0.26965403823026,0.));
#2003=DIRECTION('center_axis',(-0.26965403823026,0.962957267829738,0.));
#2004=DIRECTION('ref_axis',(0.962957267829738,0.26965403823026,-8.69558214622387E-17));
#2005=DIRECTION('center_axis',(0.,0.,1.));
#2006=DIRECTION('ref_axis',(1.,2.77555756156289E-17,0.));
#2007=DIRECTION('center_axis',(0.,0.,1.));
#2008=DIRECTION('ref_axis',(1.,2.77555756156289E-17,0.));
#2009=DIRECTION('',(0.49294607573473,0.87005986369774,0.));
#2010=DIRECTION('',(0.49294607573473,0.87005986369774,0.));
#2011=DIRECTION('center_axis',(-0.49294607573473,-0.87005986369774,0.));
#2012=DIRECTION('ref_axis',(0.615225229658915,-0.348565512911325,0.707106781186548));
#2013=DIRECTION('center_axis',(0.443202570813192,0.896421486369318,1.49284166090388E-15));
#2014=DIRECTION('ref_axis',(0.,-1.66533453693773E-15,1.));
#2015=DIRECTION('',(-3.36830550890968E-15,-7.90682751330627E-26,1.));
#2016=DIRECTION('',(-2.95428102158797E-32,1.66533453693773E-15,-1.));
#2017=DIRECTION('center_axis',(-2.34741993931118E-11,1.,0.));
#2018=DIRECTION('ref_axis',(1.,2.34741993931118E-11,-5.91645695558277E-31));
#2019=DIRECTION('center_axis',(-2.34741993931118E-11,1.,0.));
#2020=DIRECTION('ref_axis',(-1.,-2.34741993931118E-11,0.));
#2021=DIRECTION('center_axis',(2.34741993931118E-11,-1.,0.));
#2022=DIRECTION('ref_axis',(-1.,-2.34741993931118E-11,0.));
#2023=DIRECTION('center_axis',(-1.97215226305253E-31,-4.37905770101507E-47,
-1.));
#2024=DIRECTION('ref_axis',(1.,0.,-1.97215226305253E-31));
#2025=DIRECTION('center_axis',(0.,1.,0.));
#2026=DIRECTION('ref_axis',(1.,0.,0.));
#2027=DIRECTION('',(0.,1.,0.));
#2028=DIRECTION('center_axis',(0.,1.,0.));
#2029=DIRECTION('ref_axis',(1.,0.,0.));
#2030=DIRECTION('center_axis',(0.,-1.,0.));
#2031=DIRECTION('ref_axis',(1.,0.,0.));
#2032=DIRECTION('center_axis',(0.,-1.,0.));
#2033=DIRECTION('ref_axis',(-1.,0.,0.));
#2034=DIRECTION('',(0.,-1.,0.));
#2035=DIRECTION('center_axis',(0.,-1.,0.));
#2036=DIRECTION('ref_axis',(-1.,0.,0.));
#2037=DIRECTION('center_axis',(0.,1.,0.));
#2038=DIRECTION('ref_axis',(-1.,0.,0.));
#2039=DIRECTION('center_axis',(0.,-1.,0.));
#2040=DIRECTION('ref_axis',(1.,0.,0.));
#2041=DIRECTION('',(0.,1.,0.));
#2042=DIRECTION('center_axis',(0.,-1.,0.));
#2043=DIRECTION('ref_axis',(1.,0.,0.));
#2044=DIRECTION('center_axis',(0.,1.,0.));
#2045=DIRECTION('ref_axis',(1.,0.,0.));
#2046=DIRECTION('center_axis',(0.,1.,0.));
#2047=DIRECTION('ref_axis',(-1.,0.,0.));
#2048=DIRECTION('',(0.,-1.,0.));
#2049=DIRECTION('center_axis',(0.,1.,0.));
#2050=DIRECTION('ref_axis',(-1.,0.,0.));
#2051=DIRECTION('center_axis',(0.,-1.,0.));
#2052=DIRECTION('ref_axis',(-1.,0.,0.));
#2053=DIRECTION('center_axis',(0.,0.,1.));
#2054=DIRECTION('ref_axis',(-0.990497795656752,0.137528603567097,0.));
#2055=DIRECTION('center_axis',(-1.57374776243811E-15,2.69115274075329E-15,
-1.));
#2056=DIRECTION('ref_axis',(1.,0.,0.));
#2057=DIRECTION('center_axis',(1.57374776243811E-15,-2.69115274075329E-15,
1.));
#2058=DIRECTION('ref_axis',(1.,0.,-1.57374776243811E-15));
#2059=DIRECTION('center_axis',(0.992259880742851,0.12417861759652,2.06798940632669E-16));
#2060=DIRECTION('ref_axis',(2.08412074947392E-16,0.,-1.));
#2061=CARTESIAN_POINT('',(0.,0.,0.));
#2062=CARTESIAN_POINT('Origin',(-57.0000008421217,-8.00000028759241,0.));
#2063=CARTESIAN_POINT('',(-54.3057610060682,-8.00000028759241,-40.3558071437096));
#2064=CARTESIAN_POINT('',(-59.0000008359109,-8.00000053346201,-30.2603821573893));
#2065=CARTESIAN_POINT('',(-55.0000008338508,-8.00000028759241,-38.86277603368));
#2066=CARTESIAN_POINT('',(-54.3057610060682,-8.00000028759241,40.3558071437096));
#2067=CARTESIAN_POINT('',(-54.3057610060682,-8.00000028759241,-27.5));
#2068=CARTESIAN_POINT('',(-59.0000008359109,-8.00000053346201,30.2603821573893));
#2069=CARTESIAN_POINT('',(-55.0000008338508,-8.00000028759241,38.86277603368));
#2070=CARTESIAN_POINT('',(-59.0000008387119,-8.00000028759241,18.5547673385866));
#2071=CARTESIAN_POINT('',(-59.0000008667335,-8.00000053346201,-98.5503169205596));
#2072=CARTESIAN_POINT('',(-59.0000008395927,-8.00000028759241,14.8738716065596));
#2073=CARTESIAN_POINT('Origin',(-61.369125498702,-8.00000028759241,16.71431947314));
#2074=CARTESIAN_POINT('',(-59.0000008467109,-8.00000028759241,-14.8738715973967));
#2075=CARTESIAN_POINT('',(-59.0000008667335,-8.00000053346201,-98.5503169205596));
#2076=CARTESIAN_POINT('',(-59.0000008475917,-8.00000028759241,-18.5547673500171));
#2077=CARTESIAN_POINT('Origin',(-61.369125498702,-8.00000028759241,-16.71431947314));
#2078=CARTESIAN_POINT('',(-59.0000008667335,-8.00000053346201,-98.5503169205596));
#2079=CARTESIAN_POINT('Origin',(-59.0000008359109,-13.000000533462,30.2603821573893));
#2080=CARTESIAN_POINT('',(-55.0000008338508,-13.0000002875924,38.86277603368));
#2081=CARTESIAN_POINT('',(-56.951117925258,-27.0521838277573,34.6667066060791));
#2082=CARTESIAN_POINT('',(-59.0000008359109,-13.000000533462,30.2603821573893));
#2083=CARTESIAN_POINT('',(-73.3488797413823,-13.0000006154874,-0.598294833733636));
#2084=CARTESIAN_POINT('',(-59.0000008359109,-13.000000533462,30.2603821573893));
#2085=CARTESIAN_POINT('Origin',(-55.0000008338508,-13.0000002875924,-38.86277603368));
#2086=CARTESIAN_POINT('',(-59.0000008359109,-13.000000533462,-30.2603821573893));
#2087=CARTESIAN_POINT('',(-59.0000008359109,-13.000000533462,-30.2603821573893));
#2088=CARTESIAN_POINT('',(-55.0000008338508,-13.0000002875924,-38.86277603368));
#2089=CARTESIAN_POINT('',(-39.9983443392553,-13.0000004663989,-71.125315507895));
#2090=CARTESIAN_POINT('',(-54.6981980186226,-10.8263795700638,-39.5118327057373));
#2091=CARTESIAN_POINT('Origin',(-59.0000008387119,-13.000000533462,18.5547673385866));
#2092=CARTESIAN_POINT('',(-59.0000008387119,-13.0000002875924,18.5547673385866));
#2093=CARTESIAN_POINT('',(-59.0000008507426,-13.0000005513429,-31.7226163211353));
#2094=CARTESIAN_POINT('',(-59.0000008387119,-13.0000002875924,18.5547673385866));
#2095=CARTESIAN_POINT('Origin',(-61.369125498702,-13.0000002875924,16.71431947314));
#2096=CARTESIAN_POINT('',(-59.0000008395927,-13.0000002875924,14.8738716065596));
#2097=CARTESIAN_POINT('Origin',(-61.369125498702,-13.0000005619338,16.71431947314));
#2098=CARTESIAN_POINT('',(-59.0000008395927,-13.0000002875924,14.8738716065596));
#2099=CARTESIAN_POINT('Origin',(-59.0000008467109,-13.000000533462,-14.8738715973967));
#2100=CARTESIAN_POINT('',(-59.0000008467109,-13.0000002875924,-14.8738715973967));
#2101=CARTESIAN_POINT('',(-59.0000008547421,-13.0000005513429,-48.4369357891269));
#2102=CARTESIAN_POINT('',(-59.0000008467109,-13.0000002875924,-14.8738715973967));
#2103=CARTESIAN_POINT('Origin',(-61.369125498702,-13.0000002875924,-16.71431947314));
#2104=CARTESIAN_POINT('',(-59.0000008475917,-13.0000002875924,-18.5547673500171));
#2105=CARTESIAN_POINT('Origin',(-61.369125498702,-13.0000005619338,-16.71431947314));
#2106=CARTESIAN_POINT('',(-59.0000008475917,-13.0000002875924,-18.5547673500171));
#2107=CARTESIAN_POINT('Origin',(-59.0000008503927,-13.000000533462,-30.2603821573893));
#2108=CARTESIAN_POINT('',(-59.000000856583,-13.0000005513429,-56.1301910691232));
#2109=CARTESIAN_POINT('Origin',(21.0000003129244,-13.0000001937151,-82.));
#2110=CARTESIAN_POINT('',(-55.000000819564,-13.0000001937149,98.5654809606284));
#2111=CARTESIAN_POINT('',(-55.000000866737,-13.0000005334616,-68.5));
#2112=CARTESIAN_POINT('',(8.62691376307909,-13.0000001937149,105.027965899694));
#2113=CARTESIAN_POINT('Ctrl Pts',(8.62691376438635,-13.0000002490271,105.027965907262));
#2114=CARTESIAN_POINT('Ctrl Pts',(-7.34463968814698,-13.0000003204255,107.785557901315));
#2115=CARTESIAN_POINT('Ctrl Pts',(-25.1504121092197,-13.0000004000235,109.940942259893));
#2116=CARTESIAN_POINT('Ctrl Pts',(-41.2514121487419,-13.0000004720006,108.422329284472));
#2117=CARTESIAN_POINT('Ctrl Pts',(-46.1996052362185,-13.0000004941207,107.764704187111));
#2118=CARTESIAN_POINT('Ctrl Pts',(-51.4136383980748,-13.0000005174293,105.377048965515));
#2119=CARTESIAN_POINT('Ctrl Pts',(-52.527824993608,-13.0000005224101,104.635681479951));
#2120=CARTESIAN_POINT('Ctrl Pts',(-53.8542248632037,-13.0000005283395,103.242369875142));
#2121=CARTESIAN_POINT('Ctrl Pts',(-54.2269411420614,-13.0000005289144,102.641788588217));
#2122=CARTESIAN_POINT('Ctrl Pts',(-54.9229157350939,-13.0000005320257,100.818541083796));
#2123=CARTESIAN_POINT('Ctrl Pts',(-55.0080983640659,-13.0000005334978,99.5694693151989));
#2124=CARTESIAN_POINT('Ctrl Pts',(-55.0000008667371,-13.0000005334616,98.5654809606284));
#2125=CARTESIAN_POINT('',(8.62691376307902,-13.0000002384184,122.960967884913));
#2126=CARTESIAN_POINT('',(8.62691375371523,-13.0000002490271,-8.79692063601133));
#2127=CARTESIAN_POINT('',(-72.6822353356631,-13.0000002384073,98.8000376006232));
#2128=CARTESIAN_POINT('Ctrl Pts',(-72.6822353356359,-13.0000002384048,98.800037600617));
#2129=CARTESIAN_POINT('Ctrl Pts',(-72.6750119309409,-13.0000002384048,100.772483295284));
#2130=CARTESIAN_POINT('Ctrl Pts',(-72.4859920460832,-13.0000002384048,102.711127747572));
#2131=CARTESIAN_POINT('Ctrl Pts',(-72.0856302260292,-13.0000002384048,104.595538167279));
#2132=CARTESIAN_POINT('Ctrl Pts',(-71.6852653632641,-13.0000002384048,106.479962908322));
#2133=CARTESIAN_POINT('Ctrl Pts',(-71.0735553529341,-13.0000002384048,108.310152792433));
#2134=CARTESIAN_POINT('Ctrl Pts',(-70.2481553058472,-13.0000002384048,110.032252426415));
#2135=CARTESIAN_POINT('Ctrl Pts',(-69.4227552587604,-13.0000002384048,111.754352060396));
#2136=CARTESIAN_POINT('Ctrl Pts',(-68.3836651749167,-13.0000002384048,113.36836144425));
#2137=CARTESIAN_POINT('Ctrl Pts',(-67.1686608501482,-13.0000002384048,114.827187080722));
#2138=CARTESIAN_POINT('Ctrl Pts',(-65.9536565253796,-13.0000002384048,116.286012717194));
#2139=CARTESIAN_POINT('Ctrl Pts',(-64.5627379596861,-13.0000002384048,117.589654606286));
#2140=CARTESIAN_POINT('Ctrl Pts',(-63.0545658258462,-13.0000002384048,118.73298455872));
#2141=CARTESIAN_POINT('Ctrl Pts',(-60.0382215581664,-13.0000002384048,121.019644463587));
#2142=CARTESIAN_POINT('Ctrl Pts',(-56.5528630179008,-13.0000002384048,122.665056621822));
#2143=CARTESIAN_POINT('Ctrl Pts',(-52.7297478359089,-13.0000002384048,123.870593148316));
#2144=CARTESIAN_POINT('Ctrl Pts',(-48.906632653917,-13.0000002384048,125.076129674809));
#2145=CARTESIAN_POINT('Ctrl Pts',(-44.7457608301988,-13.0000002384048,125.841790569561));
#2146=CARTESIAN_POINT('Ctrl Pts',(-40.1979921228676,-13.0000002384048,126.281982324548));
#2147=CARTESIAN_POINT('Ctrl Pts',(-35.6502234155365,-13.0000002384048,126.722174079534));
#2148=CARTESIAN_POINT('Ctrl Pts',(-30.7155578245925,-13.0000002384048,126.836896694756));
#2149=CARTESIAN_POINT('Ctrl Pts',(-25.3775926995104,-13.0000002384048,126.668432420185));
#2150=CARTESIAN_POINT('Ctrl Pts',(-22.7086101369693,-13.0000002384048,126.5842002829));
#2151=CARTESIAN_POINT('Ctrl Pts',(-19.9388026908937,-13.0000002384048,126.429171423167));
#2152=CARTESIAN_POINT('Ctrl Pts',(-17.0663418697625,-13.0000002384048,126.207045712789));
#2153=CARTESIAN_POINT('Ctrl Pts',(-9.25825875093962,-13.0000002384048,125.603251225255));
#2154=CARTESIAN_POINT('Ctrl Pts',(-0.691678643755914,-13.0000002384048,
124.503683860164));
#2155=CARTESIAN_POINT('Ctrl Pts',(8.62700812308382,-13.0000002384048,122.961019857279));
#2156=CARTESIAN_POINT('',(-72.6822353360688,-13.0000002390772,91.5));
#2157=CARTESIAN_POINT('',(-72.6822349580854,-13.0000006125073,-0.249999999999995));
#2158=CARTESIAN_POINT('',(-72.6822353356125,-13.0000002390712,77.5));
#2159=CARTESIAN_POINT('',(-72.6822355476414,-13.0000006125073,-25.8765817523369));
#2160=CARTESIAN_POINT('',(-72.6822353356085,-13.0000002390781,70.5));
#2161=CARTESIAN_POINT('',(-72.6822349580854,-13.0000006125073,-0.249999999999995));
#2162=CARTESIAN_POINT('',(-72.6822353360511,-13.0000002390459,56.5));
#2163=CARTESIAN_POINT('',(-72.6822355476414,-13.0000006125073,-25.8765817523369));
#2164=CARTESIAN_POINT('',(-72.6822353360688,-13.0000002390772,17.5));
#2165=CARTESIAN_POINT('',(-72.6822353356957,-13.0000002384186,-55.));
#2166=CARTESIAN_POINT('',(-72.6822353356125,-13.0000002390712,3.5));
#2167=CARTESIAN_POINT('',(-72.6822355476414,-13.0000006125073,-25.8765817523369));
#2168=CARTESIAN_POINT('',(-72.6822353356125,-13.0000002390712,-3.5));
#2169=CARTESIAN_POINT('',(-72.6822353356957,-13.0000002384186,-55.));
#2170=CARTESIAN_POINT('',(-72.6822353360688,-13.0000002390772,-17.5));
#2171=CARTESIAN_POINT('',(-72.6822355476414,-13.0000006125073,-25.8765817523369));
#2172=CARTESIAN_POINT('',(-72.6822353360511,-13.0000002390459,-56.5));
#2173=CARTESIAN_POINT('',(-72.6822353356957,-13.0000002384186,-55.));
#2174=CARTESIAN_POINT('',(-72.6822353356085,-13.0000002390781,-70.5));
#2175=CARTESIAN_POINT('',(-72.6822355476414,-13.0000006125073,-25.8765817523369));
#2176=CARTESIAN_POINT('',(-72.6822353356125,-13.0000002390712,-77.5));
#2177=CARTESIAN_POINT('',(-72.6822355476414,-13.0000006125073,-25.8765817523369));
#2178=CARTESIAN_POINT('',(-72.6822353360688,-13.0000002390772,-91.5));
#2179=CARTESIAN_POINT('',(-72.6822355476414,-13.0000006125073,-25.8765817523369));
#2180=CARTESIAN_POINT('',(-72.6822353356631,-13.0000002384073,-98.8000376006232));
#2181=CARTESIAN_POINT('',(-72.6822355476414,-13.0000006125073,-25.8765817523369));
#2182=CARTESIAN_POINT('',(8.62691376307902,-13.0000002384184,-122.960967884913));
#2183=CARTESIAN_POINT('Ctrl Pts',(-72.6822355475865,-13.0000006125073,-98.8000376013992));
#2184=CARTESIAN_POINT('Ctrl Pts',(-72.6722913012937,-13.0000006124628,-101.51543955076));
#2185=CARTESIAN_POINT('Ctrl Pts',(-72.3158686612368,-13.0000006108695,-104.196812714101));
#2186=CARTESIAN_POINT('Ctrl Pts',(-71.5175711301764,-13.0000006073008,-106.782921460699));
#2187=CARTESIAN_POINT('Ctrl Pts',(-70.7021062513977,-13.0000006036554,-109.424644344086));
#2188=CARTESIAN_POINT('Ctrl Pts',(-69.445786169564,-13.0000005980392,-111.880953076251));
#2189=CARTESIAN_POINT('Ctrl Pts',(-67.7727192302997,-13.0000005905601,-114.068281968338));
#2190=CARTESIAN_POINT('Ctrl Pts',(-66.3177085556808,-13.0000005840556,-115.970529160127));
#2191=CARTESIAN_POINT('Ctrl Pts',(-64.5686338995032,-13.0000005762367,-117.637095443348));
#2192=CARTESIAN_POINT('Ctrl Pts',(-62.639340933416,-13.0000005676121,-119.040710437118));
#2193=CARTESIAN_POINT('Ctrl Pts',(-58.2873082213834,-13.000000548157,-122.206936860664));
#2194=CARTESIAN_POINT('Ctrl Pts',(-52.9748331253012,-13.0000005244084,-124.139301126566));
#2195=CARTESIAN_POINT('Ctrl Pts',(-47.0846941517489,-13.0000004980774,-125.294340328486));
#2196=CARTESIAN_POINT('Ctrl Pts',(-43.7745854153826,-13.00000048328,-125.943443069574));
#2197=CARTESIAN_POINT('Ctrl Pts',(-40.2875066234835,-13.0000004676916,-126.348265089247));
#2198=CARTESIAN_POINT('Ctrl Pts',(-36.518756678994,-13.000000450844,-126.562957344869));
#2199=CARTESIAN_POINT('Ctrl Pts',(-23.8332503659853,-13.0000003941353,-127.285605438843));
#2200=CARTESIAN_POINT('Ctrl Pts',(-8.35567572219028,-13.0000003249452,-125.77162183817));
#2201=CARTESIAN_POINT('Ctrl Pts',(8.62691376465419,-13.0000002490271,-122.960967890744));
#2202=CARTESIAN_POINT('',(8.62691376307909,-13.0000001937149,-105.027965899694));
#2203=CARTESIAN_POINT('',(8.62691375371521,-13.0000002490271,-73.2030793639887));
#2204=CARTESIAN_POINT('',(-55.000000819564,-13.0000001937149,-98.5654809606284));
#2205=CARTESIAN_POINT('Ctrl Pts',(-55.0000008667371,-13.0000005334616,-98.5654809606284));
#2206=CARTESIAN_POINT('Ctrl Pts',(-55.0085160148626,-13.0000005334996,-99.6212527884257));
#2207=CARTESIAN_POINT('Ctrl Pts',(-54.9130633203785,-13.0000005327423,-100.893401480343));
#2208=CARTESIAN_POINT('Ctrl Pts',(-54.1904379092713,-13.0000005295119,-102.706006035867));
#2209=CARTESIAN_POINT('Ctrl Pts',(-53.8108540136888,-13.0000005283243,-103.30378785993));
#2210=CARTESIAN_POINT('Ctrl Pts',(-52.4490284430881,-13.0000005222365,-104.693742994653));
#2211=CARTESIAN_POINT('Ctrl Pts',(-51.4023365243146,-13.000000518589,-105.341469095319));
#2212=CARTESIAN_POINT('Ctrl Pts',(-47.6702811208595,-13.0000005019054,-107.175038127512));
#2213=CARTESIAN_POINT('Ctrl Pts',(-44.3454067696698,-13.0000004872034,-107.86116656958));
#2214=CARTESIAN_POINT('Ctrl Pts',(-34.7220309605534,-13.0000004441836,-109.416441795995));
#2215=CARTESIAN_POINT('Ctrl Pts',(-25.7166692604037,-13.000000401642,-109.149807989244));
#2216=CARTESIAN_POINT('Ctrl Pts',(-9.53069980598195,-13.0000003292851,-107.877880442821));
#2217=CARTESIAN_POINT('Ctrl Pts',(-0.263423465022493,-13.00000028877,-106.562940125091));
#2218=CARTESIAN_POINT('Ctrl Pts',(8.62691376458021,-13.0000002490271,-105.027965907228));
#2219=CARTESIAN_POINT('',(-55.000000866737,-13.0000005334616,-68.5));
#2220=CARTESIAN_POINT('',(-62.519125498702,-13.0000005670747,-16.71431947314));
#2221=CARTESIAN_POINT('Origin',(-61.369125498702,-13.0000005619338,-16.71431947314));
#2222=CARTESIAN_POINT('',(-62.519125498702,-13.0000005670747,16.71431947314));
#2223=CARTESIAN_POINT('Origin',(-61.369125498702,-13.0000005619338,16.71431947314));
#2224=CARTESIAN_POINT('Origin',(9.94064583668422,-11.5116104173041,-64.4061587279774));
#2225=CARTESIAN_POINT('',(11.2543779102894,-10.0232205961899,-120.806477886594));
#2226=CARTESIAN_POINT('Ctrl Pts',(11.2543779102902,-10.023220596189,-120.806477886596));
#2227=CARTESIAN_POINT('Ctrl Pts',(10.432554568297,-10.954303517549,-121.483491450832));
#2228=CARTESIAN_POINT('Ctrl Pts',(9.60974908747835,-11.8865279146541,-122.158464411142));
#2229=CARTESIAN_POINT('Ctrl Pts',(8.7863225732966,-12.8194922966262,-122.830947114866));
#2230=CARTESIAN_POINT('Ctrl Pts',(8.73322032754775,-12.8796585689446,-122.874315091461));
#2231=CARTESIAN_POINT('Ctrl Pts',(8.68011548100444,-12.9398279187691,-122.917672712333));
#2232=CARTESIAN_POINT('Ctrl Pts',(8.6270081230564,-13.0000002384184,-122.961019857275));
#2233=CARTESIAN_POINT('',(11.2543779102894,-10.0232205961899,-104.146341792634));
#2234=CARTESIAN_POINT('',(11.2543779102894,-10.0232205961899,-64.4061587279774));
#2235=CARTESIAN_POINT('Ctrl Pts',(8.62690991985535,-13.0000001937149,-105.027962128078));
#2236=CARTESIAN_POINT('Ctrl Pts',(9.50299360556052,-12.0074443681099,-104.736850928996));
#2237=CARTESIAN_POINT('Ctrl Pts',(10.3790187268499,-11.014956829648,-104.442853033433));
#2238=CARTESIAN_POINT('Ctrl Pts',(11.2543779102894,-10.0232205961899,-104.146341792634));
#2239=CARTESIAN_POINT('Ctrl Pts',(-57.1023697776161,14.4995124900831,-98.6862882625226));
#2240=CARTESIAN_POINT('Ctrl Pts',(-57.1021648472241,14.4995124900831,-99.6974430583227));
#2241=CARTESIAN_POINT('Ctrl Pts',(-56.9139525895322,14.4995124900831,-101.431224346976));
#2242=CARTESIAN_POINT('Ctrl Pts',(-56.2723149524641,14.4995124900831,-103.314052237662));
#2243=CARTESIAN_POINT('Ctrl Pts',(-55.3122382510184,14.4995124900831,-104.827309472242));
#2244=CARTESIAN_POINT('Ctrl Pts',(-53.3410922535177,14.4995124900831,-106.762493542957));
#2245=CARTESIAN_POINT('Ctrl Pts',(-48.768571829696,14.4995124900831,-109.166574695909));
#2246=CARTESIAN_POINT('Ctrl Pts',(-39.3347532663768,14.4995124900831,-111.020529071183));
#2247=CARTESIAN_POINT('Ctrl Pts',(-28.6086860489399,14.4995124900831,-111.301946354281));
#2248=CARTESIAN_POINT('Ctrl Pts',(-13.3939886857357,14.4995124900831,-110.463032515017));
#2249=CARTESIAN_POINT('Ctrl Pts',(-1.26857276062306,14.4995124900831,-108.8657216199));
#2250=CARTESIAN_POINT('Ctrl Pts',(8.82846358695053,14.4995124900831,-107.126165929241));
#2251=CARTESIAN_POINT('Ctrl Pts',(-62.2956584071702,5.3330081225525,-98.7241939039298));
#2252=CARTESIAN_POINT('Ctrl Pts',(-62.2931146299992,5.3330081225525,-100.055784021046));
#2253=CARTESIAN_POINT('Ctrl Pts',(-62.0416261262263,5.3330081225525,-102.504077654925));
#2254=CARTESIAN_POINT('Ctrl Pts',(-61.0021569446087,5.3330081225525,-105.589485574199));
#2255=CARTESIAN_POINT('Ctrl Pts',(-59.3230151761671,5.3330081225525,-108.212332402847));
#2256=CARTESIAN_POINT('Ctrl Pts',(-56.1543594160335,5.3330081225525,-111.240643347866));
#2257=CARTESIAN_POINT('Ctrl Pts',(-50.2015470593115,5.3330081225525,-114.214540106003));
#2258=CARTESIAN_POINT('Ctrl Pts',(-39.7514630817119,5.3330081225525,-116.216170100131));
#2259=CARTESIAN_POINT('Ctrl Pts',(-28.4885306430359,5.3330081225525,-116.499383597269));
#2260=CARTESIAN_POINT('Ctrl Pts',(-12.8057847912523,5.3330081225525,-115.630049887326));
#2261=CARTESIAN_POINT('Ctrl Pts',(-0.481613490601227,5.3330081225525,-114.00062099026));
#2262=CARTESIAN_POINT('Ctrl Pts',(9.7352611352465,5.3330081225525,-112.239814512583));
#2263=CARTESIAN_POINT('Ctrl Pts',(-67.4889470367244,-3.83349624497809,-98.7620995453371));
#2264=CARTESIAN_POINT('Ctrl Pts',(-67.4840644127743,-3.83349624497809,-100.41412498377));
#2265=CARTESIAN_POINT('Ctrl Pts',(-67.1692996629203,-3.83349624497809,-103.576930962873));
#2266=CARTESIAN_POINT('Ctrl Pts',(-65.7319989367534,-3.83349624497809,-107.864918910735));
#2267=CARTESIAN_POINT('Ctrl Pts',(-63.3337921013158,-3.83349624497809,-111.597355333451));
#2268=CARTESIAN_POINT('Ctrl Pts',(-58.9676265785493,-3.83349624497809,-115.718793152775));
#2269=CARTESIAN_POINT('Ctrl Pts',(-51.634522288927,-3.83349624497808,-119.262505516098));
#2270=CARTESIAN_POINT('Ctrl Pts',(-40.1681728970471,-3.83349624497808,-121.411811129079));
#2271=CARTESIAN_POINT('Ctrl Pts',(-28.368375237132,-3.83349624497809,-121.696820840257));
#2272=CARTESIAN_POINT('Ctrl Pts',(-12.217580896769,-3.83349624497809,-120.797067259635));
#2273=CARTESIAN_POINT('Ctrl Pts',(0.305345779420567,-3.83349624497809,-119.13552036062));
#2274=CARTESIAN_POINT('Ctrl Pts',(10.6420586835425,-3.83349624497809,-117.353463095924));
#2275=CARTESIAN_POINT('Ctrl Pts',(-72.6822356662786,-13.0000006125087,-98.8000051867442));
#2276=CARTESIAN_POINT('Ctrl Pts',(-72.6750141955494,-13.0000006125087,-100.772465946494));
#2277=CARTESIAN_POINT('Ctrl Pts',(-72.2969731996144,-13.0000006125087,-104.649784270822));
#2278=CARTESIAN_POINT('Ctrl Pts',(-70.461840928898,-13.0000006125087,-110.140352247272));
#2279=CARTESIAN_POINT('Ctrl Pts',(-67.3445690264646,-13.0000006125087,-114.982378264055));
#2280=CARTESIAN_POINT('Ctrl Pts',(-61.7808937410651,-13.0000006125087,-120.196942957685));
#2281=CARTESIAN_POINT('Ctrl Pts',(-53.0674975185424,-13.0000006125087,-124.310470926193));
#2282=CARTESIAN_POINT('Ctrl Pts',(-40.5848827123822,-13.0000006125087,-126.607452158027));
#2283=CARTESIAN_POINT('Ctrl Pts',(-28.248219831228,-13.0000006125087,-126.894258083244));
#2284=CARTESIAN_POINT('Ctrl Pts',(-11.6293770022857,-13.0000006125087,-125.964084631944));
#2285=CARTESIAN_POINT('Ctrl Pts',(1.0923050494424,-13.0000006125087,-124.270419730979));
#2286=CARTESIAN_POINT('Ctrl Pts',(11.5488562318384,-13.0000006125087,-122.467111679266));
#2287=CARTESIAN_POINT('',(-57.1019546564785,14.4995124900831,-98.7996553172266));
#2288=CARTESIAN_POINT('Ctrl Pts',(-72.6822353356955,-13.0000002384184,-98.8000375864031));
#2289=CARTESIAN_POINT('Ctrl Pts',(-70.0854709915247,-8.41665828163987,-98.7999743258756));
#2290=CARTESIAN_POINT('Ctrl Pts',(-67.4887066474069,-3.83331632495464,-98.7999022131727));
#2291=CARTESIAN_POINT('Ctrl Pts',(-62.2952797544679,5.33318791764392,-98.7997535945813));
#2292=CARTESIAN_POINT('Ctrl Pts',(-59.6986172055737,9.91635020368602,-98.7996626956371));
#2293=CARTESIAN_POINT('Ctrl Pts',(-57.1019546564785,14.4995124900831,-98.7996553172258));
#2294=CARTESIAN_POINT('',(-19.3267137310626,14.4995124900741,-110.751667748965));
#2295=CARTESIAN_POINT('Ctrl Pts',(-57.1019508549251,14.4995124900831,-98.7996463231648));
#2296=CARTESIAN_POINT('Ctrl Pts',(-57.0950091577371,14.4995124900831,-99.7624125700667));
#2297=CARTESIAN_POINT('Ctrl Pts',(-56.9059171199797,14.4995124900831,-101.454803709086));
#2298=CARTESIAN_POINT('Ctrl Pts',(-56.2723149524641,14.4995124900831,-103.314052237662));
#2299=CARTESIAN_POINT('Ctrl Pts',(-55.3122382510184,14.4995124900831,-104.827309472242));
#2300=CARTESIAN_POINT('Ctrl Pts',(-53.3410922535177,14.4995124900831,-106.762493542957));
#2301=CARTESIAN_POINT('Ctrl Pts',(-48.768571829696,14.4995124900831,-109.166574695909));
#2302=CARTESIAN_POINT('Ctrl Pts',(-39.3347532663768,14.4995124900831,-111.020529071183));
#2303=CARTESIAN_POINT('Ctrl Pts',(-28.8753701836751,14.4995124900831,-111.294949425852));
#2304=CARTESIAN_POINT('Ctrl Pts',(-21.6298016093699,14.4995124900831,-110.916242659055));
#2305=CARTESIAN_POINT('Ctrl Pts',(-19.3278254254063,14.4995124900831,-110.751125370465));
#2306=CARTESIAN_POINT('',(9.99999919533728,-2.7340107683168E-8,-115.260124178455));
#2307=CARTESIAN_POINT('Ctrl Pts',(-19.3267137311035,14.4995124900831,-110.751667748968));
#2308=CARTESIAN_POINT('Ctrl Pts',(-9.85837802058929,9.81824280608827,-112.731416059363));
#2309=CARTESIAN_POINT('Ctrl Pts',(0.408724764444346,4.74205217665543,-114.181511796399));
#2310=CARTESIAN_POINT('Ctrl Pts',(9.99999919533718,-2.73400591055406E-8,
-115.260124178456));
#2311=CARTESIAN_POINT('Ctrl Pts',(9.99999919533728,-2.73401065328804E-8,
-115.260124178455));
#2312=CARTESIAN_POINT('Ctrl Pts',(10.4180810440734,-3.34071885153898,-117.108745473823));
#2313=CARTESIAN_POINT('Ctrl Pts',(10.8362588352334,-6.68220431189388,-118.957757507258));
#2314=CARTESIAN_POINT('Ctrl Pts',(11.2543779102894,-10.0232205961899,-120.806477886594));
#2315=CARTESIAN_POINT('Origin',(-57.6582603996591,13.5176215228722,30.2468364953263));
#2316=CARTESIAN_POINT('',(-60.857105313396,7.8715950979985,-91.5));
#2317=CARTESIAN_POINT('',(-69.4963295201587,-7.3768115854036,-91.5));
#2318=CARTESIAN_POINT('',(-60.857105313396,7.8715950979985,-77.5));
#2319=CARTESIAN_POINT('',(-60.8571053133959,7.87159509799854,-55.8734182476632));
#2320=CARTESIAN_POINT('',(-62.7725107283909,4.49086552871942,-77.5));
#2321=CARTESIAN_POINT('',(-60.857105313396,7.8715950979985,-70.5));
#2322=CARTESIAN_POINT('',(-62.7725107283909,4.49086552871942,-70.5));
#2323=CARTESIAN_POINT('',(-60.857105313396,7.87159509799849,-56.5));
#2324=CARTESIAN_POINT('',(-60.8571053133959,7.87159509799854,-15.1265817523369));
#2325=CARTESIAN_POINT('',(-69.4963295201587,-7.3768115854036,-56.5));
#2326=CARTESIAN_POINT('',(-60.857105313396,7.8715950979985,-17.5));
#2327=CARTESIAN_POINT('',(-69.4963295201587,-7.37681158540356,-17.5));
#2328=CARTESIAN_POINT('',(-60.857105313396,7.8715950979985,-3.5));
#2329=CARTESIAN_POINT('',(-60.8571053133959,7.87159509799853,11.3734182476632));
#2330=CARTESIAN_POINT('',(-62.7725107283909,4.49086552871942,-3.5));
#2331=CARTESIAN_POINT('',(-60.857105313396,7.8715950979985,3.5));
#2332=CARTESIAN_POINT('',(-62.7725107283909,4.49086552871942,3.5));
#2333=CARTESIAN_POINT('',(-60.857105313396,7.8715950979985,17.5));
#2334=CARTESIAN_POINT('',(-60.8571053133959,7.87159509799853,18.8734182476632));
#2335=CARTESIAN_POINT('',(-69.4963295201587,-7.37681158540356,17.5));
#2336=CARTESIAN_POINT('',(-60.857105313396,7.87159509799849,56.5));
#2337=CARTESIAN_POINT('',(-69.4963295201587,-7.3768115854036,56.5));
#2338=CARTESIAN_POINT('',(-60.857105313396,7.8715950979985,70.5));
#2339=CARTESIAN_POINT('',(-60.8571053133959,7.87159509799854,45.3734182476632));
#2340=CARTESIAN_POINT('',(-62.7725107283909,4.49086552871942,70.5));
#2341=CARTESIAN_POINT('',(-60.857105313396,7.8715950979985,77.5));
#2342=CARTESIAN_POINT('',(-62.7725107283909,4.49086552871942,77.5));
#2343=CARTESIAN_POINT('',(-60.857105313396,7.8715950979985,91.5));
#2344=CARTESIAN_POINT('',(-60.8571053133959,7.87159509799854,55.8734182476632));
#2345=CARTESIAN_POINT('',(-69.4963295201587,-7.3768115854036,91.5));
#2346=CARTESIAN_POINT('',(-57.1019546564785,14.4995124900831,98.7996553172266));
#2347=CARTESIAN_POINT('Ctrl Pts',(-72.6822353356955,-13.0000002384184,98.8000375864031));
#2348=CARTESIAN_POINT('Ctrl Pts',(-70.0854709915247,-8.41665828163987,98.7999743258756));
#2349=CARTESIAN_POINT('Ctrl Pts',(-67.4887066474069,-3.83331632495464,98.7999022131727));
#2350=CARTESIAN_POINT('Ctrl Pts',(-62.2952797544679,5.33318791764392,98.7997535945813));
#2351=CARTESIAN_POINT('Ctrl Pts',(-59.6986172055737,9.91635020368602,98.7996626956371));
#2352=CARTESIAN_POINT('Ctrl Pts',(-57.1019546564785,14.4995124900831,98.7996553172258));
#2353=CARTESIAN_POINT('',(-57.1019546564786,14.4995124900829,12.3765817523368));
#2354=CARTESIAN_POINT('Ctrl Pts',(-55.0000008667424,-13.0000005334996,-98.5654809606284));
#2355=CARTESIAN_POINT('Ctrl Pts',(-55.0073760921834,-13.0000005334996,-99.4799166386014));
#2356=CARTESIAN_POINT('Ctrl Pts',(-54.8468272027505,-13.0000005334996,-100.974471318415));
#2357=CARTESIAN_POINT('Ctrl Pts',(-54.3556152878445,-13.0000005334996,-102.403122201586));
#2358=CARTESIAN_POINT('Ctrl Pts',(-53.6677038528239,-13.0000005334996,-103.487309628921));
#2359=CARTESIAN_POINT('Ctrl Pts',(-52.1132624507175,-13.0000005334996,-105.023054305197));
#2360=CARTESIAN_POINT('Ctrl Pts',(-47.8709820057765,-13.0000005334996,-107.248527761651));
#2361=CARTESIAN_POINT('Ctrl Pts',(-38.3968373833212,-13.0000005334996,-109.005083760716));
#2362=CARTESIAN_POINT('Ctrl Pts',(-25.2029571804255,-13.0000005334996,-109.219156179873));
#2363=CARTESIAN_POINT('Ctrl Pts',(-8.68215571176834,-13.0000005334996,-107.803736914613));
#2364=CARTESIAN_POINT('Ctrl Pts',(4.3454226944342,-13.0000005334996,-105.802451549));
#2365=CARTESIAN_POINT('Ctrl Pts',(11.329175225988,-13.0000005334996,-104.552837364076));
#2366=CARTESIAN_POINT('Ctrl Pts',(-54.7934298812233,-11.5122510726862,-98.5654809606284));
#2367=CARTESIAN_POINT('Ctrl Pts',(-54.8008051066643,-11.5122510726862,-99.4669918101275));
#2368=CARTESIAN_POINT('Ctrl Pts',(-54.6426248295431,-11.5122510726862,-100.932610736742));
#2369=CARTESIAN_POINT('Ctrl Pts',(-54.1675252520429,-11.5122510726862,-102.312281485502));
#2370=CARTESIAN_POINT('Ctrl Pts',(-53.5091070063204,-11.5122510726862,-103.351419187143));
#2371=CARTESIAN_POINT('Ctrl Pts',(-52.0036012793607,-11.5122510726862,-104.843437141469));
#2372=CARTESIAN_POINT('Ctrl Pts',(-47.8166993555983,-11.5122510726862,-107.047041738287));
#2373=CARTESIAN_POINT('Ctrl Pts',(-38.3826307978037,-11.5122510726862,-108.798266052831));
#2374=CARTESIAN_POINT('Ctrl Pts',(-25.2139097932647,-11.5122510726862,-109.012545307337));
#2375=CARTESIAN_POINT('Ctrl Pts',(-8.70915577323509,-11.5122510726862,-107.598806041362));
#2376=CARTESIAN_POINT('Ctrl Pts',(4.3111324080979,-11.5122510726862,-105.598722232854));
#2377=CARTESIAN_POINT('Ctrl Pts',(11.291792662129,-11.5122510726862,-104.349677043202));
#2378=CARTESIAN_POINT('Ctrl Pts',(-54.5868588957041,-10.0245016118728,-98.5654809606284));
#2379=CARTESIAN_POINT('Ctrl Pts',(-54.5942341211451,-10.0245016118728,-99.4540669816535));
#2380=CARTESIAN_POINT('Ctrl Pts',(-54.4384224563357,-10.0245016118727,-100.890750155068));
#2381=CARTESIAN_POINT('Ctrl Pts',(-53.9794352162413,-10.0245016118727,-102.221440769418));
#2382=CARTESIAN_POINT('Ctrl Pts',(-53.3505101598169,-10.0245016118727,-103.215528745365));
#2383=CARTESIAN_POINT('Ctrl Pts',(-51.8939401080039,-10.0245016118727,-104.663819977741));
#2384=CARTESIAN_POINT('Ctrl Pts',(-47.7624167054201,-10.0245016118727,-106.845555714923));
#2385=CARTESIAN_POINT('Ctrl Pts',(-38.3684242122862,-10.0245016118727,-108.591448344946));
#2386=CARTESIAN_POINT('Ctrl Pts',(-25.2248624061039,-10.0245016118727,-108.805934434802));
#2387=CARTESIAN_POINT('Ctrl Pts',(-8.73615583470179,-10.0245016118727,-107.393875168111));
#2388=CARTESIAN_POINT('Ctrl Pts',(4.27684212176157,-10.0245016118728,-105.394992916709));
#2389=CARTESIAN_POINT('Ctrl Pts',(11.2544100982699,-10.0245016118728,-104.146516722328));
#2390=CARTESIAN_POINT('Ctrl Pts',(-54.3802879101849,-8.53675215105932,-98.5654809606284));
#2391=CARTESIAN_POINT('Ctrl Pts',(-54.3876631356259,-8.53675215105932,-99.4411421531796));
#2392=CARTESIAN_POINT('Ctrl Pts',(-54.2342200831283,-8.53675215105932,-100.848889573395));
#2393=CARTESIAN_POINT('Ctrl Pts',(-53.7913451804397,-8.53675215105932,-102.130600053334));
#2394=CARTESIAN_POINT('Ctrl Pts',(-53.1919133133133,-8.53675215105932,-103.079638303587));
#2395=CARTESIAN_POINT('Ctrl Pts',(-51.7842789366471,-8.53675215105931,-104.484202814014));
#2396=CARTESIAN_POINT('Ctrl Pts',(-47.7081340552418,-8.53675215105932,-106.644069691559));
#2397=CARTESIAN_POINT('Ctrl Pts',(-38.3542176267687,-8.53675215105932,-108.384630637061));
#2398=CARTESIAN_POINT('Ctrl Pts',(-25.2358150189431,-8.53675215105932,-108.599323562266));
#2399=CARTESIAN_POINT('Ctrl Pts',(-8.76315589616854,-8.53675215105932,-107.18894429486));
#2400=CARTESIAN_POINT('Ctrl Pts',(4.24255183542527,-8.53675215105932,-105.191263600563));
#2401=CARTESIAN_POINT('Ctrl Pts',(11.2170275344108,-8.53675215105932,-103.943356401453));
#2402=CARTESIAN_POINT('',(11.0683504388619,-8.53675215105976,-103.96993348251));
#2403=CARTESIAN_POINT('Ctrl Pts',(11.2543779102894,-10.0232205961899,-104.146341792634));
#2404=CARTESIAN_POINT('Ctrl Pts',(11.1923686069544,-9.52772994632551,-104.087547312072));
#2405=CARTESIAN_POINT('Ctrl Pts',(11.1303593516643,-9.03223968036843,-104.02874446213));
#2406=CARTESIAN_POINT('Ctrl Pts',(11.0683504388583,-8.53675215105932,-103.969933482512));
#2407=CARTESIAN_POINT('',(-54.3802879101849,-8.53675215105932,-98.5654809606284));
#2408=CARTESIAN_POINT('Ctrl Pts',(-54.3802879101849,-8.53675215105932,-98.5654809606284));
#2409=CARTESIAN_POINT('Ctrl Pts',(-54.3876631356259,-8.53675215105932,-99.4411421531796));
#2410=CARTESIAN_POINT('Ctrl Pts',(-54.2342200831283,-8.53675215105932,-100.848889573395));
#2411=CARTESIAN_POINT('Ctrl Pts',(-53.7913451804397,-8.53675215105932,-102.130600053334));
#2412=CARTESIAN_POINT('Ctrl Pts',(-53.1919133133133,-8.53675215105932,-103.079638303587));
#2413=CARTESIAN_POINT('Ctrl Pts',(-51.7842789366471,-8.53675215105931,-104.484202814014));
#2414=CARTESIAN_POINT('Ctrl Pts',(-47.7081340552418,-8.53675215105932,-106.644069691559));
#2415=CARTESIAN_POINT('Ctrl Pts',(-38.3542176267687,-8.53675215105932,-108.384630637061));
#2416=CARTESIAN_POINT('Ctrl Pts',(-25.2358150189431,-8.53675215105932,-108.599323562266));
#2417=CARTESIAN_POINT('Ctrl Pts',(-8.80219165702611,-8.53675215105932,-107.192286513466));
#2418=CARTESIAN_POINT('Ctrl Pts',(4.15011734574705,-8.53675215105932,-105.205452133731));
#2419=CARTESIAN_POINT('Ctrl Pts',(11.0683504120089,-8.53675215105932,-103.969933464471));
#2420=CARTESIAN_POINT('',(-55.000000819564,-13.0000001937149,-98.5654809606284));
#2421=CARTESIAN_POINT('Ctrl Pts',(-57.1023697789193,14.4995124900831,98.686281825976));
#2422=CARTESIAN_POINT('Ctrl Pts',(-57.1021652430566,14.4995124900831,99.6974373774643));
#2423=CARTESIAN_POINT('Ctrl Pts',(-56.9139535740314,14.4995124900831,101.431220055311));
#2424=CARTESIAN_POINT('Ctrl Pts',(-56.2723163947798,14.4995124900831,103.314049290232));
#2425=CARTESIAN_POINT('Ctrl Pts',(-55.3122402191533,14.4995124900831,104.827307059614));
#2426=CARTESIAN_POINT('Ctrl Pts',(-53.3410954154126,14.4995124900831,106.762491385588));
#2427=CARTESIAN_POINT('Ctrl Pts',(-48.7685766115803,14.4995124900831,109.166573212783));
#2428=CARTESIAN_POINT('Ctrl Pts',(-39.3347585366747,14.4995124900831,111.020528644659));
#2429=CARTESIAN_POINT('Ctrl Pts',(-28.6086907196815,14.4995124900831,111.301946458225));
#2430=CARTESIAN_POINT('Ctrl Pts',(-13.393991852664,14.4995124900831,110.463032910695));
#2431=CARTESIAN_POINT('Ctrl Pts',(-1.26857429093432,14.4995124900831,108.865721883548));
#2432=CARTESIAN_POINT('Ctrl Pts',(8.82846358695053,14.4995124900831,107.126165929241));
#2433=CARTESIAN_POINT('Ctrl Pts',(-62.2956584233608,5.33300812255295,98.7241854276403));
#2434=CARTESIAN_POINT('Ctrl Pts',(-62.2931151673201,5.33300812255295,100.055776199271));
#2435=CARTESIAN_POINT('Ctrl Pts',(-62.0416275769757,5.33300812255295,102.504071059539));
#2436=CARTESIAN_POINT('Ctrl Pts',(-61.0021594417325,5.33300812255295,105.589480449957));
#2437=CARTESIAN_POINT('Ctrl Pts',(-59.3230185643557,5.33300812255295,108.212328361826));
#2438=CARTESIAN_POINT('Ctrl Pts',(-56.1543639246464,5.33300812255295,111.240640446136));
#2439=CARTESIAN_POINT('Ctrl Pts',(-50.2015525864261,5.33300812255295,114.214538470547));
#2440=CARTESIAN_POINT('Ctrl Pts',(-39.7514686989456,5.33300812255295,116.216169655225));
#2441=CARTESIAN_POINT('Ctrl Pts',(-28.4885354878599,5.33300812255295,116.499383710311));
#2442=CARTESIAN_POINT('Ctrl Pts',(-12.8057880113298,5.33300812255295,115.630050292077));
#2443=CARTESIAN_POINT('Ctrl Pts',(-0.481615039075283,5.33300812255295,114.000621257128));
#2444=CARTESIAN_POINT('Ctrl Pts',(9.73526113524646,5.33300812255295,112.239814512582));
#2445=CARTESIAN_POINT('Ctrl Pts',(-67.4889470678024,-3.83349624497718,98.7620890293046));
#2446=CARTESIAN_POINT('Ctrl Pts',(-67.4840650915835,-3.83349624497718,100.414115021078));
#2447=CARTESIAN_POINT('Ctrl Pts',(-67.16930157992,-3.83349624497718,103.576922063768));
#2448=CARTESIAN_POINT('Ctrl Pts',(-65.7320024886853,-3.83349624497718,107.864911609683));
#2449=CARTESIAN_POINT('Ctrl Pts',(-63.3337969095582,-3.83349624497718,111.597349664039));
#2450=CARTESIAN_POINT('Ctrl Pts',(-58.9676324338802,-3.83349624497718,115.718789506683));
#2451=CARTESIAN_POINT('Ctrl Pts',(-51.6345285612719,-3.83349624497718,119.262503728311));
#2452=CARTESIAN_POINT('Ctrl Pts',(-40.1681788612164,-3.83349624497718,121.411810665791));
#2453=CARTESIAN_POINT('Ctrl Pts',(-28.3683802560383,-3.83349624497718,121.696820962398));
#2454=CARTESIAN_POINT('Ctrl Pts',(-12.2175841699955,-3.83349624497718,120.79706767346));
#2455=CARTESIAN_POINT('Ctrl Pts',(0.305344212783762,-3.83349624497718,119.135520630708));
#2456=CARTESIAN_POINT('Ctrl Pts',(10.6420586835424,-3.83349624497718,117.353463095924));
#2457=CARTESIAN_POINT('Ctrl Pts',(-72.6822357122439,-13.0000006125073,98.799992630969));
#2458=CARTESIAN_POINT('Ctrl Pts',(-72.6750150158469,-13.0000006125073,100.772453842885));
#2459=CARTESIAN_POINT('Ctrl Pts',(-72.2969755828643,-13.0000006125073,104.649773067996));
#2460=CARTESIAN_POINT('Ctrl Pts',(-70.4618455356379,-13.0000006125073,110.140342769408));
#2461=CARTESIAN_POINT('Ctrl Pts',(-67.3445752547606,-13.0000006125073,114.982370966252));
#2462=CARTESIAN_POINT('Ctrl Pts',(-61.780900943114,-13.0000006125073,120.196938567231));
#2463=CARTESIAN_POINT('Ctrl Pts',(-53.0675045361177,-13.0000006125073,124.310468986075));
#2464=CARTESIAN_POINT('Ctrl Pts',(-40.5848890234873,-13.0000006125073,126.607451676356));
#2465=CARTESIAN_POINT('Ctrl Pts',(-28.2482250242167,-13.0000006125073,126.894258214484));
#2466=CARTESIAN_POINT('Ctrl Pts',(-11.6293803286612,-13.0000006125073,125.964085054842));
#2467=CARTESIAN_POINT('Ctrl Pts',(1.09230346464279,-13.0000006125073,124.270420004289));
#2468=CARTESIAN_POINT('Ctrl Pts',(11.5488562318383,-13.0000006125073,122.467111679265));
#2469=CARTESIAN_POINT('',(11.2543779102894,-10.0232205961899,120.806477886594));
#2470=CARTESIAN_POINT('Ctrl Pts',(11.2543779102902,-10.023220596189,120.806477886596));
#2471=CARTESIAN_POINT('Ctrl Pts',(10.4325545742705,-10.9543035107814,121.483491445911));
#2472=CARTESIAN_POINT('Ctrl Pts',(9.60974909944673,-11.8865279011022,122.158464401333));
#2473=CARTESIAN_POINT('Ctrl Pts',(8.78632259127712,-12.8194922762823,122.830947100212));
#2474=CARTESIAN_POINT('Ctrl Pts',(8.73322033954488,-12.8796585553813,122.874315081698));
#2475=CARTESIAN_POINT('Ctrl Pts',(8.68011548701759,-12.9398279119871,122.917672707459));
#2476=CARTESIAN_POINT('Ctrl Pts',(8.62700812308508,-13.0000002384184,122.961019857287));
#2477=CARTESIAN_POINT('',(9.99999919533728,-2.7340107683168E-8,115.260124178455));
#2478=CARTESIAN_POINT('Ctrl Pts',(9.99999919533728,-2.73401065328804E-8,
115.260124178455));
#2479=CARTESIAN_POINT('Ctrl Pts',(10.4180810440734,-3.34071885153898,117.108745473823));
#2480=CARTESIAN_POINT('Ctrl Pts',(10.8362588352334,-6.68220431189388,118.957757507258));
#2481=CARTESIAN_POINT('Ctrl Pts',(11.2543779102894,-10.0232205961899,120.806477886594));
#2482=CARTESIAN_POINT('',(-19.3267137310626,14.4995124900741,110.751667748965));
#2483=CARTESIAN_POINT('Ctrl Pts',(-19.3267137311035,14.4995124900831,110.751667748968));
#2484=CARTESIAN_POINT('Ctrl Pts',(-9.85837802058929,9.81824280608827,112.731416059363));
#2485=CARTESIAN_POINT('Ctrl Pts',(0.408724764444346,4.74205217665543,114.181511796399));
#2486=CARTESIAN_POINT('Ctrl Pts',(9.99999919533718,-2.73400591055406E-8,
115.260124178456));
#2487=CARTESIAN_POINT('Ctrl Pts',(-57.101950854485,14.4995124900831,98.7996463222067));
#2488=CARTESIAN_POINT('Ctrl Pts',(-57.0950091677788,14.4995124900831,99.7624105911492));
#2489=CARTESIAN_POINT('Ctrl Pts',(-56.9059176576117,14.4995124900831,101.454800762373));
#2490=CARTESIAN_POINT('Ctrl Pts',(-56.2723163947798,14.4995124900831,103.314049290232));
#2491=CARTESIAN_POINT('Ctrl Pts',(-55.3122402191533,14.4995124900831,104.827307059614));
#2492=CARTESIAN_POINT('Ctrl Pts',(-53.3410954154126,14.4995124900831,106.762491385588));
#2493=CARTESIAN_POINT('Ctrl Pts',(-48.7685766115803,14.4995124900831,109.166573212783));
#2494=CARTESIAN_POINT('Ctrl Pts',(-39.3347585366747,14.4995124900831,111.020528644659));
#2495=CARTESIAN_POINT('Ctrl Pts',(-28.8753738535164,14.4995124900831,111.294949543258));
#2496=CARTESIAN_POINT('Ctrl Pts',(-21.6298032036737,14.4995124900831,110.916242771762));
#2497=CARTESIAN_POINT('Ctrl Pts',(-19.3278254260317,14.4995124900831,110.751125369165));
#2498=CARTESIAN_POINT('Origin',(9.94064583668422,-11.5116104173041,64.4061587279774));
#2499=CARTESIAN_POINT('',(11.2543779102894,-10.0232205961899,104.146341792634));
#2500=CARTESIAN_POINT('Ctrl Pts',(8.62690991985535,-13.0000001937149,105.027962128078));
#2501=CARTESIAN_POINT('Ctrl Pts',(9.50299360556052,-12.0074443681099,104.736850928996));
#2502=CARTESIAN_POINT('Ctrl Pts',(10.3790187268499,-11.014956829648,104.442853033433));
#2503=CARTESIAN_POINT('Ctrl Pts',(11.2543779102894,-10.0232205961899,104.146341792634));
#2504=CARTESIAN_POINT('',(11.2543779102894,-10.0232205961899,64.4061587279774));
#2505=CARTESIAN_POINT('Origin',(-55.0000008195639,-13.0000001937151,-55.));
#2506=CARTESIAN_POINT('',(-54.3802879101849,-8.53675215105936,-79.5654809606284));
#2507=CARTESIAN_POINT('',(-54.3802879101849,-8.53675215105932,-66.5654809606284));
#2508=CARTESIAN_POINT('',(-51.4950485456104,12.2430940513261,-79.5654809606284));
#2509=CARTESIAN_POINT('',(-54.1327366804139,-6.75385796730113,-79.5654809606283));
#2510=CARTESIAN_POINT('',(-51.4950485456104,12.2430940513261,-98.5654809606284));
#2511=CARTESIAN_POINT('',(-51.4950485456104,12.2430940513261,-66.5654809606284));
#2512=CARTESIAN_POINT('',(-51.1817494364906,14.499512490222,-98.5654809606284));
#2513=CARTESIAN_POINT('',(-55.000000819564,-13.0000001937149,-98.5654809606284));
#2514=CARTESIAN_POINT('',(-51.1817494364906,14.499512490222,98.5654809606284));
#2515=CARTESIAN_POINT('',(-51.1817494364906,14.499512490222,-66.5654809606284));
#2516=CARTESIAN_POINT('',(-51.4950485456104,12.2430940513261,98.5654809606284));
#2517=CARTESIAN_POINT('',(-55.000000819564,-13.0000001937149,98.5654809606284));
#2518=CARTESIAN_POINT('',(-51.4950485456104,12.2430940513261,79.5654809606284));
#2519=CARTESIAN_POINT('',(-51.4950485456104,12.2430940513261,66.5654809606284));
#2520=CARTESIAN_POINT('',(-54.3802879101849,-8.53675215105936,79.5654809606284));
#2521=CARTESIAN_POINT('',(-54.1327366804139,-6.75385796730113,79.5654809606283));
#2522=CARTESIAN_POINT('',(-54.3802879101849,-8.53675215105932,98.5654809606284));
#2523=CARTESIAN_POINT('',(-54.3802879101849,-8.53675215105932,66.5654809606284));
#2524=CARTESIAN_POINT('',(-55.000000819564,-13.0000001937149,98.5654809606284));
#2525=CARTESIAN_POINT('Origin',(-77.3268682934384,-2.94029690379097,17.5));
#2526=CARTESIAN_POINT('',(-79.30763390252,-6.43638854684955,8.5));
#2527=CARTESIAN_POINT('Origin',(-79.30763390252,-6.43638854684955,17.5));
#2528=CARTESIAN_POINT('',(-73.1518236254871,4.42874196991445,8.5));
#2529=CARTESIAN_POINT('Origin',(-73.1518236254871,4.42874196991445,17.5));
#2530=CARTESIAN_POINT('',(-75.7487718369331,-0.15492451635004,8.5));
#2531=CARTESIAN_POINT('',(-77.3268682934384,-2.94029690379097,8.5));
#2532=CARTESIAN_POINT('',(-77.7136668046193,-3.62300415410209,8.5));
#2533=CARTESIAN_POINT('Ctrl Pts',(-75.7487718369331,-0.154924516350064,
8.5));
#2534=CARTESIAN_POINT('Ctrl Pts',(-75.5822387242171,-0.268633786825702,
8.5));
#2535=CARTESIAN_POINT('Ctrl Pts',(-75.4273227389736,-0.412654283660707,
8.50712583495912));
#2536=CARTESIAN_POINT('Ctrl Pts',(-75.1352649864837,-0.78730145141371,8.53640456930905));
#2537=CARTESIAN_POINT('Ctrl Pts',(-75.0157884218625,-1.0318141193023,8.56204118990123));
#2538=CARTESIAN_POINT('Ctrl Pts',(-74.8821377327329,-1.51486907223015,8.6116310740152));
#2539=CARTESIAN_POINT('Ctrl Pts',(-74.8589696083009,-1.78595232599804,8.63884164186921));
#2540=CARTESIAN_POINT('Ctrl Pts',(-74.9240077637493,-2.3151857004241,8.67766734414504));
#2541=CARTESIAN_POINT('Ctrl Pts',(-75.0122793010914,-2.57337555445544,8.68862876867628));
#2542=CARTESIAN_POINT('Ctrl Pts',(-75.1364356598726,-2.79251405644548,8.68862876867628));
#2543=CARTESIAN_POINT('Ctrl Pts',(-75.2606540483086,-3.01176204203965,8.68862876867628));
#2544=CARTESIAN_POINT('Ctrl Pts',(-75.4368581679496,-3.22027576032218,8.67765613208543));
#2545=CARTESIAN_POINT('Ctrl Pts',(-75.8576529894685,-3.54816818951115,8.6387983337562));
#2546=CARTESIAN_POINT('Ctrl Pts',(-76.1022442760396,-3.66762342533722,8.61156803809766));
#2547=CARTESIAN_POINT('Ctrl Pts',(-76.5853494288442,-3.80109357013547,8.56198103710729));
#2548=CARTESIAN_POINT('Ctrl Pts',(-76.8563762012656,-3.82420295155399,8.53636561479612));
#2549=CARTESIAN_POINT('Ctrl Pts',(-77.3276053350225,-3.76619401127583,8.50711691325706));
#2550=CARTESIAN_POINT('Ctrl Pts',(-77.5306413685742,-3.70735461626541,8.5));
#2551=CARTESIAN_POINT('Ctrl Pts',(-77.7136668046193,-3.62300415410209,8.5));
#2552=CARTESIAN_POINT('',(-77.3268682934384,-2.94029690379097,8.5));
#2553=CARTESIAN_POINT('Origin',(-71.366830350332,-2.56420257021005,3.5));
#2554=CARTESIAN_POINT('',(-80.3954876778989,-5.35867983441859,3.5));
#2555=CARTESIAN_POINT('',(-78.8157640775205,-6.92367131203484,3.5));
#2556=CARTESIAN_POINT('',(-78.2248255784194,3.00816443417267,3.5));
#2557=CARTESIAN_POINT('Origin',(-76.8765553872681,-1.80662190497602,3.5));
#2558=CARTESIAN_POINT('',(-67.0847767845075,6.1276789170226,3.5));
#2559=CARTESIAN_POINT('',(-78.8765553872681,-1.80662190497602,3.5));
#2560=CARTESIAN_POINT('Origin',(-76.8765553872681,-1.80662190497602,3.5));
#2561=CARTESIAN_POINT('Origin',(-71.366830350332,-2.56420257021005,8.5));
#2562=CARTESIAN_POINT('',(-78.8765553872681,-1.80662190497602,8.5));
#2563=CARTESIAN_POINT('Origin',(-76.8765553872681,-1.80662190497602,8.5));
#2564=CARTESIAN_POINT('Origin',(-76.8765553872681,-1.80662190497602,8.5));
#2565=CARTESIAN_POINT('',(-78.2248255784194,3.00816443417267,8.5));
#2566=CARTESIAN_POINT('',(-67.0847767845075,6.1276789170226,8.5));
#2567=CARTESIAN_POINT('',(-80.3954876778989,-5.35867983441859,8.5));
#2568=CARTESIAN_POINT('Origin',(-76.8765553872681,-1.80662190497602,8.5));
#2569=CARTESIAN_POINT('',(-78.8157640775205,-6.92367131203484,8.5));
#2570=CARTESIAN_POINT('Origin',(-60.857105313396,7.8715950979985,7.5));
#2571=CARTESIAN_POINT('',(-78.2248255784194,3.00816443417267,7.5));
#2572=CARTESIAN_POINT('Origin',(-76.8765553872681,-1.80662190497602,7.5));
#2573=CARTESIAN_POINT('',(-80.3954876778989,-5.35867983441859,7.5));
#2574=CARTESIAN_POINT('Origin',(-80.3954876778989,-5.35867983441859,7.5));
#2575=CARTESIAN_POINT('Origin',(-76.8765553872681,-1.80662190497602,7.5));
#2576=CARTESIAN_POINT('',(-78.8765553872681,-1.80662190497602,7.5));
#2577=CARTESIAN_POINT('Origin',(-77.3268682934384,-2.94029690379097,-17.5));
#2578=CARTESIAN_POINT('',(-79.30763390252,-6.43638854684955,-8.5));
#2579=CARTESIAN_POINT('Origin',(-79.30763390252,-6.43638854684955,-17.5));
#2580=CARTESIAN_POINT('',(-77.7136668046193,-3.62300415410209,-8.5));
#2581=CARTESIAN_POINT('',(-77.3268682934384,-2.94029690379097,-8.5));
#2582=CARTESIAN_POINT('',(-75.7487718369331,-0.15492451635004,-8.5));
#2583=CARTESIAN_POINT('Ctrl Pts',(-75.7487718369331,-0.154924516350064,
-8.5));
#2584=CARTESIAN_POINT('Ctrl Pts',(-75.5822387242171,-0.268633786825702,
-8.5));
#2585=CARTESIAN_POINT('Ctrl Pts',(-75.4273227389736,-0.412654283660707,
-8.50712583495912));
#2586=CARTESIAN_POINT('Ctrl Pts',(-75.1352649864837,-0.78730145141371,-8.53640456930905));
#2587=CARTESIAN_POINT('Ctrl Pts',(-75.0157884218625,-1.0318141193023,-8.56204118990123));
#2588=CARTESIAN_POINT('Ctrl Pts',(-74.8821377327329,-1.51486907223015,-8.6116310740152));
#2589=CARTESIAN_POINT('Ctrl Pts',(-74.8589696083009,-1.78595232599804,-8.63884164186921));
#2590=CARTESIAN_POINT('Ctrl Pts',(-74.9240077637493,-2.3151857004241,-8.67766734414504));
#2591=CARTESIAN_POINT('Ctrl Pts',(-75.0122793010914,-2.57337555445544,-8.68862876867628));
#2592=CARTESIAN_POINT('Ctrl Pts',(-75.1364356598726,-2.79251405644548,-8.68862876867628));
#2593=CARTESIAN_POINT('Ctrl Pts',(-75.2606540483086,-3.01176204203965,-8.68862876867628));
#2594=CARTESIAN_POINT('Ctrl Pts',(-75.4368581679496,-3.22027576032218,-8.67765613208543));
#2595=CARTESIAN_POINT('Ctrl Pts',(-75.8576529894685,-3.54816818951115,-8.6387983337562));
#2596=CARTESIAN_POINT('Ctrl Pts',(-76.1022442760396,-3.66762342533722,-8.61156803809766));
#2597=CARTESIAN_POINT('Ctrl Pts',(-76.5853494288442,-3.80109357013547,-8.56198103710729));
#2598=CARTESIAN_POINT('Ctrl Pts',(-76.8563762012656,-3.82420295155399,-8.53636561479612));
#2599=CARTESIAN_POINT('Ctrl Pts',(-77.3276053350225,-3.76619401127583,-8.50711691325706));
#2600=CARTESIAN_POINT('Ctrl Pts',(-77.5306413685742,-3.70735461626541,-8.5));
#2601=CARTESIAN_POINT('Ctrl Pts',(-77.7136668046193,-3.62300415410209,-8.5));
#2602=CARTESIAN_POINT('',(-73.1518236254871,4.42874196991445,-8.5));
#2603=CARTESIAN_POINT('',(-77.3268682934384,-2.94029690379097,-8.5));
#2604=CARTESIAN_POINT('Origin',(-73.1518236254871,4.42874196991445,-17.5));
#2605=CARTESIAN_POINT('Origin',(-71.366830350332,-2.56420257021005,-3.5));
#2606=CARTESIAN_POINT('',(-80.3954876778989,-5.35867983441859,-3.5));
#2607=CARTESIAN_POINT('',(-78.8157640775205,-6.92367131203484,-3.5));
#2608=CARTESIAN_POINT('',(-78.2248255784194,3.00816443417267,-3.5));
#2609=CARTESIAN_POINT('',(-67.0847767845075,6.1276789170226,-3.5));
#2610=CARTESIAN_POINT('Origin',(-76.8765553872681,-1.80662190497602,-3.5));
#2611=CARTESIAN_POINT('',(-78.8765553872681,-1.80662190497602,-3.5));
#2612=CARTESIAN_POINT('Origin',(-76.8765553872681,-1.80662190497602,-3.5));
#2613=CARTESIAN_POINT('Origin',(-71.366830350332,-2.56420257021005,-8.5));
#2614=CARTESIAN_POINT('',(-80.3954876778989,-5.35867983441859,-8.5));
#2615=CARTESIAN_POINT('',(-78.8157640775205,-6.92367131203484,-8.5));
#2616=CARTESIAN_POINT('',(-78.2248255784194,3.00816443417267,-8.5));
#2617=CARTESIAN_POINT('Origin',(-76.8765553872681,-1.80662190497602,-8.5));
#2618=CARTESIAN_POINT('',(-67.0847767845075,6.1276789170226,-8.5));
#2619=CARTESIAN_POINT('',(-78.8765553872681,-1.80662190497602,-8.5));
#2620=CARTESIAN_POINT('Origin',(-76.8765553872681,-1.80662190497602,-8.5));
#2621=CARTESIAN_POINT('Origin',(-76.8765553872681,-1.80662190497602,-8.5));
#2622=CARTESIAN_POINT('Origin',(-60.857105313396,7.8715950979985,-7.5));
#2623=CARTESIAN_POINT('',(-78.2248255784194,3.00816443417267,-7.5));
#2624=CARTESIAN_POINT('Origin',(-76.8765553872681,-1.80662190497602,-7.5));
#2625=CARTESIAN_POINT('',(-80.3954876778989,-5.35867983441859,-7.5));
#2626=CARTESIAN_POINT('Origin',(-80.3954876778989,-5.35867983441859,-7.5));
#2627=CARTESIAN_POINT('Origin',(-76.8765553872681,-1.80662190497602,-7.5));
#2628=CARTESIAN_POINT('',(-78.8765553872681,-1.80662190497602,-7.5));
#2629=CARTESIAN_POINT('Origin',(-77.3268682934385,-2.94029690379097,-91.5));
#2630=CARTESIAN_POINT('',(-79.3076339025201,-6.43638854684955,-82.5));
#2631=CARTESIAN_POINT('Origin',(-79.3076339025201,-6.43638854684955,-91.5));
#2632=CARTESIAN_POINT('',(-77.7136668046193,-3.62300415410209,-82.5));
#2633=CARTESIAN_POINT('',(-77.3268682934385,-2.94029690379097,-82.5));
#2634=CARTESIAN_POINT('',(-75.7487718369332,-0.154924516350037,-82.5));
#2635=CARTESIAN_POINT('Ctrl Pts',(-75.7487718369332,-0.154924516350006,
-82.5));
#2636=CARTESIAN_POINT('Ctrl Pts',(-75.5823406603935,-0.268564184522205,
-82.5));
#2637=CARTESIAN_POINT('Ctrl Pts',(-75.4275068855989,-0.412481547993341,
-82.5071169132571));
#2638=CARTESIAN_POINT('Ctrl Pts',(-75.135531974261,-0.786877841781978,-82.5363656147961));
#2639=CARTESIAN_POINT('Ctrl Pts',(-75.0160448399672,-1.03123900812591,-82.5619810371073));
#2640=CARTESIAN_POINT('Ctrl Pts',(-74.8822134794289,-1.51424422047389,-82.6115680380977));
#2641=CARTESIAN_POINT('Ctrl Pts',(-74.8589584522628,-1.78545199054001,-82.6387983337562));
#2642=CARTESIAN_POINT('Ctrl Pts',(-74.9239276775639,-2.31494299773506,-82.6776561320855));
#2643=CARTESIAN_POINT('Ctrl Pts',(-75.0122172714366,-2.57326607085131,-82.6886287686763));
#2644=CARTESIAN_POINT('Ctrl Pts',(-75.1364356598726,-2.79251405644548,-82.6886287686763));
#2645=CARTESIAN_POINT('Ctrl Pts',(-75.2605920186538,-3.01165255843551,-82.6886287686763));
#2646=CARTESIAN_POINT('Ctrl Pts',(-75.4366911461438,-3.22008231237376,-82.6776673441451));
#2647=CARTESIAN_POINT('Ctrl Pts',(-75.8572295434187,-3.54790144343227,-82.6388416418692));
#2648=CARTESIAN_POINT('Ctrl Pts',(-76.1016693530236,-3.66736722072178,-82.6116310740152));
#2649=CARTESIAN_POINT('Ctrl Pts',(-76.5847243059515,-3.8010179098514,-82.5620411899013));
#2650=CARTESIAN_POINT('Ctrl Pts',(-76.8558756012545,-3.8242142308349,-82.5364045693091));
#2651=CARTESIAN_POINT('Ctrl Pts',(-77.3273625120252,-3.76626318195156,-82.5071258349591));
#2652=CARTESIAN_POINT('Ctrl Pts',(-77.530529268705,-3.70740627944392,-82.5));
#2653=CARTESIAN_POINT('Ctrl Pts',(-77.7136668046193,-3.62300415410208,-82.5));
#2654=CARTESIAN_POINT('',(-73.1518236254871,4.42874196991445,-82.5));
#2655=CARTESIAN_POINT('',(-77.3268682934385,-2.94029690379097,-82.5));
#2656=CARTESIAN_POINT('Origin',(-73.1518236254871,4.42874196991445,-91.5));
#2657=CARTESIAN_POINT('Origin',(-71.366830350332,-2.56420257021005,-77.5));
#2658=CARTESIAN_POINT('',(-80.3954876778989,-5.35867983441859,-77.5));
#2659=CARTESIAN_POINT('',(-78.8157640775205,-6.92367131203484,-77.5));
#2660=CARTESIAN_POINT('',(-78.2248255784194,3.00816443417267,-77.5));
#2661=CARTESIAN_POINT('',(-67.0847767845076,6.1276789170226,-77.5));
#2662=CARTESIAN_POINT('Origin',(-76.8765553872681,-1.80662190497602,-77.5));
#2663=CARTESIAN_POINT('',(-78.8765553872681,-1.80662190497602,-77.5));
#2664=CARTESIAN_POINT('Origin',(-76.8765553872681,-1.80662190497602,-77.5));
#2665=CARTESIAN_POINT('Origin',(-71.366830350332,-2.56420257021005,-82.5));
#2666=CARTESIAN_POINT('',(-80.3954876778989,-5.35867983441859,-82.5));
#2667=CARTESIAN_POINT('',(-78.8157640775205,-6.92367131203484,-82.5));
#2668=CARTESIAN_POINT('',(-78.2248255784194,3.00816443417267,-82.5));
#2669=CARTESIAN_POINT('Origin',(-76.8765553872681,-1.80662190497602,-82.5));
#2670=CARTESIAN_POINT('',(-67.0847767845076,6.1276789170226,-82.5));
#2671=CARTESIAN_POINT('',(-78.8765553872681,-1.80662190497602,-82.5));
#2672=CARTESIAN_POINT('Origin',(-76.8765553872681,-1.80662190497602,-82.5));
#2673=CARTESIAN_POINT('Origin',(-76.8765553872681,-1.80662190497602,-82.5));
#2674=CARTESIAN_POINT('Origin',(-60.857105313396,7.8715950979985,-81.5));
#2675=CARTESIAN_POINT('',(-78.2248255784194,3.00816443417267,-81.5));
#2676=CARTESIAN_POINT('Origin',(-76.8765553872681,-1.80662190497602,-81.5));
#2677=CARTESIAN_POINT('',(-80.3954876778989,-5.35867983441859,-81.5));
#2678=CARTESIAN_POINT('Origin',(-80.3954876778989,-5.3586798344186,-60.5));
#2679=CARTESIAN_POINT('Origin',(-76.8765553872681,-1.80662190497602,-81.5));
#2680=CARTESIAN_POINT('',(-78.8765553872681,-1.80662190497602,-81.5));
#2681=CARTESIAN_POINT('Origin',(-76.8765553872681,-1.80662190497602,-60.5));
#2682=CARTESIAN_POINT('',(-77.7136668046193,-3.62300415410209,-65.5));
#2683=CARTESIAN_POINT('',(-78.8765553872681,-1.80662190497602,-65.5));
#2684=CARTESIAN_POINT('Origin',(-76.8765553872681,-1.80662190497602,-65.5));
#2685=CARTESIAN_POINT('',(-75.7487718369332,-0.154924516350035,-65.5));
#2686=CARTESIAN_POINT('Ctrl Pts',(-77.7136668046193,-3.62300415410209,-65.5));
#2687=CARTESIAN_POINT('Ctrl Pts',(-77.530529268705,-3.70740627944392,-65.5));
#2688=CARTESIAN_POINT('Ctrl Pts',(-77.3273625120252,-3.76626318195156,-65.4928741650409));
#2689=CARTESIAN_POINT('Ctrl Pts',(-76.8558756012545,-3.8242142308349,-65.463595430691));
#2690=CARTESIAN_POINT('Ctrl Pts',(-76.5847243059515,-3.8010179098514,-65.4379588100988));
#2691=CARTESIAN_POINT('Ctrl Pts',(-76.1016693530236,-3.66736722072178,-65.3883689259848));
#2692=CARTESIAN_POINT('Ctrl Pts',(-75.8572295434187,-3.54790144343228,-65.3611583581308));
#2693=CARTESIAN_POINT('Ctrl Pts',(-75.4366911461438,-3.22008231237378,-65.322332655855));
#2694=CARTESIAN_POINT('Ctrl Pts',(-75.2605920186538,-3.01165255843551,-65.3113712313237));
#2695=CARTESIAN_POINT('Ctrl Pts',(-75.0122172714366,-2.57326607085131,-65.3113712313237));
#2696=CARTESIAN_POINT('Ctrl Pts',(-74.9239276775639,-2.31494299773506,-65.3223438679146));
#2697=CARTESIAN_POINT('Ctrl Pts',(-74.8589584522628,-1.78545199054001,-65.3612016662438));
#2698=CARTESIAN_POINT('Ctrl Pts',(-74.8822134794289,-1.51424422047389,-65.3884319619023));
#2699=CARTESIAN_POINT('Ctrl Pts',(-75.0160448399672,-1.03123900812591,-65.4380189628927));
#2700=CARTESIAN_POINT('Ctrl Pts',(-75.135531974261,-0.786877841781979,-65.4636343852039));
#2701=CARTESIAN_POINT('Ctrl Pts',(-75.4275068855989,-0.412481547993343,
-65.4928830867429));
#2702=CARTESIAN_POINT('Ctrl Pts',(-75.5823406603935,-0.268564184522206,
-65.5));
#2703=CARTESIAN_POINT('Ctrl Pts',(-75.7487718369332,-0.154924516350011,
-65.5));
#2704=CARTESIAN_POINT('Origin',(-76.8765553872681,-1.80662190497602,-65.5));
#2705=CARTESIAN_POINT('',(-78.8765553872681,-1.80662190497602,-70.5));
#2706=CARTESIAN_POINT('',(-78.8765553872681,-1.80662190497602,-60.5));
#2707=CARTESIAN_POINT('Origin',(-76.8765553872681,-1.80662190497602,-70.5));
#2708=CARTESIAN_POINT('Origin',(-80.3954876778989,-5.3586798344186,-60.5));
#2709=CARTESIAN_POINT('',(-79.3076339025201,-6.43638854684954,-65.5));
#2710=CARTESIAN_POINT('Origin',(-79.3076339025201,-6.43638854684955,-56.5));
#2711=CARTESIAN_POINT('',(-80.3954876778989,-5.3586798344186,-65.5));
#2712=CARTESIAN_POINT('',(-78.8157640775205,-6.92367131203484,-65.5));
#2713=CARTESIAN_POINT('',(-80.3954876778989,-5.3586798344186,-70.5));
#2714=CARTESIAN_POINT('',(-80.3954876778989,-5.3586798344186,-60.5));
#2715=CARTESIAN_POINT('',(-80.3954876778989,-5.3586798344186,-70.5));
#2716=CARTESIAN_POINT('Origin',(-76.8765553872681,-1.80662190497602,-60.5));
#2717=CARTESIAN_POINT('',(-78.2248255784194,3.00816443417267,-65.5));
#2718=CARTESIAN_POINT('Origin',(-76.8765553872681,-1.80662190497602,-65.5));
#2719=CARTESIAN_POINT('',(-78.2248255784194,3.00816443417267,-70.5));
#2720=CARTESIAN_POINT('',(-78.2248255784194,3.00816443417267,-60.5));
#2721=CARTESIAN_POINT('Origin',(-76.8765553872681,-1.80662190497602,-70.5));
#2722=CARTESIAN_POINT('Origin',(-60.857105313396,7.8715950979985,-60.5));
#2723=CARTESIAN_POINT('',(-73.1518236254871,4.42874196991445,-65.5));
#2724=CARTESIAN_POINT('',(-67.0847767845076,6.1276789170226,-65.5));
#2725=CARTESIAN_POINT('Origin',(-73.1518236254871,4.42874196991445,-56.5));
#2726=CARTESIAN_POINT('',(-60.857105313396,7.8715950979985,-70.5));
#2727=CARTESIAN_POINT('Origin',(-71.366830350332,-2.56420257021005,-70.5));
#2728=CARTESIAN_POINT('Origin',(-71.366830350332,-2.56420257021005,-65.5));
#2729=CARTESIAN_POINT('',(-77.3268682934385,-2.94029690379097,-65.5));
#2730=CARTESIAN_POINT('',(-77.3268682934385,-2.94029690379097,-65.5));
#2731=CARTESIAN_POINT('Origin',(-77.3268682934385,-2.94029690379097,-56.5));
#2732=CARTESIAN_POINT('Origin',(-26.555337117477,18.0734389487817,-30.2468364953263));
#2733=CARTESIAN_POINT('',(9.99999919533845,-2.73424204061473E-8,-106.299213687698));
#2734=CARTESIAN_POINT('',(-14.7628819666783,12.2430940513209,-104.738702404176));
#2735=CARTESIAN_POINT('Ctrl Pts',(9.99999919533911,-2.73409955786619E-8,
-106.299213687697));
#2736=CARTESIAN_POINT('Ctrl Pts',(5.82968180107243,2.0618597321031,-107.015154872604));
#2737=CARTESIAN_POINT('Ctrl Pts',(1.54842064299199,4.17857154728841,-107.326633985883));
#2738=CARTESIAN_POINT('Ctrl Pts',(-7.2098536574026,8.50877753280488,-106.889540511365));
#2739=CARTESIAN_POINT('Ctrl Pts',(-11.3045223240662,10.5332355665405,-106.060179672685));
#2740=CARTESIAN_POINT('Ctrl Pts',(-14.762881966702,12.2430940513261,-104.738702404178));
#2741=CARTESIAN_POINT('',(9.99999919533728,-2.73399680672526E-8,-30.2468364953263));
#2742=CARTESIAN_POINT('',(-19.3267137313578,14.4995124902161,-104.815826785516));
#2743=CARTESIAN_POINT('',(-19.3267137328963,14.4995124909696,12.3765817523368));
#2744=CARTESIAN_POINT('Ctrl Pts',(-14.762881966702,12.2430940513261,-104.738702404178));
#2745=CARTESIAN_POINT('Ctrl Pts',(-15.4792215740581,12.5972617730765,-104.758688044819));
#2746=CARTESIAN_POINT('Ctrl Pts',(-16.1961836171832,12.9517128212321,-104.775143467158));
#2747=CARTESIAN_POINT('Ctrl Pts',(-16.9127906060009,13.3059758567949,-104.787775193187));
#2748=CARTESIAN_POINT('Ctrl Pts',(-16.9581525336696,13.3284010556077,-104.788574793876));
#2749=CARTESIAN_POINT('Ctrl Pts',(-17.0035130213197,13.3508255010514,-104.789359071341));
#2750=CARTESIAN_POINT('Ctrl Pts',(-17.0488718139564,13.3732490735716,-104.790127950495));
#2751=CARTESIAN_POINT('Ctrl Pts',(-17.723227226052,13.7066234120092,-104.801558982687));
#2752=CARTESIAN_POINT('Ctrl Pts',(-18.3981390253091,14.0402635755642,-104.809602631989));
#2753=CARTESIAN_POINT('Ctrl Pts',(-19.0726919560123,14.3737251793883,-104.813983791758));
#2754=CARTESIAN_POINT('Ctrl Pts',(-19.1575158238293,14.4156574010381,-104.814534715044));
#2755=CARTESIAN_POINT('Ctrl Pts',(-19.2423339497498,14.4575867991892,-104.815027716931));
#2756=CARTESIAN_POINT('Ctrl Pts',(-19.3271444554534,14.499512490222,-104.81546224373));
#2757=CARTESIAN_POINT('Ctrl Pts',(-51.4950485456104,12.2430940513261,-98.5654809606284));
#2758=CARTESIAN_POINT('Ctrl Pts',(-51.5009948296491,12.2430940513261,-99.125935332312));
#2759=CARTESIAN_POINT('Ctrl Pts',(-51.4255935135202,12.2430940513261,-99.9995489260613));
#2760=CARTESIAN_POINT('Ctrl Pts',(-51.2442791436094,12.2430940513261,-100.669106473977));
#2761=CARTESIAN_POINT('Ctrl Pts',(-51.0890748305764,12.2430940513261,-100.996797791463));
#2762=CARTESIAN_POINT('Ctrl Pts',(-50.8209556962471,12.2430940513261,-101.39552300254));
#2763=CARTESIAN_POINT('Ctrl Pts',(-49.5929681248273,12.2430940513261,-102.500168130386));
#2764=CARTESIAN_POINT('Ctrl Pts',(-45.0746589519357,12.2430940513261,-104.256062935617));
#2765=CARTESIAN_POINT('Ctrl Pts',(-38.2132285710507,12.2430940513261,-105.335106217484));
#2766=CARTESIAN_POINT('Ctrl Pts',(-28.4499629092568,12.2430940513261,-105.712767448911));
#2767=CARTESIAN_POINT('Ctrl Pts',(-20.3621795040979,12.2430940513261,-105.281097188563));
#2768=CARTESIAN_POINT('Ctrl Pts',(-14.7628819666783,12.2430940513261,-104.738702404176));
#2769=CARTESIAN_POINT('Ctrl Pts',(-51.3906155092371,12.9952335309581,-98.5654809606284));
#2770=CARTESIAN_POINT('Ctrl Pts',(-51.3965617932759,12.9952335309581,-99.1206671144992));
#2771=CARTESIAN_POINT('Ctrl Pts',(-51.3219430358488,12.9952335309581,-99.9827617504244));
#2772=CARTESIAN_POINT('Ctrl Pts',(-51.1456012377815,12.9952335309581,-100.632825804155));
#2773=CARTESIAN_POINT('Ctrl Pts',(-50.9998448570421,12.9952335309581,-100.94108433174));
#2774=CARTESIAN_POINT('Ctrl Pts',(-50.7494636375697,12.9952335309581,-101.317162264793));
#2775=CARTESIAN_POINT('Ctrl Pts',(-49.5470749530279,12.9952335309581,-102.404763211899));
#2776=CARTESIAN_POINT('Ctrl Pts',(-45.0518992168604,12.9952335309581,-104.153582204258));
#2777=CARTESIAN_POINT('Ctrl Pts',(-38.2048475365336,12.9952335309581,-105.230788047788));
#2778=CARTESIAN_POINT('Ctrl Pts',(-28.4528191806821,12.9952335309581,-105.608212815884));
#2779=CARTESIAN_POINT('Ctrl Pts',(-20.3701251493415,12.9952335309581,-105.176932696864));
#2780=CARTESIAN_POINT('Ctrl Pts',(-14.7734813311019,12.9952335309581,-104.63480864806));
#2781=CARTESIAN_POINT('Ctrl Pts',(-51.2861824728639,13.74737301059,-98.5654809606284));
#2782=CARTESIAN_POINT('Ctrl Pts',(-51.2921287569026,13.74737301059,-99.1153988966863));
#2783=CARTESIAN_POINT('Ctrl Pts',(-51.2182925581774,13.74737301059,-99.9659745747874));
#2784=CARTESIAN_POINT('Ctrl Pts',(-51.0469233319538,13.74737301059,-100.596545134333));
#2785=CARTESIAN_POINT('Ctrl Pts',(-50.9106148835078,13.74737301059,-100.885370872017));
#2786=CARTESIAN_POINT('Ctrl Pts',(-50.6779715788923,13.74737301059,-101.238801527047));
#2787=CARTESIAN_POINT('Ctrl Pts',(-49.5011817812285,13.74737301059,-102.309358293412));
#2788=CARTESIAN_POINT('Ctrl Pts',(-45.0291394817851,13.74737301059,-104.051101472898));
#2789=CARTESIAN_POINT('Ctrl Pts',(-38.1964665020166,13.74737301059,-105.126469878093));
#2790=CARTESIAN_POINT('Ctrl Pts',(-28.4556754521074,13.74737301059,-105.503658182858));
#2791=CARTESIAN_POINT('Ctrl Pts',(-20.3780707945851,13.74737301059,-105.072768205164));
#2792=CARTESIAN_POINT('Ctrl Pts',(-14.7840806955255,13.74737301059,-104.530914891943));
#2793=CARTESIAN_POINT('Ctrl Pts',(-51.1817494364906,14.499512490222,-98.5654809606284));
#2794=CARTESIAN_POINT('Ctrl Pts',(-51.1876957205293,14.499512490222,-99.1101306788735));
#2795=CARTESIAN_POINT('Ctrl Pts',(-51.114642080506,14.499512490222,-99.9491873991504));
#2796=CARTESIAN_POINT('Ctrl Pts',(-50.948245426126,14.499512490222,-100.560264464511));
#2797=CARTESIAN_POINT('Ctrl Pts',(-50.8213849099735,14.499512490222,-100.829657412294));
#2798=CARTESIAN_POINT('Ctrl Pts',(-50.6064795202148,14.499512490222,-101.1604407893));
#2799=CARTESIAN_POINT('Ctrl Pts',(-49.4552886094291,14.499512490222,-102.213953374926));
#2800=CARTESIAN_POINT('Ctrl Pts',(-45.0063797467098,14.499512490222,-103.948620741539));
#2801=CARTESIAN_POINT('Ctrl Pts',(-38.1880854674995,14.499512490222,-105.022151708398));
#2802=CARTESIAN_POINT('Ctrl Pts',(-28.4585317235327,14.499512490222,-105.399103549831));
#2803=CARTESIAN_POINT('Ctrl Pts',(-20.3860164398287,14.499512490222,-104.968603713464));
#2804=CARTESIAN_POINT('Ctrl Pts',(-14.7946800599491,14.499512490222,-104.427021135827));
#2805=CARTESIAN_POINT('Ctrl Pts',(-51.1817494364906,14.499512490222,-98.5654809606284));
#2806=CARTESIAN_POINT('Ctrl Pts',(-51.1876957205293,14.499512490222,-99.1101306788735));
#2807=CARTESIAN_POINT('Ctrl Pts',(-51.114642080506,14.499512490222,-99.9491873991504));
#2808=CARTESIAN_POINT('Ctrl Pts',(-50.948245426126,14.499512490222,-100.560264464511));
#2809=CARTESIAN_POINT('Ctrl Pts',(-50.8213849099735,14.499512490222,-100.829657412294));
#2810=CARTESIAN_POINT('Ctrl Pts',(-50.6064795202148,14.499512490222,-101.1604407893));
#2811=CARTESIAN_POINT('Ctrl Pts',(-49.4552886094291,14.499512490222,-102.213953374926));
#2812=CARTESIAN_POINT('Ctrl Pts',(-45.0063797467098,14.499512490222,-103.948620741539));
#2813=CARTESIAN_POINT('Ctrl Pts',(-38.1880854674995,14.499512490222,-105.022151708398));
#2814=CARTESIAN_POINT('Ctrl Pts',(-29.5847871452759,14.499512490222,-105.355469066038));
#2815=CARTESIAN_POINT('Ctrl Pts',(-23.1415252107056,14.499512490222,-105.097547185279));
#2816=CARTESIAN_POINT('Ctrl Pts',(-19.3267429250522,14.499512490222,-104.815432549789));
#2817=CARTESIAN_POINT('Ctrl Pts',(-51.4950485456104,12.2430940513261,-98.5654809606284));
#2818=CARTESIAN_POINT('Ctrl Pts',(-51.5024162807818,12.2430940513261,-99.2599111895421));
#2819=CARTESIAN_POINT('Ctrl Pts',(-51.3843054304955,12.2430940513261,-100.262691852361));
#2820=CARTESIAN_POINT('Ctrl Pts',(-51.1623490401933,12.2430940513261,-100.861775952679));
#2821=CARTESIAN_POINT('Ctrl Pts',(-50.9846816832984,12.2430940513261,-101.179703466078));
#2822=CARTESIAN_POINT('Ctrl Pts',(-50.4295793409773,12.2430940513261,-101.776048174764));
#2823=CARTESIAN_POINT('Ctrl Pts',(-48.9651897153382,12.2430940513261,-102.708857237834));
#2824=CARTESIAN_POINT('Ctrl Pts',(-45.483858040679,12.2430940513261,-104.102301699051));
#2825=CARTESIAN_POINT('Ctrl Pts',(-38.206888152856,12.2430940513261,-105.489834291039));
#2826=CARTESIAN_POINT('Ctrl Pts',(-26.9447468057906,12.2430940513261,-105.689889032353));
#2827=CARTESIAN_POINT('Ctrl Pts',(-18.3674929677848,12.2430940513261,-105.087178655166));
#2828=CARTESIAN_POINT('Ctrl Pts',(-14.7629340713795,12.2430940513261,-104.738177952252));
#2829=CARTESIAN_POINT('Ctrl Pts',(-54.3802879101849,-8.53675215105932,-98.5654809606284));
#2830=CARTESIAN_POINT('Ctrl Pts',(-54.3876556453563,-8.53675215105932,-99.4402528327786));
#2831=CARTESIAN_POINT('Ctrl Pts',(-54.2361003126466,-8.53675215105932,-100.846773643268));
#2832=CARTESIAN_POINT('Ctrl Pts',(-53.7905407467764,-8.53675215105932,-102.129008366613));
#2833=CARTESIAN_POINT('Ctrl Pts',(-53.1997310402967,-8.53675215105932,-103.076144588378));
#2834=CARTESIAN_POINT('Ctrl Pts',(-52.1358529837039,-8.53675215105932,-104.130133842875));
#2835=CARTESIAN_POINT('Ctrl Pts',(-50.1846777374773,-8.53675215105932,-105.339411740588));
#2836=CARTESIAN_POINT('Ctrl Pts',(-46.1558750263577,-8.53675215105932,-106.928143226554));
#2837=CARTESIAN_POINT('Ctrl Pts',(-38.4053860825364,-8.53675215105932,-108.378747102309));
#2838=CARTESIAN_POINT('Ctrl Pts',(-25.3047280428998,-8.53675215105932,-108.602140395146));
#2839=CARTESIAN_POINT('Ctrl Pts',(-8.87333054916558,-8.53675215105932,-107.201646291801));
#2840=CARTESIAN_POINT('Ctrl Pts',(4.10766110516711,-8.53675215105932,-105.213036477721));
#2841=CARTESIAN_POINT('Ctrl Pts',(11.068350438862,-8.53675215105932,-103.969933482511));
#2842=CARTESIAN_POINT('Ctrl Pts',(-55.8919670613486,-5.71139421611583,-98.5654809606284));
#2843=CARTESIAN_POINT('Ctrl Pts',(-55.89933479652,-5.71139421611583,-99.5352077179444));
#2844=CARTESIAN_POINT('Ctrl Pts',(-55.7308646782488,-5.71139421611583,-101.152903899934));
#2845=CARTESIAN_POINT('Ctrl Pts',(-55.1682688871498,-5.71139421611583,-102.793702943048));
#2846=CARTESIAN_POINT('Ctrl Pts',(-54.3607838892787,-5.71139421611583,-104.070750301052));
#2847=CARTESIAN_POINT('Ctrl Pts',(-53.0296716728067,-5.71139421611583,-105.365090703624));
#2848=CARTESIAN_POINT('Ctrl Pts',(-50.8227783755859,-5.71139421611583,-106.719283699991));
#2849=CARTESIAN_POINT('Ctrl Pts',(-46.5068776569948,-5.71139421611583,-108.410162570316));
#2850=CARTESIAN_POINT('Ctrl Pts',(-38.5085439329008,-5.71139421611583,-109.893029579435));
#2851=CARTESIAN_POINT('Ctrl Pts',(-25.2253748679218,-5.71139421611583,-110.114621066145));
#2852=CARTESIAN_POINT('Ctrl Pts',(-8.67571035527372,-5.71139421611583,-108.701565626606));
#2853=CARTESIAN_POINT('Ctrl Pts',(4.35796587587231,-5.71139421611583,-106.704028642685));
#2854=CARTESIAN_POINT('Ctrl Pts',(11.3414314728512,-5.71139421611583,-105.456742348821));
#2855=CARTESIAN_POINT('Ctrl Pts',(-57.1044530372646,-0.31201483912388,-98.5654809606284));
#2856=CARTESIAN_POINT('Ctrl Pts',(-57.111820772436,-0.31201483912388,-99.6104844274292));
#2857=CARTESIAN_POINT('Ctrl Pts',(-56.9286332917216,-0.31201483912388,-101.39823807487));
#2858=CARTESIAN_POINT('Ctrl Pts',(-56.2719430665739,-0.31201483912388,-103.325427745076));
#2859=CARTESIAN_POINT('Ctrl Pts',(-55.2910749081505,-0.31201483912388,-104.866623647729));
#2860=CARTESIAN_POINT('Ctrl Pts',(-53.7468847824954,-0.31201483912388,-106.352656732732));
#2861=CARTESIAN_POINT('Ctrl Pts',(-51.336160395797,-0.31201483912388,-107.822963340757));
#2862=CARTESIAN_POINT('Ctrl Pts',(-46.7904736004156,-0.31201483912388,-109.596094915953));
#2863=CARTESIAN_POINT('Ctrl Pts',(-38.5928783465561,-0.31201483912388,-111.106319457717));
#2864=CARTESIAN_POINT('Ctrl Pts',(-25.1631089989807,-0.312014839123879,
-111.3267738096));
#2865=CARTESIAN_POINT('Ctrl Pts',(-8.5180205625999,-0.31201483912388,-109.904379725504));
#2866=CARTESIAN_POINT('Ctrl Pts',(4.55894223940049,-0.31201483912388,-107.899883051411));
#2867=CARTESIAN_POINT('Ctrl Pts',(11.560464012756,-0.31201483912388,-106.649280393604));
#2868=CARTESIAN_POINT('Ctrl Pts',(-55.3794190842753,7.09246566791809,-98.5654809606284));
#2869=CARTESIAN_POINT('Ctrl Pts',(-55.3867868194467,7.09246566791809,-99.502913004431));
#2870=CARTESIAN_POINT('Ctrl Pts',(-55.2239225000663,7.09246566791809,-101.049084565382));
#2871=CARTESIAN_POINT('Ctrl Pts',(-54.7009838899892,7.09246566791809,-102.568173666101));
#2872=CARTESIAN_POINT('Ctrl Pts',(-53.9670103433165,7.0924656679181,-103.733309375774));
#2873=CARTESIAN_POINT('Ctrl Pts',(-52.7266483840219,7.0924656679181,-104.946034343812));
#2874=CARTESIAN_POINT('Ctrl Pts',(-50.6066018300948,7.0924656679181,-106.251079155758));
#2875=CARTESIAN_POINT('Ctrl Pts',(-46.3880991765816,7.0924656679181,-107.907360309898));
#2876=CARTESIAN_POINT('Ctrl Pts',(-38.473746501657,7.0924656679181,-109.379454575821));
#2877=CARTESIAN_POINT('Ctrl Pts',(-25.2524355549145,7.09246566791809,-109.601691607371));
#2878=CARTESIAN_POINT('Ctrl Pts',(-8.74280705907902,7.09246566791809,-108.192977988265));
#2879=CARTESIAN_POINT('Ctrl Pts',(4.27312171458358,7.09246566791809,-106.198490387801));
#2880=CARTESIAN_POINT('Ctrl Pts',(11.2488409707989,7.09246566791809,-104.952626858351));
#2881=CARTESIAN_POINT('Ctrl Pts',(-52.97787892273,10.7053391250107,-98.5654809606284));
#2882=CARTESIAN_POINT('Ctrl Pts',(-52.9852466579014,10.7053391250107,-99.3526983680244));
#2883=CARTESIAN_POINT('Ctrl Pts',(-52.8500813939916,10.7053391250107,-100.562896952472));
#2884=CARTESIAN_POINT('Ctrl Pts',(-52.513232990643,10.7053391250107,-101.513217664193));
#2885=CARTESIAN_POINT('Ctrl Pts',(-52.123189174668,10.7053391250107,-102.154572900715));
#2886=CARTESIAN_POINT('Ctrl Pts',(-51.3064610480684,10.7053391250107,-102.986244594459));
#2887=CARTESIAN_POINT('Ctrl Pts',(-49.591745990895,10.7053391250107,-104.06115507621));
#2888=CARTESIAN_POINT('Ctrl Pts',(-45.8289919087588,10.7053391250107,-105.554927164472));
#2889=CARTESIAN_POINT('Ctrl Pts',(-38.3087179767657,10.7053391250107,-106.974702098196));
#2890=CARTESIAN_POINT('Ctrl Pts',(-25.3775069887331,10.7053391250107,-107.199580052128));
#2891=CARTESIAN_POINT('Ctrl Pts',(-9.05617016203842,10.7053391250107,-105.810292429996));
#2892=CARTESIAN_POINT('Ctrl Pts',(3.87532061971078,10.7053391250107,-103.829842783943));
#2893=CARTESIAN_POINT('Ctrl Pts',(10.8150087849303,10.7053391250107,-102.590597057096));
#2894=CARTESIAN_POINT('Ctrl Pts',(-51.4950485456104,12.2430940513261,-98.5654809606284));
#2895=CARTESIAN_POINT('Ctrl Pts',(-51.5024162807818,12.2430940513261,-99.2599111895421));
#2896=CARTESIAN_POINT('Ctrl Pts',(-51.3843054304955,12.2430940513261,-100.262691852361));
#2897=CARTESIAN_POINT('Ctrl Pts',(-51.1623490401933,12.2430940513261,-100.861775952679));
#2898=CARTESIAN_POINT('Ctrl Pts',(-50.9846816832984,12.2430940513261,-101.179703466078));
#2899=CARTESIAN_POINT('Ctrl Pts',(-50.4295793409773,12.2430940513261,-101.776048174764));
#2900=CARTESIAN_POINT('Ctrl Pts',(-48.9651897153382,12.2430940513261,-102.708857237834));
#2901=CARTESIAN_POINT('Ctrl Pts',(-45.483858040679,12.2430940513261,-104.102301699051));
#2902=CARTESIAN_POINT('Ctrl Pts',(-38.206888152856,12.2430940513261,-105.489834291039));
#2903=CARTESIAN_POINT('Ctrl Pts',(-25.4547903983808,12.2430940513261,-105.716355832447));
#2904=CARTESIAN_POINT('Ctrl Pts',(-9.24969048709667,12.2430940513261,-104.339093751256));
#2905=CARTESIAN_POINT('Ctrl Pts',(3.62970735252521,12.2430940513261,-102.367320270046));
#2906=CARTESIAN_POINT('Ctrl Pts',(10.5471392093641,12.2430940513261,-101.132162342138));
#2907=CARTESIAN_POINT('Origin',(-38.6651684137656,-0.128536608890232,-98.5654809606284));
#2908=CARTESIAN_POINT('Ctrl Pts',(11.0683504388583,-8.53675215105932,-103.969933482512));
#2909=CARTESIAN_POINT('Ctrl Pts',(11.0261100616088,-8.19922679843917,-104.160921716999));
#2910=CARTESIAN_POINT('Ctrl Pts',(10.9830965558702,-7.85590237944644,-104.340604653482));
#2911=CARTESIAN_POINT('Ctrl Pts',(10.9394132609848,-7.50737402112481,-104.508894878821));
#2912=CARTESIAN_POINT('Ctrl Pts',(10.895576515249,-7.15762135101328,-104.677776274726));
#2913=CARTESIAN_POINT('Ctrl Pts',(10.8510652931658,-6.80262757888427,-104.835184924794));
#2914=CARTESIAN_POINT('Ctrl Pts',(10.8059743023119,-6.44297406332836,-104.980984730697));
#2915=CARTESIAN_POINT('Ctrl Pts',(10.761015617959,-6.08437584723047,-105.126356729142));
#2916=CARTESIAN_POINT('Ctrl Pts',(10.7154805807315,-5.72114464110036,-105.26018801215));
#2917=CARTESIAN_POINT('Ctrl Pts',(10.6694530928147,-5.3538449845725,-105.382294485137));
#2918=CARTESIAN_POINT('Ctrl Pts',(10.630901491527,-5.04620295255173,-105.484568154075));
#2919=CARTESIAN_POINT('Ctrl Pts',(10.5920042523083,-4.73570638800975,-105.578615624542));
#2920=CARTESIAN_POINT('Ctrl Pts',(10.5528051086256,-4.42268489605677,-105.664301195261));
#2921=CARTESIAN_POINT('Ctrl Pts',(10.5061106248891,-4.04980999135278,-105.766370860884));
#2922=CARTESIAN_POINT('Ctrl Pts',(10.4590799185429,-3.67408727131826,-105.856375282437));
#2923=CARTESIAN_POINT('Ctrl Pts',(10.4117897882227,-3.29610007664366,-105.934180105087));
#2924=CARTESIAN_POINT('Ctrl Pts',(10.3647041122182,-2.91974707313584,-106.011648546093));
#2925=CARTESIAN_POINT('Ctrl Pts',(10.3173612658053,-2.54114858389965,-106.077022730283));
#2926=CARTESIAN_POINT('Ctrl Pts',(10.2698266582343,-2.16087359892594,-106.1301201965));
#2927=CARTESIAN_POINT('Ctrl Pts',(10.2229788583556,-1.78609304839121,-106.182450479603));
#2928=CARTESIAN_POINT('Ctrl Pts',(10.1759447980101,-1.40968358528027,-106.222856245245));
#2929=CARTESIAN_POINT('Ctrl Pts',(10.1287768899538,-1.03219112199363,-106.251113822836));
#2930=CARTESIAN_POINT('Ctrl Pts',(10.0878520755574,-0.704663155784736,-106.275631257801));
#2931=CARTESIAN_POINT('Ctrl Pts',(10.0468263540917,-0.376319726128626,-106.291002820238));
#2932=CARTESIAN_POINT('Ctrl Pts',(10.0057275600861,-0.0475226217047293,
-106.297051663696));
#2933=CARTESIAN_POINT('Ctrl Pts',(10.0037326041385,-0.0315626463604756,
-106.297345277573));
#2934=CARTESIAN_POINT('Ctrl Pts',(10.0017377194045,-0.0156034243478117,
-106.297616883253));
#2935=CARTESIAN_POINT('Ctrl Pts',(9.99974287610586,0.000355002668461779,
-106.297866479535));
#2936=CARTESIAN_POINT('Origin',(-38.6651684137656,-0.128536608890232,-66.5654809606284));
#2937=CARTESIAN_POINT('Origin',(-38.6651684137656,-0.128536608890232,-79.5654809606284));
#2938=CARTESIAN_POINT('Origin',(-62.3219371227707,0.749755939121968,-79.5654809606284));
#2939=CARTESIAN_POINT('Origin',(9.28815660502183,5.68803916527779,-30.2468364953263));
#2940=CARTESIAN_POINT('Origin',(-77.3268682934385,-2.94029690379097,91.5));
#2941=CARTESIAN_POINT('',(-79.3076339025201,-6.43638854684955,82.5));
#2942=CARTESIAN_POINT('Origin',(-79.3076339025201,-6.43638854684955,91.5));
#2943=CARTESIAN_POINT('',(-73.1518236254871,4.42874196991445,82.5));
#2944=CARTESIAN_POINT('Origin',(-73.1518236254871,4.42874196991445,91.5));
#2945=CARTESIAN_POINT('',(-75.7487718369332,-0.154924516350037,82.5));
#2946=CARTESIAN_POINT('',(-77.3268682934385,-2.94029690379097,82.5));
#2947=CARTESIAN_POINT('',(-77.7136668046193,-3.62300415410209,82.5));
#2948=CARTESIAN_POINT('Ctrl Pts',(-75.7487718369332,-0.154924516350006,
82.5));
#2949=CARTESIAN_POINT('Ctrl Pts',(-75.5823406603935,-0.268564184522205,
82.5));
#2950=CARTESIAN_POINT('Ctrl Pts',(-75.4275068855989,-0.412481547993341,
82.5071169132571));
#2951=CARTESIAN_POINT('Ctrl Pts',(-75.135531974261,-0.786877841781978,82.5363656147961));
#2952=CARTESIAN_POINT('Ctrl Pts',(-75.0160448399672,-1.03123900812591,82.5619810371073));
#2953=CARTESIAN_POINT('Ctrl Pts',(-74.8822134794289,-1.51424422047389,82.6115680380977));
#2954=CARTESIAN_POINT('Ctrl Pts',(-74.8589584522628,-1.78545199054001,82.6387983337562));
#2955=CARTESIAN_POINT('Ctrl Pts',(-74.9239276775639,-2.31494299773506,82.6776561320855));
#2956=CARTESIAN_POINT('Ctrl Pts',(-75.0122172714366,-2.57326607085131,82.6886287686763));
#2957=CARTESIAN_POINT('Ctrl Pts',(-75.1364356598726,-2.79251405644548,82.6886287686763));
#2958=CARTESIAN_POINT('Ctrl Pts',(-75.2605920186538,-3.01165255843551,82.6886287686763));
#2959=CARTESIAN_POINT('Ctrl Pts',(-75.4366911461438,-3.22008231237376,82.6776673441451));
#2960=CARTESIAN_POINT('Ctrl Pts',(-75.8572295434187,-3.54790144343227,82.6388416418692));
#2961=CARTESIAN_POINT('Ctrl Pts',(-76.1016693530236,-3.66736722072178,82.6116310740152));
#2962=CARTESIAN_POINT('Ctrl Pts',(-76.5847243059515,-3.8010179098514,82.5620411899013));
#2963=CARTESIAN_POINT('Ctrl Pts',(-76.8558756012545,-3.8242142308349,82.5364045693091));
#2964=CARTESIAN_POINT('Ctrl Pts',(-77.3273625120252,-3.76626318195156,82.5071258349591));
#2965=CARTESIAN_POINT('Ctrl Pts',(-77.530529268705,-3.70740627944392,82.5));
#2966=CARTESIAN_POINT('Ctrl Pts',(-77.7136668046193,-3.62300415410208,82.5));
#2967=CARTESIAN_POINT('',(-77.3268682934385,-2.94029690379097,82.5));
#2968=CARTESIAN_POINT('Origin',(-71.366830350332,-2.56420257021005,77.5));
#2969=CARTESIAN_POINT('',(-80.3954876778989,-5.35867983441859,77.5));
#2970=CARTESIAN_POINT('',(-78.8157640775205,-6.92367131203484,77.5));
#2971=CARTESIAN_POINT('',(-78.2248255784194,3.00816443417267,77.5));
#2972=CARTESIAN_POINT('Origin',(-76.8765553872681,-1.80662190497602,77.5));
#2973=CARTESIAN_POINT('',(-67.0847767845076,6.1276789170226,77.5));
#2974=CARTESIAN_POINT('',(-78.8765553872681,-1.80662190497602,77.5));
#2975=CARTESIAN_POINT('Origin',(-76.8765553872681,-1.80662190497602,77.5));
#2976=CARTESIAN_POINT('Origin',(-71.366830350332,-2.56420257021005,82.5));
#2977=CARTESIAN_POINT('',(-78.8765553872681,-1.80662190497602,82.5));
#2978=CARTESIAN_POINT('Origin',(-76.8765553872681,-1.80662190497602,82.5));
#2979=CARTESIAN_POINT('Origin',(-76.8765553872681,-1.80662190497602,82.5));
#2980=CARTESIAN_POINT('',(-78.2248255784194,3.00816443417267,82.5));
#2981=CARTESIAN_POINT('',(-67.0847767845076,6.1276789170226,82.5));
#2982=CARTESIAN_POINT('',(-80.3954876778989,-5.35867983441859,82.5));
#2983=CARTESIAN_POINT('Origin',(-76.8765553872681,-1.80662190497602,82.5));
#2984=CARTESIAN_POINT('',(-78.8157640775205,-6.92367131203484,82.5));
#2985=CARTESIAN_POINT('Origin',(-60.857105313396,7.8715950979985,81.5));
#2986=CARTESIAN_POINT('',(-78.2248255784194,3.00816443417267,81.5));
#2987=CARTESIAN_POINT('Origin',(-76.8765553872681,-1.80662190497602,81.5));
#2988=CARTESIAN_POINT('',(-80.3954876778989,-5.35867983441859,81.5));
#2989=CARTESIAN_POINT('Origin',(-80.3954876778989,-5.35867983441859,81.5));
#2990=CARTESIAN_POINT('Origin',(-76.8765553872681,-1.80662190497602,81.5));
#2991=CARTESIAN_POINT('',(-78.8765553872681,-1.80662190497602,81.5));
#2992=CARTESIAN_POINT('Origin',(-76.8765553872681,-1.80662190497602,60.5));
#2993=CARTESIAN_POINT('',(-77.7136668046193,-3.62300415410209,65.5));
#2994=CARTESIAN_POINT('',(-78.8765553872681,-1.80662190497602,65.5));
#2995=CARTESIAN_POINT('Origin',(-76.8765553872681,-1.80662190497602,65.5));
#2996=CARTESIAN_POINT('',(-78.8765553872681,-1.80662190497602,70.5));
#2997=CARTESIAN_POINT('',(-78.8765553872681,-1.80662190497602,60.5));
#2998=CARTESIAN_POINT('Origin',(-76.8765553872681,-1.80662190497602,70.5));
#2999=CARTESIAN_POINT('',(-75.7487718369332,-0.154924516350035,65.5));
#3000=CARTESIAN_POINT('Origin',(-76.8765553872681,-1.80662190497602,65.5));
#3001=CARTESIAN_POINT('Ctrl Pts',(-77.7136668046193,-3.62300415410209,65.5));
#3002=CARTESIAN_POINT('Ctrl Pts',(-77.530529268705,-3.70740627944392,65.5));
#3003=CARTESIAN_POINT('Ctrl Pts',(-77.3273625120252,-3.76626318195156,65.4928741650409));
#3004=CARTESIAN_POINT('Ctrl Pts',(-76.8558756012545,-3.8242142308349,65.463595430691));
#3005=CARTESIAN_POINT('Ctrl Pts',(-76.5847243059515,-3.8010179098514,65.4379588100988));
#3006=CARTESIAN_POINT('Ctrl Pts',(-76.1016693530236,-3.66736722072178,65.3883689259848));
#3007=CARTESIAN_POINT('Ctrl Pts',(-75.8572295434187,-3.54790144343228,65.3611583581308));
#3008=CARTESIAN_POINT('Ctrl Pts',(-75.4366911461438,-3.22008231237378,65.322332655855));
#3009=CARTESIAN_POINT('Ctrl Pts',(-75.2605920186538,-3.01165255843551,65.3113712313237));
#3010=CARTESIAN_POINT('Ctrl Pts',(-75.0122172714366,-2.57326607085131,65.3113712313237));
#3011=CARTESIAN_POINT('Ctrl Pts',(-74.9239276775639,-2.31494299773506,65.3223438679146));
#3012=CARTESIAN_POINT('Ctrl Pts',(-74.8589584522628,-1.78545199054001,65.3612016662438));
#3013=CARTESIAN_POINT('Ctrl Pts',(-74.8822134794289,-1.51424422047389,65.3884319619023));
#3014=CARTESIAN_POINT('Ctrl Pts',(-75.0160448399672,-1.03123900812591,65.4380189628927));
#3015=CARTESIAN_POINT('Ctrl Pts',(-75.135531974261,-0.786877841781979,65.4636343852039));
#3016=CARTESIAN_POINT('Ctrl Pts',(-75.4275068855989,-0.412481547993343,
65.4928830867429));
#3017=CARTESIAN_POINT('Ctrl Pts',(-75.5823406603935,-0.268564184522206,
65.5));
#3018=CARTESIAN_POINT('Ctrl Pts',(-75.7487718369332,-0.154924516350011,
65.5));
#3019=CARTESIAN_POINT('Origin',(-80.3954876778989,-5.35867983441859,81.5));
#3020=CARTESIAN_POINT('',(-80.3954876778989,-5.3586798344186,70.5));
#3021=CARTESIAN_POINT('',(-80.3954876778989,-5.3586798344186,70.5));
#3022=CARTESIAN_POINT('',(-80.3954876778989,-5.3586798344186,65.5));
#3023=CARTESIAN_POINT('',(-80.3954876778989,-5.3586798344186,60.5));
#3024=CARTESIAN_POINT('',(-79.3076339025201,-6.43638854684954,65.5));
#3025=CARTESIAN_POINT('',(-78.8157640775205,-6.92367131203484,65.5));
#3026=CARTESIAN_POINT('Origin',(-79.3076339025201,-6.43638854684955,56.5));
#3027=CARTESIAN_POINT('Origin',(-76.8765553872681,-1.80662190497602,60.5));
#3028=CARTESIAN_POINT('',(-78.2248255784194,3.00816443417267,65.5));
#3029=CARTESIAN_POINT('Origin',(-76.8765553872681,-1.80662190497602,65.5));
#3030=CARTESIAN_POINT('',(-78.2248255784194,3.00816443417267,70.5));
#3031=CARTESIAN_POINT('Origin',(-76.8765553872681,-1.80662190497602,70.5));
#3032=CARTESIAN_POINT('',(-78.2248255784194,3.00816443417267,60.5));
#3033=CARTESIAN_POINT('Origin',(-60.857105313396,7.8715950979985,60.5));
#3034=CARTESIAN_POINT('',(-73.1518236254871,4.42874196991445,65.5));
#3035=CARTESIAN_POINT('',(-67.0847767845076,6.1276789170226,65.5));
#3036=CARTESIAN_POINT('',(-60.857105313396,7.8715950979985,70.5));
#3037=CARTESIAN_POINT('Origin',(-73.1518236254871,4.42874196991445,56.5));
#3038=CARTESIAN_POINT('Origin',(-71.366830350332,-2.56420257021005,70.5));
#3039=CARTESIAN_POINT('Origin',(-71.366830350332,-2.56420257021005,65.5));
#3040=CARTESIAN_POINT('',(-77.3268682934385,-2.94029690379097,65.5));
#3041=CARTESIAN_POINT('',(-77.3268682934385,-2.94029690379097,65.5));
#3042=CARTESIAN_POINT('Origin',(-77.3268682934385,-2.94029690379097,56.5));
#3043=CARTESIAN_POINT('Origin',(-26.555337117477,18.0734389487817,30.2468364953263));
#3044=CARTESIAN_POINT('',(9.99999919533845,-2.73424204061473E-8,106.299213687698));
#3045=CARTESIAN_POINT('',(-14.7628819666783,12.2430940513209,104.738702404176));
#3046=CARTESIAN_POINT('Ctrl Pts',(9.99999919533911,-2.73409955786619E-8,
106.299213687697));
#3047=CARTESIAN_POINT('Ctrl Pts',(5.82968180107243,2.0618597321031,107.015154872604));
#3048=CARTESIAN_POINT('Ctrl Pts',(1.54842064299199,4.17857154728841,107.326633985883));
#3049=CARTESIAN_POINT('Ctrl Pts',(-7.2098536574026,8.50877753280488,106.889540511365));
#3050=CARTESIAN_POINT('Ctrl Pts',(-11.3045223240662,10.5332355665405,106.060179672685));
#3051=CARTESIAN_POINT('Ctrl Pts',(-14.762881966702,12.2430940513261,104.738702404178));
#3052=CARTESIAN_POINT('',(-19.3267137313578,14.4995124902161,104.815826785516));
#3053=CARTESIAN_POINT('Ctrl Pts',(-14.762881966702,12.2430940513261,104.738702404178));
#3054=CARTESIAN_POINT('Ctrl Pts',(-15.4792215740581,12.5972617730765,104.758688044819));
#3055=CARTESIAN_POINT('Ctrl Pts',(-16.1961836171832,12.9517128212321,104.775143467158));
#3056=CARTESIAN_POINT('Ctrl Pts',(-16.9127906060009,13.3059758567949,104.787775193187));
#3057=CARTESIAN_POINT('Ctrl Pts',(-16.9581525336696,13.3284010556077,104.788574793876));
#3058=CARTESIAN_POINT('Ctrl Pts',(-17.0035130213197,13.3508255010514,104.789359071341));
#3059=CARTESIAN_POINT('Ctrl Pts',(-17.0488718139564,13.3732490735716,104.790127950495));
#3060=CARTESIAN_POINT('Ctrl Pts',(-17.723227226052,13.7066234120092,104.801558982687));
#3061=CARTESIAN_POINT('Ctrl Pts',(-18.3981390253091,14.0402635755642,104.809602631989));
#3062=CARTESIAN_POINT('Ctrl Pts',(-19.0726919560123,14.3737251793883,104.813983791758));
#3063=CARTESIAN_POINT('Ctrl Pts',(-19.1575158238293,14.4156574010381,104.814534715044));
#3064=CARTESIAN_POINT('Ctrl Pts',(-19.2423339497498,14.4575867991892,104.815027716931));
#3065=CARTESIAN_POINT('Ctrl Pts',(-19.3271444554534,14.499512490222,104.81546224373));
#3066=CARTESIAN_POINT('',(-19.3267137328963,14.4995124909696,-12.3765817523368));
#3067=CARTESIAN_POINT('',(9.99999919533728,-2.73399680672526E-8,30.2468364953263));
#3068=CARTESIAN_POINT('Origin',(-57.1019546564786,14.4995124900829,-55.));
#3069=CARTESIAN_POINT('Ctrl Pts',(-51.1817494364906,14.499512490222,98.5654809606284));
#3070=CARTESIAN_POINT('Ctrl Pts',(-51.1876957205293,14.499512490222,99.1101306788735));
#3071=CARTESIAN_POINT('Ctrl Pts',(-51.114642080506,14.499512490222,99.9491873991504));
#3072=CARTESIAN_POINT('Ctrl Pts',(-50.948245426126,14.499512490222,100.560264464511));
#3073=CARTESIAN_POINT('Ctrl Pts',(-50.8213849099735,14.499512490222,100.829657412294));
#3074=CARTESIAN_POINT('Ctrl Pts',(-50.6064795202148,14.499512490222,101.1604407893));
#3075=CARTESIAN_POINT('Ctrl Pts',(-49.4552886094291,14.499512490222,102.213953374926));
#3076=CARTESIAN_POINT('Ctrl Pts',(-45.0063797467098,14.499512490222,103.948620741539));
#3077=CARTESIAN_POINT('Ctrl Pts',(-38.1880854674995,14.499512490222,105.022151708398));
#3078=CARTESIAN_POINT('Ctrl Pts',(-29.5847871452759,14.499512490222,105.355469066038));
#3079=CARTESIAN_POINT('Ctrl Pts',(-23.1415252107056,14.499512490222,105.097547185279));
#3080=CARTESIAN_POINT('Ctrl Pts',(-19.3267429250522,14.499512490222,104.815432549789));
#3081=CARTESIAN_POINT('',(-52.8500008046627,14.4995124900829,-21.0000003129244));
#3082=CARTESIAN_POINT('Origin',(-54.0000008046627,14.4995124900829,-21.0000003129244));
#3083=CARTESIAN_POINT('',(-52.8500008046627,14.4995124900829,21.0000003129244));
#3084=CARTESIAN_POINT('Origin',(-54.0000008046627,14.4995124900829,21.0000003129244));
#3085=CARTESIAN_POINT('Ctrl Pts',(-51.4950485456104,12.2430940513261,98.5654809606284));
#3086=CARTESIAN_POINT('Ctrl Pts',(-51.5009948296491,12.2430940513261,99.125935332312));
#3087=CARTESIAN_POINT('Ctrl Pts',(-51.4255935135202,12.2430940513261,99.9995489260613));
#3088=CARTESIAN_POINT('Ctrl Pts',(-51.2442791436094,12.2430940513261,100.669106473977));
#3089=CARTESIAN_POINT('Ctrl Pts',(-51.0890748305764,12.2430940513261,100.996797791463));
#3090=CARTESIAN_POINT('Ctrl Pts',(-50.8209556962471,12.2430940513261,101.39552300254));
#3091=CARTESIAN_POINT('Ctrl Pts',(-49.5929681248273,12.2430940513261,102.500168130386));
#3092=CARTESIAN_POINT('Ctrl Pts',(-45.0746589519357,12.2430940513261,104.256062935617));
#3093=CARTESIAN_POINT('Ctrl Pts',(-38.2132285710507,12.2430940513261,105.335106217484));
#3094=CARTESIAN_POINT('Ctrl Pts',(-28.4499629092568,12.2430940513261,105.712767448911));
#3095=CARTESIAN_POINT('Ctrl Pts',(-20.3621795040979,12.2430940513261,105.281097188563));
#3096=CARTESIAN_POINT('Ctrl Pts',(-14.7628819666783,12.2430940513261,104.738702404176));
#3097=CARTESIAN_POINT('Ctrl Pts',(-51.3906155092371,12.9952335309581,98.5654809606284));
#3098=CARTESIAN_POINT('Ctrl Pts',(-51.3965617932759,12.9952335309581,99.1206671144992));
#3099=CARTESIAN_POINT('Ctrl Pts',(-51.3219430358488,12.9952335309581,99.9827617504244));
#3100=CARTESIAN_POINT('Ctrl Pts',(-51.1456012377815,12.9952335309581,100.632825804155));
#3101=CARTESIAN_POINT('Ctrl Pts',(-50.9998448570421,12.9952335309581,100.94108433174));
#3102=CARTESIAN_POINT('Ctrl Pts',(-50.7494636375697,12.9952335309581,101.317162264793));
#3103=CARTESIAN_POINT('Ctrl Pts',(-49.5470749530279,12.9952335309581,102.404763211899));
#3104=CARTESIAN_POINT('Ctrl Pts',(-45.0518992168604,12.9952335309581,104.153582204258));
#3105=CARTESIAN_POINT('Ctrl Pts',(-38.2048475365336,12.9952335309581,105.230788047788));
#3106=CARTESIAN_POINT('Ctrl Pts',(-28.4528191806821,12.9952335309581,105.608212815884));
#3107=CARTESIAN_POINT('Ctrl Pts',(-20.3701251493415,12.9952335309581,105.176932696864));
#3108=CARTESIAN_POINT('Ctrl Pts',(-14.7734813311019,12.9952335309581,104.63480864806));
#3109=CARTESIAN_POINT('Ctrl Pts',(-51.2861824728639,13.74737301059,98.5654809606284));
#3110=CARTESIAN_POINT('Ctrl Pts',(-51.2921287569026,13.74737301059,99.1153988966863));
#3111=CARTESIAN_POINT('Ctrl Pts',(-51.2182925581774,13.74737301059,99.9659745747874));
#3112=CARTESIAN_POINT('Ctrl Pts',(-51.0469233319538,13.74737301059,100.596545134333));
#3113=CARTESIAN_POINT('Ctrl Pts',(-50.9106148835078,13.74737301059,100.885370872017));
#3114=CARTESIAN_POINT('Ctrl Pts',(-50.6779715788923,13.74737301059,101.238801527047));
#3115=CARTESIAN_POINT('Ctrl Pts',(-49.5011817812285,13.74737301059,102.309358293412));
#3116=CARTESIAN_POINT('Ctrl Pts',(-45.0291394817851,13.74737301059,104.051101472898));
#3117=CARTESIAN_POINT('Ctrl Pts',(-38.1964665020166,13.74737301059,105.126469878093));
#3118=CARTESIAN_POINT('Ctrl Pts',(-28.4556754521074,13.74737301059,105.503658182858));
#3119=CARTESIAN_POINT('Ctrl Pts',(-20.3780707945851,13.74737301059,105.072768205164));
#3120=CARTESIAN_POINT('Ctrl Pts',(-14.7840806955255,13.74737301059,104.530914891943));
#3121=CARTESIAN_POINT('Ctrl Pts',(-51.1817494364906,14.499512490222,98.5654809606284));
#3122=CARTESIAN_POINT('Ctrl Pts',(-51.1876957205293,14.499512490222,99.1101306788735));
#3123=CARTESIAN_POINT('Ctrl Pts',(-51.114642080506,14.499512490222,99.9491873991504));
#3124=CARTESIAN_POINT('Ctrl Pts',(-50.948245426126,14.499512490222,100.560264464511));
#3125=CARTESIAN_POINT('Ctrl Pts',(-50.8213849099735,14.499512490222,100.829657412294));
#3126=CARTESIAN_POINT('Ctrl Pts',(-50.6064795202148,14.499512490222,101.1604407893));
#3127=CARTESIAN_POINT('Ctrl Pts',(-49.4552886094291,14.499512490222,102.213953374926));
#3128=CARTESIAN_POINT('Ctrl Pts',(-45.0063797467098,14.499512490222,103.948620741539));
#3129=CARTESIAN_POINT('Ctrl Pts',(-38.1880854674995,14.499512490222,105.022151708398));
#3130=CARTESIAN_POINT('Ctrl Pts',(-28.4585317235327,14.499512490222,105.399103549831));
#3131=CARTESIAN_POINT('Ctrl Pts',(-20.3860164398287,14.499512490222,104.968603713464));
#3132=CARTESIAN_POINT('Ctrl Pts',(-14.7946800599491,14.499512490222,104.427021135827));
#3133=CARTESIAN_POINT('Ctrl Pts',(-51.4950485456104,12.2430940513261,98.5654809606284));
#3134=CARTESIAN_POINT('Ctrl Pts',(-51.5024162807818,12.2430940513261,99.2599111895421));
#3135=CARTESIAN_POINT('Ctrl Pts',(-51.3843054304955,12.2430940513261,100.262691852361));
#3136=CARTESIAN_POINT('Ctrl Pts',(-51.1623490401933,12.2430940513261,100.861775952679));
#3137=CARTESIAN_POINT('Ctrl Pts',(-50.9846816832984,12.2430940513261,101.179703466078));
#3138=CARTESIAN_POINT('Ctrl Pts',(-50.4295793409773,12.2430940513261,101.776048174764));
#3139=CARTESIAN_POINT('Ctrl Pts',(-48.9651897153382,12.2430940513261,102.708857237834));
#3140=CARTESIAN_POINT('Ctrl Pts',(-45.483858040679,12.2430940513261,104.102301699051));
#3141=CARTESIAN_POINT('Ctrl Pts',(-38.206888152856,12.2430940513261,105.489834291039));
#3142=CARTESIAN_POINT('Ctrl Pts',(-26.9447468057906,12.2430940513261,105.689889032353));
#3143=CARTESIAN_POINT('Ctrl Pts',(-18.3674929677848,12.2430940513261,105.087178655166));
#3144=CARTESIAN_POINT('Ctrl Pts',(-14.7629340713795,12.2430940513261,104.738177952252));
#3145=CARTESIAN_POINT('Ctrl Pts',(-54.3802879101849,-8.53675215105932,98.5654809606284));
#3146=CARTESIAN_POINT('Ctrl Pts',(-54.3876556453563,-8.53675215105932,99.4402528327786));
#3147=CARTESIAN_POINT('Ctrl Pts',(-54.2361003126466,-8.53675215105932,100.846773643268));
#3148=CARTESIAN_POINT('Ctrl Pts',(-53.7905407467764,-8.53675215105932,102.129008366613));
#3149=CARTESIAN_POINT('Ctrl Pts',(-53.1997310402967,-8.53675215105932,103.076144588378));
#3150=CARTESIAN_POINT('Ctrl Pts',(-52.1358529837039,-8.53675215105932,104.130133842875));
#3151=CARTESIAN_POINT('Ctrl Pts',(-50.1846777374773,-8.53675215105932,105.339411740588));
#3152=CARTESIAN_POINT('Ctrl Pts',(-46.1558750263577,-8.53675215105932,106.928143226554));
#3153=CARTESIAN_POINT('Ctrl Pts',(-38.4053860825364,-8.53675215105932,108.378747102309));
#3154=CARTESIAN_POINT('Ctrl Pts',(-25.3047280428998,-8.53675215105932,108.602140395146));
#3155=CARTESIAN_POINT('Ctrl Pts',(-8.87333054916558,-8.53675215105932,107.201646291801));
#3156=CARTESIAN_POINT('Ctrl Pts',(4.10766110516711,-8.53675215105932,105.213036477721));
#3157=CARTESIAN_POINT('Ctrl Pts',(11.068350438862,-8.53675215105932,103.969933482511));
#3158=CARTESIAN_POINT('Ctrl Pts',(-55.8919670613486,-5.71139421611583,98.5654809606284));
#3159=CARTESIAN_POINT('Ctrl Pts',(-55.89933479652,-5.71139421611583,99.5352077179444));
#3160=CARTESIAN_POINT('Ctrl Pts',(-55.7308646782488,-5.71139421611583,101.152903899934));
#3161=CARTESIAN_POINT('Ctrl Pts',(-55.1682688871498,-5.71139421611583,102.793702943048));
#3162=CARTESIAN_POINT('Ctrl Pts',(-54.3607838892787,-5.71139421611583,104.070750301052));
#3163=CARTESIAN_POINT('Ctrl Pts',(-53.0296716728067,-5.71139421611583,105.365090703624));
#3164=CARTESIAN_POINT('Ctrl Pts',(-50.8227783755859,-5.71139421611583,106.719283699991));
#3165=CARTESIAN_POINT('Ctrl Pts',(-46.5068776569948,-5.71139421611583,108.410162570316));
#3166=CARTESIAN_POINT('Ctrl Pts',(-38.5085439329008,-5.71139421611583,109.893029579435));
#3167=CARTESIAN_POINT('Ctrl Pts',(-25.2253748679218,-5.71139421611583,110.114621066145));
#3168=CARTESIAN_POINT('Ctrl Pts',(-8.67571035527372,-5.71139421611583,108.701565626606));
#3169=CARTESIAN_POINT('Ctrl Pts',(4.35796587587231,-5.71139421611583,106.704028642685));
#3170=CARTESIAN_POINT('Ctrl Pts',(11.3414314728512,-5.71139421611583,105.456742348821));
#3171=CARTESIAN_POINT('Ctrl Pts',(-57.1044530372646,-0.31201483912388,98.5654809606284));
#3172=CARTESIAN_POINT('Ctrl Pts',(-57.111820772436,-0.31201483912388,99.6104844274292));
#3173=CARTESIAN_POINT('Ctrl Pts',(-56.9286332917216,-0.31201483912388,101.39823807487));
#3174=CARTESIAN_POINT('Ctrl Pts',(-56.2719430665739,-0.31201483912388,103.325427745076));
#3175=CARTESIAN_POINT('Ctrl Pts',(-55.2910749081505,-0.31201483912388,104.866623647729));
#3176=CARTESIAN_POINT('Ctrl Pts',(-53.7468847824954,-0.31201483912388,106.352656732732));
#3177=CARTESIAN_POINT('Ctrl Pts',(-51.336160395797,-0.31201483912388,107.822963340757));
#3178=CARTESIAN_POINT('Ctrl Pts',(-46.7904736004156,-0.31201483912388,109.596094915953));
#3179=CARTESIAN_POINT('Ctrl Pts',(-38.5928783465561,-0.31201483912388,111.106319457717));
#3180=CARTESIAN_POINT('Ctrl Pts',(-25.1631089989807,-0.312014839123879,
111.3267738096));
#3181=CARTESIAN_POINT('Ctrl Pts',(-8.5180205625999,-0.31201483912388,109.904379725504));
#3182=CARTESIAN_POINT('Ctrl Pts',(4.55894223940049,-0.31201483912388,107.899883051411));
#3183=CARTESIAN_POINT('Ctrl Pts',(11.560464012756,-0.31201483912388,106.649280393604));
#3184=CARTESIAN_POINT('Ctrl Pts',(-55.3794190842753,7.09246566791809,98.5654809606284));
#3185=CARTESIAN_POINT('Ctrl Pts',(-55.3867868194467,7.09246566791809,99.502913004431));
#3186=CARTESIAN_POINT('Ctrl Pts',(-55.2239225000663,7.09246566791809,101.049084565382));
#3187=CARTESIAN_POINT('Ctrl Pts',(-54.7009838899892,7.09246566791809,102.568173666101));
#3188=CARTESIAN_POINT('Ctrl Pts',(-53.9670103433165,7.0924656679181,103.733309375774));
#3189=CARTESIAN_POINT('Ctrl Pts',(-52.7266483840219,7.0924656679181,104.946034343812));
#3190=CARTESIAN_POINT('Ctrl Pts',(-50.6066018300948,7.0924656679181,106.251079155758));
#3191=CARTESIAN_POINT('Ctrl Pts',(-46.3880991765816,7.0924656679181,107.907360309898));
#3192=CARTESIAN_POINT('Ctrl Pts',(-38.473746501657,7.0924656679181,109.379454575821));
#3193=CARTESIAN_POINT('Ctrl Pts',(-25.2524355549145,7.09246566791809,109.601691607371));
#3194=CARTESIAN_POINT('Ctrl Pts',(-8.74280705907902,7.09246566791809,108.192977988265));
#3195=CARTESIAN_POINT('Ctrl Pts',(4.27312171458358,7.09246566791809,106.198490387801));
#3196=CARTESIAN_POINT('Ctrl Pts',(11.2488409707989,7.09246566791809,104.952626858351));
#3197=CARTESIAN_POINT('Ctrl Pts',(-52.97787892273,10.7053391250107,98.5654809606284));
#3198=CARTESIAN_POINT('Ctrl Pts',(-52.9852466579014,10.7053391250107,99.3526983680244));
#3199=CARTESIAN_POINT('Ctrl Pts',(-52.8500813939916,10.7053391250107,100.562896952472));
#3200=CARTESIAN_POINT('Ctrl Pts',(-52.513232990643,10.7053391250107,101.513217664193));
#3201=CARTESIAN_POINT('Ctrl Pts',(-52.123189174668,10.7053391250107,102.154572900715));
#3202=CARTESIAN_POINT('Ctrl Pts',(-51.3064610480684,10.7053391250107,102.986244594459));
#3203=CARTESIAN_POINT('Ctrl Pts',(-49.591745990895,10.7053391250107,104.06115507621));
#3204=CARTESIAN_POINT('Ctrl Pts',(-45.8289919087588,10.7053391250107,105.554927164472));
#3205=CARTESIAN_POINT('Ctrl Pts',(-38.3087179767657,10.7053391250107,106.974702098196));
#3206=CARTESIAN_POINT('Ctrl Pts',(-25.3775069887331,10.7053391250107,107.199580052128));
#3207=CARTESIAN_POINT('Ctrl Pts',(-9.05617016203842,10.7053391250107,105.810292429996));
#3208=CARTESIAN_POINT('Ctrl Pts',(3.87532061971078,10.7053391250107,103.829842783943));
#3209=CARTESIAN_POINT('Ctrl Pts',(10.8150087849303,10.7053391250107,102.590597057096));
#3210=CARTESIAN_POINT('Ctrl Pts',(-51.4950485456104,12.2430940513261,98.5654809606284));
#3211=CARTESIAN_POINT('Ctrl Pts',(-51.5024162807818,12.2430940513261,99.2599111895421));
#3212=CARTESIAN_POINT('Ctrl Pts',(-51.3843054304955,12.2430940513261,100.262691852361));
#3213=CARTESIAN_POINT('Ctrl Pts',(-51.1623490401933,12.2430940513261,100.861775952679));
#3214=CARTESIAN_POINT('Ctrl Pts',(-50.9846816832984,12.2430940513261,101.179703466078));
#3215=CARTESIAN_POINT('Ctrl Pts',(-50.4295793409773,12.2430940513261,101.776048174764));
#3216=CARTESIAN_POINT('Ctrl Pts',(-48.9651897153382,12.2430940513261,102.708857237834));
#3217=CARTESIAN_POINT('Ctrl Pts',(-45.483858040679,12.2430940513261,104.102301699051));
#3218=CARTESIAN_POINT('Ctrl Pts',(-38.206888152856,12.2430940513261,105.489834291039));
#3219=CARTESIAN_POINT('Ctrl Pts',(-25.4547903983808,12.2430940513261,105.716355832447));
#3220=CARTESIAN_POINT('Ctrl Pts',(-9.24969048709667,12.2430940513261,104.339093751256));
#3221=CARTESIAN_POINT('Ctrl Pts',(3.62970735252521,12.2430940513261,102.367320270046));
#3222=CARTESIAN_POINT('Ctrl Pts',(10.5471392093641,12.2430940513261,101.132162342138));
#3223=CARTESIAN_POINT('',(11.0683504388619,-8.53675215105976,103.96993348251));
#3224=CARTESIAN_POINT('Ctrl Pts',(11.0683504388583,-8.53675215105932,103.969933482512));
#3225=CARTESIAN_POINT('Ctrl Pts',(11.0261100616088,-8.19922679843917,104.160921716999));
#3226=CARTESIAN_POINT('Ctrl Pts',(10.9830965558702,-7.85590237944644,104.340604653482));
#3227=CARTESIAN_POINT('Ctrl Pts',(10.9394132609848,-7.50737402112481,104.508894878821));
#3228=CARTESIAN_POINT('Ctrl Pts',(10.895576515249,-7.15762135101328,104.677776274726));
#3229=CARTESIAN_POINT('Ctrl Pts',(10.8510652931658,-6.80262757888427,104.835184924794));
#3230=CARTESIAN_POINT('Ctrl Pts',(10.8059743023119,-6.44297406332836,104.980984730697));
#3231=CARTESIAN_POINT('Ctrl Pts',(10.761015617959,-6.08437584723047,105.126356729142));
#3232=CARTESIAN_POINT('Ctrl Pts',(10.7154805807315,-5.72114464110036,105.26018801215));
#3233=CARTESIAN_POINT('Ctrl Pts',(10.6694530928147,-5.3538449845725,105.382294485137));
#3234=CARTESIAN_POINT('Ctrl Pts',(10.630901491527,-5.04620295255173,105.484568154075));
#3235=CARTESIAN_POINT('Ctrl Pts',(10.5920042523083,-4.73570638800975,105.578615624542));
#3236=CARTESIAN_POINT('Ctrl Pts',(10.5528051086256,-4.42268489605677,105.664301195261));
#3237=CARTESIAN_POINT('Ctrl Pts',(10.5061106248891,-4.04980999135278,105.766370860884));
#3238=CARTESIAN_POINT('Ctrl Pts',(10.4590799185429,-3.67408727131826,105.856375282437));
#3239=CARTESIAN_POINT('Ctrl Pts',(10.4117897882227,-3.29610007664366,105.934180105087));
#3240=CARTESIAN_POINT('Ctrl Pts',(10.3647041122182,-2.91974707313584,106.011648546093));
#3241=CARTESIAN_POINT('Ctrl Pts',(10.3173612658053,-2.54114858389965,106.077022730283));
#3242=CARTESIAN_POINT('Ctrl Pts',(10.2698266582343,-2.16087359892594,106.1301201965));
#3243=CARTESIAN_POINT('Ctrl Pts',(10.2229788583556,-1.78609304839121,106.182450479603));
#3244=CARTESIAN_POINT('Ctrl Pts',(10.1759447980101,-1.40968358528027,106.222856245245));
#3245=CARTESIAN_POINT('Ctrl Pts',(10.1287768899538,-1.03219112199363,106.251113822836));
#3246=CARTESIAN_POINT('Ctrl Pts',(10.0878520755574,-0.704663155784736,106.275631257801));
#3247=CARTESIAN_POINT('Ctrl Pts',(10.0468263540917,-0.376319726128626,106.291002820238));
#3248=CARTESIAN_POINT('Ctrl Pts',(10.0057275600861,-0.0475226217047293,
106.297051663696));
#3249=CARTESIAN_POINT('Ctrl Pts',(10.0037326041385,-0.0315626463604756,
106.297345277573));
#3250=CARTESIAN_POINT('Ctrl Pts',(10.0017377194045,-0.0156034243478117,
106.297616883253));
#3251=CARTESIAN_POINT('Ctrl Pts',(9.99974287610586,0.000355002668461779,
106.297866479535));
#3252=CARTESIAN_POINT('Ctrl Pts',(-54.3802879101849,-8.53675215105932,98.5654809606284));
#3253=CARTESIAN_POINT('Ctrl Pts',(-54.3876556453563,-8.53675215105932,99.4402528327786));
#3254=CARTESIAN_POINT('Ctrl Pts',(-54.2361003126466,-8.53675215105932,100.846773643268));
#3255=CARTESIAN_POINT('Ctrl Pts',(-53.7905407467764,-8.53675215105932,102.129008366613));
#3256=CARTESIAN_POINT('Ctrl Pts',(-53.1997310402967,-8.53675215105932,103.076144588378));
#3257=CARTESIAN_POINT('Ctrl Pts',(-52.1358529837039,-8.53675215105932,104.130133842875));
#3258=CARTESIAN_POINT('Ctrl Pts',(-50.1846777374773,-8.53675215105932,105.339411740588));
#3259=CARTESIAN_POINT('Ctrl Pts',(-46.1558750263577,-8.53675215105932,106.928143226554));
#3260=CARTESIAN_POINT('Ctrl Pts',(-38.4053860825364,-8.53675215105932,108.378747102309));
#3261=CARTESIAN_POINT('Ctrl Pts',(-25.3047280428998,-8.53675215105932,108.602140395146));
#3262=CARTESIAN_POINT('Ctrl Pts',(-8.87333054916558,-8.53675215105932,107.201646291801));
#3263=CARTESIAN_POINT('Ctrl Pts',(4.10766110516711,-8.53675215105932,105.213036477721));
#3264=CARTESIAN_POINT('Ctrl Pts',(11.068350438862,-8.53675215105932,103.969933482511));
#3265=CARTESIAN_POINT('Origin',(-38.6651684137656,-0.128536608890232,98.5654809606284));
#3266=CARTESIAN_POINT('Origin',(-61.369125498702,-13.0000002875924,16.71431947314));
#3267=CARTESIAN_POINT('',(-62.519125498702,-3.00000028759241,16.71431947314));
#3268=CARTESIAN_POINT('',(-62.519125498702,-13.0000002875924,16.71431947314));
#3269=CARTESIAN_POINT('Origin',(-61.369125498702,-3.00000028759241,16.71431947314));
#3270=CARTESIAN_POINT('Origin',(-61.369125498702,-3.00000028759241,16.71431947314));
#3271=CARTESIAN_POINT('Origin',(-54.0000008046627,15.4995124914233,21.0000003129244));
#3272=CARTESIAN_POINT('',(-52.8500008046627,5.49951249142332,21.0000003129244));
#3273=CARTESIAN_POINT('',(-52.8500008046627,15.4995124914233,21.0000003129244));
#3274=CARTESIAN_POINT('Origin',(-54.0000008046627,5.49951249142332,21.0000003129244));
#3275=CARTESIAN_POINT('Origin',(-54.0000008046627,5.49951249142332,21.0000003129244));
#3276=CARTESIAN_POINT('Origin',(-61.369125498702,-13.0000002875924,-16.71431947314));
#3277=CARTESIAN_POINT('',(-62.519125498702,-3.00000028759241,-16.71431947314));
#3278=CARTESIAN_POINT('',(-62.519125498702,-13.0000002875924,-16.71431947314));
#3279=CARTESIAN_POINT('Origin',(-61.369125498702,-3.00000028759241,-16.71431947314));
#3280=CARTESIAN_POINT('Origin',(-61.369125498702,-3.00000028759241,-16.71431947314));
#3281=CARTESIAN_POINT('Origin',(-54.0000008046627,15.4995124914233,-21.0000003129244));
#3282=CARTESIAN_POINT('',(-52.8500008046627,5.49951249142332,-21.0000003129244));
#3283=CARTESIAN_POINT('',(-52.8500008046627,15.4995124914233,-21.0000003129244));
#3284=CARTESIAN_POINT('Origin',(-54.0000008046627,5.49951249142332,-21.0000003129244));
#3285=CARTESIAN_POINT('Origin',(-54.0000008046627,5.49951249142332,-21.0000003129244));
#3286=CARTESIAN_POINT('Origin',(-38.6651684137656,-0.128536608890232,66.5654809606284));
#3287=CARTESIAN_POINT('Origin',(-38.6651684137656,-0.128536608890232,79.5654809606284));
#3288=CARTESIAN_POINT('Origin',(-62.3219371227707,0.749755939121968,79.5654809606284));
#3289=CARTESIAN_POINT('Ctrl Pts',(-55.0000008667422,-13.0000005334978,98.5654809606284));
#3290=CARTESIAN_POINT('Ctrl Pts',(-55.0073760921832,-13.0000005334978,99.4799166386014));
#3291=CARTESIAN_POINT('Ctrl Pts',(-54.8468272027502,-13.0000005334978,100.974471318415));
#3292=CARTESIAN_POINT('Ctrl Pts',(-54.3556152878443,-13.0000005334978,102.403122201586));
#3293=CARTESIAN_POINT('Ctrl Pts',(-53.6677038528237,-13.0000005334978,103.48730962892));
#3294=CARTESIAN_POINT('Ctrl Pts',(-52.1132624507174,-13.0000005334978,105.023054305197));
#3295=CARTESIAN_POINT('Ctrl Pts',(-47.8709820057764,-13.0000005334978,107.248527761651));
#3296=CARTESIAN_POINT('Ctrl Pts',(-38.3968373833212,-13.0000005334978,109.005083760715));
#3297=CARTESIAN_POINT('Ctrl Pts',(-25.2029571804255,-13.0000005334978,109.219156179873));
#3298=CARTESIAN_POINT('Ctrl Pts',(-8.68215571176838,-13.0000005334978,107.803736914613));
#3299=CARTESIAN_POINT('Ctrl Pts',(4.34542269443416,-13.0000005334978,105.802451549));
#3300=CARTESIAN_POINT('Ctrl Pts',(11.329175225988,-13.0000005334978,104.552837364076));
#3301=CARTESIAN_POINT('Ctrl Pts',(-54.7934298812231,-11.5122510726849,98.5654809606284));
#3302=CARTESIAN_POINT('Ctrl Pts',(-54.8008051066641,-11.5122510726849,99.4669918101275));
#3303=CARTESIAN_POINT('Ctrl Pts',(-54.6426248295429,-11.5122510726849,100.932610736742));
#3304=CARTESIAN_POINT('Ctrl Pts',(-54.1675252520428,-11.5122510726849,102.312281485502));
#3305=CARTESIAN_POINT('Ctrl Pts',(-53.5091070063202,-11.5122510726849,103.351419187143));
#3306=CARTESIAN_POINT('Ctrl Pts',(-52.0036012793606,-11.5122510726849,104.843437141469));
#3307=CARTESIAN_POINT('Ctrl Pts',(-47.8166993555982,-11.5122510726849,107.047041738287));
#3308=CARTESIAN_POINT('Ctrl Pts',(-38.3826307978037,-11.5122510726849,108.798266052831));
#3309=CARTESIAN_POINT('Ctrl Pts',(-25.2139097932647,-11.5122510726849,109.012545307337));
#3310=CARTESIAN_POINT('Ctrl Pts',(-8.70915577323508,-11.5122510726849,107.598806041362));
#3311=CARTESIAN_POINT('Ctrl Pts',(4.31113240809786,-11.5122510726849,105.598722232854));
#3312=CARTESIAN_POINT('Ctrl Pts',(11.2917926621289,-11.5122510726849,104.349677043202));
#3313=CARTESIAN_POINT('Ctrl Pts',(-54.586858895704,-10.0245016118721,98.5654809606284));
#3314=CARTESIAN_POINT('Ctrl Pts',(-54.594234121145,-10.0245016118721,99.4540669816535));
#3315=CARTESIAN_POINT('Ctrl Pts',(-54.4384224563356,-10.0245016118721,100.890750155068));
#3316=CARTESIAN_POINT('Ctrl Pts',(-53.9794352162412,-10.0245016118721,102.221440769418));
#3317=CARTESIAN_POINT('Ctrl Pts',(-53.3505101598168,-10.0245016118721,103.215528745365));
#3318=CARTESIAN_POINT('Ctrl Pts',(-51.8939401080039,-10.0245016118721,104.663819977741));
#3319=CARTESIAN_POINT('Ctrl Pts',(-47.76241670542,-10.0245016118721,106.845555714923));
#3320=CARTESIAN_POINT('Ctrl Pts',(-38.3684242122862,-10.0245016118721,108.591448344946));
#3321=CARTESIAN_POINT('Ctrl Pts',(-25.2248624061039,-10.0245016118721,108.805934434802));
#3322=CARTESIAN_POINT('Ctrl Pts',(-8.73615583470183,-10.0245016118721,107.393875168111));
#3323=CARTESIAN_POINT('Ctrl Pts',(4.27684212176157,-10.0245016118721,105.394992916708));
#3324=CARTESIAN_POINT('Ctrl Pts',(11.2544100982699,-10.0245016118721,104.146516722327));
#3325=CARTESIAN_POINT('Ctrl Pts',(-54.3802879101849,-8.53675215105932,98.5654809606284));
#3326=CARTESIAN_POINT('Ctrl Pts',(-54.3876631356259,-8.53675215105932,99.4411421531796));
#3327=CARTESIAN_POINT('Ctrl Pts',(-54.2342200831283,-8.53675215105932,100.848889573395));
#3328=CARTESIAN_POINT('Ctrl Pts',(-53.7913451804397,-8.53675215105932,102.130600053334));
#3329=CARTESIAN_POINT('Ctrl Pts',(-53.1919133133133,-8.53675215105932,103.079638303587));
#3330=CARTESIAN_POINT('Ctrl Pts',(-51.7842789366471,-8.53675215105932,104.484202814014));
#3331=CARTESIAN_POINT('Ctrl Pts',(-47.7081340552418,-8.53675215105932,106.644069691559));
#3332=CARTESIAN_POINT('Ctrl Pts',(-38.3542176267687,-8.53675215105932,108.384630637061));
#3333=CARTESIAN_POINT('Ctrl Pts',(-25.2358150189431,-8.53675215105932,108.599323562266));
#3334=CARTESIAN_POINT('Ctrl Pts',(-8.76315589616855,-8.53675215105932,107.18894429486));
#3335=CARTESIAN_POINT('Ctrl Pts',(4.24255183542527,-8.53675215105932,105.191263600563));
#3336=CARTESIAN_POINT('Ctrl Pts',(11.2170275344108,-8.53675215105932,103.943356401453));
#3337=CARTESIAN_POINT('Ctrl Pts',(11.2543779102894,-10.0232205961899,104.146341792634));
#3338=CARTESIAN_POINT('Ctrl Pts',(11.1923686069544,-9.52772994632551,104.087547312072));
#3339=CARTESIAN_POINT('Ctrl Pts',(11.1303593516643,-9.03223968036843,104.02874446213));
#3340=CARTESIAN_POINT('Ctrl Pts',(11.0683504388583,-8.53675215105932,103.969933482512));
#3341=CARTESIAN_POINT('Origin',(9.28815660502183,5.68803916527779,30.2468364953263));
#3342=UNCERTAINTY_MEASURE_WITH_UNIT(LENGTH_MEASURE(0.01),#3346,
'DISTANCE_ACCURACY_VALUE',
'Maximum model space distance between geometric entities at asserted c
onnectivities');
#3343=UNCERTAINTY_MEASURE_WITH_UNIT(LENGTH_MEASURE(0.01),#3346,
'DISTANCE_ACCURACY_VALUE',
'Maximum model space distance between geometric entities at asserted c
onnectivities');
#3344=(
GEOMETRIC_REPRESENTATION_CONTEXT(3)
GLOBAL_UNCERTAINTY_ASSIGNED_CONTEXT((#3342))
GLOBAL_UNIT_ASSIGNED_CONTEXT((#3346,#3348,#3349))
REPRESENTATION_CONTEXT('','3D')
);
#3345=(
GEOMETRIC_REPRESENTATION_CONTEXT(3)
GLOBAL_UNCERTAINTY_ASSIGNED_CONTEXT((#3343))
GLOBAL_UNIT_ASSIGNED_CONTEXT((#3346,#3348,#3349))
REPRESENTATION_CONTEXT('','3D')
);
#3346=(
LENGTH_UNIT()
NAMED_UNIT(*)
SI_UNIT(.MILLI.,.METRE.)
);
#3347=(
LENGTH_UNIT()
NAMED_UNIT(*)
SI_UNIT($,.METRE.)
);
#3348=(
NAMED_UNIT(*)
PLANE_ANGLE_UNIT()
SI_UNIT($,.RADIAN.)
);
#3349=(
NAMED_UNIT(*)
SI_UNIT($,.STERADIAN.)
SOLID_ANGLE_UNIT()
);
#3350=SHAPE_DEFINITION_REPRESENTATION(#3351,#3352);
#3351=PRODUCT_DEFINITION_SHAPE('',$,#3354);
#3352=SHAPE_REPRESENTATION('',(#1538),#3344);
#3353=PRODUCT_DEFINITION_CONTEXT('part definition',#3358,'design');
#3354=PRODUCT_DEFINITION('main body','main body metal forks',#3355,#3353);
#3355=PRODUCT_DEFINITION_FORMATION('',$,#3360);
#3356=PRODUCT_RELATED_PRODUCT_CATEGORY('main body metal forks',
'main body metal forks',(#3360));
#3357=APPLICATION_PROTOCOL_DEFINITION('international standard',
'automotive_design',2009,#3358);
#3358=APPLICATION_CONTEXT(
'Core Data for Automotive Mechanical Design Process');
#3359=PRODUCT_CONTEXT('part definition',#3358,'mechanical');
#3360=PRODUCT('main body','main body metal forks',$,(#3359));
#3361=PRESENTATION_STYLE_ASSIGNMENT((#3363));
#3362=PRESENTATION_STYLE_ASSIGNMENT((#3364));
#3363=SURFACE_STYLE_USAGE(.BOTH.,#3365);
#3364=SURFACE_STYLE_USAGE(.BOTH.,#3366);
#3365=SURFACE_SIDE_STYLE('',(#3367));
#3366=SURFACE_SIDE_STYLE('',(#3368));
#3367=SURFACE_STYLE_FILL_AREA(#3369);
#3368=SURFACE_STYLE_FILL_AREA(#3370);
#3369=FILL_AREA_STYLE('Steel - Satin',(#3371));
#3370=FILL_AREA_STYLE('Opaque(44,174,210)',(#3372));
#3371=FILL_AREA_STYLE_COLOUR('Steel - Satin',#3373);
#3372=FILL_AREA_STYLE_COLOUR('Opaque(44,174,210)',#3374);
#3373=COLOUR_RGB('Steel - Satin',0.627450980392157,0.627450980392157,0.627450980392157);
#3374=COLOUR_RGB('Opaque(44,174,210)',0.172549019607843,0.682352941176471,
0.823529411764706);
ENDSEC;
END-ISO-10303-21;
