ISO-10303-21;
HEADER;
/* Generated by software containing ST-Developer
 * from STEP Tools, Inc. (www.steptools.com) 
 */

FILE_DESCRIPTION(
/* description */ (''),
/* implementation_level */ '2;1');

FILE_NAME(
/* name */ 'wheels (2).step',
/* time_stamp */ '2026-08-07T19:05:35+03:00',
/* author */ (''),
/* organization */ (''),
/* preprocessor_version */ 'ST-DEVELOPER v20.1',
/* originating_system */ 'Autodesk Translation Framework v15.8.0.0',
/* authorisation */ '');

FILE_SCHEMA (('AUTOMOTIVE_DESIGN { 1 0 10303 214 3 1 1 }'));
ENDSEC;

DATA;
#10=MECHANICAL_DESIGN_GEOMETRIC_PRESENTATION_REPRESENTATION('',(#27,#28,
#29,#30),#10448);
#11=CONICAL_SURFACE('',#6609,7.,0.78539816339745);
#12=CONICAL_SURFACE('',#6752,7.,0.78539816339745);
#13=ITEM_DEFINED_TRANSFORMATION($,$,#6135,#6434);
#14=ITEM_DEFINED_TRANSFORMATION($,$,#6134,#6765);
#15=(
REPRESENTATION_RELATIONSHIP($,$,#10463,#10462)
REPRESENTATION_RELATIONSHIP_WITH_TRANSFORMATION(#13)
SHAPE_REPRESENTATION_RELATIONSHIP()
);
#16=(
REPRESENTATION_RELATIONSHIP($,$,#10462,#10461)
REPRESENTATION_RELATIONSHIP_WITH_TRANSFORMATION(#14)
SHAPE_REPRESENTATION_RELATIONSHIP()
);
#17=CONTEXT_DEPENDENT_SHAPE_REPRESENTATION(#15,#10459);
#18=CONTEXT_DEPENDENT_SHAPE_REPRESENTATION(#16,#10460);
#19=NEXT_ASSEMBLY_USAGE_OCCURRENCE('Component3:1','Component3:1',
'Component3:1',#10466,#10467,'Component3:1');
#20=NEXT_ASSEMBLY_USAGE_OCCURRENCE('Component2:1','Component2:1',
'Component2:1',#10465,#10466,'Component2:1');
#21=SHAPE_REPRESENTATION_RELATIONSHIP('SRR','None',#10463,#24);
#22=SHAPE_REPRESENTATION_RELATIONSHIP('SRR','None',#10462,#25);
#23=SHAPE_REPRESENTATION_RELATIONSHIP('SRR','None',#10461,#26);
#24=ADVANCED_BREP_SHAPE_REPRESENTATION('',(#31),#10447);
#25=ADVANCED_BREP_SHAPE_REPRESENTATION('',(#32),#10446);
#26=ADVANCED_BREP_SHAPE_REPRESENTATION('',(#33,#34),#10445);
#27=STYLED_ITEM('',(#10482),#31);
#28=STYLED_ITEM('',(#10482),#32);
#29=STYLED_ITEM('',(#10481),#33);
#30=STYLED_ITEM('',(#10481),#34);
#31=MANIFOLD_SOLID_BREP('Body1',#6117);
#32=MANIFOLD_SOLID_BREP('Body1',#6118);
#33=MANIFOLD_SOLID_BREP('Body1',#6119);
#34=MANIFOLD_SOLID_BREP('Body2',#6120);
#35=FACE_BOUND('',#593,.T.);
#36=FACE_BOUND('',#595,.T.);
#37=FACE_BOUND('',#678,.T.);
#38=FACE_BOUND('',#680,.T.);
#39=FACE_BOUND('',#763,.T.);
#40=FACE_BOUND('',#766,.T.);
#41=FACE_BOUND('',#769,.T.);
#42=FACE_BOUND('',#772,.T.);
#43=FACE_BOUND('',#774,.T.);
#44=FACE_BOUND('',#777,.T.);
#45=FACE_BOUND('',#779,.T.);
#46=FACE_BOUND('',#846,.T.);
#47=FACE_BOUND('',#849,.T.);
#48=FACE_BOUND('',#851,.T.);
#49=FACE_BOUND('',#855,.T.);
#50=FACE_BOUND('',#858,.T.);
#51=PLANE('',#6139);
#52=PLANE('',#6143);
#53=PLANE('',#6147);
#54=PLANE('',#6151);
#55=PLANE('',#6155);
#56=PLANE('',#6159);
#57=PLANE('',#6163);
#58=PLANE('',#6167);
#59=PLANE('',#6171);
#60=PLANE('',#6175);
#61=PLANE('',#6179);
#62=PLANE('',#6183);
#63=PLANE('',#6187);
#64=PLANE('',#6191);
#65=PLANE('',#6195);
#66=PLANE('',#6199);
#67=PLANE('',#6203);
#68=PLANE('',#6207);
#69=PLANE('',#6211);
#70=PLANE('',#6215);
#71=PLANE('',#6219);
#72=PLANE('',#6223);
#73=PLANE('',#6227);
#74=PLANE('',#6231);
#75=PLANE('',#6235);
#76=PLANE('',#6239);
#77=PLANE('',#6243);
#78=PLANE('',#6247);
#79=PLANE('',#6251);
#80=PLANE('',#6255);
#81=PLANE('',#6259);
#82=PLANE('',#6263);
#83=PLANE('',#6267);
#84=PLANE('',#6268);
#85=PLANE('',#6272);
#86=PLANE('',#6276);
#87=PLANE('',#6280);
#88=PLANE('',#6284);
#89=PLANE('',#6288);
#90=PLANE('',#6292);
#91=PLANE('',#6296);
#92=PLANE('',#6300);
#93=PLANE('',#6304);
#94=PLANE('',#6308);
#95=PLANE('',#6312);
#96=PLANE('',#6316);
#97=PLANE('',#6320);
#98=PLANE('',#6324);
#99=PLANE('',#6328);
#100=PLANE('',#6332);
#101=PLANE('',#6336);
#102=PLANE('',#6340);
#103=PLANE('',#6344);
#104=PLANE('',#6348);
#105=PLANE('',#6352);
#106=PLANE('',#6356);
#107=PLANE('',#6360);
#108=PLANE('',#6364);
#109=PLANE('',#6368);
#110=PLANE('',#6372);
#111=PLANE('',#6376);
#112=PLANE('',#6380);
#113=PLANE('',#6384);
#114=PLANE('',#6388);
#115=PLANE('',#6392);
#116=PLANE('',#6396);
#117=PLANE('',#6400);
#118=PLANE('',#6404);
#119=PLANE('',#6408);
#120=PLANE('',#6412);
#121=PLANE('',#6416);
#122=PLANE('',#6420);
#123=PLANE('',#6424);
#124=PLANE('',#6428);
#125=PLANE('',#6432);
#126=PLANE('',#6433);
#127=PLANE('',#6438);
#128=PLANE('',#6442);
#129=PLANE('',#6446);
#130=PLANE('',#6447);
#131=PLANE('',#6457);
#132=PLANE('',#6461);
#133=PLANE('',#6465);
#134=PLANE('',#6466);
#135=PLANE('',#6476);
#136=PLANE('',#6480);
#137=PLANE('',#6484);
#138=PLANE('',#6485);
#139=PLANE('',#6495);
#140=PLANE('',#6499);
#141=PLANE('',#6503);
#142=PLANE('',#6504);
#143=PLANE('',#6508);
#144=PLANE('',#6512);
#145=PLANE('',#6516);
#146=PLANE('',#6517);
#147=PLANE('',#6527);
#148=PLANE('',#6531);
#149=PLANE('',#6535);
#150=PLANE('',#6536);
#151=PLANE('',#6543);
#152=PLANE('',#6547);
#153=PLANE('',#6551);
#154=PLANE('',#6552);
#155=PLANE('',#6556);
#156=PLANE('',#6560);
#157=PLANE('',#6564);
#158=PLANE('',#6565);
#159=PLANE('',#6572);
#160=PLANE('',#6576);
#161=PLANE('',#6580);
#162=PLANE('',#6581);
#163=PLANE('',#6585);
#164=PLANE('',#6589);
#165=PLANE('',#6593);
#166=PLANE('',#6594);
#167=PLANE('',#6598);
#168=PLANE('',#6602);
#169=PLANE('',#6607);
#170=PLANE('',#6612);
#171=PLANE('',#6613);
#172=PLANE('',#6615);
#173=PLANE('',#6616);
#174=PLANE('',#6622);
#175=PLANE('',#6626);
#176=PLANE('',#6630);
#177=PLANE('',#6631);
#178=PLANE('',#6641);
#179=PLANE('',#6645);
#180=PLANE('',#6649);
#181=PLANE('',#6650);
#182=PLANE('',#6657);
#183=PLANE('',#6661);
#184=PLANE('',#6665);
#185=PLANE('',#6666);
#186=PLANE('',#6673);
#187=PLANE('',#6677);
#188=PLANE('',#6681);
#189=PLANE('',#6682);
#190=PLANE('',#6689);
#191=PLANE('',#6693);
#192=PLANE('',#6697);
#193=PLANE('',#6698);
#194=PLANE('',#6705);
#195=PLANE('',#6709);
#196=PLANE('',#6713);
#197=PLANE('',#6714);
#198=PLANE('',#6721);
#199=PLANE('',#6725);
#200=PLANE('',#6729);
#201=PLANE('',#6730);
#202=PLANE('',#6737);
#203=PLANE('',#6741);
#204=PLANE('',#6745);
#205=PLANE('',#6746);
#206=PLANE('',#6750);
#207=PLANE('',#6755);
#208=PLANE('',#6756);
#209=PLANE('',#6761);
#210=PLANE('',#6764);
#211=FACE_OUTER_BOUND('',#527,.T.);
#212=FACE_OUTER_BOUND('',#528,.T.);
#213=FACE_OUTER_BOUND('',#529,.T.);
#214=FACE_OUTER_BOUND('',#530,.T.);
#215=FACE_OUTER_BOUND('',#531,.T.);
#216=FACE_OUTER_BOUND('',#532,.T.);
#217=FACE_OUTER_BOUND('',#533,.T.);
#218=FACE_OUTER_BOUND('',#534,.T.);
#219=FACE_OUTER_BOUND('',#535,.T.);
#220=FACE_OUTER_BOUND('',#536,.T.);
#221=FACE_OUTER_BOUND('',#537,.T.);
#222=FACE_OUTER_BOUND('',#538,.T.);
#223=FACE_OUTER_BOUND('',#539,.T.);
#224=FACE_OUTER_BOUND('',#540,.T.);
#225=FACE_OUTER_BOUND('',#541,.T.);
#226=FACE_OUTER_BOUND('',#542,.T.);
#227=FACE_OUTER_BOUND('',#543,.T.);
#228=FACE_OUTER_BOUND('',#544,.T.);
#229=FACE_OUTER_BOUND('',#545,.T.);
#230=FACE_OUTER_BOUND('',#546,.T.);
#231=FACE_OUTER_BOUND('',#547,.T.);
#232=FACE_OUTER_BOUND('',#548,.T.);
#233=FACE_OUTER_BOUND('',#549,.T.);
#234=FACE_OUTER_BOUND('',#550,.T.);
#235=FACE_OUTER_BOUND('',#551,.T.);
#236=FACE_OUTER_BOUND('',#552,.T.);
#237=FACE_OUTER_BOUND('',#553,.T.);
#238=FACE_OUTER_BOUND('',#554,.T.);
#239=FACE_OUTER_BOUND('',#555,.T.);
#240=FACE_OUTER_BOUND('',#556,.T.);
#241=FACE_OUTER_BOUND('',#557,.T.);
#242=FACE_OUTER_BOUND('',#558,.T.);
#243=FACE_OUTER_BOUND('',#559,.T.);
#244=FACE_OUTER_BOUND('',#560,.T.);
#245=FACE_OUTER_BOUND('',#561,.T.);
#246=FACE_OUTER_BOUND('',#562,.T.);
#247=FACE_OUTER_BOUND('',#563,.T.);
#248=FACE_OUTER_BOUND('',#564,.T.);
#249=FACE_OUTER_BOUND('',#565,.T.);
#250=FACE_OUTER_BOUND('',#566,.T.);
#251=FACE_OUTER_BOUND('',#567,.T.);
#252=FACE_OUTER_BOUND('',#568,.T.);
#253=FACE_OUTER_BOUND('',#569,.T.);
#254=FACE_OUTER_BOUND('',#570,.T.);
#255=FACE_OUTER_BOUND('',#571,.T.);
#256=FACE_OUTER_BOUND('',#572,.T.);
#257=FACE_OUTER_BOUND('',#573,.T.);
#258=FACE_OUTER_BOUND('',#574,.T.);
#259=FACE_OUTER_BOUND('',#575,.T.);
#260=FACE_OUTER_BOUND('',#576,.T.);
#261=FACE_OUTER_BOUND('',#577,.T.);
#262=FACE_OUTER_BOUND('',#578,.T.);
#263=FACE_OUTER_BOUND('',#579,.T.);
#264=FACE_OUTER_BOUND('',#580,.T.);
#265=FACE_OUTER_BOUND('',#581,.T.);
#266=FACE_OUTER_BOUND('',#582,.T.);
#267=FACE_OUTER_BOUND('',#583,.T.);
#268=FACE_OUTER_BOUND('',#584,.T.);
#269=FACE_OUTER_BOUND('',#585,.T.);
#270=FACE_OUTER_BOUND('',#586,.T.);
#271=FACE_OUTER_BOUND('',#587,.T.);
#272=FACE_OUTER_BOUND('',#588,.T.);
#273=FACE_OUTER_BOUND('',#589,.T.);
#274=FACE_OUTER_BOUND('',#590,.T.);
#275=FACE_OUTER_BOUND('',#591,.T.);
#276=FACE_OUTER_BOUND('',#592,.T.);
#277=FACE_OUTER_BOUND('',#594,.T.);
#278=FACE_OUTER_BOUND('',#596,.T.);
#279=FACE_OUTER_BOUND('',#597,.T.);
#280=FACE_OUTER_BOUND('',#598,.T.);
#281=FACE_OUTER_BOUND('',#599,.T.);
#282=FACE_OUTER_BOUND('',#600,.T.);
#283=FACE_OUTER_BOUND('',#601,.T.);
#284=FACE_OUTER_BOUND('',#602,.T.);
#285=FACE_OUTER_BOUND('',#603,.T.);
#286=FACE_OUTER_BOUND('',#604,.T.);
#287=FACE_OUTER_BOUND('',#605,.T.);
#288=FACE_OUTER_BOUND('',#606,.T.);
#289=FACE_OUTER_BOUND('',#607,.T.);
#290=FACE_OUTER_BOUND('',#608,.T.);
#291=FACE_OUTER_BOUND('',#609,.T.);
#292=FACE_OUTER_BOUND('',#610,.T.);
#293=FACE_OUTER_BOUND('',#611,.T.);
#294=FACE_OUTER_BOUND('',#612,.T.);
#295=FACE_OUTER_BOUND('',#613,.T.);
#296=FACE_OUTER_BOUND('',#614,.T.);
#297=FACE_OUTER_BOUND('',#615,.T.);
#298=FACE_OUTER_BOUND('',#616,.T.);
#299=FACE_OUTER_BOUND('',#617,.T.);
#300=FACE_OUTER_BOUND('',#618,.T.);
#301=FACE_OUTER_BOUND('',#619,.T.);
#302=FACE_OUTER_BOUND('',#620,.T.);
#303=FACE_OUTER_BOUND('',#621,.T.);
#304=FACE_OUTER_BOUND('',#622,.T.);
#305=FACE_OUTER_BOUND('',#623,.T.);
#306=FACE_OUTER_BOUND('',#624,.T.);
#307=FACE_OUTER_BOUND('',#625,.T.);
#308=FACE_OUTER_BOUND('',#626,.T.);
#309=FACE_OUTER_BOUND('',#627,.T.);
#310=FACE_OUTER_BOUND('',#628,.T.);
#311=FACE_OUTER_BOUND('',#629,.T.);
#312=FACE_OUTER_BOUND('',#630,.T.);
#313=FACE_OUTER_BOUND('',#631,.T.);
#314=FACE_OUTER_BOUND('',#632,.T.);
#315=FACE_OUTER_BOUND('',#633,.T.);
#316=FACE_OUTER_BOUND('',#634,.T.);
#317=FACE_OUTER_BOUND('',#635,.T.);
#318=FACE_OUTER_BOUND('',#636,.T.);
#319=FACE_OUTER_BOUND('',#637,.T.);
#320=FACE_OUTER_BOUND('',#638,.T.);
#321=FACE_OUTER_BOUND('',#639,.T.);
#322=FACE_OUTER_BOUND('',#640,.T.);
#323=FACE_OUTER_BOUND('',#641,.T.);
#324=FACE_OUTER_BOUND('',#642,.T.);
#325=FACE_OUTER_BOUND('',#643,.T.);
#326=FACE_OUTER_BOUND('',#644,.T.);
#327=FACE_OUTER_BOUND('',#645,.T.);
#328=FACE_OUTER_BOUND('',#646,.T.);
#329=FACE_OUTER_BOUND('',#647,.T.);
#330=FACE_OUTER_BOUND('',#648,.T.);
#331=FACE_OUTER_BOUND('',#649,.T.);
#332=FACE_OUTER_BOUND('',#650,.T.);
#333=FACE_OUTER_BOUND('',#651,.T.);
#334=FACE_OUTER_BOUND('',#652,.T.);
#335=FACE_OUTER_BOUND('',#653,.T.);
#336=FACE_OUTER_BOUND('',#654,.T.);
#337=FACE_OUTER_BOUND('',#655,.T.);
#338=FACE_OUTER_BOUND('',#656,.T.);
#339=FACE_OUTER_BOUND('',#657,.T.);
#340=FACE_OUTER_BOUND('',#658,.T.);
#341=FACE_OUTER_BOUND('',#659,.T.);
#342=FACE_OUTER_BOUND('',#660,.T.);
#343=FACE_OUTER_BOUND('',#661,.T.);
#344=FACE_OUTER_BOUND('',#662,.T.);
#345=FACE_OUTER_BOUND('',#663,.T.);
#346=FACE_OUTER_BOUND('',#664,.T.);
#347=FACE_OUTER_BOUND('',#665,.T.);
#348=FACE_OUTER_BOUND('',#666,.T.);
#349=FACE_OUTER_BOUND('',#667,.T.);
#350=FACE_OUTER_BOUND('',#668,.T.);
#351=FACE_OUTER_BOUND('',#669,.T.);
#352=FACE_OUTER_BOUND('',#670,.T.);
#353=FACE_OUTER_BOUND('',#671,.T.);
#354=FACE_OUTER_BOUND('',#672,.T.);
#355=FACE_OUTER_BOUND('',#673,.T.);
#356=FACE_OUTER_BOUND('',#674,.T.);
#357=FACE_OUTER_BOUND('',#675,.T.);
#358=FACE_OUTER_BOUND('',#676,.T.);
#359=FACE_OUTER_BOUND('',#677,.T.);
#360=FACE_OUTER_BOUND('',#679,.T.);
#361=FACE_OUTER_BOUND('',#681,.T.);
#362=FACE_OUTER_BOUND('',#682,.T.);
#363=FACE_OUTER_BOUND('',#683,.T.);
#364=FACE_OUTER_BOUND('',#684,.T.);
#365=FACE_OUTER_BOUND('',#685,.T.);
#366=FACE_OUTER_BOUND('',#686,.T.);
#367=FACE_OUTER_BOUND('',#687,.T.);
#368=FACE_OUTER_BOUND('',#688,.T.);
#369=FACE_OUTER_BOUND('',#689,.T.);
#370=FACE_OUTER_BOUND('',#690,.T.);
#371=FACE_OUTER_BOUND('',#691,.T.);
#372=FACE_OUTER_BOUND('',#692,.T.);
#373=FACE_OUTER_BOUND('',#693,.T.);
#374=FACE_OUTER_BOUND('',#694,.T.);
#375=FACE_OUTER_BOUND('',#695,.T.);
#376=FACE_OUTER_BOUND('',#696,.T.);
#377=FACE_OUTER_BOUND('',#697,.T.);
#378=FACE_OUTER_BOUND('',#698,.T.);
#379=FACE_OUTER_BOUND('',#699,.T.);
#380=FACE_OUTER_BOUND('',#700,.T.);
#381=FACE_OUTER_BOUND('',#701,.T.);
#382=FACE_OUTER_BOUND('',#702,.T.);
#383=FACE_OUTER_BOUND('',#703,.T.);
#384=FACE_OUTER_BOUND('',#704,.T.);
#385=FACE_OUTER_BOUND('',#705,.T.);
#386=FACE_OUTER_BOUND('',#706,.T.);
#387=FACE_OUTER_BOUND('',#707,.T.);
#388=FACE_OUTER_BOUND('',#708,.T.);
#389=FACE_OUTER_BOUND('',#709,.T.);
#390=FACE_OUTER_BOUND('',#710,.T.);
#391=FACE_OUTER_BOUND('',#711,.T.);
#392=FACE_OUTER_BOUND('',#712,.T.);
#393=FACE_OUTER_BOUND('',#713,.T.);
#394=FACE_OUTER_BOUND('',#714,.T.);
#395=FACE_OUTER_BOUND('',#715,.T.);
#396=FACE_OUTER_BOUND('',#716,.T.);
#397=FACE_OUTER_BOUND('',#717,.T.);
#398=FACE_OUTER_BOUND('',#718,.T.);
#399=FACE_OUTER_BOUND('',#719,.T.);
#400=FACE_OUTER_BOUND('',#720,.T.);
#401=FACE_OUTER_BOUND('',#721,.T.);
#402=FACE_OUTER_BOUND('',#722,.T.);
#403=FACE_OUTER_BOUND('',#723,.T.);
#404=FACE_OUTER_BOUND('',#724,.T.);
#405=FACE_OUTER_BOUND('',#725,.T.);
#406=FACE_OUTER_BOUND('',#726,.T.);
#407=FACE_OUTER_BOUND('',#727,.T.);
#408=FACE_OUTER_BOUND('',#728,.T.);
#409=FACE_OUTER_BOUND('',#729,.T.);
#410=FACE_OUTER_BOUND('',#730,.T.);
#411=FACE_OUTER_BOUND('',#731,.T.);
#412=FACE_OUTER_BOUND('',#732,.T.);
#413=FACE_OUTER_BOUND('',#733,.T.);
#414=FACE_OUTER_BOUND('',#734,.T.);
#415=FACE_OUTER_BOUND('',#735,.T.);
#416=FACE_OUTER_BOUND('',#736,.T.);
#417=FACE_OUTER_BOUND('',#737,.T.);
#418=FACE_OUTER_BOUND('',#738,.T.);
#419=FACE_OUTER_BOUND('',#739,.T.);
#420=FACE_OUTER_BOUND('',#740,.T.);
#421=FACE_OUTER_BOUND('',#741,.T.);
#422=FACE_OUTER_BOUND('',#742,.T.);
#423=FACE_OUTER_BOUND('',#743,.T.);
#424=FACE_OUTER_BOUND('',#744,.T.);
#425=FACE_OUTER_BOUND('',#745,.T.);
#426=FACE_OUTER_BOUND('',#746,.T.);
#427=FACE_OUTER_BOUND('',#747,.T.);
#428=FACE_OUTER_BOUND('',#748,.T.);
#429=FACE_OUTER_BOUND('',#749,.T.);
#430=FACE_OUTER_BOUND('',#750,.T.);
#431=FACE_OUTER_BOUND('',#751,.T.);
#432=FACE_OUTER_BOUND('',#752,.T.);
#433=FACE_OUTER_BOUND('',#753,.T.);
#434=FACE_OUTER_BOUND('',#754,.T.);
#435=FACE_OUTER_BOUND('',#755,.T.);
#436=FACE_OUTER_BOUND('',#756,.T.);
#437=FACE_OUTER_BOUND('',#757,.T.);
#438=FACE_OUTER_BOUND('',#758,.T.);
#439=FACE_OUTER_BOUND('',#759,.T.);
#440=FACE_OUTER_BOUND('',#760,.T.);
#441=FACE_OUTER_BOUND('',#761,.T.);
#442=FACE_OUTER_BOUND('',#762,.T.);
#443=FACE_OUTER_BOUND('',#764,.T.);
#444=FACE_OUTER_BOUND('',#765,.T.);
#445=FACE_OUTER_BOUND('',#767,.T.);
#446=FACE_OUTER_BOUND('',#768,.T.);
#447=FACE_OUTER_BOUND('',#770,.T.);
#448=FACE_OUTER_BOUND('',#771,.T.);
#449=FACE_OUTER_BOUND('',#773,.T.);
#450=FACE_OUTER_BOUND('',#775,.T.);
#451=FACE_OUTER_BOUND('',#776,.T.);
#452=FACE_OUTER_BOUND('',#778,.T.);
#453=FACE_OUTER_BOUND('',#780,.T.);
#454=FACE_OUTER_BOUND('',#781,.T.);
#455=FACE_OUTER_BOUND('',#782,.T.);
#456=FACE_OUTER_BOUND('',#783,.T.);
#457=FACE_OUTER_BOUND('',#784,.T.);
#458=FACE_OUTER_BOUND('',#785,.T.);
#459=FACE_OUTER_BOUND('',#786,.T.);
#460=FACE_OUTER_BOUND('',#787,.T.);
#461=FACE_OUTER_BOUND('',#788,.T.);
#462=FACE_OUTER_BOUND('',#789,.T.);
#463=FACE_OUTER_BOUND('',#790,.T.);
#464=FACE_OUTER_BOUND('',#791,.T.);
#465=FACE_OUTER_BOUND('',#792,.T.);
#466=FACE_OUTER_BOUND('',#793,.T.);
#467=FACE_OUTER_BOUND('',#794,.T.);
#468=FACE_OUTER_BOUND('',#795,.T.);
#469=FACE_OUTER_BOUND('',#796,.T.);
#470=FACE_OUTER_BOUND('',#797,.T.);
#471=FACE_OUTER_BOUND('',#798,.T.);
#472=FACE_OUTER_BOUND('',#799,.T.);
#473=FACE_OUTER_BOUND('',#800,.T.);
#474=FACE_OUTER_BOUND('',#801,.T.);
#475=FACE_OUTER_BOUND('',#802,.T.);
#476=FACE_OUTER_BOUND('',#803,.T.);
#477=FACE_OUTER_BOUND('',#804,.T.);
#478=FACE_OUTER_BOUND('',#805,.T.);
#479=FACE_OUTER_BOUND('',#806,.T.);
#480=FACE_OUTER_BOUND('',#807,.T.);
#481=FACE_OUTER_BOUND('',#808,.T.);
#482=FACE_OUTER_BOUND('',#809,.T.);
#483=FACE_OUTER_BOUND('',#810,.T.);
#484=FACE_OUTER_BOUND('',#811,.T.);
#485=FACE_OUTER_BOUND('',#812,.T.);
#486=FACE_OUTER_BOUND('',#813,.T.);
#487=FACE_OUTER_BOUND('',#814,.T.);
#488=FACE_OUTER_BOUND('',#815,.T.);
#489=FACE_OUTER_BOUND('',#816,.T.);
#490=FACE_OUTER_BOUND('',#817,.T.);
#491=FACE_OUTER_BOUND('',#818,.T.);
#492=FACE_OUTER_BOUND('',#819,.T.);
#493=FACE_OUTER_BOUND('',#820,.T.);
#494=FACE_OUTER_BOUND('',#821,.T.);
#495=FACE_OUTER_BOUND('',#822,.T.);
#496=FACE_OUTER_BOUND('',#823,.T.);
#497=FACE_OUTER_BOUND('',#824,.T.);
#498=FACE_OUTER_BOUND('',#825,.T.);
#499=FACE_OUTER_BOUND('',#826,.T.);
#500=FACE_OUTER_BOUND('',#827,.T.);
#501=FACE_OUTER_BOUND('',#828,.T.);
#502=FACE_OUTER_BOUND('',#829,.T.);
#503=FACE_OUTER_BOUND('',#830,.T.);
#504=FACE_OUTER_BOUND('',#831,.T.);
#505=FACE_OUTER_BOUND('',#832,.T.);
#506=FACE_OUTER_BOUND('',#833,.T.);
#507=FACE_OUTER_BOUND('',#834,.T.);
#508=FACE_OUTER_BOUND('',#835,.T.);
#509=FACE_OUTER_BOUND('',#836,.T.);
#510=FACE_OUTER_BOUND('',#837,.T.);
#511=FACE_OUTER_BOUND('',#838,.T.);
#512=FACE_OUTER_BOUND('',#839,.T.);
#513=FACE_OUTER_BOUND('',#840,.T.);
#514=FACE_OUTER_BOUND('',#841,.T.);
#515=FACE_OUTER_BOUND('',#842,.T.);
#516=FACE_OUTER_BOUND('',#843,.T.);
#517=FACE_OUTER_BOUND('',#844,.T.);
#518=FACE_OUTER_BOUND('',#845,.T.);
#519=FACE_OUTER_BOUND('',#847,.T.);
#520=FACE_OUTER_BOUND('',#848,.T.);
#521=FACE_OUTER_BOUND('',#850,.T.);
#522=FACE_OUTER_BOUND('',#852,.T.);
#523=FACE_OUTER_BOUND('',#853,.T.);
#524=FACE_OUTER_BOUND('',#854,.T.);
#525=FACE_OUTER_BOUND('',#856,.T.);
#526=FACE_OUTER_BOUND('',#857,.T.);
#527=EDGE_LOOP('',(#3847,#3848,#3849,#3850));
#528=EDGE_LOOP('',(#3851,#3852,#3853,#3854));
#529=EDGE_LOOP('',(#3855,#3856,#3857,#3858));
#530=EDGE_LOOP('',(#3859,#3860,#3861,#3862));
#531=EDGE_LOOP('',(#3863,#3864,#3865,#3866));
#532=EDGE_LOOP('',(#3867,#3868,#3869,#3870));
#533=EDGE_LOOP('',(#3871,#3872,#3873,#3874));
#534=EDGE_LOOP('',(#3875,#3876,#3877,#3878));
#535=EDGE_LOOP('',(#3879,#3880,#3881,#3882));
#536=EDGE_LOOP('',(#3883,#3884,#3885,#3886));
#537=EDGE_LOOP('',(#3887,#3888,#3889,#3890));
#538=EDGE_LOOP('',(#3891,#3892,#3893,#3894));
#539=EDGE_LOOP('',(#3895,#3896,#3897,#3898));
#540=EDGE_LOOP('',(#3899,#3900,#3901,#3902));
#541=EDGE_LOOP('',(#3903,#3904,#3905,#3906));
#542=EDGE_LOOP('',(#3907,#3908,#3909,#3910));
#543=EDGE_LOOP('',(#3911,#3912,#3913,#3914));
#544=EDGE_LOOP('',(#3915,#3916,#3917,#3918));
#545=EDGE_LOOP('',(#3919,#3920,#3921,#3922));
#546=EDGE_LOOP('',(#3923,#3924,#3925,#3926));
#547=EDGE_LOOP('',(#3927,#3928,#3929,#3930));
#548=EDGE_LOOP('',(#3931,#3932,#3933,#3934));
#549=EDGE_LOOP('',(#3935,#3936,#3937,#3938));
#550=EDGE_LOOP('',(#3939,#3940,#3941,#3942));
#551=EDGE_LOOP('',(#3943,#3944,#3945,#3946));
#552=EDGE_LOOP('',(#3947,#3948,#3949,#3950));
#553=EDGE_LOOP('',(#3951,#3952,#3953,#3954));
#554=EDGE_LOOP('',(#3955,#3956,#3957,#3958));
#555=EDGE_LOOP('',(#3959,#3960,#3961,#3962));
#556=EDGE_LOOP('',(#3963,#3964,#3965,#3966));
#557=EDGE_LOOP('',(#3967,#3968,#3969,#3970));
#558=EDGE_LOOP('',(#3971,#3972,#3973,#3974));
#559=EDGE_LOOP('',(#3975,#3976,#3977,#3978));
#560=EDGE_LOOP('',(#3979,#3980,#3981,#3982));
#561=EDGE_LOOP('',(#3983,#3984,#3985,#3986));
#562=EDGE_LOOP('',(#3987,#3988,#3989,#3990));
#563=EDGE_LOOP('',(#3991,#3992,#3993,#3994));
#564=EDGE_LOOP('',(#3995,#3996,#3997,#3998));
#565=EDGE_LOOP('',(#3999,#4000,#4001,#4002));
#566=EDGE_LOOP('',(#4003,#4004,#4005,#4006));
#567=EDGE_LOOP('',(#4007,#4008,#4009,#4010));
#568=EDGE_LOOP('',(#4011,#4012,#4013,#4014));
#569=EDGE_LOOP('',(#4015,#4016,#4017,#4018));
#570=EDGE_LOOP('',(#4019,#4020,#4021,#4022));
#571=EDGE_LOOP('',(#4023,#4024,#4025,#4026));
#572=EDGE_LOOP('',(#4027,#4028,#4029,#4030));
#573=EDGE_LOOP('',(#4031,#4032,#4033,#4034));
#574=EDGE_LOOP('',(#4035,#4036,#4037,#4038));
#575=EDGE_LOOP('',(#4039,#4040,#4041,#4042));
#576=EDGE_LOOP('',(#4043,#4044,#4045,#4046));
#577=EDGE_LOOP('',(#4047,#4048,#4049,#4050));
#578=EDGE_LOOP('',(#4051,#4052,#4053,#4054));
#579=EDGE_LOOP('',(#4055,#4056,#4057,#4058));
#580=EDGE_LOOP('',(#4059,#4060,#4061,#4062));
#581=EDGE_LOOP('',(#4063,#4064,#4065,#4066));
#582=EDGE_LOOP('',(#4067,#4068,#4069,#4070));
#583=EDGE_LOOP('',(#4071,#4072,#4073,#4074));
#584=EDGE_LOOP('',(#4075,#4076,#4077,#4078));
#585=EDGE_LOOP('',(#4079,#4080,#4081,#4082));
#586=EDGE_LOOP('',(#4083,#4084,#4085,#4086));
#587=EDGE_LOOP('',(#4087,#4088,#4089,#4090));
#588=EDGE_LOOP('',(#4091,#4092,#4093,#4094));
#589=EDGE_LOOP('',(#4095,#4096,#4097,#4098));
#590=EDGE_LOOP('',(#4099,#4100,#4101,#4102));
#591=EDGE_LOOP('',(#4103,#4104,#4105,#4106));
#592=EDGE_LOOP('',(#4107));
#593=EDGE_LOOP('',(#4108,#4109,#4110,#4111,#4112,#4113,#4114,#4115,#4116,
#4117,#4118,#4119,#4120,#4121,#4122,#4123,#4124,#4125,#4126,#4127,#4128,
#4129,#4130,#4131,#4132,#4133,#4134,#4135,#4136,#4137,#4138,#4139,#4140,
#4141,#4142,#4143,#4144,#4145,#4146,#4147,#4148,#4149,#4150,#4151,#4152,
#4153,#4154,#4155,#4156,#4157,#4158,#4159,#4160,#4161,#4162,#4163,#4164,
#4165,#4166,#4167,#4168,#4169,#4170,#4171));
#594=EDGE_LOOP('',(#4172));
#595=EDGE_LOOP('',(#4173,#4174,#4175,#4176,#4177,#4178,#4179,#4180,#4181,
#4182,#4183,#4184,#4185,#4186,#4187,#4188,#4189,#4190,#4191,#4192,#4193,
#4194,#4195,#4196,#4197,#4198,#4199,#4200,#4201,#4202,#4203,#4204,#4205,
#4206,#4207,#4208,#4209,#4210,#4211,#4212,#4213,#4214,#4215,#4216,#4217,
#4218,#4219,#4220,#4221,#4222,#4223,#4224,#4225,#4226,#4227,#4228,#4229,
#4230,#4231,#4232,#4233,#4234,#4235,#4236));
#596=EDGE_LOOP('',(#4237,#4238,#4239,#4240));
#597=EDGE_LOOP('',(#4241,#4242,#4243,#4244));
#598=EDGE_LOOP('',(#4245,#4246,#4247,#4248));
#599=EDGE_LOOP('',(#4249,#4250,#4251,#4252));
#600=EDGE_LOOP('',(#4253,#4254,#4255,#4256));
#601=EDGE_LOOP('',(#4257,#4258,#4259,#4260));
#602=EDGE_LOOP('',(#4261,#4262,#4263,#4264));
#603=EDGE_LOOP('',(#4265,#4266,#4267,#4268));
#604=EDGE_LOOP('',(#4269,#4270,#4271,#4272));
#605=EDGE_LOOP('',(#4273,#4274,#4275,#4276));
#606=EDGE_LOOP('',(#4277,#4278,#4279,#4280));
#607=EDGE_LOOP('',(#4281,#4282,#4283,#4284));
#608=EDGE_LOOP('',(#4285,#4286,#4287,#4288));
#609=EDGE_LOOP('',(#4289,#4290,#4291,#4292));
#610=EDGE_LOOP('',(#4293,#4294,#4295,#4296));
#611=EDGE_LOOP('',(#4297,#4298,#4299,#4300));
#612=EDGE_LOOP('',(#4301,#4302,#4303,#4304));
#613=EDGE_LOOP('',(#4305,#4306,#4307,#4308));
#614=EDGE_LOOP('',(#4309,#4310,#4311,#4312));
#615=EDGE_LOOP('',(#4313,#4314,#4315,#4316));
#616=EDGE_LOOP('',(#4317,#4318,#4319,#4320));
#617=EDGE_LOOP('',(#4321,#4322,#4323,#4324));
#618=EDGE_LOOP('',(#4325,#4326,#4327,#4328));
#619=EDGE_LOOP('',(#4329,#4330,#4331,#4332));
#620=EDGE_LOOP('',(#4333,#4334,#4335,#4336));
#621=EDGE_LOOP('',(#4337,#4338,#4339,#4340));
#622=EDGE_LOOP('',(#4341,#4342,#4343,#4344));
#623=EDGE_LOOP('',(#4345,#4346,#4347,#4348));
#624=EDGE_LOOP('',(#4349,#4350,#4351,#4352));
#625=EDGE_LOOP('',(#4353,#4354,#4355,#4356));
#626=EDGE_LOOP('',(#4357,#4358,#4359,#4360));
#627=EDGE_LOOP('',(#4361,#4362,#4363,#4364));
#628=EDGE_LOOP('',(#4365,#4366,#4367,#4368));
#629=EDGE_LOOP('',(#4369,#4370,#4371,#4372));
#630=EDGE_LOOP('',(#4373,#4374,#4375,#4376));
#631=EDGE_LOOP('',(#4377,#4378,#4379,#4380));
#632=EDGE_LOOP('',(#4381,#4382,#4383,#4384));
#633=EDGE_LOOP('',(#4385,#4386,#4387,#4388));
#634=EDGE_LOOP('',(#4389,#4390,#4391,#4392));
#635=EDGE_LOOP('',(#4393,#4394,#4395,#4396));
#636=EDGE_LOOP('',(#4397,#4398,#4399,#4400));
#637=EDGE_LOOP('',(#4401,#4402,#4403,#4404));
#638=EDGE_LOOP('',(#4405,#4406,#4407,#4408));
#639=EDGE_LOOP('',(#4409,#4410,#4411,#4412));
#640=EDGE_LOOP('',(#4413,#4414,#4415,#4416));
#641=EDGE_LOOP('',(#4417,#4418,#4419,#4420));
#642=EDGE_LOOP('',(#4421,#4422,#4423,#4424));
#643=EDGE_LOOP('',(#4425,#4426,#4427,#4428));
#644=EDGE_LOOP('',(#4429,#4430,#4431,#4432));
#645=EDGE_LOOP('',(#4433,#4434,#4435,#4436));
#646=EDGE_LOOP('',(#4437,#4438,#4439,#4440));
#647=EDGE_LOOP('',(#4441,#4442,#4443,#4444));
#648=EDGE_LOOP('',(#4445,#4446,#4447,#4448));
#649=EDGE_LOOP('',(#4449,#4450,#4451,#4452));
#650=EDGE_LOOP('',(#4453,#4454,#4455,#4456));
#651=EDGE_LOOP('',(#4457,#4458,#4459,#4460));
#652=EDGE_LOOP('',(#4461,#4462,#4463,#4464));
#653=EDGE_LOOP('',(#4465,#4466,#4467,#4468));
#654=EDGE_LOOP('',(#4469,#4470,#4471,#4472));
#655=EDGE_LOOP('',(#4473,#4474,#4475,#4476));
#656=EDGE_LOOP('',(#4477,#4478,#4479,#4480));
#657=EDGE_LOOP('',(#4481,#4482,#4483,#4484));
#658=EDGE_LOOP('',(#4485,#4486,#4487,#4488));
#659=EDGE_LOOP('',(#4489,#4490,#4491,#4492));
#660=EDGE_LOOP('',(#4493,#4494,#4495,#4496));
#661=EDGE_LOOP('',(#4497,#4498,#4499,#4500));
#662=EDGE_LOOP('',(#4501,#4502,#4503,#4504));
#663=EDGE_LOOP('',(#4505,#4506,#4507,#4508));
#664=EDGE_LOOP('',(#4509,#4510,#4511,#4512));
#665=EDGE_LOOP('',(#4513,#4514,#4515,#4516));
#666=EDGE_LOOP('',(#4517,#4518,#4519,#4520));
#667=EDGE_LOOP('',(#4521,#4522,#4523,#4524));
#668=EDGE_LOOP('',(#4525,#4526,#4527,#4528));
#669=EDGE_LOOP('',(#4529,#4530,#4531,#4532));
#670=EDGE_LOOP('',(#4533,#4534,#4535,#4536));
#671=EDGE_LOOP('',(#4537,#4538,#4539,#4540));
#672=EDGE_LOOP('',(#4541,#4542,#4543,#4544));
#673=EDGE_LOOP('',(#4545,#4546,#4547,#4548));
#674=EDGE_LOOP('',(#4549,#4550,#4551,#4552));
#675=EDGE_LOOP('',(#4553,#4554,#4555,#4556));
#676=EDGE_LOOP('',(#4557,#4558,#4559,#4560));
#677=EDGE_LOOP('',(#4561));
#678=EDGE_LOOP('',(#4562,#4563,#4564,#4565,#4566,#4567,#4568,#4569,#4570,
#4571,#4572,#4573,#4574,#4575,#4576,#4577,#4578,#4579,#4580,#4581,#4582,
#4583,#4584,#4585,#4586,#4587,#4588,#4589,#4590,#4591,#4592,#4593,#4594,
#4595,#4596,#4597,#4598,#4599,#4600,#4601,#4602,#4603,#4604,#4605,#4606,
#4607,#4608,#4609,#4610,#4611,#4612,#4613,#4614,#4615,#4616,#4617,#4618,
#4619,#4620,#4621,#4622,#4623,#4624,#4625,#4626,#4627,#4628,#4629,#4630,
#4631,#4632,#4633,#4634,#4635,#4636,#4637,#4638,#4639,#4640,#4641));
#679=EDGE_LOOP('',(#4642));
#680=EDGE_LOOP('',(#4643,#4644,#4645,#4646,#4647,#4648,#4649,#4650,#4651,
#4652,#4653,#4654,#4655,#4656,#4657,#4658,#4659,#4660,#4661,#4662,#4663,
#4664,#4665,#4666,#4667,#4668,#4669,#4670,#4671,#4672,#4673,#4674,#4675,
#4676,#4677,#4678,#4679,#4680,#4681,#4682,#4683,#4684,#4685,#4686,#4687,
#4688,#4689,#4690,#4691,#4692,#4693,#4694,#4695,#4696,#4697,#4698,#4699,
#4700,#4701,#4702,#4703,#4704,#4705,#4706,#4707,#4708,#4709,#4710,#4711,
#4712,#4713,#4714,#4715,#4716,#4717,#4718,#4719,#4720,#4721,#4722));
#681=EDGE_LOOP('',(#4723,#4724,#4725,#4726));
#682=EDGE_LOOP('',(#4727,#4728,#4729,#4730));
#683=EDGE_LOOP('',(#4731,#4732,#4733,#4734));
#684=EDGE_LOOP('',(#4735,#4736,#4737,#4738));
#685=EDGE_LOOP('',(#4739,#4740,#4741,#4742));
#686=EDGE_LOOP('',(#4743,#4744,#4745,#4746));
#687=EDGE_LOOP('',(#4747,#4748,#4749,#4750));
#688=EDGE_LOOP('',(#4751,#4752,#4753,#4754));
#689=EDGE_LOOP('',(#4755,#4756,#4757,#4758));
#690=EDGE_LOOP('',(#4759,#4760,#4761,#4762));
#691=EDGE_LOOP('',(#4763,#4764,#4765,#4766));
#692=EDGE_LOOP('',(#4767,#4768,#4769,#4770));
#693=EDGE_LOOP('',(#4771,#4772,#4773,#4774));
#694=EDGE_LOOP('',(#4775,#4776,#4777,#4778));
#695=EDGE_LOOP('',(#4779,#4780,#4781,#4782));
#696=EDGE_LOOP('',(#4783,#4784,#4785,#4786));
#697=EDGE_LOOP('',(#4787,#4788,#4789,#4790));
#698=EDGE_LOOP('',(#4791,#4792,#4793,#4794));
#699=EDGE_LOOP('',(#4795,#4796,#4797,#4798));
#700=EDGE_LOOP('',(#4799,#4800,#4801,#4802));
#701=EDGE_LOOP('',(#4803,#4804,#4805,#4806));
#702=EDGE_LOOP('',(#4807,#4808,#4809,#4810));
#703=EDGE_LOOP('',(#4811,#4812,#4813,#4814));
#704=EDGE_LOOP('',(#4815,#4816,#4817,#4818));
#705=EDGE_LOOP('',(#4819,#4820,#4821,#4822));
#706=EDGE_LOOP('',(#4823,#4824,#4825,#4826));
#707=EDGE_LOOP('',(#4827,#4828,#4829,#4830));
#708=EDGE_LOOP('',(#4831,#4832,#4833,#4834));
#709=EDGE_LOOP('',(#4835,#4836,#4837,#4838));
#710=EDGE_LOOP('',(#4839,#4840,#4841,#4842));
#711=EDGE_LOOP('',(#4843,#4844,#4845,#4846));
#712=EDGE_LOOP('',(#4847,#4848,#4849,#4850));
#713=EDGE_LOOP('',(#4851,#4852,#4853,#4854));
#714=EDGE_LOOP('',(#4855,#4856,#4857,#4858));
#715=EDGE_LOOP('',(#4859,#4860,#4861,#4862));
#716=EDGE_LOOP('',(#4863,#4864,#4865,#4866));
#717=EDGE_LOOP('',(#4867,#4868,#4869,#4870));
#718=EDGE_LOOP('',(#4871,#4872,#4873,#4874));
#719=EDGE_LOOP('',(#4875,#4876,#4877,#4878));
#720=EDGE_LOOP('',(#4879,#4880,#4881,#4882));
#721=EDGE_LOOP('',(#4883,#4884,#4885,#4886));
#722=EDGE_LOOP('',(#4887,#4888,#4889,#4890));
#723=EDGE_LOOP('',(#4891,#4892,#4893,#4894));
#724=EDGE_LOOP('',(#4895,#4896,#4897,#4898));
#725=EDGE_LOOP('',(#4899,#4900,#4901,#4902));
#726=EDGE_LOOP('',(#4903,#4904,#4905,#4906));
#727=EDGE_LOOP('',(#4907,#4908,#4909,#4910));
#728=EDGE_LOOP('',(#4911,#4912,#4913,#4914));
#729=EDGE_LOOP('',(#4915,#4916,#4917,#4918));
#730=EDGE_LOOP('',(#4919,#4920,#4921,#4922));
#731=EDGE_LOOP('',(#4923,#4924,#4925,#4926));
#732=EDGE_LOOP('',(#4927,#4928,#4929,#4930));
#733=EDGE_LOOP('',(#4931,#4932,#4933,#4934));
#734=EDGE_LOOP('',(#4935,#4936,#4937,#4938));
#735=EDGE_LOOP('',(#4939,#4940,#4941,#4942));
#736=EDGE_LOOP('',(#4943,#4944,#4945,#4946));
#737=EDGE_LOOP('',(#4947,#4948,#4949,#4950));
#738=EDGE_LOOP('',(#4951,#4952,#4953,#4954));
#739=EDGE_LOOP('',(#4955,#4956,#4957,#4958));
#740=EDGE_LOOP('',(#4959,#4960,#4961,#4962));
#741=EDGE_LOOP('',(#4963,#4964,#4965,#4966));
#742=EDGE_LOOP('',(#4967,#4968,#4969,#4970));
#743=EDGE_LOOP('',(#4971,#4972,#4973,#4974));
#744=EDGE_LOOP('',(#4975,#4976,#4977,#4978));
#745=EDGE_LOOP('',(#4979,#4980,#4981,#4982));
#746=EDGE_LOOP('',(#4983,#4984,#4985,#4986));
#747=EDGE_LOOP('',(#4987,#4988,#4989,#4990));
#748=EDGE_LOOP('',(#4991,#4992,#4993,#4994));
#749=EDGE_LOOP('',(#4995,#4996,#4997,#4998));
#750=EDGE_LOOP('',(#4999,#5000,#5001,#5002));
#751=EDGE_LOOP('',(#5003,#5004,#5005,#5006));
#752=EDGE_LOOP('',(#5007,#5008,#5009,#5010));
#753=EDGE_LOOP('',(#5011,#5012,#5013,#5014));
#754=EDGE_LOOP('',(#5015,#5016,#5017,#5018));
#755=EDGE_LOOP('',(#5019,#5020,#5021,#5022));
#756=EDGE_LOOP('',(#5023,#5024,#5025,#5026));
#757=EDGE_LOOP('',(#5027,#5028,#5029,#5030));
#758=EDGE_LOOP('',(#5031,#5032,#5033,#5034));
#759=EDGE_LOOP('',(#5035,#5036,#5037,#5038));
#760=EDGE_LOOP('',(#5039,#5040,#5041,#5042));
#761=EDGE_LOOP('',(#5043,#5044,#5045,#5046));
#762=EDGE_LOOP('',(#5047));
#763=EDGE_LOOP('',(#5048));
#764=EDGE_LOOP('',(#5049,#5050,#5051,#5052));
#765=EDGE_LOOP('',(#5053));
#766=EDGE_LOOP('',(#5054));
#767=EDGE_LOOP('',(#5055,#5056,#5057,#5058));
#768=EDGE_LOOP('',(#5059));
#769=EDGE_LOOP('',(#5060));
#770=EDGE_LOOP('',(#5061,#5062,#5063,#5064));
#771=EDGE_LOOP('',(#5065,#5066,#5067,#5068,#5069,#5070,#5071,#5072,#5073,
#5074,#5075,#5076,#5077,#5078,#5079,#5080,#5081,#5082,#5083,#5084,#5085,
#5086,#5087,#5088,#5089,#5090,#5091,#5092,#5093,#5094,#5095,#5096,#5097,
#5098,#5099,#5100,#5101,#5102,#5103,#5104,#5105,#5106,#5107,#5108,#5109,
#5110,#5111,#5112,#5113,#5114,#5115,#5116,#5117,#5118,#5119,#5120,#5121,
#5122,#5123,#5124,#5125,#5126,#5127,#5128,#5129,#5130,#5131,#5132,#5133,
#5134,#5135,#5136,#5137,#5138,#5139,#5140,#5141,#5142,#5143,#5144));
#772=EDGE_LOOP('',(#5145));
#773=EDGE_LOOP('',(#5146));
#774=EDGE_LOOP('',(#5147));
#775=EDGE_LOOP('',(#5148,#5149,#5150,#5151));
#776=EDGE_LOOP('',(#5152,#5153,#5154,#5155,#5156,#5157,#5158,#5159,#5160,
#5161,#5162,#5163,#5164,#5165,#5166,#5167,#5168,#5169,#5170,#5171,#5172,
#5173,#5174,#5175,#5176,#5177,#5178,#5179,#5180,#5181,#5182,#5183,#5184,
#5185,#5186,#5187,#5188,#5189,#5190,#5191,#5192,#5193,#5194,#5195,#5196,
#5197,#5198,#5199,#5200,#5201,#5202,#5203,#5204,#5205,#5206,#5207,#5208,
#5209,#5210,#5211,#5212,#5213,#5214,#5215,#5216,#5217,#5218,#5219,#5220,
#5221,#5222,#5223,#5224,#5225,#5226,#5227,#5228,#5229,#5230,#5231));
#777=EDGE_LOOP('',(#5232));
#778=EDGE_LOOP('',(#5233));
#779=EDGE_LOOP('',(#5234));
#780=EDGE_LOOP('',(#5235,#5236,#5237,#5238));
#781=EDGE_LOOP('',(#5239,#5240,#5241,#5242));
#782=EDGE_LOOP('',(#5243,#5244,#5245,#5246));
#783=EDGE_LOOP('',(#5247,#5248,#5249,#5250));
#784=EDGE_LOOP('',(#5251,#5252,#5253,#5254));
#785=EDGE_LOOP('',(#5255,#5256,#5257,#5258));
#786=EDGE_LOOP('',(#5259,#5260,#5261,#5262));
#787=EDGE_LOOP('',(#5263,#5264,#5265,#5266));
#788=EDGE_LOOP('',(#5267,#5268,#5269,#5270));
#789=EDGE_LOOP('',(#5271,#5272,#5273,#5274));
#790=EDGE_LOOP('',(#5275,#5276,#5277,#5278));
#791=EDGE_LOOP('',(#5279,#5280,#5281,#5282));
#792=EDGE_LOOP('',(#5283,#5284,#5285,#5286));
#793=EDGE_LOOP('',(#5287,#5288,#5289,#5290));
#794=EDGE_LOOP('',(#5291,#5292,#5293,#5294));
#795=EDGE_LOOP('',(#5295,#5296,#5297,#5298));
#796=EDGE_LOOP('',(#5299,#5300,#5301,#5302));
#797=EDGE_LOOP('',(#5303,#5304,#5305,#5306));
#798=EDGE_LOOP('',(#5307,#5308,#5309,#5310));
#799=EDGE_LOOP('',(#5311,#5312,#5313,#5314));
#800=EDGE_LOOP('',(#5315,#5316,#5317,#5318));
#801=EDGE_LOOP('',(#5319,#5320,#5321,#5322));
#802=EDGE_LOOP('',(#5323,#5324,#5325,#5326));
#803=EDGE_LOOP('',(#5327,#5328,#5329,#5330));
#804=EDGE_LOOP('',(#5331,#5332,#5333,#5334));
#805=EDGE_LOOP('',(#5335,#5336,#5337,#5338));
#806=EDGE_LOOP('',(#5339,#5340,#5341,#5342));
#807=EDGE_LOOP('',(#5343,#5344,#5345,#5346));
#808=EDGE_LOOP('',(#5347,#5348,#5349,#5350));
#809=EDGE_LOOP('',(#5351,#5352,#5353,#5354));
#810=EDGE_LOOP('',(#5355,#5356,#5357,#5358));
#811=EDGE_LOOP('',(#5359,#5360,#5361,#5362));
#812=EDGE_LOOP('',(#5363,#5364,#5365,#5366));
#813=EDGE_LOOP('',(#5367,#5368,#5369,#5370));
#814=EDGE_LOOP('',(#5371,#5372,#5373,#5374));
#815=EDGE_LOOP('',(#5375,#5376,#5377,#5378));
#816=EDGE_LOOP('',(#5379,#5380,#5381,#5382));
#817=EDGE_LOOP('',(#5383,#5384,#5385,#5386));
#818=EDGE_LOOP('',(#5387,#5388,#5389,#5390));
#819=EDGE_LOOP('',(#5391,#5392,#5393,#5394));
#820=EDGE_LOOP('',(#5395,#5396,#5397,#5398));
#821=EDGE_LOOP('',(#5399,#5400,#5401,#5402));
#822=EDGE_LOOP('',(#5403,#5404,#5405,#5406));
#823=EDGE_LOOP('',(#5407,#5408,#5409,#5410));
#824=EDGE_LOOP('',(#5411,#5412,#5413,#5414));
#825=EDGE_LOOP('',(#5415,#5416,#5417,#5418));
#826=EDGE_LOOP('',(#5419,#5420,#5421,#5422));
#827=EDGE_LOOP('',(#5423,#5424,#5425,#5426));
#828=EDGE_LOOP('',(#5427,#5428,#5429,#5430));
#829=EDGE_LOOP('',(#5431,#5432,#5433,#5434));
#830=EDGE_LOOP('',(#5435,#5436,#5437,#5438));
#831=EDGE_LOOP('',(#5439,#5440,#5441,#5442));
#832=EDGE_LOOP('',(#5443,#5444,#5445,#5446));
#833=EDGE_LOOP('',(#5447,#5448,#5449,#5450));
#834=EDGE_LOOP('',(#5451,#5452,#5453,#5454));
#835=EDGE_LOOP('',(#5455,#5456,#5457,#5458));
#836=EDGE_LOOP('',(#5459,#5460,#5461,#5462));
#837=EDGE_LOOP('',(#5463,#5464,#5465,#5466));
#838=EDGE_LOOP('',(#5467,#5468,#5469,#5470));
#839=EDGE_LOOP('',(#5471,#5472,#5473,#5474));
#840=EDGE_LOOP('',(#5475,#5476,#5477,#5478));
#841=EDGE_LOOP('',(#5479,#5480,#5481,#5482));
#842=EDGE_LOOP('',(#5483,#5484,#5485,#5486));
#843=EDGE_LOOP('',(#5487,#5488,#5489,#5490));
#844=EDGE_LOOP('',(#5491,#5492,#5493,#5494));
#845=EDGE_LOOP('',(#5495));
#846=EDGE_LOOP('',(#5496));
#847=EDGE_LOOP('',(#5497,#5498,#5499,#5500));
#848=EDGE_LOOP('',(#5501,#5502,#5503,#5504,#5505,#5506,#5507,#5508,#5509,
#5510,#5511,#5512,#5513,#5514,#5515,#5516,#5517,#5518,#5519,#5520,#5521,
#5522,#5523,#5524,#5525,#5526,#5527,#5528,#5529,#5530,#5531,#5532,#5533,
#5534,#5535,#5536,#5537,#5538,#5539,#5540,#5541,#5542,#5543,#5544,#5545,
#5546,#5547,#5548,#5549,#5550,#5551,#5552,#5553,#5554,#5555,#5556,#5557,
#5558,#5559,#5560,#5561,#5562,#5563,#5564));
#849=EDGE_LOOP('',(#5565));
#850=EDGE_LOOP('',(#5566));
#851=EDGE_LOOP('',(#5567));
#852=EDGE_LOOP('',(#5568,#5569,#5570,#5571));
#853=EDGE_LOOP('',(#5572,#5573,#5574,#5575));
#854=EDGE_LOOP('',(#5576));
#855=EDGE_LOOP('',(#5577));
#856=EDGE_LOOP('',(#5578,#5579,#5580,#5581));
#857=EDGE_LOOP('',(#5582,#5583,#5584,#5585,#5586,#5587,#5588,#5589,#5590,
#5591,#5592,#5593,#5594,#5595,#5596,#5597,#5598,#5599,#5600,#5601,#5602,
#5603,#5604,#5605,#5606,#5607,#5608,#5609,#5610,#5611,#5612,#5613,#5614,
#5615,#5616,#5617,#5618,#5619,#5620,#5621,#5622,#5623,#5624,#5625,#5626,
#5627,#5628,#5629,#5630,#5631,#5632,#5633,#5634,#5635,#5636,#5637,#5638,
#5639,#5640,#5641,#5642,#5643,#5644,#5645));
#858=EDGE_LOOP('',(#5646));
#859=LINE('',#8628,#1447);
#860=LINE('',#8631,#1448);
#861=LINE('',#8634,#1449);
#862=LINE('',#8636,#1450);
#863=LINE('',#8637,#1451);
#864=LINE('',#8643,#1452);
#865=LINE('',#8646,#1453);
#866=LINE('',#8648,#1454);
#867=LINE('',#8649,#1455);
#868=LINE('',#8655,#1456);
#869=LINE('',#8658,#1457);
#870=LINE('',#8660,#1458);
#871=LINE('',#8661,#1459);
#872=LINE('',#8667,#1460);
#873=LINE('',#8670,#1461);
#874=LINE('',#8672,#1462);
#875=LINE('',#8673,#1463);
#876=LINE('',#8679,#1464);
#877=LINE('',#8682,#1465);
#878=LINE('',#8684,#1466);
#879=LINE('',#8685,#1467);
#880=LINE('',#8691,#1468);
#881=LINE('',#8694,#1469);
#882=LINE('',#8696,#1470);
#883=LINE('',#8697,#1471);
#884=LINE('',#8703,#1472);
#885=LINE('',#8706,#1473);
#886=LINE('',#8708,#1474);
#887=LINE('',#8709,#1475);
#888=LINE('',#8715,#1476);
#889=LINE('',#8718,#1477);
#890=LINE('',#8720,#1478);
#891=LINE('',#8721,#1479);
#892=LINE('',#8727,#1480);
#893=LINE('',#8730,#1481);
#894=LINE('',#8732,#1482);
#895=LINE('',#8733,#1483);
#896=LINE('',#8739,#1484);
#897=LINE('',#8742,#1485);
#898=LINE('',#8744,#1486);
#899=LINE('',#8745,#1487);
#900=LINE('',#8751,#1488);
#901=LINE('',#8754,#1489);
#902=LINE('',#8756,#1490);
#903=LINE('',#8757,#1491);
#904=LINE('',#8763,#1492);
#905=LINE('',#8766,#1493);
#906=LINE('',#8768,#1494);
#907=LINE('',#8769,#1495);
#908=LINE('',#8775,#1496);
#909=LINE('',#8778,#1497);
#910=LINE('',#8780,#1498);
#911=LINE('',#8781,#1499);
#912=LINE('',#8787,#1500);
#913=LINE('',#8790,#1501);
#914=LINE('',#8792,#1502);
#915=LINE('',#8793,#1503);
#916=LINE('',#8799,#1504);
#917=LINE('',#8802,#1505);
#918=LINE('',#8804,#1506);
#919=LINE('',#8805,#1507);
#920=LINE('',#8811,#1508);
#921=LINE('',#8814,#1509);
#922=LINE('',#8816,#1510);
#923=LINE('',#8817,#1511);
#924=LINE('',#8823,#1512);
#925=LINE('',#8826,#1513);
#926=LINE('',#8828,#1514);
#927=LINE('',#8829,#1515);
#928=LINE('',#8835,#1516);
#929=LINE('',#8838,#1517);
#930=LINE('',#8840,#1518);
#931=LINE('',#8841,#1519);
#932=LINE('',#8847,#1520);
#933=LINE('',#8850,#1521);
#934=LINE('',#8852,#1522);
#935=LINE('',#8853,#1523);
#936=LINE('',#8859,#1524);
#937=LINE('',#8862,#1525);
#938=LINE('',#8864,#1526);
#939=LINE('',#8865,#1527);
#940=LINE('',#8871,#1528);
#941=LINE('',#8874,#1529);
#942=LINE('',#8876,#1530);
#943=LINE('',#8877,#1531);
#944=LINE('',#8883,#1532);
#945=LINE('',#8886,#1533);
#946=LINE('',#8888,#1534);
#947=LINE('',#8889,#1535);
#948=LINE('',#8895,#1536);
#949=LINE('',#8898,#1537);
#950=LINE('',#8900,#1538);
#951=LINE('',#8901,#1539);
#952=LINE('',#8907,#1540);
#953=LINE('',#8910,#1541);
#954=LINE('',#8912,#1542);
#955=LINE('',#8913,#1543);
#956=LINE('',#8919,#1544);
#957=LINE('',#8922,#1545);
#958=LINE('',#8924,#1546);
#959=LINE('',#8925,#1547);
#960=LINE('',#8931,#1548);
#961=LINE('',#8934,#1549);
#962=LINE('',#8936,#1550);
#963=LINE('',#8937,#1551);
#964=LINE('',#8943,#1552);
#965=LINE('',#8946,#1553);
#966=LINE('',#8948,#1554);
#967=LINE('',#8949,#1555);
#968=LINE('',#8955,#1556);
#969=LINE('',#8958,#1557);
#970=LINE('',#8960,#1558);
#971=LINE('',#8961,#1559);
#972=LINE('',#8967,#1560);
#973=LINE('',#8970,#1561);
#974=LINE('',#8972,#1562);
#975=LINE('',#8973,#1563);
#976=LINE('',#8979,#1564);
#977=LINE('',#8982,#1565);
#978=LINE('',#8984,#1566);
#979=LINE('',#8985,#1567);
#980=LINE('',#8991,#1568);
#981=LINE('',#8994,#1569);
#982=LINE('',#8996,#1570);
#983=LINE('',#8997,#1571);
#984=LINE('',#9003,#1572);
#985=LINE('',#9005,#1573);
#986=LINE('',#9006,#1574);
#987=LINE('',#9011,#1575);
#988=LINE('',#9020,#1576);
#989=LINE('',#9023,#1577);
#990=LINE('',#9026,#1578);
#991=LINE('',#9028,#1579);
#992=LINE('',#9029,#1580);
#993=LINE('',#9035,#1581);
#994=LINE('',#9038,#1582);
#995=LINE('',#9040,#1583);
#996=LINE('',#9041,#1584);
#997=LINE('',#9047,#1585);
#998=LINE('',#9050,#1586);
#999=LINE('',#9052,#1587);
#1000=LINE('',#9053,#1588);
#1001=LINE('',#9059,#1589);
#1002=LINE('',#9062,#1590);
#1003=LINE('',#9064,#1591);
#1004=LINE('',#9065,#1592);
#1005=LINE('',#9071,#1593);
#1006=LINE('',#9074,#1594);
#1007=LINE('',#9076,#1595);
#1008=LINE('',#9077,#1596);
#1009=LINE('',#9083,#1597);
#1010=LINE('',#9086,#1598);
#1011=LINE('',#9088,#1599);
#1012=LINE('',#9089,#1600);
#1013=LINE('',#9095,#1601);
#1014=LINE('',#9098,#1602);
#1015=LINE('',#9100,#1603);
#1016=LINE('',#9101,#1604);
#1017=LINE('',#9107,#1605);
#1018=LINE('',#9110,#1606);
#1019=LINE('',#9112,#1607);
#1020=LINE('',#9113,#1608);
#1021=LINE('',#9119,#1609);
#1022=LINE('',#9122,#1610);
#1023=LINE('',#9124,#1611);
#1024=LINE('',#9125,#1612);
#1025=LINE('',#9131,#1613);
#1026=LINE('',#9134,#1614);
#1027=LINE('',#9136,#1615);
#1028=LINE('',#9137,#1616);
#1029=LINE('',#9143,#1617);
#1030=LINE('',#9146,#1618);
#1031=LINE('',#9148,#1619);
#1032=LINE('',#9149,#1620);
#1033=LINE('',#9155,#1621);
#1034=LINE('',#9158,#1622);
#1035=LINE('',#9160,#1623);
#1036=LINE('',#9161,#1624);
#1037=LINE('',#9167,#1625);
#1038=LINE('',#9170,#1626);
#1039=LINE('',#9172,#1627);
#1040=LINE('',#9173,#1628);
#1041=LINE('',#9179,#1629);
#1042=LINE('',#9182,#1630);
#1043=LINE('',#9184,#1631);
#1044=LINE('',#9185,#1632);
#1045=LINE('',#9191,#1633);
#1046=LINE('',#9194,#1634);
#1047=LINE('',#9196,#1635);
#1048=LINE('',#9197,#1636);
#1049=LINE('',#9203,#1637);
#1050=LINE('',#9206,#1638);
#1051=LINE('',#9208,#1639);
#1052=LINE('',#9209,#1640);
#1053=LINE('',#9215,#1641);
#1054=LINE('',#9218,#1642);
#1055=LINE('',#9220,#1643);
#1056=LINE('',#9221,#1644);
#1057=LINE('',#9227,#1645);
#1058=LINE('',#9230,#1646);
#1059=LINE('',#9232,#1647);
#1060=LINE('',#9233,#1648);
#1061=LINE('',#9239,#1649);
#1062=LINE('',#9242,#1650);
#1063=LINE('',#9244,#1651);
#1064=LINE('',#9245,#1652);
#1065=LINE('',#9251,#1653);
#1066=LINE('',#9254,#1654);
#1067=LINE('',#9256,#1655);
#1068=LINE('',#9257,#1656);
#1069=LINE('',#9263,#1657);
#1070=LINE('',#9266,#1658);
#1071=LINE('',#9268,#1659);
#1072=LINE('',#9269,#1660);
#1073=LINE('',#9275,#1661);
#1074=LINE('',#9278,#1662);
#1075=LINE('',#9280,#1663);
#1076=LINE('',#9281,#1664);
#1077=LINE('',#9287,#1665);
#1078=LINE('',#9290,#1666);
#1079=LINE('',#9292,#1667);
#1080=LINE('',#9293,#1668);
#1081=LINE('',#9299,#1669);
#1082=LINE('',#9302,#1670);
#1083=LINE('',#9304,#1671);
#1084=LINE('',#9305,#1672);
#1085=LINE('',#9311,#1673);
#1086=LINE('',#9314,#1674);
#1087=LINE('',#9316,#1675);
#1088=LINE('',#9317,#1676);
#1089=LINE('',#9323,#1677);
#1090=LINE('',#9326,#1678);
#1091=LINE('',#9328,#1679);
#1092=LINE('',#9329,#1680);
#1093=LINE('',#9335,#1681);
#1094=LINE('',#9338,#1682);
#1095=LINE('',#9340,#1683);
#1096=LINE('',#9341,#1684);
#1097=LINE('',#9347,#1685);
#1098=LINE('',#9350,#1686);
#1099=LINE('',#9352,#1687);
#1100=LINE('',#9353,#1688);
#1101=LINE('',#9359,#1689);
#1102=LINE('',#9362,#1690);
#1103=LINE('',#9364,#1691);
#1104=LINE('',#9365,#1692);
#1105=LINE('',#9371,#1693);
#1106=LINE('',#9374,#1694);
#1107=LINE('',#9376,#1695);
#1108=LINE('',#9377,#1696);
#1109=LINE('',#9383,#1697);
#1110=LINE('',#9386,#1698);
#1111=LINE('',#9388,#1699);
#1112=LINE('',#9389,#1700);
#1113=LINE('',#9395,#1701);
#1114=LINE('',#9398,#1702);
#1115=LINE('',#9400,#1703);
#1116=LINE('',#9401,#1704);
#1117=LINE('',#9407,#1705);
#1118=LINE('',#9410,#1706);
#1119=LINE('',#9412,#1707);
#1120=LINE('',#9413,#1708);
#1121=LINE('',#9419,#1709);
#1122=LINE('',#9422,#1710);
#1123=LINE('',#9424,#1711);
#1124=LINE('',#9425,#1712);
#1125=LINE('',#9431,#1713);
#1126=LINE('',#9434,#1714);
#1127=LINE('',#9436,#1715);
#1128=LINE('',#9437,#1716);
#1129=LINE('',#9443,#1717);
#1130=LINE('',#9446,#1718);
#1131=LINE('',#9448,#1719);
#1132=LINE('',#9449,#1720);
#1133=LINE('',#9455,#1721);
#1134=LINE('',#9458,#1722);
#1135=LINE('',#9460,#1723);
#1136=LINE('',#9461,#1724);
#1137=LINE('',#9467,#1725);
#1138=LINE('',#9470,#1726);
#1139=LINE('',#9472,#1727);
#1140=LINE('',#9473,#1728);
#1141=LINE('',#9479,#1729);
#1142=LINE('',#9482,#1730);
#1143=LINE('',#9484,#1731);
#1144=LINE('',#9485,#1732);
#1145=LINE('',#9491,#1733);
#1146=LINE('',#9493,#1734);
#1147=LINE('',#9494,#1735);
#1148=LINE('',#9499,#1736);
#1149=LINE('',#9509,#1737);
#1150=LINE('',#9512,#1738);
#1151=LINE('',#9515,#1739);
#1152=LINE('',#9517,#1740);
#1153=LINE('',#9518,#1741);
#1154=LINE('',#9524,#1742);
#1155=LINE('',#9527,#1743);
#1156=LINE('',#9529,#1744);
#1157=LINE('',#9530,#1745);
#1158=LINE('',#9536,#1746);
#1159=LINE('',#9539,#1747);
#1160=LINE('',#9541,#1748);
#1161=LINE('',#9542,#1749);
#1162=LINE('',#9545,#1750);
#1163=LINE('',#9547,#1751);
#1164=LINE('',#9548,#1752);
#1165=LINE('',#9553,#1753);
#1166=LINE('',#9559,#1754);
#1167=LINE('',#9566,#1755);
#1168=LINE('',#9569,#1756);
#1169=LINE('',#9572,#1757);
#1170=LINE('',#9574,#1758);
#1171=LINE('',#9575,#1759);
#1172=LINE('',#9581,#1760);
#1173=LINE('',#9584,#1761);
#1174=LINE('',#9586,#1762);
#1175=LINE('',#9587,#1763);
#1176=LINE('',#9593,#1764);
#1177=LINE('',#9596,#1765);
#1178=LINE('',#9598,#1766);
#1179=LINE('',#9599,#1767);
#1180=LINE('',#9602,#1768);
#1181=LINE('',#9604,#1769);
#1182=LINE('',#9605,#1770);
#1183=LINE('',#9610,#1771);
#1184=LINE('',#9616,#1772);
#1185=LINE('',#9623,#1773);
#1186=LINE('',#9626,#1774);
#1187=LINE('',#9629,#1775);
#1188=LINE('',#9631,#1776);
#1189=LINE('',#9632,#1777);
#1190=LINE('',#9638,#1778);
#1191=LINE('',#9641,#1779);
#1192=LINE('',#9643,#1780);
#1193=LINE('',#9644,#1781);
#1194=LINE('',#9650,#1782);
#1195=LINE('',#9653,#1783);
#1196=LINE('',#9655,#1784);
#1197=LINE('',#9656,#1785);
#1198=LINE('',#9659,#1786);
#1199=LINE('',#9661,#1787);
#1200=LINE('',#9662,#1788);
#1201=LINE('',#9667,#1789);
#1202=LINE('',#9673,#1790);
#1203=LINE('',#9680,#1791);
#1204=LINE('',#9683,#1792);
#1205=LINE('',#9686,#1793);
#1206=LINE('',#9688,#1794);
#1207=LINE('',#9689,#1795);
#1208=LINE('',#9695,#1796);
#1209=LINE('',#9698,#1797);
#1210=LINE('',#9700,#1798);
#1211=LINE('',#9701,#1799);
#1212=LINE('',#9707,#1800);
#1213=LINE('',#9709,#1801);
#1214=LINE('',#9710,#1802);
#1215=LINE('',#9712,#1803);
#1216=LINE('',#9713,#1804);
#1217=LINE('',#9719,#1805);
#1218=LINE('',#9722,#1806);
#1219=LINE('',#9725,#1807);
#1220=LINE('',#9727,#1808);
#1221=LINE('',#9728,#1809);
#1222=LINE('',#9734,#1810);
#1223=LINE('',#9737,#1811);
#1224=LINE('',#9739,#1812);
#1225=LINE('',#9740,#1813);
#1226=LINE('',#9746,#1814);
#1227=LINE('',#9749,#1815);
#1228=LINE('',#9751,#1816);
#1229=LINE('',#9752,#1817);
#1230=LINE('',#9755,#1818);
#1231=LINE('',#9757,#1819);
#1232=LINE('',#9758,#1820);
#1233=LINE('',#9763,#1821);
#1234=LINE('',#9769,#1822);
#1235=LINE('',#9776,#1823);
#1236=LINE('',#9779,#1824);
#1237=LINE('',#9782,#1825);
#1238=LINE('',#9784,#1826);
#1239=LINE('',#9785,#1827);
#1240=LINE('',#9791,#1828);
#1241=LINE('',#9794,#1829);
#1242=LINE('',#9796,#1830);
#1243=LINE('',#9797,#1831);
#1244=LINE('',#9803,#1832);
#1245=LINE('',#9805,#1833);
#1246=LINE('',#9806,#1834);
#1247=LINE('',#9809,#1835);
#1248=LINE('',#9811,#1836);
#1249=LINE('',#9812,#1837);
#1250=LINE('',#9817,#1838);
#1251=LINE('',#9824,#1839);
#1252=LINE('',#9827,#1840);
#1253=LINE('',#9830,#1841);
#1254=LINE('',#9832,#1842);
#1255=LINE('',#9833,#1843);
#1256=LINE('',#9839,#1844);
#1257=LINE('',#9842,#1845);
#1258=LINE('',#9844,#1846);
#1259=LINE('',#9845,#1847);
#1260=LINE('',#9851,#1848);
#1261=LINE('',#9853,#1849);
#1262=LINE('',#9854,#1850);
#1263=LINE('',#9856,#1851);
#1264=LINE('',#9857,#1852);
#1265=LINE('',#9863,#1853);
#1266=LINE('',#9866,#1854);
#1267=LINE('',#9869,#1855);
#1268=LINE('',#9871,#1856);
#1269=LINE('',#9872,#1857);
#1270=LINE('',#9878,#1858);
#1271=LINE('',#9881,#1859);
#1272=LINE('',#9883,#1860);
#1273=LINE('',#9884,#1861);
#1274=LINE('',#9890,#1862);
#1275=LINE('',#9892,#1863);
#1276=LINE('',#9893,#1864);
#1277=LINE('',#9896,#1865);
#1278=LINE('',#9898,#1866);
#1279=LINE('',#9899,#1867);
#1280=LINE('',#9904,#1868);
#1281=LINE('',#9911,#1869);
#1282=LINE('',#9914,#1870);
#1283=LINE('',#9917,#1871);
#1284=LINE('',#9919,#1872);
#1285=LINE('',#9920,#1873);
#1286=LINE('',#9926,#1874);
#1287=LINE('',#9929,#1875);
#1288=LINE('',#9931,#1876);
#1289=LINE('',#9932,#1877);
#1290=LINE('',#9938,#1878);
#1291=LINE('',#9940,#1879);
#1292=LINE('',#9941,#1880);
#1293=LINE('',#9943,#1881);
#1294=LINE('',#9944,#1882);
#1295=LINE('',#9950,#1883);
#1296=LINE('',#9953,#1884);
#1297=LINE('',#9956,#1885);
#1298=LINE('',#9958,#1886);
#1299=LINE('',#9959,#1887);
#1300=LINE('',#9965,#1888);
#1301=LINE('',#9968,#1889);
#1302=LINE('',#9970,#1890);
#1303=LINE('',#9971,#1891);
#1304=LINE('',#9977,#1892);
#1305=LINE('',#9979,#1893);
#1306=LINE('',#9980,#1894);
#1307=LINE('',#9982,#1895);
#1308=LINE('',#9983,#1896);
#1309=LINE('',#9988,#1897);
#1310=LINE('',#9995,#1898);
#1311=LINE('',#10004,#1899);
#1312=LINE('',#10013,#1900);
#1313=LINE('',#10018,#1901);
#1314=LINE('',#10030,#1902);
#1315=LINE('',#10033,#1903);
#1316=LINE('',#10036,#1904);
#1317=LINE('',#10038,#1905);
#1318=LINE('',#10039,#1906);
#1319=LINE('',#10045,#1907);
#1320=LINE('',#10048,#1908);
#1321=LINE('',#10050,#1909);
#1322=LINE('',#10051,#1910);
#1323=LINE('',#10057,#1911);
#1324=LINE('',#10060,#1912);
#1325=LINE('',#10062,#1913);
#1326=LINE('',#10063,#1914);
#1327=LINE('',#10066,#1915);
#1328=LINE('',#10068,#1916);
#1329=LINE('',#10069,#1917);
#1330=LINE('',#10074,#1918);
#1331=LINE('',#10080,#1919);
#1332=LINE('',#10087,#1920);
#1333=LINE('',#10090,#1921);
#1334=LINE('',#10093,#1922);
#1335=LINE('',#10095,#1923);
#1336=LINE('',#10096,#1924);
#1337=LINE('',#10102,#1925);
#1338=LINE('',#10105,#1926);
#1339=LINE('',#10107,#1927);
#1340=LINE('',#10108,#1928);
#1341=LINE('',#10114,#1929);
#1342=LINE('',#10116,#1930);
#1343=LINE('',#10117,#1931);
#1344=LINE('',#10120,#1932);
#1345=LINE('',#10122,#1933);
#1346=LINE('',#10123,#1934);
#1347=LINE('',#10128,#1935);
#1348=LINE('',#10135,#1936);
#1349=LINE('',#10138,#1937);
#1350=LINE('',#10141,#1938);
#1351=LINE('',#10143,#1939);
#1352=LINE('',#10144,#1940);
#1353=LINE('',#10150,#1941);
#1354=LINE('',#10153,#1942);
#1355=LINE('',#10155,#1943);
#1356=LINE('',#10156,#1944);
#1357=LINE('',#10162,#1945);
#1358=LINE('',#10164,#1946);
#1359=LINE('',#10165,#1947);
#1360=LINE('',#10168,#1948);
#1361=LINE('',#10170,#1949);
#1362=LINE('',#10171,#1950);
#1363=LINE('',#10176,#1951);
#1364=LINE('',#10183,#1952);
#1365=LINE('',#10186,#1953);
#1366=LINE('',#10189,#1954);
#1367=LINE('',#10191,#1955);
#1368=LINE('',#10192,#1956);
#1369=LINE('',#10198,#1957);
#1370=LINE('',#10201,#1958);
#1371=LINE('',#10203,#1959);
#1372=LINE('',#10204,#1960);
#1373=LINE('',#10210,#1961);
#1374=LINE('',#10212,#1962);
#1375=LINE('',#10213,#1963);
#1376=LINE('',#10216,#1964);
#1377=LINE('',#10218,#1965);
#1378=LINE('',#10219,#1966);
#1379=LINE('',#10224,#1967);
#1380=LINE('',#10231,#1968);
#1381=LINE('',#10234,#1969);
#1382=LINE('',#10237,#1970);
#1383=LINE('',#10239,#1971);
#1384=LINE('',#10240,#1972);
#1385=LINE('',#10246,#1973);
#1386=LINE('',#10249,#1974);
#1387=LINE('',#10251,#1975);
#1388=LINE('',#10252,#1976);
#1389=LINE('',#10258,#1977);
#1390=LINE('',#10260,#1978);
#1391=LINE('',#10261,#1979);
#1392=LINE('',#10264,#1980);
#1393=LINE('',#10266,#1981);
#1394=LINE('',#10267,#1982);
#1395=LINE('',#10272,#1983);
#1396=LINE('',#10279,#1984);
#1397=LINE('',#10282,#1985);
#1398=LINE('',#10285,#1986);
#1399=LINE('',#10287,#1987);
#1400=LINE('',#10288,#1988);
#1401=LINE('',#10294,#1989);
#1402=LINE('',#10297,#1990);
#1403=LINE('',#10299,#1991);
#1404=LINE('',#10300,#1992);
#1405=LINE('',#10306,#1993);
#1406=LINE('',#10308,#1994);
#1407=LINE('',#10309,#1995);
#1408=LINE('',#10312,#1996);
#1409=LINE('',#10314,#1997);
#1410=LINE('',#10315,#1998);
#1411=LINE('',#10320,#1999);
#1412=LINE('',#10327,#2000);
#1413=LINE('',#10330,#2001);
#1414=LINE('',#10333,#2002);
#1415=LINE('',#10335,#2003);
#1416=LINE('',#10336,#2004);
#1417=LINE('',#10342,#2005);
#1418=LINE('',#10345,#2006);
#1419=LINE('',#10347,#2007);
#1420=LINE('',#10348,#2008);
#1421=LINE('',#10354,#2009);
#1422=LINE('',#10356,#2010);
#1423=LINE('',#10357,#2011);
#1424=LINE('',#10360,#2012);
#1425=LINE('',#10362,#2013);
#1426=LINE('',#10363,#2014);
#1427=LINE('',#10368,#2015);
#1428=LINE('',#10375,#2016);
#1429=LINE('',#10378,#2017);
#1430=LINE('',#10381,#2018);
#1431=LINE('',#10383,#2019);
#1432=LINE('',#10384,#2020);
#1433=LINE('',#10390,#2021);
#1434=LINE('',#10393,#2022);
#1435=LINE('',#10395,#2023);
#1436=LINE('',#10396,#2024);
#1437=LINE('',#10402,#2025);
#1438=LINE('',#10404,#2026);
#1439=LINE('',#10405,#2027);
#1440=LINE('',#10407,#2028);
#1441=LINE('',#10408,#2029);
#1442=LINE('',#10413,#2030);
#1443=LINE('',#10422,#2031);
#1444=LINE('',#10429,#2032);
#1445=LINE('',#10432,#2033);
#1446=LINE('',#10438,#2034);
#1447=VECTOR('',#6776,10.);
#1448=VECTOR('',#6779,10.);
#1449=VECTOR('',#6782,10.);
#1450=VECTOR('',#6783,10.);
#1451=VECTOR('',#6784,10.);
#1452=VECTOR('',#6791,10.);
#1453=VECTOR('',#6794,10.);
#1454=VECTOR('',#6795,10.);
#1455=VECTOR('',#6796,10.);
#1456=VECTOR('',#6803,10.);
#1457=VECTOR('',#6806,10.);
#1458=VECTOR('',#6807,10.);
#1459=VECTOR('',#6808,10.);
#1460=VECTOR('',#6815,10.);
#1461=VECTOR('',#6818,10.);
#1462=VECTOR('',#6819,10.);
#1463=VECTOR('',#6820,10.);
#1464=VECTOR('',#6827,10.);
#1465=VECTOR('',#6830,10.);
#1466=VECTOR('',#6831,10.);
#1467=VECTOR('',#6832,10.);
#1468=VECTOR('',#6839,10.);
#1469=VECTOR('',#6842,10.);
#1470=VECTOR('',#6843,10.);
#1471=VECTOR('',#6844,10.);
#1472=VECTOR('',#6851,10.);
#1473=VECTOR('',#6854,10.);
#1474=VECTOR('',#6855,10.);
#1475=VECTOR('',#6856,10.);
#1476=VECTOR('',#6863,10.);
#1477=VECTOR('',#6866,10.);
#1478=VECTOR('',#6867,10.);
#1479=VECTOR('',#6868,10.);
#1480=VECTOR('',#6875,10.);
#1481=VECTOR('',#6878,10.);
#1482=VECTOR('',#6879,10.);
#1483=VECTOR('',#6880,10.);
#1484=VECTOR('',#6887,10.);
#1485=VECTOR('',#6890,10.);
#1486=VECTOR('',#6891,10.);
#1487=VECTOR('',#6892,10.);
#1488=VECTOR('',#6899,10.);
#1489=VECTOR('',#6902,10.);
#1490=VECTOR('',#6903,10.);
#1491=VECTOR('',#6904,10.);
#1492=VECTOR('',#6911,10.);
#1493=VECTOR('',#6914,10.);
#1494=VECTOR('',#6915,10.);
#1495=VECTOR('',#6916,10.);
#1496=VECTOR('',#6923,10.);
#1497=VECTOR('',#6926,10.);
#1498=VECTOR('',#6927,10.);
#1499=VECTOR('',#6928,10.);
#1500=VECTOR('',#6935,10.);
#1501=VECTOR('',#6938,10.);
#1502=VECTOR('',#6939,10.);
#1503=VECTOR('',#6940,10.);
#1504=VECTOR('',#6947,10.);
#1505=VECTOR('',#6950,10.);
#1506=VECTOR('',#6951,10.);
#1507=VECTOR('',#6952,10.);
#1508=VECTOR('',#6959,10.);
#1509=VECTOR('',#6962,10.);
#1510=VECTOR('',#6963,10.);
#1511=VECTOR('',#6964,10.);
#1512=VECTOR('',#6971,10.);
#1513=VECTOR('',#6974,10.);
#1514=VECTOR('',#6975,10.);
#1515=VECTOR('',#6976,10.);
#1516=VECTOR('',#6983,10.);
#1517=VECTOR('',#6986,10.);
#1518=VECTOR('',#6987,10.);
#1519=VECTOR('',#6988,10.);
#1520=VECTOR('',#6995,10.);
#1521=VECTOR('',#6998,10.);
#1522=VECTOR('',#6999,10.);
#1523=VECTOR('',#7000,10.);
#1524=VECTOR('',#7007,10.);
#1525=VECTOR('',#7010,10.);
#1526=VECTOR('',#7011,10.);
#1527=VECTOR('',#7012,10.);
#1528=VECTOR('',#7019,10.);
#1529=VECTOR('',#7022,10.);
#1530=VECTOR('',#7023,10.);
#1531=VECTOR('',#7024,10.);
#1532=VECTOR('',#7031,10.);
#1533=VECTOR('',#7034,10.);
#1534=VECTOR('',#7035,10.);
#1535=VECTOR('',#7036,10.);
#1536=VECTOR('',#7043,10.);
#1537=VECTOR('',#7046,10.);
#1538=VECTOR('',#7047,10.);
#1539=VECTOR('',#7048,10.);
#1540=VECTOR('',#7055,10.);
#1541=VECTOR('',#7058,10.);
#1542=VECTOR('',#7059,10.);
#1543=VECTOR('',#7060,10.);
#1544=VECTOR('',#7067,10.);
#1545=VECTOR('',#7070,10.);
#1546=VECTOR('',#7071,10.);
#1547=VECTOR('',#7072,10.);
#1548=VECTOR('',#7079,10.);
#1549=VECTOR('',#7082,10.);
#1550=VECTOR('',#7083,10.);
#1551=VECTOR('',#7084,10.);
#1552=VECTOR('',#7091,10.);
#1553=VECTOR('',#7094,10.);
#1554=VECTOR('',#7095,10.);
#1555=VECTOR('',#7096,10.);
#1556=VECTOR('',#7103,10.);
#1557=VECTOR('',#7106,10.);
#1558=VECTOR('',#7107,10.);
#1559=VECTOR('',#7108,10.);
#1560=VECTOR('',#7115,10.);
#1561=VECTOR('',#7118,10.);
#1562=VECTOR('',#7119,10.);
#1563=VECTOR('',#7120,10.);
#1564=VECTOR('',#7127,10.);
#1565=VECTOR('',#7130,10.);
#1566=VECTOR('',#7131,10.);
#1567=VECTOR('',#7132,10.);
#1568=VECTOR('',#7139,10.);
#1569=VECTOR('',#7142,10.);
#1570=VECTOR('',#7143,10.);
#1571=VECTOR('',#7144,10.);
#1572=VECTOR('',#7151,10.);
#1573=VECTOR('',#7154,10.);
#1574=VECTOR('',#7155,10.);
#1575=VECTOR('',#7160,12.5);
#1576=VECTOR('',#7171,10.);
#1577=VECTOR('',#7174,10.);
#1578=VECTOR('',#7177,10.);
#1579=VECTOR('',#7178,10.);
#1580=VECTOR('',#7179,10.);
#1581=VECTOR('',#7186,10.);
#1582=VECTOR('',#7189,10.);
#1583=VECTOR('',#7190,10.);
#1584=VECTOR('',#7191,10.);
#1585=VECTOR('',#7198,10.);
#1586=VECTOR('',#7201,10.);
#1587=VECTOR('',#7202,10.);
#1588=VECTOR('',#7203,10.);
#1589=VECTOR('',#7210,10.);
#1590=VECTOR('',#7213,10.);
#1591=VECTOR('',#7214,10.);
#1592=VECTOR('',#7215,10.);
#1593=VECTOR('',#7222,10.);
#1594=VECTOR('',#7225,10.);
#1595=VECTOR('',#7226,10.);
#1596=VECTOR('',#7227,10.);
#1597=VECTOR('',#7234,10.);
#1598=VECTOR('',#7237,10.);
#1599=VECTOR('',#7238,10.);
#1600=VECTOR('',#7239,10.);
#1601=VECTOR('',#7246,10.);
#1602=VECTOR('',#7249,10.);
#1603=VECTOR('',#7250,10.);
#1604=VECTOR('',#7251,10.);
#1605=VECTOR('',#7258,10.);
#1606=VECTOR('',#7261,10.);
#1607=VECTOR('',#7262,10.);
#1608=VECTOR('',#7263,10.);
#1609=VECTOR('',#7270,10.);
#1610=VECTOR('',#7273,10.);
#1611=VECTOR('',#7274,10.);
#1612=VECTOR('',#7275,10.);
#1613=VECTOR('',#7282,10.);
#1614=VECTOR('',#7285,10.);
#1615=VECTOR('',#7286,10.);
#1616=VECTOR('',#7287,10.);
#1617=VECTOR('',#7294,10.);
#1618=VECTOR('',#7297,10.);
#1619=VECTOR('',#7298,10.);
#1620=VECTOR('',#7299,10.);
#1621=VECTOR('',#7306,10.);
#1622=VECTOR('',#7309,10.);
#1623=VECTOR('',#7310,10.);
#1624=VECTOR('',#7311,10.);
#1625=VECTOR('',#7318,10.);
#1626=VECTOR('',#7321,10.);
#1627=VECTOR('',#7322,10.);
#1628=VECTOR('',#7323,10.);
#1629=VECTOR('',#7330,10.);
#1630=VECTOR('',#7333,10.);
#1631=VECTOR('',#7334,10.);
#1632=VECTOR('',#7335,10.);
#1633=VECTOR('',#7342,10.);
#1634=VECTOR('',#7345,10.);
#1635=VECTOR('',#7346,10.);
#1636=VECTOR('',#7347,10.);
#1637=VECTOR('',#7354,10.);
#1638=VECTOR('',#7357,10.);
#1639=VECTOR('',#7358,10.);
#1640=VECTOR('',#7359,10.);
#1641=VECTOR('',#7366,10.);
#1642=VECTOR('',#7369,10.);
#1643=VECTOR('',#7370,10.);
#1644=VECTOR('',#7371,10.);
#1645=VECTOR('',#7378,10.);
#1646=VECTOR('',#7381,10.);
#1647=VECTOR('',#7382,10.);
#1648=VECTOR('',#7383,10.);
#1649=VECTOR('',#7390,10.);
#1650=VECTOR('',#7393,10.);
#1651=VECTOR('',#7394,10.);
#1652=VECTOR('',#7395,10.);
#1653=VECTOR('',#7402,10.);
#1654=VECTOR('',#7405,10.);
#1655=VECTOR('',#7406,10.);
#1656=VECTOR('',#7407,10.);
#1657=VECTOR('',#7414,10.);
#1658=VECTOR('',#7417,10.);
#1659=VECTOR('',#7418,10.);
#1660=VECTOR('',#7419,10.);
#1661=VECTOR('',#7426,10.);
#1662=VECTOR('',#7429,10.);
#1663=VECTOR('',#7430,10.);
#1664=VECTOR('',#7431,10.);
#1665=VECTOR('',#7438,10.);
#1666=VECTOR('',#7441,10.);
#1667=VECTOR('',#7442,10.);
#1668=VECTOR('',#7443,10.);
#1669=VECTOR('',#7450,10.);
#1670=VECTOR('',#7453,10.);
#1671=VECTOR('',#7454,10.);
#1672=VECTOR('',#7455,10.);
#1673=VECTOR('',#7462,10.);
#1674=VECTOR('',#7465,10.);
#1675=VECTOR('',#7466,10.);
#1676=VECTOR('',#7467,10.);
#1677=VECTOR('',#7474,10.);
#1678=VECTOR('',#7477,10.);
#1679=VECTOR('',#7478,10.);
#1680=VECTOR('',#7479,10.);
#1681=VECTOR('',#7486,10.);
#1682=VECTOR('',#7489,10.);
#1683=VECTOR('',#7490,10.);
#1684=VECTOR('',#7491,10.);
#1685=VECTOR('',#7498,10.);
#1686=VECTOR('',#7501,10.);
#1687=VECTOR('',#7502,10.);
#1688=VECTOR('',#7503,10.);
#1689=VECTOR('',#7510,10.);
#1690=VECTOR('',#7513,10.);
#1691=VECTOR('',#7514,10.);
#1692=VECTOR('',#7515,10.);
#1693=VECTOR('',#7522,10.);
#1694=VECTOR('',#7525,10.);
#1695=VECTOR('',#7526,10.);
#1696=VECTOR('',#7527,10.);
#1697=VECTOR('',#7534,10.);
#1698=VECTOR('',#7537,10.);
#1699=VECTOR('',#7538,10.);
#1700=VECTOR('',#7539,10.);
#1701=VECTOR('',#7546,10.);
#1702=VECTOR('',#7549,10.);
#1703=VECTOR('',#7550,10.);
#1704=VECTOR('',#7551,10.);
#1705=VECTOR('',#7558,10.);
#1706=VECTOR('',#7561,10.);
#1707=VECTOR('',#7562,10.);
#1708=VECTOR('',#7563,10.);
#1709=VECTOR('',#7570,10.);
#1710=VECTOR('',#7573,10.);
#1711=VECTOR('',#7574,10.);
#1712=VECTOR('',#7575,10.);
#1713=VECTOR('',#7582,10.);
#1714=VECTOR('',#7585,10.);
#1715=VECTOR('',#7586,10.);
#1716=VECTOR('',#7587,10.);
#1717=VECTOR('',#7594,10.);
#1718=VECTOR('',#7597,10.);
#1719=VECTOR('',#7598,10.);
#1720=VECTOR('',#7599,10.);
#1721=VECTOR('',#7606,10.);
#1722=VECTOR('',#7609,10.);
#1723=VECTOR('',#7610,10.);
#1724=VECTOR('',#7611,10.);
#1725=VECTOR('',#7618,10.);
#1726=VECTOR('',#7621,10.);
#1727=VECTOR('',#7622,10.);
#1728=VECTOR('',#7623,10.);
#1729=VECTOR('',#7630,10.);
#1730=VECTOR('',#7633,10.);
#1731=VECTOR('',#7634,10.);
#1732=VECTOR('',#7635,10.);
#1733=VECTOR('',#7642,10.);
#1734=VECTOR('',#7645,10.);
#1735=VECTOR('',#7646,10.);
#1736=VECTOR('',#7651,15.75);
#1737=VECTOR('',#7664,10.);
#1738=VECTOR('',#7667,10.);
#1739=VECTOR('',#7670,10.);
#1740=VECTOR('',#7671,10.);
#1741=VECTOR('',#7672,10.);
#1742=VECTOR('',#7679,10.);
#1743=VECTOR('',#7682,10.);
#1744=VECTOR('',#7683,10.);
#1745=VECTOR('',#7684,10.);
#1746=VECTOR('',#7691,10.);
#1747=VECTOR('',#7694,10.);
#1748=VECTOR('',#7695,10.);
#1749=VECTOR('',#7696,10.);
#1750=VECTOR('',#7699,10.);
#1751=VECTOR('',#7700,10.);
#1752=VECTOR('',#7701,10.);
#1753=VECTOR('',#7706,10.);
#1754=VECTOR('',#7713,10.);
#1755=VECTOR('',#7720,10.);
#1756=VECTOR('',#7723,10.);
#1757=VECTOR('',#7726,10.);
#1758=VECTOR('',#7727,10.);
#1759=VECTOR('',#7728,10.);
#1760=VECTOR('',#7735,10.);
#1761=VECTOR('',#7738,10.);
#1762=VECTOR('',#7739,10.);
#1763=VECTOR('',#7740,10.);
#1764=VECTOR('',#7747,10.);
#1765=VECTOR('',#7750,10.);
#1766=VECTOR('',#7751,10.);
#1767=VECTOR('',#7752,10.);
#1768=VECTOR('',#7755,10.);
#1769=VECTOR('',#7756,10.);
#1770=VECTOR('',#7757,10.);
#1771=VECTOR('',#7762,10.);
#1772=VECTOR('',#7769,10.);
#1773=VECTOR('',#7776,10.);
#1774=VECTOR('',#7779,10.);
#1775=VECTOR('',#7782,10.);
#1776=VECTOR('',#7783,10.);
#1777=VECTOR('',#7784,10.);
#1778=VECTOR('',#7791,10.);
#1779=VECTOR('',#7794,10.);
#1780=VECTOR('',#7795,10.);
#1781=VECTOR('',#7796,10.);
#1782=VECTOR('',#7803,10.);
#1783=VECTOR('',#7806,10.);
#1784=VECTOR('',#7807,10.);
#1785=VECTOR('',#7808,10.);
#1786=VECTOR('',#7811,10.);
#1787=VECTOR('',#7812,10.);
#1788=VECTOR('',#7813,10.);
#1789=VECTOR('',#7818,10.);
#1790=VECTOR('',#7825,10.);
#1791=VECTOR('',#7832,10.);
#1792=VECTOR('',#7835,10.);
#1793=VECTOR('',#7838,10.);
#1794=VECTOR('',#7839,10.);
#1795=VECTOR('',#7840,10.);
#1796=VECTOR('',#7847,10.);
#1797=VECTOR('',#7850,10.);
#1798=VECTOR('',#7851,10.);
#1799=VECTOR('',#7852,10.);
#1800=VECTOR('',#7859,10.);
#1801=VECTOR('',#7862,10.);
#1802=VECTOR('',#7863,10.);
#1803=VECTOR('',#7866,10.);
#1804=VECTOR('',#7867,10.);
#1805=VECTOR('',#7872,10.);
#1806=VECTOR('',#7875,10.);
#1807=VECTOR('',#7878,10.);
#1808=VECTOR('',#7879,10.);
#1809=VECTOR('',#7880,10.);
#1810=VECTOR('',#7887,10.);
#1811=VECTOR('',#7890,10.);
#1812=VECTOR('',#7891,10.);
#1813=VECTOR('',#7892,10.);
#1814=VECTOR('',#7899,10.);
#1815=VECTOR('',#7902,10.);
#1816=VECTOR('',#7903,10.);
#1817=VECTOR('',#7904,10.);
#1818=VECTOR('',#7907,10.);
#1819=VECTOR('',#7908,10.);
#1820=VECTOR('',#7909,10.);
#1821=VECTOR('',#7914,10.);
#1822=VECTOR('',#7921,10.);
#1823=VECTOR('',#7928,10.);
#1824=VECTOR('',#7931,10.);
#1825=VECTOR('',#7934,10.);
#1826=VECTOR('',#7935,10.);
#1827=VECTOR('',#7936,10.);
#1828=VECTOR('',#7943,10.);
#1829=VECTOR('',#7946,10.);
#1830=VECTOR('',#7947,10.);
#1831=VECTOR('',#7948,10.);
#1832=VECTOR('',#7955,10.);
#1833=VECTOR('',#7958,10.);
#1834=VECTOR('',#7959,10.);
#1835=VECTOR('',#7962,10.);
#1836=VECTOR('',#7963,10.);
#1837=VECTOR('',#7964,10.);
#1838=VECTOR('',#7969,10.);
#1839=VECTOR('',#7976,10.);
#1840=VECTOR('',#7979,10.);
#1841=VECTOR('',#7982,10.);
#1842=VECTOR('',#7983,10.);
#1843=VECTOR('',#7984,10.);
#1844=VECTOR('',#7991,10.);
#1845=VECTOR('',#7994,10.);
#1846=VECTOR('',#7995,10.);
#1847=VECTOR('',#7996,10.);
#1848=VECTOR('',#8003,10.);
#1849=VECTOR('',#8006,10.);
#1850=VECTOR('',#8007,10.);
#1851=VECTOR('',#8010,10.);
#1852=VECTOR('',#8011,10.);
#1853=VECTOR('',#8016,10.);
#1854=VECTOR('',#8019,10.);
#1855=VECTOR('',#8022,10.);
#1856=VECTOR('',#8023,10.);
#1857=VECTOR('',#8024,10.);
#1858=VECTOR('',#8031,10.);
#1859=VECTOR('',#8034,10.);
#1860=VECTOR('',#8035,10.);
#1861=VECTOR('',#8036,10.);
#1862=VECTOR('',#8043,10.);
#1863=VECTOR('',#8046,10.);
#1864=VECTOR('',#8047,10.);
#1865=VECTOR('',#8050,10.);
#1866=VECTOR('',#8051,10.);
#1867=VECTOR('',#8052,10.);
#1868=VECTOR('',#8057,10.);
#1869=VECTOR('',#8064,10.);
#1870=VECTOR('',#8067,10.);
#1871=VECTOR('',#8070,10.);
#1872=VECTOR('',#8071,10.);
#1873=VECTOR('',#8072,10.);
#1874=VECTOR('',#8079,10.);
#1875=VECTOR('',#8082,10.);
#1876=VECTOR('',#8083,10.);
#1877=VECTOR('',#8084,10.);
#1878=VECTOR('',#8091,10.);
#1879=VECTOR('',#8094,10.);
#1880=VECTOR('',#8095,10.);
#1881=VECTOR('',#8098,10.);
#1882=VECTOR('',#8099,10.);
#1883=VECTOR('',#8104,10.);
#1884=VECTOR('',#8107,10.);
#1885=VECTOR('',#8110,10.);
#1886=VECTOR('',#8111,10.);
#1887=VECTOR('',#8112,10.);
#1888=VECTOR('',#8119,10.);
#1889=VECTOR('',#8122,10.);
#1890=VECTOR('',#8123,10.);
#1891=VECTOR('',#8124,10.);
#1892=VECTOR('',#8131,10.);
#1893=VECTOR('',#8134,10.);
#1894=VECTOR('',#8135,10.);
#1895=VECTOR('',#8138,10.);
#1896=VECTOR('',#8139,10.);
#1897=VECTOR('',#8144,6.);
#1898=VECTOR('',#8153,4.);
#1899=VECTOR('',#8164,4.);
#1900=VECTOR('',#8175,7.);
#1901=VECTOR('',#8184,2.5);
#1902=VECTOR('',#8197,10.);
#1903=VECTOR('',#8200,10.);
#1904=VECTOR('',#8203,10.);
#1905=VECTOR('',#8204,10.);
#1906=VECTOR('',#8205,10.);
#1907=VECTOR('',#8212,10.);
#1908=VECTOR('',#8215,10.);
#1909=VECTOR('',#8216,10.);
#1910=VECTOR('',#8217,10.);
#1911=VECTOR('',#8224,10.);
#1912=VECTOR('',#8227,10.);
#1913=VECTOR('',#8228,10.);
#1914=VECTOR('',#8229,10.);
#1915=VECTOR('',#8232,10.);
#1916=VECTOR('',#8233,10.);
#1917=VECTOR('',#8234,10.);
#1918=VECTOR('',#8239,10.);
#1919=VECTOR('',#8246,10.);
#1920=VECTOR('',#8253,10.);
#1921=VECTOR('',#8256,10.);
#1922=VECTOR('',#8259,10.);
#1923=VECTOR('',#8260,10.);
#1924=VECTOR('',#8261,10.);
#1925=VECTOR('',#8268,10.);
#1926=VECTOR('',#8271,10.);
#1927=VECTOR('',#8272,10.);
#1928=VECTOR('',#8273,10.);
#1929=VECTOR('',#8280,10.);
#1930=VECTOR('',#8283,10.);
#1931=VECTOR('',#8284,10.);
#1932=VECTOR('',#8287,10.);
#1933=VECTOR('',#8288,10.);
#1934=VECTOR('',#8289,10.);
#1935=VECTOR('',#8294,10.);
#1936=VECTOR('',#8301,10.);
#1937=VECTOR('',#8304,10.);
#1938=VECTOR('',#8307,10.);
#1939=VECTOR('',#8308,10.);
#1940=VECTOR('',#8309,10.);
#1941=VECTOR('',#8316,10.);
#1942=VECTOR('',#8319,10.);
#1943=VECTOR('',#8320,10.);
#1944=VECTOR('',#8321,10.);
#1945=VECTOR('',#8328,10.);
#1946=VECTOR('',#8331,10.);
#1947=VECTOR('',#8332,10.);
#1948=VECTOR('',#8335,10.);
#1949=VECTOR('',#8336,10.);
#1950=VECTOR('',#8337,10.);
#1951=VECTOR('',#8342,10.);
#1952=VECTOR('',#8349,10.);
#1953=VECTOR('',#8352,10.);
#1954=VECTOR('',#8355,10.);
#1955=VECTOR('',#8356,10.);
#1956=VECTOR('',#8357,10.);
#1957=VECTOR('',#8364,10.);
#1958=VECTOR('',#8367,10.);
#1959=VECTOR('',#8368,10.);
#1960=VECTOR('',#8369,10.);
#1961=VECTOR('',#8376,10.);
#1962=VECTOR('',#8379,10.);
#1963=VECTOR('',#8380,10.);
#1964=VECTOR('',#8383,10.);
#1965=VECTOR('',#8384,10.);
#1966=VECTOR('',#8385,10.);
#1967=VECTOR('',#8390,10.);
#1968=VECTOR('',#8397,10.);
#1969=VECTOR('',#8400,10.);
#1970=VECTOR('',#8403,10.);
#1971=VECTOR('',#8404,10.);
#1972=VECTOR('',#8405,10.);
#1973=VECTOR('',#8412,10.);
#1974=VECTOR('',#8415,10.);
#1975=VECTOR('',#8416,10.);
#1976=VECTOR('',#8417,10.);
#1977=VECTOR('',#8424,10.);
#1978=VECTOR('',#8427,10.);
#1979=VECTOR('',#8428,10.);
#1980=VECTOR('',#8431,10.);
#1981=VECTOR('',#8432,10.);
#1982=VECTOR('',#8433,10.);
#1983=VECTOR('',#8438,10.);
#1984=VECTOR('',#8445,10.);
#1985=VECTOR('',#8448,10.);
#1986=VECTOR('',#8451,10.);
#1987=VECTOR('',#8452,10.);
#1988=VECTOR('',#8453,10.);
#1989=VECTOR('',#8460,10.);
#1990=VECTOR('',#8463,10.);
#1991=VECTOR('',#8464,10.);
#1992=VECTOR('',#8465,10.);
#1993=VECTOR('',#8472,10.);
#1994=VECTOR('',#8475,10.);
#1995=VECTOR('',#8476,10.);
#1996=VECTOR('',#8479,10.);
#1997=VECTOR('',#8480,10.);
#1998=VECTOR('',#8481,10.);
#1999=VECTOR('',#8486,10.);
#2000=VECTOR('',#8493,10.);
#2001=VECTOR('',#8496,10.);
#2002=VECTOR('',#8499,10.);
#2003=VECTOR('',#8500,10.);
#2004=VECTOR('',#8501,10.);
#2005=VECTOR('',#8508,10.);
#2006=VECTOR('',#8511,10.);
#2007=VECTOR('',#8512,10.);
#2008=VECTOR('',#8513,10.);
#2009=VECTOR('',#8520,10.);
#2010=VECTOR('',#8523,10.);
#2011=VECTOR('',#8524,10.);
#2012=VECTOR('',#8527,10.);
#2013=VECTOR('',#8528,10.);
#2014=VECTOR('',#8529,10.);
#2015=VECTOR('',#8534,10.);
#2016=VECTOR('',#8541,10.);
#2017=VECTOR('',#8544,10.);
#2018=VECTOR('',#8547,10.);
#2019=VECTOR('',#8548,10.);
#2020=VECTOR('',#8549,10.);
#2021=VECTOR('',#8556,10.);
#2022=VECTOR('',#8559,10.);
#2023=VECTOR('',#8560,10.);
#2024=VECTOR('',#8561,10.);
#2025=VECTOR('',#8568,10.);
#2026=VECTOR('',#8571,10.);
#2027=VECTOR('',#8572,10.);
#2028=VECTOR('',#8575,10.);
#2029=VECTOR('',#8576,10.);
#2030=VECTOR('',#8581,6.);
#2031=VECTOR('',#8592,7.);
#2032=VECTOR('',#8603,4.);
#2033=VECTOR('',#8606,4.);
#2034=VECTOR('',#8615,2.5);
#2035=CIRCLE('',#6137,10.2);
#2036=CIRCLE('',#6138,10.2);
#2037=CIRCLE('',#6141,8.8);
#2038=CIRCLE('',#6142,8.8);
#2039=CIRCLE('',#6145,10.2);
#2040=CIRCLE('',#6146,10.2);
#2041=CIRCLE('',#6149,11.);
#2042=CIRCLE('',#6150,11.);
#2043=CIRCLE('',#6153,10.2);
#2044=CIRCLE('',#6154,10.2);
#2045=CIRCLE('',#6157,8.8);
#2046=CIRCLE('',#6158,8.8);
#2047=CIRCLE('',#6161,10.2);
#2048=CIRCLE('',#6162,10.2);
#2049=CIRCLE('',#6165,11.);
#2050=CIRCLE('',#6166,11.);
#2051=CIRCLE('',#6169,10.2);
#2052=CIRCLE('',#6170,10.2);
#2053=CIRCLE('',#6173,8.8);
#2054=CIRCLE('',#6174,8.8);
#2055=CIRCLE('',#6177,10.2);
#2056=CIRCLE('',#6178,10.2);
#2057=CIRCLE('',#6181,11.);
#2058=CIRCLE('',#6182,11.);
#2059=CIRCLE('',#6185,10.2);
#2060=CIRCLE('',#6186,10.2);
#2061=CIRCLE('',#6189,8.8);
#2062=CIRCLE('',#6190,8.8);
#2063=CIRCLE('',#6193,10.2);
#2064=CIRCLE('',#6194,10.2);
#2065=CIRCLE('',#6197,11.);
#2066=CIRCLE('',#6198,11.);
#2067=CIRCLE('',#6201,10.2);
#2068=CIRCLE('',#6202,10.2);
#2069=CIRCLE('',#6205,8.8);
#2070=CIRCLE('',#6206,8.8);
#2071=CIRCLE('',#6209,10.2);
#2072=CIRCLE('',#6210,10.2);
#2073=CIRCLE('',#6213,11.);
#2074=CIRCLE('',#6214,11.);
#2075=CIRCLE('',#6217,10.2);
#2076=CIRCLE('',#6218,10.2);
#2077=CIRCLE('',#6221,8.8);
#2078=CIRCLE('',#6222,8.8);
#2079=CIRCLE('',#6225,10.2);
#2080=CIRCLE('',#6226,10.2);
#2081=CIRCLE('',#6229,11.);
#2082=CIRCLE('',#6230,11.);
#2083=CIRCLE('',#6233,10.2);
#2084=CIRCLE('',#6234,10.2);
#2085=CIRCLE('',#6237,8.8);
#2086=CIRCLE('',#6238,8.8);
#2087=CIRCLE('',#6241,10.2);
#2088=CIRCLE('',#6242,10.2);
#2089=CIRCLE('',#6245,11.);
#2090=CIRCLE('',#6246,11.);
#2091=CIRCLE('',#6249,10.2);
#2092=CIRCLE('',#6250,10.2);
#2093=CIRCLE('',#6253,8.8);
#2094=CIRCLE('',#6254,8.8);
#2095=CIRCLE('',#6257,10.2);
#2096=CIRCLE('',#6258,10.2);
#2097=CIRCLE('',#6261,11.);
#2098=CIRCLE('',#6262,11.);
#2099=CIRCLE('',#6265,12.5);
#2100=CIRCLE('',#6266,12.5);
#2101=CIRCLE('',#6270,13.023104931249);
#2102=CIRCLE('',#6271,13.023104931249);
#2103=CIRCLE('',#6274,10.823104931249);
#2104=CIRCLE('',#6275,10.823104931249);
#2105=CIRCLE('',#6278,13.023104931249);
#2106=CIRCLE('',#6279,13.023104931249);
#2107=CIRCLE('',#6282,13.823104931249);
#2108=CIRCLE('',#6283,13.823104931249);
#2109=CIRCLE('',#6286,13.023104931249);
#2110=CIRCLE('',#6287,13.023104931249);
#2111=CIRCLE('',#6290,10.823104931249);
#2112=CIRCLE('',#6291,10.823104931249);
#2113=CIRCLE('',#6294,13.023104931249);
#2114=CIRCLE('',#6295,13.023104931249);
#2115=CIRCLE('',#6298,13.823104931249);
#2116=CIRCLE('',#6299,13.823104931249);
#2117=CIRCLE('',#6302,13.023104931249);
#2118=CIRCLE('',#6303,13.023104931249);
#2119=CIRCLE('',#6306,10.823104931249);
#2120=CIRCLE('',#6307,10.823104931249);
#2121=CIRCLE('',#6310,13.023104931249);
#2122=CIRCLE('',#6311,13.023104931249);
#2123=CIRCLE('',#6314,13.823104931249);
#2124=CIRCLE('',#6315,13.823104931249);
#2125=CIRCLE('',#6318,13.023104931249);
#2126=CIRCLE('',#6319,13.023104931249);
#2127=CIRCLE('',#6322,10.823104931249);
#2128=CIRCLE('',#6323,10.823104931249);
#2129=CIRCLE('',#6326,13.023104931249);
#2130=CIRCLE('',#6327,13.023104931249);
#2131=CIRCLE('',#6330,13.823104931249);
#2132=CIRCLE('',#6331,13.823104931249);
#2133=CIRCLE('',#6334,13.023104931249);
#2134=CIRCLE('',#6335,13.023104931249);
#2135=CIRCLE('',#6338,10.823104931249);
#2136=CIRCLE('',#6339,10.823104931249);
#2137=CIRCLE('',#6342,13.023104931249);
#2138=CIRCLE('',#6343,13.023104931249);
#2139=CIRCLE('',#6346,13.823104931249);
#2140=CIRCLE('',#6347,13.823104931249);
#2141=CIRCLE('',#6350,13.023104931249);
#2142=CIRCLE('',#6351,13.023104931249);
#2143=CIRCLE('',#6354,10.823104931249);
#2144=CIRCLE('',#6355,10.823104931249);
#2145=CIRCLE('',#6358,13.023104931249);
#2146=CIRCLE('',#6359,13.023104931249);
#2147=CIRCLE('',#6362,13.823104931249);
#2148=CIRCLE('',#6363,13.823104931249);
#2149=CIRCLE('',#6366,13.023104931249);
#2150=CIRCLE('',#6367,13.023104931249);
#2151=CIRCLE('',#6370,10.823104931249);
#2152=CIRCLE('',#6371,10.823104931249);
#2153=CIRCLE('',#6374,13.023104931249);
#2154=CIRCLE('',#6375,13.023104931249);
#2155=CIRCLE('',#6378,13.823104931249);
#2156=CIRCLE('',#6379,13.823104931249);
#2157=CIRCLE('',#6382,13.023104931249);
#2158=CIRCLE('',#6383,13.023104931249);
#2159=CIRCLE('',#6386,10.823104931249);
#2160=CIRCLE('',#6387,10.823104931249);
#2161=CIRCLE('',#6390,13.023104931249);
#2162=CIRCLE('',#6391,13.023104931249);
#2163=CIRCLE('',#6394,13.823104931249);
#2164=CIRCLE('',#6395,13.823104931249);
#2165=CIRCLE('',#6398,13.023104931249);
#2166=CIRCLE('',#6399,13.023104931249);
#2167=CIRCLE('',#6402,10.823104931249);
#2168=CIRCLE('',#6403,10.823104931249);
#2169=CIRCLE('',#6406,13.023104931249);
#2170=CIRCLE('',#6407,13.023104931249);
#2171=CIRCLE('',#6410,13.823104931249);
#2172=CIRCLE('',#6411,13.823104931249);
#2173=CIRCLE('',#6414,13.023104931249);
#2174=CIRCLE('',#6415,13.023104931249);
#2175=CIRCLE('',#6418,10.823104931249);
#2176=CIRCLE('',#6419,10.823104931249);
#2177=CIRCLE('',#6422,13.023104931249);
#2178=CIRCLE('',#6423,13.023104931249);
#2179=CIRCLE('',#6426,13.823104931249);
#2180=CIRCLE('',#6427,13.823104931249);
#2181=CIRCLE('',#6430,15.75);
#2182=CIRCLE('',#6431,15.75);
#2183=CIRCLE('',#6436,13.023104931249);
#2184=CIRCLE('',#6437,13.023104931249);
#2185=CIRCLE('',#6440,13.823104931249);
#2186=CIRCLE('',#6441,13.823104931249);
#2187=CIRCLE('',#6444,13.023104931249);
#2188=CIRCLE('',#6445,13.023104931249);
#2189=CIRCLE('',#6449,10.823104931249);
#2190=CIRCLE('',#6450,10.823104931249);
#2191=CIRCLE('',#6452,10.823104931249);
#2192=CIRCLE('',#6453,10.823104931249);
#2193=CIRCLE('',#6455,13.023104931249);
#2194=CIRCLE('',#6456,13.023104931249);
#2195=CIRCLE('',#6459,13.823104931249);
#2196=CIRCLE('',#6460,13.823104931249);
#2197=CIRCLE('',#6463,13.023104931249);
#2198=CIRCLE('',#6464,13.023104931249);
#2199=CIRCLE('',#6468,10.823104931249);
#2200=CIRCLE('',#6469,10.823104931249);
#2201=CIRCLE('',#6471,10.823104931249);
#2202=CIRCLE('',#6472,10.823104931249);
#2203=CIRCLE('',#6474,13.023104931249);
#2204=CIRCLE('',#6475,13.023104931249);
#2205=CIRCLE('',#6478,13.823104931249);
#2206=CIRCLE('',#6479,13.823104931249);
#2207=CIRCLE('',#6482,13.023104931249);
#2208=CIRCLE('',#6483,13.023104931249);
#2209=CIRCLE('',#6487,10.823104931249);
#2210=CIRCLE('',#6488,10.823104931249);
#2211=CIRCLE('',#6490,10.823104931249);
#2212=CIRCLE('',#6491,10.823104931249);
#2213=CIRCLE('',#6493,13.023104931249);
#2214=CIRCLE('',#6494,13.023104931249);
#2215=CIRCLE('',#6497,13.823104931249);
#2216=CIRCLE('',#6498,13.823104931249);
#2217=CIRCLE('',#6501,13.023104931249);
#2218=CIRCLE('',#6502,13.023104931249);
#2219=CIRCLE('',#6506,13.023104931249);
#2220=CIRCLE('',#6507,13.023104931249);
#2221=CIRCLE('',#6510,13.823104931249);
#2222=CIRCLE('',#6511,13.823104931249);
#2223=CIRCLE('',#6514,13.023104931249);
#2224=CIRCLE('',#6515,13.023104931249);
#2225=CIRCLE('',#6519,10.823104931249);
#2226=CIRCLE('',#6520,10.823104931249);
#2227=CIRCLE('',#6522,10.823104931249);
#2228=CIRCLE('',#6523,10.823104931249);
#2229=CIRCLE('',#6525,13.023104931249);
#2230=CIRCLE('',#6526,13.023104931249);
#2231=CIRCLE('',#6529,13.823104931249);
#2232=CIRCLE('',#6530,13.823104931249);
#2233=CIRCLE('',#6533,13.023104931249);
#2234=CIRCLE('',#6534,13.023104931249);
#2235=CIRCLE('',#6538,10.823104931249);
#2236=CIRCLE('',#6539,10.823104931249);
#2237=CIRCLE('',#6541,13.023104931249);
#2238=CIRCLE('',#6542,13.023104931249);
#2239=CIRCLE('',#6545,13.823104931249);
#2240=CIRCLE('',#6546,13.823104931249);
#2241=CIRCLE('',#6549,13.023104931249);
#2242=CIRCLE('',#6550,13.023104931249);
#2243=CIRCLE('',#6554,13.023104931249);
#2244=CIRCLE('',#6555,13.023104931249);
#2245=CIRCLE('',#6558,13.823104931249);
#2246=CIRCLE('',#6559,13.823104931249);
#2247=CIRCLE('',#6562,13.023104931249);
#2248=CIRCLE('',#6563,13.023104931249);
#2249=CIRCLE('',#6567,10.823104931249);
#2250=CIRCLE('',#6568,10.823104931249);
#2251=CIRCLE('',#6570,13.023104931249);
#2252=CIRCLE('',#6571,13.023104931249);
#2253=CIRCLE('',#6574,13.823104931249);
#2254=CIRCLE('',#6575,13.823104931249);
#2255=CIRCLE('',#6578,13.023104931249);
#2256=CIRCLE('',#6579,13.023104931249);
#2257=CIRCLE('',#6583,13.023104931249);
#2258=CIRCLE('',#6584,13.023104931249);
#2259=CIRCLE('',#6587,13.823104931249);
#2260=CIRCLE('',#6588,13.823104931249);
#2261=CIRCLE('',#6591,13.023104931249);
#2262=CIRCLE('',#6592,13.023104931249);
#2263=CIRCLE('',#6596,6.);
#2264=CIRCLE('',#6597,6.);
#2265=CIRCLE('',#6599,4.);
#2266=CIRCLE('',#6601,4.);
#2267=CIRCLE('',#6603,3.2);
#2268=CIRCLE('',#6605,4.);
#2269=CIRCLE('',#6606,4.);
#2270=CIRCLE('',#6608,3.2);
#2271=CIRCLE('',#6610,8.);
#2272=CIRCLE('',#6611,6.);
#2273=CIRCLE('',#6617,4.);
#2274=CIRCLE('',#6618,3.2);
#2275=CIRCLE('',#6620,10.2);
#2276=CIRCLE('',#6621,10.2);
#2277=CIRCLE('',#6624,11.);
#2278=CIRCLE('',#6625,11.);
#2279=CIRCLE('',#6628,10.2);
#2280=CIRCLE('',#6629,10.2);
#2281=CIRCLE('',#6633,8.8);
#2282=CIRCLE('',#6634,8.8);
#2283=CIRCLE('',#6636,8.8);
#2284=CIRCLE('',#6637,8.8);
#2285=CIRCLE('',#6639,10.2);
#2286=CIRCLE('',#6640,10.2);
#2287=CIRCLE('',#6643,11.);
#2288=CIRCLE('',#6644,11.);
#2289=CIRCLE('',#6647,10.2);
#2290=CIRCLE('',#6648,10.2);
#2291=CIRCLE('',#6652,8.8);
#2292=CIRCLE('',#6653,8.8);
#2293=CIRCLE('',#6655,10.2);
#2294=CIRCLE('',#6656,10.2);
#2295=CIRCLE('',#6659,11.);
#2296=CIRCLE('',#6660,11.);
#2297=CIRCLE('',#6663,10.2);
#2298=CIRCLE('',#6664,10.2);
#2299=CIRCLE('',#6668,8.8);
#2300=CIRCLE('',#6669,8.8);
#2301=CIRCLE('',#6671,10.2);
#2302=CIRCLE('',#6672,10.2);
#2303=CIRCLE('',#6675,11.);
#2304=CIRCLE('',#6676,11.);
#2305=CIRCLE('',#6679,10.2);
#2306=CIRCLE('',#6680,10.2);
#2307=CIRCLE('',#6684,8.8);
#2308=CIRCLE('',#6685,8.8);
#2309=CIRCLE('',#6687,10.2);
#2310=CIRCLE('',#6688,10.2);
#2311=CIRCLE('',#6691,11.);
#2312=CIRCLE('',#6692,11.);
#2313=CIRCLE('',#6695,10.2);
#2314=CIRCLE('',#6696,10.2);
#2315=CIRCLE('',#6700,8.8);
#2316=CIRCLE('',#6701,8.8);
#2317=CIRCLE('',#6703,10.2);
#2318=CIRCLE('',#6704,10.2);
#2319=CIRCLE('',#6707,11.);
#2320=CIRCLE('',#6708,11.);
#2321=CIRCLE('',#6711,10.2);
#2322=CIRCLE('',#6712,10.2);
#2323=CIRCLE('',#6716,8.8);
#2324=CIRCLE('',#6717,8.8);
#2325=CIRCLE('',#6719,10.2);
#2326=CIRCLE('',#6720,10.2);
#2327=CIRCLE('',#6723,11.);
#2328=CIRCLE('',#6724,11.);
#2329=CIRCLE('',#6727,10.2);
#2330=CIRCLE('',#6728,10.2);
#2331=CIRCLE('',#6732,8.8);
#2332=CIRCLE('',#6733,8.8);
#2333=CIRCLE('',#6735,10.2);
#2334=CIRCLE('',#6736,10.2);
#2335=CIRCLE('',#6739,11.);
#2336=CIRCLE('',#6740,11.);
#2337=CIRCLE('',#6743,10.2);
#2338=CIRCLE('',#6744,10.2);
#2339=CIRCLE('',#6748,6.);
#2340=CIRCLE('',#6749,6.);
#2341=CIRCLE('',#6751,4.);
#2342=CIRCLE('',#6753,8.);
#2343=CIRCLE('',#6754,6.);
#2344=CIRCLE('',#6757,4.);
#2345=CIRCLE('',#6760,4.);
#2346=CIRCLE('',#6762,3.2);
#2347=VERTEX_POINT('',#8624);
#2348=VERTEX_POINT('',#8625);
#2349=VERTEX_POINT('',#8627);
#2350=VERTEX_POINT('',#8629);
#2351=VERTEX_POINT('',#8633);
#2352=VERTEX_POINT('',#8635);
#2353=VERTEX_POINT('',#8639);
#2354=VERTEX_POINT('',#8641);
#2355=VERTEX_POINT('',#8645);
#2356=VERTEX_POINT('',#8647);
#2357=VERTEX_POINT('',#8651);
#2358=VERTEX_POINT('',#8653);
#2359=VERTEX_POINT('',#8657);
#2360=VERTEX_POINT('',#8659);
#2361=VERTEX_POINT('',#8663);
#2362=VERTEX_POINT('',#8665);
#2363=VERTEX_POINT('',#8669);
#2364=VERTEX_POINT('',#8671);
#2365=VERTEX_POINT('',#8675);
#2366=VERTEX_POINT('',#8677);
#2367=VERTEX_POINT('',#8681);
#2368=VERTEX_POINT('',#8683);
#2369=VERTEX_POINT('',#8687);
#2370=VERTEX_POINT('',#8689);
#2371=VERTEX_POINT('',#8693);
#2372=VERTEX_POINT('',#8695);
#2373=VERTEX_POINT('',#8699);
#2374=VERTEX_POINT('',#8701);
#2375=VERTEX_POINT('',#8705);
#2376=VERTEX_POINT('',#8707);
#2377=VERTEX_POINT('',#8711);
#2378=VERTEX_POINT('',#8713);
#2379=VERTEX_POINT('',#8717);
#2380=VERTEX_POINT('',#8719);
#2381=VERTEX_POINT('',#8723);
#2382=VERTEX_POINT('',#8725);
#2383=VERTEX_POINT('',#8729);
#2384=VERTEX_POINT('',#8731);
#2385=VERTEX_POINT('',#8735);
#2386=VERTEX_POINT('',#8737);
#2387=VERTEX_POINT('',#8741);
#2388=VERTEX_POINT('',#8743);
#2389=VERTEX_POINT('',#8747);
#2390=VERTEX_POINT('',#8749);
#2391=VERTEX_POINT('',#8753);
#2392=VERTEX_POINT('',#8755);
#2393=VERTEX_POINT('',#8759);
#2394=VERTEX_POINT('',#8761);
#2395=VERTEX_POINT('',#8765);
#2396=VERTEX_POINT('',#8767);
#2397=VERTEX_POINT('',#8771);
#2398=VERTEX_POINT('',#8773);
#2399=VERTEX_POINT('',#8777);
#2400=VERTEX_POINT('',#8779);
#2401=VERTEX_POINT('',#8783);
#2402=VERTEX_POINT('',#8785);
#2403=VERTEX_POINT('',#8789);
#2404=VERTEX_POINT('',#8791);
#2405=VERTEX_POINT('',#8795);
#2406=VERTEX_POINT('',#8797);
#2407=VERTEX_POINT('',#8801);
#2408=VERTEX_POINT('',#8803);
#2409=VERTEX_POINT('',#8807);
#2410=VERTEX_POINT('',#8809);
#2411=VERTEX_POINT('',#8813);
#2412=VERTEX_POINT('',#8815);
#2413=VERTEX_POINT('',#8819);
#2414=VERTEX_POINT('',#8821);
#2415=VERTEX_POINT('',#8825);
#2416=VERTEX_POINT('',#8827);
#2417=VERTEX_POINT('',#8831);
#2418=VERTEX_POINT('',#8833);
#2419=VERTEX_POINT('',#8837);
#2420=VERTEX_POINT('',#8839);
#2421=VERTEX_POINT('',#8843);
#2422=VERTEX_POINT('',#8845);
#2423=VERTEX_POINT('',#8849);
#2424=VERTEX_POINT('',#8851);
#2425=VERTEX_POINT('',#8855);
#2426=VERTEX_POINT('',#8857);
#2427=VERTEX_POINT('',#8861);
#2428=VERTEX_POINT('',#8863);
#2429=VERTEX_POINT('',#8867);
#2430=VERTEX_POINT('',#8869);
#2431=VERTEX_POINT('',#8873);
#2432=VERTEX_POINT('',#8875);
#2433=VERTEX_POINT('',#8879);
#2434=VERTEX_POINT('',#8881);
#2435=VERTEX_POINT('',#8885);
#2436=VERTEX_POINT('',#8887);
#2437=VERTEX_POINT('',#8891);
#2438=VERTEX_POINT('',#8893);
#2439=VERTEX_POINT('',#8897);
#2440=VERTEX_POINT('',#8899);
#2441=VERTEX_POINT('',#8903);
#2442=VERTEX_POINT('',#8905);
#2443=VERTEX_POINT('',#8909);
#2444=VERTEX_POINT('',#8911);
#2445=VERTEX_POINT('',#8915);
#2446=VERTEX_POINT('',#8917);
#2447=VERTEX_POINT('',#8921);
#2448=VERTEX_POINT('',#8923);
#2449=VERTEX_POINT('',#8927);
#2450=VERTEX_POINT('',#8929);
#2451=VERTEX_POINT('',#8933);
#2452=VERTEX_POINT('',#8935);
#2453=VERTEX_POINT('',#8939);
#2454=VERTEX_POINT('',#8941);
#2455=VERTEX_POINT('',#8945);
#2456=VERTEX_POINT('',#8947);
#2457=VERTEX_POINT('',#8951);
#2458=VERTEX_POINT('',#8953);
#2459=VERTEX_POINT('',#8957);
#2460=VERTEX_POINT('',#8959);
#2461=VERTEX_POINT('',#8963);
#2462=VERTEX_POINT('',#8965);
#2463=VERTEX_POINT('',#8969);
#2464=VERTEX_POINT('',#8971);
#2465=VERTEX_POINT('',#8975);
#2466=VERTEX_POINT('',#8977);
#2467=VERTEX_POINT('',#8981);
#2468=VERTEX_POINT('',#8983);
#2469=VERTEX_POINT('',#8987);
#2470=VERTEX_POINT('',#8989);
#2471=VERTEX_POINT('',#8993);
#2472=VERTEX_POINT('',#8995);
#2473=VERTEX_POINT('',#8999);
#2474=VERTEX_POINT('',#9001);
#2475=VERTEX_POINT('',#9008);
#2476=VERTEX_POINT('',#9010);
#2477=VERTEX_POINT('',#9016);
#2478=VERTEX_POINT('',#9017);
#2479=VERTEX_POINT('',#9019);
#2480=VERTEX_POINT('',#9021);
#2481=VERTEX_POINT('',#9025);
#2482=VERTEX_POINT('',#9027);
#2483=VERTEX_POINT('',#9031);
#2484=VERTEX_POINT('',#9033);
#2485=VERTEX_POINT('',#9037);
#2486=VERTEX_POINT('',#9039);
#2487=VERTEX_POINT('',#9043);
#2488=VERTEX_POINT('',#9045);
#2489=VERTEX_POINT('',#9049);
#2490=VERTEX_POINT('',#9051);
#2491=VERTEX_POINT('',#9055);
#2492=VERTEX_POINT('',#9057);
#2493=VERTEX_POINT('',#9061);
#2494=VERTEX_POINT('',#9063);
#2495=VERTEX_POINT('',#9067);
#2496=VERTEX_POINT('',#9069);
#2497=VERTEX_POINT('',#9073);
#2498=VERTEX_POINT('',#9075);
#2499=VERTEX_POINT('',#9079);
#2500=VERTEX_POINT('',#9081);
#2501=VERTEX_POINT('',#9085);
#2502=VERTEX_POINT('',#9087);
#2503=VERTEX_POINT('',#9091);
#2504=VERTEX_POINT('',#9093);
#2505=VERTEX_POINT('',#9097);
#2506=VERTEX_POINT('',#9099);
#2507=VERTEX_POINT('',#9103);
#2508=VERTEX_POINT('',#9105);
#2509=VERTEX_POINT('',#9109);
#2510=VERTEX_POINT('',#9111);
#2511=VERTEX_POINT('',#9115);
#2512=VERTEX_POINT('',#9117);
#2513=VERTEX_POINT('',#9121);
#2514=VERTEX_POINT('',#9123);
#2515=VERTEX_POINT('',#9127);
#2516=VERTEX_POINT('',#9129);
#2517=VERTEX_POINT('',#9133);
#2518=VERTEX_POINT('',#9135);
#2519=VERTEX_POINT('',#9139);
#2520=VERTEX_POINT('',#9141);
#2521=VERTEX_POINT('',#9145);
#2522=VERTEX_POINT('',#9147);
#2523=VERTEX_POINT('',#9151);
#2524=VERTEX_POINT('',#9153);
#2525=VERTEX_POINT('',#9157);
#2526=VERTEX_POINT('',#9159);
#2527=VERTEX_POINT('',#9163);
#2528=VERTEX_POINT('',#9165);
#2529=VERTEX_POINT('',#9169);
#2530=VERTEX_POINT('',#9171);
#2531=VERTEX_POINT('',#9175);
#2532=VERTEX_POINT('',#9177);
#2533=VERTEX_POINT('',#9181);
#2534=VERTEX_POINT('',#9183);
#2535=VERTEX_POINT('',#9187);
#2536=VERTEX_POINT('',#9189);
#2537=VERTEX_POINT('',#9193);
#2538=VERTEX_POINT('',#9195);
#2539=VERTEX_POINT('',#9199);
#2540=VERTEX_POINT('',#9201);
#2541=VERTEX_POINT('',#9205);
#2542=VERTEX_POINT('',#9207);
#2543=VERTEX_POINT('',#9211);
#2544=VERTEX_POINT('',#9213);
#2545=VERTEX_POINT('',#9217);
#2546=VERTEX_POINT('',#9219);
#2547=VERTEX_POINT('',#9223);
#2548=VERTEX_POINT('',#9225);
#2549=VERTEX_POINT('',#9229);
#2550=VERTEX_POINT('',#9231);
#2551=VERTEX_POINT('',#9235);
#2552=VERTEX_POINT('',#9237);
#2553=VERTEX_POINT('',#9241);
#2554=VERTEX_POINT('',#9243);
#2555=VERTEX_POINT('',#9247);
#2556=VERTEX_POINT('',#9249);
#2557=VERTEX_POINT('',#9253);
#2558=VERTEX_POINT('',#9255);
#2559=VERTEX_POINT('',#9259);
#2560=VERTEX_POINT('',#9261);
#2561=VERTEX_POINT('',#9265);
#2562=VERTEX_POINT('',#9267);
#2563=VERTEX_POINT('',#9271);
#2564=VERTEX_POINT('',#9273);
#2565=VERTEX_POINT('',#9277);
#2566=VERTEX_POINT('',#9279);
#2567=VERTEX_POINT('',#9283);
#2568=VERTEX_POINT('',#9285);
#2569=VERTEX_POINT('',#9289);
#2570=VERTEX_POINT('',#9291);
#2571=VERTEX_POINT('',#9295);
#2572=VERTEX_POINT('',#9297);
#2573=VERTEX_POINT('',#9301);
#2574=VERTEX_POINT('',#9303);
#2575=VERTEX_POINT('',#9307);
#2576=VERTEX_POINT('',#9309);
#2577=VERTEX_POINT('',#9313);
#2578=VERTEX_POINT('',#9315);
#2579=VERTEX_POINT('',#9319);
#2580=VERTEX_POINT('',#9321);
#2581=VERTEX_POINT('',#9325);
#2582=VERTEX_POINT('',#9327);
#2583=VERTEX_POINT('',#9331);
#2584=VERTEX_POINT('',#9333);
#2585=VERTEX_POINT('',#9337);
#2586=VERTEX_POINT('',#9339);
#2587=VERTEX_POINT('',#9343);
#2588=VERTEX_POINT('',#9345);
#2589=VERTEX_POINT('',#9349);
#2590=VERTEX_POINT('',#9351);
#2591=VERTEX_POINT('',#9355);
#2592=VERTEX_POINT('',#9357);
#2593=VERTEX_POINT('',#9361);
#2594=VERTEX_POINT('',#9363);
#2595=VERTEX_POINT('',#9367);
#2596=VERTEX_POINT('',#9369);
#2597=VERTEX_POINT('',#9373);
#2598=VERTEX_POINT('',#9375);
#2599=VERTEX_POINT('',#9379);
#2600=VERTEX_POINT('',#9381);
#2601=VERTEX_POINT('',#9385);
#2602=VERTEX_POINT('',#9387);
#2603=VERTEX_POINT('',#9391);
#2604=VERTEX_POINT('',#9393);
#2605=VERTEX_POINT('',#9397);
#2606=VERTEX_POINT('',#9399);
#2607=VERTEX_POINT('',#9403);
#2608=VERTEX_POINT('',#9405);
#2609=VERTEX_POINT('',#9409);
#2610=VERTEX_POINT('',#9411);
#2611=VERTEX_POINT('',#9415);
#2612=VERTEX_POINT('',#9417);
#2613=VERTEX_POINT('',#9421);
#2614=VERTEX_POINT('',#9423);
#2615=VERTEX_POINT('',#9427);
#2616=VERTEX_POINT('',#9429);
#2617=VERTEX_POINT('',#9433);
#2618=VERTEX_POINT('',#9435);
#2619=VERTEX_POINT('',#9439);
#2620=VERTEX_POINT('',#9441);
#2621=VERTEX_POINT('',#9445);
#2622=VERTEX_POINT('',#9447);
#2623=VERTEX_POINT('',#9451);
#2624=VERTEX_POINT('',#9453);
#2625=VERTEX_POINT('',#9457);
#2626=VERTEX_POINT('',#9459);
#2627=VERTEX_POINT('',#9463);
#2628=VERTEX_POINT('',#9465);
#2629=VERTEX_POINT('',#9469);
#2630=VERTEX_POINT('',#9471);
#2631=VERTEX_POINT('',#9475);
#2632=VERTEX_POINT('',#9477);
#2633=VERTEX_POINT('',#9481);
#2634=VERTEX_POINT('',#9483);
#2635=VERTEX_POINT('',#9487);
#2636=VERTEX_POINT('',#9489);
#2637=VERTEX_POINT('',#9496);
#2638=VERTEX_POINT('',#9498);
#2639=VERTEX_POINT('',#9505);
#2640=VERTEX_POINT('',#9506);
#2641=VERTEX_POINT('',#9508);
#2642=VERTEX_POINT('',#9510);
#2643=VERTEX_POINT('',#9514);
#2644=VERTEX_POINT('',#9516);
#2645=VERTEX_POINT('',#9520);
#2646=VERTEX_POINT('',#9522);
#2647=VERTEX_POINT('',#9526);
#2648=VERTEX_POINT('',#9528);
#2649=VERTEX_POINT('',#9532);
#2650=VERTEX_POINT('',#9534);
#2651=VERTEX_POINT('',#9538);
#2652=VERTEX_POINT('',#9540);
#2653=VERTEX_POINT('',#9544);
#2654=VERTEX_POINT('',#9546);
#2655=VERTEX_POINT('',#9550);
#2656=VERTEX_POINT('',#9552);
#2657=VERTEX_POINT('',#9556);
#2658=VERTEX_POINT('',#9558);
#2659=VERTEX_POINT('',#9562);
#2660=VERTEX_POINT('',#9563);
#2661=VERTEX_POINT('',#9565);
#2662=VERTEX_POINT('',#9567);
#2663=VERTEX_POINT('',#9571);
#2664=VERTEX_POINT('',#9573);
#2665=VERTEX_POINT('',#9577);
#2666=VERTEX_POINT('',#9579);
#2667=VERTEX_POINT('',#9583);
#2668=VERTEX_POINT('',#9585);
#2669=VERTEX_POINT('',#9589);
#2670=VERTEX_POINT('',#9591);
#2671=VERTEX_POINT('',#9595);
#2672=VERTEX_POINT('',#9597);
#2673=VERTEX_POINT('',#9601);
#2674=VERTEX_POINT('',#9603);
#2675=VERTEX_POINT('',#9607);
#2676=VERTEX_POINT('',#9609);
#2677=VERTEX_POINT('',#9613);
#2678=VERTEX_POINT('',#9615);
#2679=VERTEX_POINT('',#9619);
#2680=VERTEX_POINT('',#9620);
#2681=VERTEX_POINT('',#9622);
#2682=VERTEX_POINT('',#9624);
#2683=VERTEX_POINT('',#9628);
#2684=VERTEX_POINT('',#9630);
#2685=VERTEX_POINT('',#9634);
#2686=VERTEX_POINT('',#9636);
#2687=VERTEX_POINT('',#9640);
#2688=VERTEX_POINT('',#9642);
#2689=VERTEX_POINT('',#9646);
#2690=VERTEX_POINT('',#9648);
#2691=VERTEX_POINT('',#9652);
#2692=VERTEX_POINT('',#9654);
#2693=VERTEX_POINT('',#9658);
#2694=VERTEX_POINT('',#9660);
#2695=VERTEX_POINT('',#9664);
#2696=VERTEX_POINT('',#9666);
#2697=VERTEX_POINT('',#9670);
#2698=VERTEX_POINT('',#9672);
#2699=VERTEX_POINT('',#9676);
#2700=VERTEX_POINT('',#9677);
#2701=VERTEX_POINT('',#9679);
#2702=VERTEX_POINT('',#9681);
#2703=VERTEX_POINT('',#9685);
#2704=VERTEX_POINT('',#9687);
#2705=VERTEX_POINT('',#9691);
#2706=VERTEX_POINT('',#9693);
#2707=VERTEX_POINT('',#9697);
#2708=VERTEX_POINT('',#9699);
#2709=VERTEX_POINT('',#9703);
#2710=VERTEX_POINT('',#9705);
#2711=VERTEX_POINT('',#9715);
#2712=VERTEX_POINT('',#9716);
#2713=VERTEX_POINT('',#9718);
#2714=VERTEX_POINT('',#9720);
#2715=VERTEX_POINT('',#9724);
#2716=VERTEX_POINT('',#9726);
#2717=VERTEX_POINT('',#9730);
#2718=VERTEX_POINT('',#9732);
#2719=VERTEX_POINT('',#9736);
#2720=VERTEX_POINT('',#9738);
#2721=VERTEX_POINT('',#9742);
#2722=VERTEX_POINT('',#9744);
#2723=VERTEX_POINT('',#9748);
#2724=VERTEX_POINT('',#9750);
#2725=VERTEX_POINT('',#9754);
#2726=VERTEX_POINT('',#9756);
#2727=VERTEX_POINT('',#9760);
#2728=VERTEX_POINT('',#9762);
#2729=VERTEX_POINT('',#9766);
#2730=VERTEX_POINT('',#9768);
#2731=VERTEX_POINT('',#9772);
#2732=VERTEX_POINT('',#9773);
#2733=VERTEX_POINT('',#9775);
#2734=VERTEX_POINT('',#9777);
#2735=VERTEX_POINT('',#9781);
#2736=VERTEX_POINT('',#9783);
#2737=VERTEX_POINT('',#9787);
#2738=VERTEX_POINT('',#9789);
#2739=VERTEX_POINT('',#9793);
#2740=VERTEX_POINT('',#9795);
#2741=VERTEX_POINT('',#9799);
#2742=VERTEX_POINT('',#9801);
#2743=VERTEX_POINT('',#9808);
#2744=VERTEX_POINT('',#9810);
#2745=VERTEX_POINT('',#9814);
#2746=VERTEX_POINT('',#9816);
#2747=VERTEX_POINT('',#9820);
#2748=VERTEX_POINT('',#9821);
#2749=VERTEX_POINT('',#9823);
#2750=VERTEX_POINT('',#9825);
#2751=VERTEX_POINT('',#9829);
#2752=VERTEX_POINT('',#9831);
#2753=VERTEX_POINT('',#9835);
#2754=VERTEX_POINT('',#9837);
#2755=VERTEX_POINT('',#9841);
#2756=VERTEX_POINT('',#9843);
#2757=VERTEX_POINT('',#9847);
#2758=VERTEX_POINT('',#9849);
#2759=VERTEX_POINT('',#9859);
#2760=VERTEX_POINT('',#9860);
#2761=VERTEX_POINT('',#9862);
#2762=VERTEX_POINT('',#9864);
#2763=VERTEX_POINT('',#9868);
#2764=VERTEX_POINT('',#9870);
#2765=VERTEX_POINT('',#9874);
#2766=VERTEX_POINT('',#9876);
#2767=VERTEX_POINT('',#9880);
#2768=VERTEX_POINT('',#9882);
#2769=VERTEX_POINT('',#9886);
#2770=VERTEX_POINT('',#9888);
#2771=VERTEX_POINT('',#9895);
#2772=VERTEX_POINT('',#9897);
#2773=VERTEX_POINT('',#9901);
#2774=VERTEX_POINT('',#9903);
#2775=VERTEX_POINT('',#9907);
#2776=VERTEX_POINT('',#9908);
#2777=VERTEX_POINT('',#9910);
#2778=VERTEX_POINT('',#9912);
#2779=VERTEX_POINT('',#9916);
#2780=VERTEX_POINT('',#9918);
#2781=VERTEX_POINT('',#9922);
#2782=VERTEX_POINT('',#9924);
#2783=VERTEX_POINT('',#9928);
#2784=VERTEX_POINT('',#9930);
#2785=VERTEX_POINT('',#9934);
#2786=VERTEX_POINT('',#9936);
#2787=VERTEX_POINT('',#9946);
#2788=VERTEX_POINT('',#9947);
#2789=VERTEX_POINT('',#9949);
#2790=VERTEX_POINT('',#9951);
#2791=VERTEX_POINT('',#9955);
#2792=VERTEX_POINT('',#9957);
#2793=VERTEX_POINT('',#9961);
#2794=VERTEX_POINT('',#9963);
#2795=VERTEX_POINT('',#9967);
#2796=VERTEX_POINT('',#9969);
#2797=VERTEX_POINT('',#9973);
#2798=VERTEX_POINT('',#9975);
#2799=VERTEX_POINT('',#9985);
#2800=VERTEX_POINT('',#9987);
#2801=VERTEX_POINT('',#9991);
#2802=VERTEX_POINT('',#9994);
#2803=VERTEX_POINT('',#9998);
#2804=VERTEX_POINT('',#10001);
#2805=VERTEX_POINT('',#10003);
#2806=VERTEX_POINT('',#10007);
#2807=VERTEX_POINT('',#10010);
#2808=VERTEX_POINT('',#10012);
#2809=VERTEX_POINT('',#10021);
#2810=VERTEX_POINT('',#10023);
#2811=VERTEX_POINT('',#10026);
#2812=VERTEX_POINT('',#10027);
#2813=VERTEX_POINT('',#10029);
#2814=VERTEX_POINT('',#10031);
#2815=VERTEX_POINT('',#10035);
#2816=VERTEX_POINT('',#10037);
#2817=VERTEX_POINT('',#10041);
#2818=VERTEX_POINT('',#10043);
#2819=VERTEX_POINT('',#10047);
#2820=VERTEX_POINT('',#10049);
#2821=VERTEX_POINT('',#10053);
#2822=VERTEX_POINT('',#10055);
#2823=VERTEX_POINT('',#10059);
#2824=VERTEX_POINT('',#10061);
#2825=VERTEX_POINT('',#10065);
#2826=VERTEX_POINT('',#10067);
#2827=VERTEX_POINT('',#10071);
#2828=VERTEX_POINT('',#10073);
#2829=VERTEX_POINT('',#10077);
#2830=VERTEX_POINT('',#10079);
#2831=VERTEX_POINT('',#10083);
#2832=VERTEX_POINT('',#10084);
#2833=VERTEX_POINT('',#10086);
#2834=VERTEX_POINT('',#10088);
#2835=VERTEX_POINT('',#10092);
#2836=VERTEX_POINT('',#10094);
#2837=VERTEX_POINT('',#10098);
#2838=VERTEX_POINT('',#10100);
#2839=VERTEX_POINT('',#10104);
#2840=VERTEX_POINT('',#10106);
#2841=VERTEX_POINT('',#10110);
#2842=VERTEX_POINT('',#10112);
#2843=VERTEX_POINT('',#10119);
#2844=VERTEX_POINT('',#10121);
#2845=VERTEX_POINT('',#10125);
#2846=VERTEX_POINT('',#10127);
#2847=VERTEX_POINT('',#10131);
#2848=VERTEX_POINT('',#10132);
#2849=VERTEX_POINT('',#10134);
#2850=VERTEX_POINT('',#10136);
#2851=VERTEX_POINT('',#10140);
#2852=VERTEX_POINT('',#10142);
#2853=VERTEX_POINT('',#10146);
#2854=VERTEX_POINT('',#10148);
#2855=VERTEX_POINT('',#10152);
#2856=VERTEX_POINT('',#10154);
#2857=VERTEX_POINT('',#10158);
#2858=VERTEX_POINT('',#10160);
#2859=VERTEX_POINT('',#10167);
#2860=VERTEX_POINT('',#10169);
#2861=VERTEX_POINT('',#10173);
#2862=VERTEX_POINT('',#10175);
#2863=VERTEX_POINT('',#10179);
#2864=VERTEX_POINT('',#10180);
#2865=VERTEX_POINT('',#10182);
#2866=VERTEX_POINT('',#10184);
#2867=VERTEX_POINT('',#10188);
#2868=VERTEX_POINT('',#10190);
#2869=VERTEX_POINT('',#10194);
#2870=VERTEX_POINT('',#10196);
#2871=VERTEX_POINT('',#10200);
#2872=VERTEX_POINT('',#10202);
#2873=VERTEX_POINT('',#10206);
#2874=VERTEX_POINT('',#10208);
#2875=VERTEX_POINT('',#10215);
#2876=VERTEX_POINT('',#10217);
#2877=VERTEX_POINT('',#10221);
#2878=VERTEX_POINT('',#10223);
#2879=VERTEX_POINT('',#10227);
#2880=VERTEX_POINT('',#10228);
#2881=VERTEX_POINT('',#10230);
#2882=VERTEX_POINT('',#10232);
#2883=VERTEX_POINT('',#10236);
#2884=VERTEX_POINT('',#10238);
#2885=VERTEX_POINT('',#10242);
#2886=VERTEX_POINT('',#10244);
#2887=VERTEX_POINT('',#10248);
#2888=VERTEX_POINT('',#10250);
#2889=VERTEX_POINT('',#10254);
#2890=VERTEX_POINT('',#10256);
#2891=VERTEX_POINT('',#10263);
#2892=VERTEX_POINT('',#10265);
#2893=VERTEX_POINT('',#10269);
#2894=VERTEX_POINT('',#10271);
#2895=VERTEX_POINT('',#10275);
#2896=VERTEX_POINT('',#10276);
#2897=VERTEX_POINT('',#10278);
#2898=VERTEX_POINT('',#10280);
#2899=VERTEX_POINT('',#10284);
#2900=VERTEX_POINT('',#10286);
#2901=VERTEX_POINT('',#10290);
#2902=VERTEX_POINT('',#10292);
#2903=VERTEX_POINT('',#10296);
#2904=VERTEX_POINT('',#10298);
#2905=VERTEX_POINT('',#10302);
#2906=VERTEX_POINT('',#10304);
#2907=VERTEX_POINT('',#10311);
#2908=VERTEX_POINT('',#10313);
#2909=VERTEX_POINT('',#10317);
#2910=VERTEX_POINT('',#10319);
#2911=VERTEX_POINT('',#10323);
#2912=VERTEX_POINT('',#10324);
#2913=VERTEX_POINT('',#10326);
#2914=VERTEX_POINT('',#10328);
#2915=VERTEX_POINT('',#10332);
#2916=VERTEX_POINT('',#10334);
#2917=VERTEX_POINT('',#10338);
#2918=VERTEX_POINT('',#10340);
#2919=VERTEX_POINT('',#10344);
#2920=VERTEX_POINT('',#10346);
#2921=VERTEX_POINT('',#10350);
#2922=VERTEX_POINT('',#10352);
#2923=VERTEX_POINT('',#10359);
#2924=VERTEX_POINT('',#10361);
#2925=VERTEX_POINT('',#10365);
#2926=VERTEX_POINT('',#10367);
#2927=VERTEX_POINT('',#10371);
#2928=VERTEX_POINT('',#10372);
#2929=VERTEX_POINT('',#10374);
#2930=VERTEX_POINT('',#10376);
#2931=VERTEX_POINT('',#10380);
#2932=VERTEX_POINT('',#10382);
#2933=VERTEX_POINT('',#10386);
#2934=VERTEX_POINT('',#10388);
#2935=VERTEX_POINT('',#10392);
#2936=VERTEX_POINT('',#10394);
#2937=VERTEX_POINT('',#10398);
#2938=VERTEX_POINT('',#10400);
#2939=VERTEX_POINT('',#10410);
#2940=VERTEX_POINT('',#10412);
#2941=VERTEX_POINT('',#10416);
#2942=VERTEX_POINT('',#10419);
#2943=VERTEX_POINT('',#10421);
#2944=VERTEX_POINT('',#10426);
#2945=VERTEX_POINT('',#10431);
#2946=VERTEX_POINT('',#10435);
#2947=EDGE_CURVE('',#2347,#2348,#2035,.T.);
#2948=EDGE_CURVE('',#2347,#2349,#859,.T.);
#2949=EDGE_CURVE('',#2350,#2349,#2036,.T.);
#2950=EDGE_CURVE('',#2348,#2350,#860,.T.);
#2951=EDGE_CURVE('',#2348,#2351,#861,.T.);
#2952=EDGE_CURVE('',#2352,#2350,#862,.T.);
#2953=EDGE_CURVE('',#2351,#2352,#863,.T.);
#2954=EDGE_CURVE('',#2351,#2353,#2037,.T.);
#2955=EDGE_CURVE('',#2354,#2352,#2038,.T.);
#2956=EDGE_CURVE('',#2353,#2354,#864,.T.);
#2957=EDGE_CURVE('',#2353,#2355,#865,.T.);
#2958=EDGE_CURVE('',#2356,#2354,#866,.T.);
#2959=EDGE_CURVE('',#2355,#2356,#867,.T.);
#2960=EDGE_CURVE('',#2355,#2357,#2039,.T.);
#2961=EDGE_CURVE('',#2358,#2356,#2040,.T.);
#2962=EDGE_CURVE('',#2357,#2358,#868,.T.);
#2963=EDGE_CURVE('',#2357,#2359,#869,.T.);
#2964=EDGE_CURVE('',#2360,#2358,#870,.T.);
#2965=EDGE_CURVE('',#2359,#2360,#871,.T.);
#2966=EDGE_CURVE('',#2359,#2361,#2041,.T.);
#2967=EDGE_CURVE('',#2362,#2360,#2042,.T.);
#2968=EDGE_CURVE('',#2361,#2362,#872,.T.);
#2969=EDGE_CURVE('',#2361,#2363,#873,.T.);
#2970=EDGE_CURVE('',#2364,#2362,#874,.T.);
#2971=EDGE_CURVE('',#2363,#2364,#875,.T.);
#2972=EDGE_CURVE('',#2363,#2365,#2043,.T.);
#2973=EDGE_CURVE('',#2366,#2364,#2044,.T.);
#2974=EDGE_CURVE('',#2365,#2366,#876,.T.);
#2975=EDGE_CURVE('',#2365,#2367,#877,.T.);
#2976=EDGE_CURVE('',#2368,#2366,#878,.T.);
#2977=EDGE_CURVE('',#2367,#2368,#879,.T.);
#2978=EDGE_CURVE('',#2367,#2369,#2045,.T.);
#2979=EDGE_CURVE('',#2370,#2368,#2046,.T.);
#2980=EDGE_CURVE('',#2369,#2370,#880,.T.);
#2981=EDGE_CURVE('',#2369,#2371,#881,.T.);
#2982=EDGE_CURVE('',#2372,#2370,#882,.T.);
#2983=EDGE_CURVE('',#2371,#2372,#883,.T.);
#2984=EDGE_CURVE('',#2371,#2373,#2047,.T.);
#2985=EDGE_CURVE('',#2374,#2372,#2048,.T.);
#2986=EDGE_CURVE('',#2373,#2374,#884,.T.);
#2987=EDGE_CURVE('',#2373,#2375,#885,.T.);
#2988=EDGE_CURVE('',#2376,#2374,#886,.T.);
#2989=EDGE_CURVE('',#2375,#2376,#887,.T.);
#2990=EDGE_CURVE('',#2375,#2377,#2049,.T.);
#2991=EDGE_CURVE('',#2378,#2376,#2050,.T.);
#2992=EDGE_CURVE('',#2377,#2378,#888,.T.);
#2993=EDGE_CURVE('',#2377,#2379,#889,.T.);
#2994=EDGE_CURVE('',#2380,#2378,#890,.T.);
#2995=EDGE_CURVE('',#2379,#2380,#891,.T.);
#2996=EDGE_CURVE('',#2379,#2381,#2051,.T.);
#2997=EDGE_CURVE('',#2382,#2380,#2052,.T.);
#2998=EDGE_CURVE('',#2381,#2382,#892,.T.);
#2999=EDGE_CURVE('',#2381,#2383,#893,.T.);
#3000=EDGE_CURVE('',#2384,#2382,#894,.T.);
#3001=EDGE_CURVE('',#2383,#2384,#895,.T.);
#3002=EDGE_CURVE('',#2383,#2385,#2053,.T.);
#3003=EDGE_CURVE('',#2386,#2384,#2054,.T.);
#3004=EDGE_CURVE('',#2385,#2386,#896,.T.);
#3005=EDGE_CURVE('',#2385,#2387,#897,.T.);
#3006=EDGE_CURVE('',#2388,#2386,#898,.T.);
#3007=EDGE_CURVE('',#2387,#2388,#899,.T.);
#3008=EDGE_CURVE('',#2387,#2389,#2055,.T.);
#3009=EDGE_CURVE('',#2390,#2388,#2056,.T.);
#3010=EDGE_CURVE('',#2389,#2390,#900,.T.);
#3011=EDGE_CURVE('',#2389,#2391,#901,.T.);
#3012=EDGE_CURVE('',#2392,#2390,#902,.T.);
#3013=EDGE_CURVE('',#2391,#2392,#903,.T.);
#3014=EDGE_CURVE('',#2391,#2393,#2057,.T.);
#3015=EDGE_CURVE('',#2394,#2392,#2058,.T.);
#3016=EDGE_CURVE('',#2393,#2394,#904,.T.);
#3017=EDGE_CURVE('',#2393,#2395,#905,.T.);
#3018=EDGE_CURVE('',#2396,#2394,#906,.T.);
#3019=EDGE_CURVE('',#2395,#2396,#907,.T.);
#3020=EDGE_CURVE('',#2395,#2397,#2059,.T.);
#3021=EDGE_CURVE('',#2398,#2396,#2060,.T.);
#3022=EDGE_CURVE('',#2397,#2398,#908,.T.);
#3023=EDGE_CURVE('',#2397,#2399,#909,.T.);
#3024=EDGE_CURVE('',#2400,#2398,#910,.T.);
#3025=EDGE_CURVE('',#2399,#2400,#911,.T.);
#3026=EDGE_CURVE('',#2399,#2401,#2061,.T.);
#3027=EDGE_CURVE('',#2402,#2400,#2062,.T.);
#3028=EDGE_CURVE('',#2401,#2402,#912,.T.);
#3029=EDGE_CURVE('',#2401,#2403,#913,.T.);
#3030=EDGE_CURVE('',#2404,#2402,#914,.T.);
#3031=EDGE_CURVE('',#2403,#2404,#915,.T.);
#3032=EDGE_CURVE('',#2403,#2405,#2063,.T.);
#3033=EDGE_CURVE('',#2406,#2404,#2064,.T.);
#3034=EDGE_CURVE('',#2405,#2406,#916,.T.);
#3035=EDGE_CURVE('',#2405,#2407,#917,.T.);
#3036=EDGE_CURVE('',#2408,#2406,#918,.T.);
#3037=EDGE_CURVE('',#2407,#2408,#919,.T.);
#3038=EDGE_CURVE('',#2407,#2409,#2065,.T.);
#3039=EDGE_CURVE('',#2410,#2408,#2066,.T.);
#3040=EDGE_CURVE('',#2409,#2410,#920,.T.);
#3041=EDGE_CURVE('',#2409,#2411,#921,.T.);
#3042=EDGE_CURVE('',#2412,#2410,#922,.T.);
#3043=EDGE_CURVE('',#2411,#2412,#923,.T.);
#3044=EDGE_CURVE('',#2411,#2413,#2067,.T.);
#3045=EDGE_CURVE('',#2414,#2412,#2068,.T.);
#3046=EDGE_CURVE('',#2413,#2414,#924,.T.);
#3047=EDGE_CURVE('',#2413,#2415,#925,.T.);
#3048=EDGE_CURVE('',#2416,#2414,#926,.T.);
#3049=EDGE_CURVE('',#2415,#2416,#927,.T.);
#3050=EDGE_CURVE('',#2415,#2417,#2069,.T.);
#3051=EDGE_CURVE('',#2418,#2416,#2070,.T.);
#3052=EDGE_CURVE('',#2417,#2418,#928,.T.);
#3053=EDGE_CURVE('',#2417,#2419,#929,.T.);
#3054=EDGE_CURVE('',#2420,#2418,#930,.T.);
#3055=EDGE_CURVE('',#2419,#2420,#931,.T.);
#3056=EDGE_CURVE('',#2419,#2421,#2071,.T.);
#3057=EDGE_CURVE('',#2422,#2420,#2072,.T.);
#3058=EDGE_CURVE('',#2421,#2422,#932,.T.);
#3059=EDGE_CURVE('',#2421,#2423,#933,.T.);
#3060=EDGE_CURVE('',#2424,#2422,#934,.T.);
#3061=EDGE_CURVE('',#2423,#2424,#935,.T.);
#3062=EDGE_CURVE('',#2423,#2425,#2073,.T.);
#3063=EDGE_CURVE('',#2426,#2424,#2074,.T.);
#3064=EDGE_CURVE('',#2425,#2426,#936,.T.);
#3065=EDGE_CURVE('',#2425,#2427,#937,.T.);
#3066=EDGE_CURVE('',#2428,#2426,#938,.T.);
#3067=EDGE_CURVE('',#2427,#2428,#939,.T.);
#3068=EDGE_CURVE('',#2427,#2429,#2075,.T.);
#3069=EDGE_CURVE('',#2430,#2428,#2076,.T.);
#3070=EDGE_CURVE('',#2429,#2430,#940,.T.);
#3071=EDGE_CURVE('',#2429,#2431,#941,.T.);
#3072=EDGE_CURVE('',#2432,#2430,#942,.T.);
#3073=EDGE_CURVE('',#2431,#2432,#943,.T.);
#3074=EDGE_CURVE('',#2431,#2433,#2077,.T.);
#3075=EDGE_CURVE('',#2434,#2432,#2078,.T.);
#3076=EDGE_CURVE('',#2433,#2434,#944,.T.);
#3077=EDGE_CURVE('',#2433,#2435,#945,.T.);
#3078=EDGE_CURVE('',#2436,#2434,#946,.T.);
#3079=EDGE_CURVE('',#2435,#2436,#947,.T.);
#3080=EDGE_CURVE('',#2435,#2437,#2079,.T.);
#3081=EDGE_CURVE('',#2438,#2436,#2080,.T.);
#3082=EDGE_CURVE('',#2437,#2438,#948,.T.);
#3083=EDGE_CURVE('',#2437,#2439,#949,.T.);
#3084=EDGE_CURVE('',#2440,#2438,#950,.T.);
#3085=EDGE_CURVE('',#2439,#2440,#951,.T.);
#3086=EDGE_CURVE('',#2439,#2441,#2081,.T.);
#3087=EDGE_CURVE('',#2442,#2440,#2082,.T.);
#3088=EDGE_CURVE('',#2441,#2442,#952,.T.);
#3089=EDGE_CURVE('',#2441,#2443,#953,.T.);
#3090=EDGE_CURVE('',#2444,#2442,#954,.T.);
#3091=EDGE_CURVE('',#2443,#2444,#955,.T.);
#3092=EDGE_CURVE('',#2443,#2445,#2083,.T.);
#3093=EDGE_CURVE('',#2446,#2444,#2084,.T.);
#3094=EDGE_CURVE('',#2445,#2446,#956,.T.);
#3095=EDGE_CURVE('',#2445,#2447,#957,.T.);
#3096=EDGE_CURVE('',#2448,#2446,#958,.T.);
#3097=EDGE_CURVE('',#2447,#2448,#959,.T.);
#3098=EDGE_CURVE('',#2447,#2449,#2085,.T.);
#3099=EDGE_CURVE('',#2450,#2448,#2086,.T.);
#3100=EDGE_CURVE('',#2449,#2450,#960,.T.);
#3101=EDGE_CURVE('',#2449,#2451,#961,.T.);
#3102=EDGE_CURVE('',#2452,#2450,#962,.T.);
#3103=EDGE_CURVE('',#2451,#2452,#963,.T.);
#3104=EDGE_CURVE('',#2451,#2453,#2087,.T.);
#3105=EDGE_CURVE('',#2454,#2452,#2088,.T.);
#3106=EDGE_CURVE('',#2453,#2454,#964,.T.);
#3107=EDGE_CURVE('',#2453,#2455,#965,.T.);
#3108=EDGE_CURVE('',#2456,#2454,#966,.T.);
#3109=EDGE_CURVE('',#2455,#2456,#967,.T.);
#3110=EDGE_CURVE('',#2455,#2457,#2089,.T.);
#3111=EDGE_CURVE('',#2458,#2456,#2090,.T.);
#3112=EDGE_CURVE('',#2457,#2458,#968,.T.);
#3113=EDGE_CURVE('',#2457,#2459,#969,.T.);
#3114=EDGE_CURVE('',#2460,#2458,#970,.T.);
#3115=EDGE_CURVE('',#2459,#2460,#971,.T.);
#3116=EDGE_CURVE('',#2459,#2461,#2091,.T.);
#3117=EDGE_CURVE('',#2462,#2460,#2092,.T.);
#3118=EDGE_CURVE('',#2461,#2462,#972,.T.);
#3119=EDGE_CURVE('',#2461,#2463,#973,.T.);
#3120=EDGE_CURVE('',#2464,#2462,#974,.T.);
#3121=EDGE_CURVE('',#2463,#2464,#975,.T.);
#3122=EDGE_CURVE('',#2463,#2465,#2093,.T.);
#3123=EDGE_CURVE('',#2466,#2464,#2094,.T.);
#3124=EDGE_CURVE('',#2465,#2466,#976,.T.);
#3125=EDGE_CURVE('',#2465,#2467,#977,.T.);
#3126=EDGE_CURVE('',#2468,#2466,#978,.T.);
#3127=EDGE_CURVE('',#2467,#2468,#979,.T.);
#3128=EDGE_CURVE('',#2467,#2469,#2095,.T.);
#3129=EDGE_CURVE('',#2470,#2468,#2096,.T.);
#3130=EDGE_CURVE('',#2469,#2470,#980,.T.);
#3131=EDGE_CURVE('',#2469,#2471,#981,.T.);
#3132=EDGE_CURVE('',#2472,#2470,#982,.T.);
#3133=EDGE_CURVE('',#2471,#2472,#983,.T.);
#3134=EDGE_CURVE('',#2471,#2473,#2097,.T.);
#3135=EDGE_CURVE('',#2474,#2472,#2098,.T.);
#3136=EDGE_CURVE('',#2473,#2474,#984,.T.);
#3137=EDGE_CURVE('',#2473,#2347,#985,.T.);
#3138=EDGE_CURVE('',#2349,#2474,#986,.T.);
#3139=EDGE_CURVE('',#2475,#2475,#2099,.T.);
#3140=EDGE_CURVE('',#2475,#2476,#987,.T.);
#3141=EDGE_CURVE('',#2476,#2476,#2100,.T.);
#3142=EDGE_CURVE('',#2477,#2478,#2101,.T.);
#3143=EDGE_CURVE('',#2477,#2479,#988,.T.);
#3144=EDGE_CURVE('',#2480,#2479,#2102,.T.);
#3145=EDGE_CURVE('',#2478,#2480,#989,.T.);
#3146=EDGE_CURVE('',#2478,#2481,#990,.T.);
#3147=EDGE_CURVE('',#2482,#2480,#991,.T.);
#3148=EDGE_CURVE('',#2481,#2482,#992,.T.);
#3149=EDGE_CURVE('',#2481,#2483,#2103,.T.);
#3150=EDGE_CURVE('',#2484,#2482,#2104,.T.);
#3151=EDGE_CURVE('',#2483,#2484,#993,.T.);
#3152=EDGE_CURVE('',#2483,#2485,#994,.T.);
#3153=EDGE_CURVE('',#2486,#2484,#995,.T.);
#3154=EDGE_CURVE('',#2485,#2486,#996,.T.);
#3155=EDGE_CURVE('',#2485,#2487,#2105,.T.);
#3156=EDGE_CURVE('',#2488,#2486,#2106,.T.);
#3157=EDGE_CURVE('',#2487,#2488,#997,.T.);
#3158=EDGE_CURVE('',#2487,#2489,#998,.T.);
#3159=EDGE_CURVE('',#2490,#2488,#999,.T.);
#3160=EDGE_CURVE('',#2489,#2490,#1000,.T.);
#3161=EDGE_CURVE('',#2489,#2491,#2107,.T.);
#3162=EDGE_CURVE('',#2492,#2490,#2108,.T.);
#3163=EDGE_CURVE('',#2491,#2492,#1001,.T.);
#3164=EDGE_CURVE('',#2491,#2493,#1002,.T.);
#3165=EDGE_CURVE('',#2494,#2492,#1003,.T.);
#3166=EDGE_CURVE('',#2493,#2494,#1004,.T.);
#3167=EDGE_CURVE('',#2493,#2495,#2109,.T.);
#3168=EDGE_CURVE('',#2496,#2494,#2110,.T.);
#3169=EDGE_CURVE('',#2495,#2496,#1005,.T.);
#3170=EDGE_CURVE('',#2495,#2497,#1006,.T.);
#3171=EDGE_CURVE('',#2498,#2496,#1007,.T.);
#3172=EDGE_CURVE('',#2497,#2498,#1008,.T.);
#3173=EDGE_CURVE('',#2497,#2499,#2111,.T.);
#3174=EDGE_CURVE('',#2500,#2498,#2112,.T.);
#3175=EDGE_CURVE('',#2499,#2500,#1009,.T.);
#3176=EDGE_CURVE('',#2499,#2501,#1010,.T.);
#3177=EDGE_CURVE('',#2502,#2500,#1011,.T.);
#3178=EDGE_CURVE('',#2501,#2502,#1012,.T.);
#3179=EDGE_CURVE('',#2501,#2503,#2113,.T.);
#3180=EDGE_CURVE('',#2504,#2502,#2114,.T.);
#3181=EDGE_CURVE('',#2503,#2504,#1013,.T.);
#3182=EDGE_CURVE('',#2503,#2505,#1014,.T.);
#3183=EDGE_CURVE('',#2506,#2504,#1015,.T.);
#3184=EDGE_CURVE('',#2505,#2506,#1016,.T.);
#3185=EDGE_CURVE('',#2505,#2507,#2115,.T.);
#3186=EDGE_CURVE('',#2508,#2506,#2116,.T.);
#3187=EDGE_CURVE('',#2507,#2508,#1017,.T.);
#3188=EDGE_CURVE('',#2507,#2509,#1018,.T.);
#3189=EDGE_CURVE('',#2510,#2508,#1019,.T.);
#3190=EDGE_CURVE('',#2509,#2510,#1020,.T.);
#3191=EDGE_CURVE('',#2509,#2511,#2117,.T.);
#3192=EDGE_CURVE('',#2512,#2510,#2118,.T.);
#3193=EDGE_CURVE('',#2511,#2512,#1021,.T.);
#3194=EDGE_CURVE('',#2511,#2513,#1022,.T.);
#3195=EDGE_CURVE('',#2514,#2512,#1023,.T.);
#3196=EDGE_CURVE('',#2513,#2514,#1024,.T.);
#3197=EDGE_CURVE('',#2513,#2515,#2119,.T.);
#3198=EDGE_CURVE('',#2516,#2514,#2120,.T.);
#3199=EDGE_CURVE('',#2515,#2516,#1025,.T.);
#3200=EDGE_CURVE('',#2515,#2517,#1026,.T.);
#3201=EDGE_CURVE('',#2518,#2516,#1027,.T.);
#3202=EDGE_CURVE('',#2517,#2518,#1028,.T.);
#3203=EDGE_CURVE('',#2517,#2519,#2121,.T.);
#3204=EDGE_CURVE('',#2520,#2518,#2122,.T.);
#3205=EDGE_CURVE('',#2519,#2520,#1029,.T.);
#3206=EDGE_CURVE('',#2519,#2521,#1030,.T.);
#3207=EDGE_CURVE('',#2522,#2520,#1031,.T.);
#3208=EDGE_CURVE('',#2521,#2522,#1032,.T.);
#3209=EDGE_CURVE('',#2521,#2523,#2123,.T.);
#3210=EDGE_CURVE('',#2524,#2522,#2124,.T.);
#3211=EDGE_CURVE('',#2523,#2524,#1033,.T.);
#3212=EDGE_CURVE('',#2523,#2525,#1034,.T.);
#3213=EDGE_CURVE('',#2526,#2524,#1035,.T.);
#3214=EDGE_CURVE('',#2525,#2526,#1036,.T.);
#3215=EDGE_CURVE('',#2525,#2527,#2125,.T.);
#3216=EDGE_CURVE('',#2528,#2526,#2126,.T.);
#3217=EDGE_CURVE('',#2527,#2528,#1037,.T.);
#3218=EDGE_CURVE('',#2527,#2529,#1038,.T.);
#3219=EDGE_CURVE('',#2530,#2528,#1039,.T.);
#3220=EDGE_CURVE('',#2529,#2530,#1040,.T.);
#3221=EDGE_CURVE('',#2529,#2531,#2127,.T.);
#3222=EDGE_CURVE('',#2532,#2530,#2128,.T.);
#3223=EDGE_CURVE('',#2531,#2532,#1041,.T.);
#3224=EDGE_CURVE('',#2531,#2533,#1042,.T.);
#3225=EDGE_CURVE('',#2534,#2532,#1043,.T.);
#3226=EDGE_CURVE('',#2533,#2534,#1044,.T.);
#3227=EDGE_CURVE('',#2533,#2535,#2129,.T.);
#3228=EDGE_CURVE('',#2536,#2534,#2130,.T.);
#3229=EDGE_CURVE('',#2535,#2536,#1045,.T.);
#3230=EDGE_CURVE('',#2535,#2537,#1046,.T.);
#3231=EDGE_CURVE('',#2538,#2536,#1047,.T.);
#3232=EDGE_CURVE('',#2537,#2538,#1048,.T.);
#3233=EDGE_CURVE('',#2537,#2539,#2131,.T.);
#3234=EDGE_CURVE('',#2540,#2538,#2132,.T.);
#3235=EDGE_CURVE('',#2539,#2540,#1049,.T.);
#3236=EDGE_CURVE('',#2539,#2541,#1050,.T.);
#3237=EDGE_CURVE('',#2542,#2540,#1051,.T.);
#3238=EDGE_CURVE('',#2541,#2542,#1052,.T.);
#3239=EDGE_CURVE('',#2541,#2543,#2133,.T.);
#3240=EDGE_CURVE('',#2544,#2542,#2134,.T.);
#3241=EDGE_CURVE('',#2543,#2544,#1053,.T.);
#3242=EDGE_CURVE('',#2543,#2545,#1054,.T.);
#3243=EDGE_CURVE('',#2546,#2544,#1055,.T.);
#3244=EDGE_CURVE('',#2545,#2546,#1056,.T.);
#3245=EDGE_CURVE('',#2545,#2547,#2135,.T.);
#3246=EDGE_CURVE('',#2548,#2546,#2136,.T.);
#3247=EDGE_CURVE('',#2547,#2548,#1057,.T.);
#3248=EDGE_CURVE('',#2547,#2549,#1058,.T.);
#3249=EDGE_CURVE('',#2550,#2548,#1059,.T.);
#3250=EDGE_CURVE('',#2549,#2550,#1060,.T.);
#3251=EDGE_CURVE('',#2549,#2551,#2137,.T.);
#3252=EDGE_CURVE('',#2552,#2550,#2138,.T.);
#3253=EDGE_CURVE('',#2551,#2552,#1061,.T.);
#3254=EDGE_CURVE('',#2551,#2553,#1062,.T.);
#3255=EDGE_CURVE('',#2554,#2552,#1063,.T.);
#3256=EDGE_CURVE('',#2553,#2554,#1064,.T.);
#3257=EDGE_CURVE('',#2553,#2555,#2139,.T.);
#3258=EDGE_CURVE('',#2556,#2554,#2140,.T.);
#3259=EDGE_CURVE('',#2555,#2556,#1065,.T.);
#3260=EDGE_CURVE('',#2555,#2557,#1066,.T.);
#3261=EDGE_CURVE('',#2558,#2556,#1067,.T.);
#3262=EDGE_CURVE('',#2557,#2558,#1068,.T.);
#3263=EDGE_CURVE('',#2557,#2559,#2141,.T.);
#3264=EDGE_CURVE('',#2560,#2558,#2142,.T.);
#3265=EDGE_CURVE('',#2559,#2560,#1069,.T.);
#3266=EDGE_CURVE('',#2559,#2561,#1070,.T.);
#3267=EDGE_CURVE('',#2562,#2560,#1071,.T.);
#3268=EDGE_CURVE('',#2561,#2562,#1072,.T.);
#3269=EDGE_CURVE('',#2561,#2563,#2143,.T.);
#3270=EDGE_CURVE('',#2564,#2562,#2144,.T.);
#3271=EDGE_CURVE('',#2563,#2564,#1073,.T.);
#3272=EDGE_CURVE('',#2563,#2565,#1074,.T.);
#3273=EDGE_CURVE('',#2566,#2564,#1075,.T.);
#3274=EDGE_CURVE('',#2565,#2566,#1076,.T.);
#3275=EDGE_CURVE('',#2565,#2567,#2145,.T.);
#3276=EDGE_CURVE('',#2568,#2566,#2146,.T.);
#3277=EDGE_CURVE('',#2567,#2568,#1077,.T.);
#3278=EDGE_CURVE('',#2567,#2569,#1078,.T.);
#3279=EDGE_CURVE('',#2570,#2568,#1079,.T.);
#3280=EDGE_CURVE('',#2569,#2570,#1080,.T.);
#3281=EDGE_CURVE('',#2569,#2571,#2147,.T.);
#3282=EDGE_CURVE('',#2572,#2570,#2148,.T.);
#3283=EDGE_CURVE('',#2571,#2572,#1081,.T.);
#3284=EDGE_CURVE('',#2571,#2573,#1082,.T.);
#3285=EDGE_CURVE('',#2574,#2572,#1083,.T.);
#3286=EDGE_CURVE('',#2573,#2574,#1084,.T.);
#3287=EDGE_CURVE('',#2573,#2575,#2149,.T.);
#3288=EDGE_CURVE('',#2576,#2574,#2150,.T.);
#3289=EDGE_CURVE('',#2575,#2576,#1085,.T.);
#3290=EDGE_CURVE('',#2575,#2577,#1086,.T.);
#3291=EDGE_CURVE('',#2578,#2576,#1087,.T.);
#3292=EDGE_CURVE('',#2577,#2578,#1088,.T.);
#3293=EDGE_CURVE('',#2577,#2579,#2151,.T.);
#3294=EDGE_CURVE('',#2580,#2578,#2152,.T.);
#3295=EDGE_CURVE('',#2579,#2580,#1089,.T.);
#3296=EDGE_CURVE('',#2579,#2581,#1090,.T.);
#3297=EDGE_CURVE('',#2582,#2580,#1091,.T.);
#3298=EDGE_CURVE('',#2581,#2582,#1092,.T.);
#3299=EDGE_CURVE('',#2581,#2583,#2153,.T.);
#3300=EDGE_CURVE('',#2584,#2582,#2154,.T.);
#3301=EDGE_CURVE('',#2583,#2584,#1093,.T.);
#3302=EDGE_CURVE('',#2583,#2585,#1094,.T.);
#3303=EDGE_CURVE('',#2586,#2584,#1095,.T.);
#3304=EDGE_CURVE('',#2585,#2586,#1096,.T.);
#3305=EDGE_CURVE('',#2585,#2587,#2155,.T.);
#3306=EDGE_CURVE('',#2588,#2586,#2156,.T.);
#3307=EDGE_CURVE('',#2587,#2588,#1097,.T.);
#3308=EDGE_CURVE('',#2587,#2589,#1098,.T.);
#3309=EDGE_CURVE('',#2590,#2588,#1099,.T.);
#3310=EDGE_CURVE('',#2589,#2590,#1100,.T.);
#3311=EDGE_CURVE('',#2589,#2591,#2157,.T.);
#3312=EDGE_CURVE('',#2592,#2590,#2158,.T.);
#3313=EDGE_CURVE('',#2591,#2592,#1101,.T.);
#3314=EDGE_CURVE('',#2591,#2593,#1102,.T.);
#3315=EDGE_CURVE('',#2594,#2592,#1103,.T.);
#3316=EDGE_CURVE('',#2593,#2594,#1104,.T.);
#3317=EDGE_CURVE('',#2593,#2595,#2159,.T.);
#3318=EDGE_CURVE('',#2596,#2594,#2160,.T.);
#3319=EDGE_CURVE('',#2595,#2596,#1105,.T.);
#3320=EDGE_CURVE('',#2595,#2597,#1106,.T.);
#3321=EDGE_CURVE('',#2598,#2596,#1107,.T.);
#3322=EDGE_CURVE('',#2597,#2598,#1108,.T.);
#3323=EDGE_CURVE('',#2597,#2599,#2161,.T.);
#3324=EDGE_CURVE('',#2600,#2598,#2162,.T.);
#3325=EDGE_CURVE('',#2599,#2600,#1109,.T.);
#3326=EDGE_CURVE('',#2599,#2601,#1110,.T.);
#3327=EDGE_CURVE('',#2602,#2600,#1111,.T.);
#3328=EDGE_CURVE('',#2601,#2602,#1112,.T.);
#3329=EDGE_CURVE('',#2601,#2603,#2163,.T.);
#3330=EDGE_CURVE('',#2604,#2602,#2164,.T.);
#3331=EDGE_CURVE('',#2603,#2604,#1113,.T.);
#3332=EDGE_CURVE('',#2603,#2605,#1114,.T.);
#3333=EDGE_CURVE('',#2606,#2604,#1115,.T.);
#3334=EDGE_CURVE('',#2605,#2606,#1116,.T.);
#3335=EDGE_CURVE('',#2605,#2607,#2165,.T.);
#3336=EDGE_CURVE('',#2608,#2606,#2166,.T.);
#3337=EDGE_CURVE('',#2607,#2608,#1117,.T.);
#3338=EDGE_CURVE('',#2607,#2609,#1118,.T.);
#3339=EDGE_CURVE('',#2610,#2608,#1119,.T.);
#3340=EDGE_CURVE('',#2609,#2610,#1120,.T.);
#3341=EDGE_CURVE('',#2609,#2611,#2167,.T.);
#3342=EDGE_CURVE('',#2612,#2610,#2168,.T.);
#3343=EDGE_CURVE('',#2611,#2612,#1121,.T.);
#3344=EDGE_CURVE('',#2611,#2613,#1122,.T.);
#3345=EDGE_CURVE('',#2614,#2612,#1123,.T.);
#3346=EDGE_CURVE('',#2613,#2614,#1124,.T.);
#3347=EDGE_CURVE('',#2613,#2615,#2169,.T.);
#3348=EDGE_CURVE('',#2616,#2614,#2170,.T.);
#3349=EDGE_CURVE('',#2615,#2616,#1125,.T.);
#3350=EDGE_CURVE('',#2615,#2617,#1126,.T.);
#3351=EDGE_CURVE('',#2618,#2616,#1127,.T.);
#3352=EDGE_CURVE('',#2617,#2618,#1128,.T.);
#3353=EDGE_CURVE('',#2617,#2619,#2171,.T.);
#3354=EDGE_CURVE('',#2620,#2618,#2172,.T.);
#3355=EDGE_CURVE('',#2619,#2620,#1129,.T.);
#3356=EDGE_CURVE('',#2619,#2621,#1130,.T.);
#3357=EDGE_CURVE('',#2622,#2620,#1131,.T.);
#3358=EDGE_CURVE('',#2621,#2622,#1132,.T.);
#3359=EDGE_CURVE('',#2621,#2623,#2173,.T.);
#3360=EDGE_CURVE('',#2624,#2622,#2174,.T.);
#3361=EDGE_CURVE('',#2623,#2624,#1133,.T.);
#3362=EDGE_CURVE('',#2623,#2625,#1134,.T.);
#3363=EDGE_CURVE('',#2626,#2624,#1135,.T.);
#3364=EDGE_CURVE('',#2625,#2626,#1136,.T.);
#3365=EDGE_CURVE('',#2625,#2627,#2175,.T.);
#3366=EDGE_CURVE('',#2628,#2626,#2176,.T.);
#3367=EDGE_CURVE('',#2627,#2628,#1137,.T.);
#3368=EDGE_CURVE('',#2627,#2629,#1138,.T.);
#3369=EDGE_CURVE('',#2630,#2628,#1139,.T.);
#3370=EDGE_CURVE('',#2629,#2630,#1140,.T.);
#3371=EDGE_CURVE('',#2629,#2631,#2177,.T.);
#3372=EDGE_CURVE('',#2632,#2630,#2178,.T.);
#3373=EDGE_CURVE('',#2631,#2632,#1141,.T.);
#3374=EDGE_CURVE('',#2631,#2633,#1142,.T.);
#3375=EDGE_CURVE('',#2634,#2632,#1143,.T.);
#3376=EDGE_CURVE('',#2633,#2634,#1144,.T.);
#3377=EDGE_CURVE('',#2633,#2635,#2179,.T.);
#3378=EDGE_CURVE('',#2636,#2634,#2180,.T.);
#3379=EDGE_CURVE('',#2635,#2636,#1145,.T.);
#3380=EDGE_CURVE('',#2635,#2477,#1146,.T.);
#3381=EDGE_CURVE('',#2479,#2636,#1147,.T.);
#3382=EDGE_CURVE('',#2637,#2637,#2181,.T.);
#3383=EDGE_CURVE('',#2637,#2638,#1148,.T.);
#3384=EDGE_CURVE('',#2638,#2638,#2182,.T.);
#3385=EDGE_CURVE('',#2639,#2640,#2183,.T.);
#3386=EDGE_CURVE('',#2640,#2641,#1149,.T.);
#3387=EDGE_CURVE('',#2642,#2641,#2184,.T.);
#3388=EDGE_CURVE('',#2639,#2642,#1150,.T.);
#3389=EDGE_CURVE('',#2639,#2643,#1151,.T.);
#3390=EDGE_CURVE('',#2644,#2642,#1152,.T.);
#3391=EDGE_CURVE('',#2643,#2644,#1153,.T.);
#3392=EDGE_CURVE('',#2643,#2645,#2185,.T.);
#3393=EDGE_CURVE('',#2646,#2644,#2186,.T.);
#3394=EDGE_CURVE('',#2645,#2646,#1154,.T.);
#3395=EDGE_CURVE('',#2647,#2645,#1155,.T.);
#3396=EDGE_CURVE('',#2648,#2646,#1156,.T.);
#3397=EDGE_CURVE('',#2647,#2648,#1157,.T.);
#3398=EDGE_CURVE('',#2649,#2647,#2187,.T.);
#3399=EDGE_CURVE('',#2650,#2648,#2188,.T.);
#3400=EDGE_CURVE('',#2649,#2650,#1158,.T.);
#3401=EDGE_CURVE('',#2651,#2649,#1159,.T.);
#3402=EDGE_CURVE('',#2652,#2650,#1160,.T.);
#3403=EDGE_CURVE('',#2651,#2652,#1161,.T.);
#3404=EDGE_CURVE('',#2653,#2640,#1162,.T.);
#3405=EDGE_CURVE('',#2654,#2653,#1163,.T.);
#3406=EDGE_CURVE('',#2641,#2654,#1164,.T.);
#3407=EDGE_CURVE('',#2655,#2652,#2189,.T.);
#3408=EDGE_CURVE('',#2655,#2656,#1165,.T.);
#3409=EDGE_CURVE('',#2651,#2656,#2190,.T.);
#3410=EDGE_CURVE('',#2657,#2653,#2191,.T.);
#3411=EDGE_CURVE('',#2657,#2658,#1166,.T.);
#3412=EDGE_CURVE('',#2654,#2658,#2192,.T.);
#3413=EDGE_CURVE('',#2659,#2660,#2193,.T.);
#3414=EDGE_CURVE('',#2660,#2661,#1167,.T.);
#3415=EDGE_CURVE('',#2662,#2661,#2194,.T.);
#3416=EDGE_CURVE('',#2659,#2662,#1168,.T.);
#3417=EDGE_CURVE('',#2659,#2663,#1169,.T.);
#3418=EDGE_CURVE('',#2664,#2662,#1170,.T.);
#3419=EDGE_CURVE('',#2663,#2664,#1171,.T.);
#3420=EDGE_CURVE('',#2663,#2665,#2195,.T.);
#3421=EDGE_CURVE('',#2666,#2664,#2196,.T.);
#3422=EDGE_CURVE('',#2665,#2666,#1172,.T.);
#3423=EDGE_CURVE('',#2667,#2665,#1173,.T.);
#3424=EDGE_CURVE('',#2668,#2666,#1174,.T.);
#3425=EDGE_CURVE('',#2667,#2668,#1175,.T.);
#3426=EDGE_CURVE('',#2669,#2667,#2197,.T.);
#3427=EDGE_CURVE('',#2670,#2668,#2198,.T.);
#3428=EDGE_CURVE('',#2669,#2670,#1176,.T.);
#3429=EDGE_CURVE('',#2671,#2669,#1177,.T.);
#3430=EDGE_CURVE('',#2672,#2670,#1178,.T.);
#3431=EDGE_CURVE('',#2671,#2672,#1179,.T.);
#3432=EDGE_CURVE('',#2673,#2660,#1180,.T.);
#3433=EDGE_CURVE('',#2674,#2673,#1181,.T.);
#3434=EDGE_CURVE('',#2661,#2674,#1182,.T.);
#3435=EDGE_CURVE('',#2675,#2672,#2199,.T.);
#3436=EDGE_CURVE('',#2675,#2676,#1183,.T.);
#3437=EDGE_CURVE('',#2671,#2676,#2200,.T.);
#3438=EDGE_CURVE('',#2677,#2673,#2201,.T.);
#3439=EDGE_CURVE('',#2677,#2678,#1184,.T.);
#3440=EDGE_CURVE('',#2674,#2678,#2202,.T.);
#3441=EDGE_CURVE('',#2679,#2680,#2203,.T.);
#3442=EDGE_CURVE('',#2680,#2681,#1185,.T.);
#3443=EDGE_CURVE('',#2682,#2681,#2204,.T.);
#3444=EDGE_CURVE('',#2679,#2682,#1186,.T.);
#3445=EDGE_CURVE('',#2679,#2683,#1187,.T.);
#3446=EDGE_CURVE('',#2684,#2682,#1188,.T.);
#3447=EDGE_CURVE('',#2683,#2684,#1189,.T.);
#3448=EDGE_CURVE('',#2683,#2685,#2205,.T.);
#3449=EDGE_CURVE('',#2686,#2684,#2206,.T.);
#3450=EDGE_CURVE('',#2685,#2686,#1190,.T.);
#3451=EDGE_CURVE('',#2687,#2685,#1191,.T.);
#3452=EDGE_CURVE('',#2688,#2686,#1192,.T.);
#3453=EDGE_CURVE('',#2687,#2688,#1193,.T.);
#3454=EDGE_CURVE('',#2689,#2687,#2207,.T.);
#3455=EDGE_CURVE('',#2690,#2688,#2208,.T.);
#3456=EDGE_CURVE('',#2689,#2690,#1194,.T.);
#3457=EDGE_CURVE('',#2691,#2689,#1195,.T.);
#3458=EDGE_CURVE('',#2692,#2690,#1196,.T.);
#3459=EDGE_CURVE('',#2691,#2692,#1197,.T.);
#3460=EDGE_CURVE('',#2693,#2680,#1198,.T.);
#3461=EDGE_CURVE('',#2694,#2693,#1199,.T.);
#3462=EDGE_CURVE('',#2681,#2694,#1200,.T.);
#3463=EDGE_CURVE('',#2695,#2692,#2209,.T.);
#3464=EDGE_CURVE('',#2695,#2696,#1201,.T.);
#3465=EDGE_CURVE('',#2691,#2696,#2210,.T.);
#3466=EDGE_CURVE('',#2697,#2693,#2211,.T.);
#3467=EDGE_CURVE('',#2697,#2698,#1202,.T.);
#3468=EDGE_CURVE('',#2694,#2698,#2212,.T.);
#3469=EDGE_CURVE('',#2699,#2700,#2213,.T.);
#3470=EDGE_CURVE('',#2700,#2701,#1203,.T.);
#3471=EDGE_CURVE('',#2702,#2701,#2214,.T.);
#3472=EDGE_CURVE('',#2699,#2702,#1204,.T.);
#3473=EDGE_CURVE('',#2699,#2703,#1205,.T.);
#3474=EDGE_CURVE('',#2704,#2702,#1206,.T.);
#3475=EDGE_CURVE('',#2703,#2704,#1207,.T.);
#3476=EDGE_CURVE('',#2703,#2705,#2215,.T.);
#3477=EDGE_CURVE('',#2706,#2704,#2216,.T.);
#3478=EDGE_CURVE('',#2705,#2706,#1208,.T.);
#3479=EDGE_CURVE('',#2707,#2705,#1209,.T.);
#3480=EDGE_CURVE('',#2708,#2706,#1210,.T.);
#3481=EDGE_CURVE('',#2707,#2708,#1211,.T.);
#3482=EDGE_CURVE('',#2709,#2707,#2217,.T.);
#3483=EDGE_CURVE('',#2710,#2708,#2218,.T.);
#3484=EDGE_CURVE('',#2709,#2710,#1212,.T.);
#3485=EDGE_CURVE('',#2657,#2709,#1213,.T.);
#3486=EDGE_CURVE('',#2658,#2710,#1214,.T.);
#3487=EDGE_CURVE('',#2696,#2700,#1215,.T.);
#3488=EDGE_CURVE('',#2701,#2695,#1216,.T.);
#3489=EDGE_CURVE('',#2711,#2712,#2219,.T.);
#3490=EDGE_CURVE('',#2712,#2713,#1217,.T.);
#3491=EDGE_CURVE('',#2714,#2713,#2220,.T.);
#3492=EDGE_CURVE('',#2711,#2714,#1218,.T.);
#3493=EDGE_CURVE('',#2711,#2715,#1219,.T.);
#3494=EDGE_CURVE('',#2716,#2714,#1220,.T.);
#3495=EDGE_CURVE('',#2715,#2716,#1221,.T.);
#3496=EDGE_CURVE('',#2715,#2717,#2221,.T.);
#3497=EDGE_CURVE('',#2718,#2716,#2222,.T.);
#3498=EDGE_CURVE('',#2717,#2718,#1222,.T.);
#3499=EDGE_CURVE('',#2719,#2717,#1223,.T.);
#3500=EDGE_CURVE('',#2720,#2718,#1224,.T.);
#3501=EDGE_CURVE('',#2719,#2720,#1225,.T.);
#3502=EDGE_CURVE('',#2721,#2719,#2223,.T.);
#3503=EDGE_CURVE('',#2722,#2720,#2224,.T.);
#3504=EDGE_CURVE('',#2721,#2722,#1226,.T.);
#3505=EDGE_CURVE('',#2723,#2721,#1227,.T.);
#3506=EDGE_CURVE('',#2724,#2722,#1228,.T.);
#3507=EDGE_CURVE('',#2723,#2724,#1229,.T.);
#3508=EDGE_CURVE('',#2725,#2712,#1230,.T.);
#3509=EDGE_CURVE('',#2726,#2725,#1231,.T.);
#3510=EDGE_CURVE('',#2713,#2726,#1232,.T.);
#3511=EDGE_CURVE('',#2727,#2724,#2225,.T.);
#3512=EDGE_CURVE('',#2727,#2728,#1233,.T.);
#3513=EDGE_CURVE('',#2723,#2728,#2226,.T.);
#3514=EDGE_CURVE('',#2729,#2725,#2227,.T.);
#3515=EDGE_CURVE('',#2729,#2730,#1234,.T.);
#3516=EDGE_CURVE('',#2726,#2730,#2228,.T.);
#3517=EDGE_CURVE('',#2731,#2732,#2229,.T.);
#3518=EDGE_CURVE('',#2732,#2733,#1235,.T.);
#3519=EDGE_CURVE('',#2734,#2733,#2230,.T.);
#3520=EDGE_CURVE('',#2731,#2734,#1236,.T.);
#3521=EDGE_CURVE('',#2731,#2735,#1237,.T.);
#3522=EDGE_CURVE('',#2736,#2734,#1238,.T.);
#3523=EDGE_CURVE('',#2735,#2736,#1239,.T.);
#3524=EDGE_CURVE('',#2735,#2737,#2231,.T.);
#3525=EDGE_CURVE('',#2738,#2736,#2232,.T.);
#3526=EDGE_CURVE('',#2737,#2738,#1240,.T.);
#3527=EDGE_CURVE('',#2739,#2737,#1241,.T.);
#3528=EDGE_CURVE('',#2740,#2738,#1242,.T.);
#3529=EDGE_CURVE('',#2739,#2740,#1243,.T.);
#3530=EDGE_CURVE('',#2741,#2739,#2233,.T.);
#3531=EDGE_CURVE('',#2742,#2740,#2234,.T.);
#3532=EDGE_CURVE('',#2741,#2742,#1244,.T.);
#3533=EDGE_CURVE('',#2729,#2741,#1245,.T.);
#3534=EDGE_CURVE('',#2730,#2742,#1246,.T.);
#3535=EDGE_CURVE('',#2743,#2732,#1247,.T.);
#3536=EDGE_CURVE('',#2744,#2743,#1248,.T.);
#3537=EDGE_CURVE('',#2733,#2744,#1249,.T.);
#3538=EDGE_CURVE('',#2745,#2743,#2235,.T.);
#3539=EDGE_CURVE('',#2745,#2746,#1250,.T.);
#3540=EDGE_CURVE('',#2744,#2746,#2236,.T.);
#3541=EDGE_CURVE('',#2747,#2748,#2237,.T.);
#3542=EDGE_CURVE('',#2748,#2749,#1251,.T.);
#3543=EDGE_CURVE('',#2750,#2749,#2238,.T.);
#3544=EDGE_CURVE('',#2747,#2750,#1252,.T.);
#3545=EDGE_CURVE('',#2747,#2751,#1253,.T.);
#3546=EDGE_CURVE('',#2752,#2750,#1254,.T.);
#3547=EDGE_CURVE('',#2751,#2752,#1255,.T.);
#3548=EDGE_CURVE('',#2751,#2753,#2239,.T.);
#3549=EDGE_CURVE('',#2754,#2752,#2240,.T.);
#3550=EDGE_CURVE('',#2753,#2754,#1256,.T.);
#3551=EDGE_CURVE('',#2755,#2753,#1257,.T.);
#3552=EDGE_CURVE('',#2756,#2754,#1258,.T.);
#3553=EDGE_CURVE('',#2755,#2756,#1259,.T.);
#3554=EDGE_CURVE('',#2757,#2755,#2241,.T.);
#3555=EDGE_CURVE('',#2758,#2756,#2242,.T.);
#3556=EDGE_CURVE('',#2757,#2758,#1260,.T.);
#3557=EDGE_CURVE('',#2697,#2757,#1261,.T.);
#3558=EDGE_CURVE('',#2698,#2758,#1262,.T.);
#3559=EDGE_CURVE('',#2728,#2748,#1263,.T.);
#3560=EDGE_CURVE('',#2749,#2727,#1264,.T.);
#3561=EDGE_CURVE('',#2759,#2760,#2243,.T.);
#3562=EDGE_CURVE('',#2760,#2761,#1265,.T.);
#3563=EDGE_CURVE('',#2762,#2761,#2244,.T.);
#3564=EDGE_CURVE('',#2759,#2762,#1266,.T.);
#3565=EDGE_CURVE('',#2759,#2763,#1267,.T.);
#3566=EDGE_CURVE('',#2764,#2762,#1268,.T.);
#3567=EDGE_CURVE('',#2763,#2764,#1269,.T.);
#3568=EDGE_CURVE('',#2763,#2765,#2245,.T.);
#3569=EDGE_CURVE('',#2766,#2764,#2246,.T.);
#3570=EDGE_CURVE('',#2765,#2766,#1270,.T.);
#3571=EDGE_CURVE('',#2767,#2765,#1271,.T.);
#3572=EDGE_CURVE('',#2768,#2766,#1272,.T.);
#3573=EDGE_CURVE('',#2767,#2768,#1273,.T.);
#3574=EDGE_CURVE('',#2769,#2767,#2247,.T.);
#3575=EDGE_CURVE('',#2770,#2768,#2248,.T.);
#3576=EDGE_CURVE('',#2769,#2770,#1274,.T.);
#3577=EDGE_CURVE('',#2677,#2769,#1275,.T.);
#3578=EDGE_CURVE('',#2678,#2770,#1276,.T.);
#3579=EDGE_CURVE('',#2771,#2760,#1277,.T.);
#3580=EDGE_CURVE('',#2772,#2771,#1278,.T.);
#3581=EDGE_CURVE('',#2761,#2772,#1279,.T.);
#3582=EDGE_CURVE('',#2773,#2771,#2249,.T.);
#3583=EDGE_CURVE('',#2773,#2774,#1280,.T.);
#3584=EDGE_CURVE('',#2772,#2774,#2250,.T.);
#3585=EDGE_CURVE('',#2775,#2776,#2251,.T.);
#3586=EDGE_CURVE('',#2776,#2777,#1281,.T.);
#3587=EDGE_CURVE('',#2778,#2777,#2252,.T.);
#3588=EDGE_CURVE('',#2775,#2778,#1282,.T.);
#3589=EDGE_CURVE('',#2775,#2779,#1283,.T.);
#3590=EDGE_CURVE('',#2780,#2778,#1284,.T.);
#3591=EDGE_CURVE('',#2779,#2780,#1285,.T.);
#3592=EDGE_CURVE('',#2779,#2781,#2253,.T.);
#3593=EDGE_CURVE('',#2782,#2780,#2254,.T.);
#3594=EDGE_CURVE('',#2781,#2782,#1286,.T.);
#3595=EDGE_CURVE('',#2783,#2781,#1287,.T.);
#3596=EDGE_CURVE('',#2784,#2782,#1288,.T.);
#3597=EDGE_CURVE('',#2783,#2784,#1289,.T.);
#3598=EDGE_CURVE('',#2785,#2783,#2255,.T.);
#3599=EDGE_CURVE('',#2786,#2784,#2256,.T.);
#3600=EDGE_CURVE('',#2785,#2786,#1290,.T.);
#3601=EDGE_CURVE('',#2773,#2785,#1291,.T.);
#3602=EDGE_CURVE('',#2774,#2786,#1292,.T.);
#3603=EDGE_CURVE('',#2656,#2776,#1293,.T.);
#3604=EDGE_CURVE('',#2777,#2655,#1294,.T.);
#3605=EDGE_CURVE('',#2787,#2788,#2257,.T.);
#3606=EDGE_CURVE('',#2788,#2789,#1295,.T.);
#3607=EDGE_CURVE('',#2790,#2789,#2258,.T.);
#3608=EDGE_CURVE('',#2787,#2790,#1296,.T.);
#3609=EDGE_CURVE('',#2787,#2791,#1297,.T.);
#3610=EDGE_CURVE('',#2792,#2790,#1298,.T.);
#3611=EDGE_CURVE('',#2791,#2792,#1299,.T.);
#3612=EDGE_CURVE('',#2791,#2793,#2259,.T.);
#3613=EDGE_CURVE('',#2794,#2792,#2260,.T.);
#3614=EDGE_CURVE('',#2793,#2794,#1300,.T.);
#3615=EDGE_CURVE('',#2795,#2793,#1301,.T.);
#3616=EDGE_CURVE('',#2796,#2794,#1302,.T.);
#3617=EDGE_CURVE('',#2795,#2796,#1303,.T.);
#3618=EDGE_CURVE('',#2797,#2795,#2261,.T.);
#3619=EDGE_CURVE('',#2798,#2796,#2262,.T.);
#3620=EDGE_CURVE('',#2797,#2798,#1304,.T.);
#3621=EDGE_CURVE('',#2745,#2797,#1305,.T.);
#3622=EDGE_CURVE('',#2746,#2798,#1306,.T.);
#3623=EDGE_CURVE('',#2676,#2788,#1307,.T.);
#3624=EDGE_CURVE('',#2789,#2675,#1308,.T.);
#3625=EDGE_CURVE('',#2799,#2799,#2263,.T.);
#3626=EDGE_CURVE('',#2799,#2800,#1309,.T.);
#3627=EDGE_CURVE('',#2800,#2800,#2264,.T.);
#3628=EDGE_CURVE('',#2801,#2801,#2265,.T.);
#3629=EDGE_CURVE('',#2801,#2802,#1310,.T.);
#3630=EDGE_CURVE('',#2802,#2802,#2266,.T.);
#3631=EDGE_CURVE('',#2803,#2803,#2267,.F.);
#3632=EDGE_CURVE('',#2804,#2804,#2268,.T.);
#3633=EDGE_CURVE('',#2804,#2805,#1311,.T.);
#3634=EDGE_CURVE('',#2805,#2805,#2269,.T.);
#3635=EDGE_CURVE('',#2806,#2806,#2270,.F.);
#3636=EDGE_CURVE('',#2807,#2807,#2271,.T.);
#3637=EDGE_CURVE('',#2807,#2808,#1312,.T.);
#3638=EDGE_CURVE('',#2808,#2808,#2272,.T.);
#3639=EDGE_CURVE('',#2806,#2803,#1313,.T.);
#3640=EDGE_CURVE('',#2809,#2809,#2273,.T.);
#3641=EDGE_CURVE('',#2810,#2810,#2274,.T.);
#3642=EDGE_CURVE('',#2811,#2812,#2275,.T.);
#3643=EDGE_CURVE('',#2812,#2813,#1314,.T.);
#3644=EDGE_CURVE('',#2814,#2813,#2276,.T.);
#3645=EDGE_CURVE('',#2811,#2814,#1315,.T.);
#3646=EDGE_CURVE('',#2811,#2815,#1316,.T.);
#3647=EDGE_CURVE('',#2816,#2814,#1317,.T.);
#3648=EDGE_CURVE('',#2815,#2816,#1318,.T.);
#3649=EDGE_CURVE('',#2815,#2817,#2277,.T.);
#3650=EDGE_CURVE('',#2818,#2816,#2278,.T.);
#3651=EDGE_CURVE('',#2817,#2818,#1319,.T.);
#3652=EDGE_CURVE('',#2819,#2817,#1320,.T.);
#3653=EDGE_CURVE('',#2820,#2818,#1321,.T.);
#3654=EDGE_CURVE('',#2819,#2820,#1322,.T.);
#3655=EDGE_CURVE('',#2821,#2819,#2279,.T.);
#3656=EDGE_CURVE('',#2822,#2820,#2280,.T.);
#3657=EDGE_CURVE('',#2821,#2822,#1323,.T.);
#3658=EDGE_CURVE('',#2823,#2821,#1324,.T.);
#3659=EDGE_CURVE('',#2824,#2822,#1325,.T.);
#3660=EDGE_CURVE('',#2823,#2824,#1326,.T.);
#3661=EDGE_CURVE('',#2825,#2812,#1327,.T.);
#3662=EDGE_CURVE('',#2826,#2825,#1328,.T.);
#3663=EDGE_CURVE('',#2813,#2826,#1329,.T.);
#3664=EDGE_CURVE('',#2827,#2824,#2281,.T.);
#3665=EDGE_CURVE('',#2827,#2828,#1330,.T.);
#3666=EDGE_CURVE('',#2823,#2828,#2282,.T.);
#3667=EDGE_CURVE('',#2829,#2825,#2283,.T.);
#3668=EDGE_CURVE('',#2829,#2830,#1331,.T.);
#3669=EDGE_CURVE('',#2826,#2830,#2284,.T.);
#3670=EDGE_CURVE('',#2831,#2832,#2285,.T.);
#3671=EDGE_CURVE('',#2832,#2833,#1332,.T.);
#3672=EDGE_CURVE('',#2834,#2833,#2286,.T.);
#3673=EDGE_CURVE('',#2831,#2834,#1333,.T.);
#3674=EDGE_CURVE('',#2831,#2835,#1334,.T.);
#3675=EDGE_CURVE('',#2836,#2834,#1335,.T.);
#3676=EDGE_CURVE('',#2835,#2836,#1336,.T.);
#3677=EDGE_CURVE('',#2835,#2837,#2287,.T.);
#3678=EDGE_CURVE('',#2838,#2836,#2288,.T.);
#3679=EDGE_CURVE('',#2837,#2838,#1337,.T.);
#3680=EDGE_CURVE('',#2839,#2837,#1338,.T.);
#3681=EDGE_CURVE('',#2840,#2838,#1339,.T.);
#3682=EDGE_CURVE('',#2839,#2840,#1340,.T.);
#3683=EDGE_CURVE('',#2841,#2839,#2289,.T.);
#3684=EDGE_CURVE('',#2842,#2840,#2290,.T.);
#3685=EDGE_CURVE('',#2841,#2842,#1341,.T.);
#3686=EDGE_CURVE('',#2829,#2841,#1342,.T.);
#3687=EDGE_CURVE('',#2830,#2842,#1343,.T.);
#3688=EDGE_CURVE('',#2843,#2832,#1344,.T.);
#3689=EDGE_CURVE('',#2844,#2843,#1345,.T.);
#3690=EDGE_CURVE('',#2833,#2844,#1346,.T.);
#3691=EDGE_CURVE('',#2845,#2843,#2291,.T.);
#3692=EDGE_CURVE('',#2845,#2846,#1347,.T.);
#3693=EDGE_CURVE('',#2844,#2846,#2292,.T.);
#3694=EDGE_CURVE('',#2847,#2848,#2293,.T.);
#3695=EDGE_CURVE('',#2848,#2849,#1348,.T.);
#3696=EDGE_CURVE('',#2850,#2849,#2294,.T.);
#3697=EDGE_CURVE('',#2847,#2850,#1349,.T.);
#3698=EDGE_CURVE('',#2847,#2851,#1350,.T.);
#3699=EDGE_CURVE('',#2852,#2850,#1351,.T.);
#3700=EDGE_CURVE('',#2851,#2852,#1352,.T.);
#3701=EDGE_CURVE('',#2851,#2853,#2295,.T.);
#3702=EDGE_CURVE('',#2854,#2852,#2296,.T.);
#3703=EDGE_CURVE('',#2853,#2854,#1353,.T.);
#3704=EDGE_CURVE('',#2855,#2853,#1354,.T.);
#3705=EDGE_CURVE('',#2856,#2854,#1355,.T.);
#3706=EDGE_CURVE('',#2855,#2856,#1356,.T.);
#3707=EDGE_CURVE('',#2857,#2855,#2297,.T.);
#3708=EDGE_CURVE('',#2858,#2856,#2298,.T.);
#3709=EDGE_CURVE('',#2857,#2858,#1357,.T.);
#3710=EDGE_CURVE('',#2845,#2857,#1358,.T.);
#3711=EDGE_CURVE('',#2846,#2858,#1359,.T.);
#3712=EDGE_CURVE('',#2859,#2848,#1360,.T.);
#3713=EDGE_CURVE('',#2860,#2859,#1361,.T.);
#3714=EDGE_CURVE('',#2849,#2860,#1362,.T.);
#3715=EDGE_CURVE('',#2861,#2859,#2299,.T.);
#3716=EDGE_CURVE('',#2861,#2862,#1363,.T.);
#3717=EDGE_CURVE('',#2860,#2862,#2300,.T.);
#3718=EDGE_CURVE('',#2863,#2864,#2301,.T.);
#3719=EDGE_CURVE('',#2864,#2865,#1364,.T.);
#3720=EDGE_CURVE('',#2866,#2865,#2302,.T.);
#3721=EDGE_CURVE('',#2863,#2866,#1365,.T.);
#3722=EDGE_CURVE('',#2863,#2867,#1366,.T.);
#3723=EDGE_CURVE('',#2868,#2866,#1367,.T.);
#3724=EDGE_CURVE('',#2867,#2868,#1368,.T.);
#3725=EDGE_CURVE('',#2867,#2869,#2303,.T.);
#3726=EDGE_CURVE('',#2870,#2868,#2304,.T.);
#3727=EDGE_CURVE('',#2869,#2870,#1369,.T.);
#3728=EDGE_CURVE('',#2871,#2869,#1370,.T.);
#3729=EDGE_CURVE('',#2872,#2870,#1371,.T.);
#3730=EDGE_CURVE('',#2871,#2872,#1372,.T.);
#3731=EDGE_CURVE('',#2873,#2871,#2305,.T.);
#3732=EDGE_CURVE('',#2874,#2872,#2306,.T.);
#3733=EDGE_CURVE('',#2873,#2874,#1373,.T.);
#3734=EDGE_CURVE('',#2861,#2873,#1374,.T.);
#3735=EDGE_CURVE('',#2862,#2874,#1375,.T.);
#3736=EDGE_CURVE('',#2875,#2864,#1376,.T.);
#3737=EDGE_CURVE('',#2876,#2875,#1377,.T.);
#3738=EDGE_CURVE('',#2865,#2876,#1378,.T.);
#3739=EDGE_CURVE('',#2877,#2875,#2307,.T.);
#3740=EDGE_CURVE('',#2877,#2878,#1379,.T.);
#3741=EDGE_CURVE('',#2876,#2878,#2308,.T.);
#3742=EDGE_CURVE('',#2879,#2880,#2309,.T.);
#3743=EDGE_CURVE('',#2880,#2881,#1380,.T.);
#3744=EDGE_CURVE('',#2882,#2881,#2310,.T.);
#3745=EDGE_CURVE('',#2879,#2882,#1381,.T.);
#3746=EDGE_CURVE('',#2879,#2883,#1382,.T.);
#3747=EDGE_CURVE('',#2884,#2882,#1383,.T.);
#3748=EDGE_CURVE('',#2883,#2884,#1384,.T.);
#3749=EDGE_CURVE('',#2883,#2885,#2311,.T.);
#3750=EDGE_CURVE('',#2886,#2884,#2312,.T.);
#3751=EDGE_CURVE('',#2885,#2886,#1385,.T.);
#3752=EDGE_CURVE('',#2887,#2885,#1386,.T.);
#3753=EDGE_CURVE('',#2888,#2886,#1387,.T.);
#3754=EDGE_CURVE('',#2887,#2888,#1388,.T.);
#3755=EDGE_CURVE('',#2889,#2887,#2313,.T.);
#3756=EDGE_CURVE('',#2890,#2888,#2314,.T.);
#3757=EDGE_CURVE('',#2889,#2890,#1389,.T.);
#3758=EDGE_CURVE('',#2877,#2889,#1390,.T.);
#3759=EDGE_CURVE('',#2878,#2890,#1391,.T.);
#3760=EDGE_CURVE('',#2891,#2880,#1392,.T.);
#3761=EDGE_CURVE('',#2892,#2891,#1393,.T.);
#3762=EDGE_CURVE('',#2881,#2892,#1394,.T.);
#3763=EDGE_CURVE('',#2893,#2891,#2315,.T.);
#3764=EDGE_CURVE('',#2893,#2894,#1395,.T.);
#3765=EDGE_CURVE('',#2892,#2894,#2316,.T.);
#3766=EDGE_CURVE('',#2895,#2896,#2317,.T.);
#3767=EDGE_CURVE('',#2896,#2897,#1396,.T.);
#3768=EDGE_CURVE('',#2898,#2897,#2318,.T.);
#3769=EDGE_CURVE('',#2895,#2898,#1397,.T.);
#3770=EDGE_CURVE('',#2895,#2899,#1398,.T.);
#3771=EDGE_CURVE('',#2900,#2898,#1399,.T.);
#3772=EDGE_CURVE('',#2899,#2900,#1400,.T.);
#3773=EDGE_CURVE('',#2899,#2901,#2319,.T.);
#3774=EDGE_CURVE('',#2902,#2900,#2320,.T.);
#3775=EDGE_CURVE('',#2901,#2902,#1401,.T.);
#3776=EDGE_CURVE('',#2903,#2901,#1402,.T.);
#3777=EDGE_CURVE('',#2904,#2902,#1403,.T.);
#3778=EDGE_CURVE('',#2903,#2904,#1404,.T.);
#3779=EDGE_CURVE('',#2905,#2903,#2321,.T.);
#3780=EDGE_CURVE('',#2906,#2904,#2322,.T.);
#3781=EDGE_CURVE('',#2905,#2906,#1405,.T.);
#3782=EDGE_CURVE('',#2893,#2905,#1406,.T.);
#3783=EDGE_CURVE('',#2894,#2906,#1407,.T.);
#3784=EDGE_CURVE('',#2907,#2896,#1408,.T.);
#3785=EDGE_CURVE('',#2908,#2907,#1409,.T.);
#3786=EDGE_CURVE('',#2897,#2908,#1410,.T.);
#3787=EDGE_CURVE('',#2909,#2907,#2323,.T.);
#3788=EDGE_CURVE('',#2909,#2910,#1411,.T.);
#3789=EDGE_CURVE('',#2908,#2910,#2324,.T.);
#3790=EDGE_CURVE('',#2911,#2912,#2325,.T.);
#3791=EDGE_CURVE('',#2912,#2913,#1412,.T.);
#3792=EDGE_CURVE('',#2914,#2913,#2326,.T.);
#3793=EDGE_CURVE('',#2911,#2914,#1413,.T.);
#3794=EDGE_CURVE('',#2911,#2915,#1414,.T.);
#3795=EDGE_CURVE('',#2916,#2914,#1415,.T.);
#3796=EDGE_CURVE('',#2915,#2916,#1416,.T.);
#3797=EDGE_CURVE('',#2915,#2917,#2327,.T.);
#3798=EDGE_CURVE('',#2918,#2916,#2328,.T.);
#3799=EDGE_CURVE('',#2917,#2918,#1417,.T.);
#3800=EDGE_CURVE('',#2919,#2917,#1418,.T.);
#3801=EDGE_CURVE('',#2920,#2918,#1419,.T.);
#3802=EDGE_CURVE('',#2919,#2920,#1420,.T.);
#3803=EDGE_CURVE('',#2921,#2919,#2329,.T.);
#3804=EDGE_CURVE('',#2922,#2920,#2330,.T.);
#3805=EDGE_CURVE('',#2921,#2922,#1421,.T.);
#3806=EDGE_CURVE('',#2909,#2921,#1422,.T.);
#3807=EDGE_CURVE('',#2910,#2922,#1423,.T.);
#3808=EDGE_CURVE('',#2923,#2912,#1424,.T.);
#3809=EDGE_CURVE('',#2924,#2923,#1425,.T.);
#3810=EDGE_CURVE('',#2913,#2924,#1426,.T.);
#3811=EDGE_CURVE('',#2925,#2923,#2331,.T.);
#3812=EDGE_CURVE('',#2925,#2926,#1427,.T.);
#3813=EDGE_CURVE('',#2924,#2926,#2332,.T.);
#3814=EDGE_CURVE('',#2927,#2928,#2333,.T.);
#3815=EDGE_CURVE('',#2928,#2929,#1428,.T.);
#3816=EDGE_CURVE('',#2930,#2929,#2334,.T.);
#3817=EDGE_CURVE('',#2927,#2930,#1429,.T.);
#3818=EDGE_CURVE('',#2927,#2931,#1430,.T.);
#3819=EDGE_CURVE('',#2932,#2930,#1431,.T.);
#3820=EDGE_CURVE('',#2931,#2932,#1432,.T.);
#3821=EDGE_CURVE('',#2931,#2933,#2335,.T.);
#3822=EDGE_CURVE('',#2934,#2932,#2336,.T.);
#3823=EDGE_CURVE('',#2933,#2934,#1433,.T.);
#3824=EDGE_CURVE('',#2935,#2933,#1434,.T.);
#3825=EDGE_CURVE('',#2936,#2934,#1435,.T.);
#3826=EDGE_CURVE('',#2935,#2936,#1436,.T.);
#3827=EDGE_CURVE('',#2937,#2935,#2337,.T.);
#3828=EDGE_CURVE('',#2938,#2936,#2338,.T.);
#3829=EDGE_CURVE('',#2937,#2938,#1437,.T.);
#3830=EDGE_CURVE('',#2925,#2937,#1438,.T.);
#3831=EDGE_CURVE('',#2926,#2938,#1439,.T.);
#3832=EDGE_CURVE('',#2828,#2928,#1440,.T.);
#3833=EDGE_CURVE('',#2929,#2827,#1441,.T.);
#3834=EDGE_CURVE('',#2939,#2939,#2339,.T.);
#3835=EDGE_CURVE('',#2939,#2940,#1442,.T.);
#3836=EDGE_CURVE('',#2940,#2940,#2340,.T.);
#3837=EDGE_CURVE('',#2941,#2941,#2341,.T.);
#3838=EDGE_CURVE('',#2942,#2942,#2342,.T.);
#3839=EDGE_CURVE('',#2942,#2943,#1443,.T.);
#3840=EDGE_CURVE('',#2943,#2943,#2343,.T.);
#3841=EDGE_CURVE('',#2944,#2944,#2344,.T.);
#3842=EDGE_CURVE('',#2944,#2809,#1444,.T.);
#3843=EDGE_CURVE('',#2941,#2945,#1445,.T.);
#3844=EDGE_CURVE('',#2945,#2945,#2345,.T.);
#3845=EDGE_CURVE('',#2946,#2946,#2346,.F.);
#3846=EDGE_CURVE('',#2810,#2946,#1446,.T.);
#3847=ORIENTED_EDGE('',*,*,#2947,.F.);
#3848=ORIENTED_EDGE('',*,*,#2948,.T.);
#3849=ORIENTED_EDGE('',*,*,#2949,.F.);
#3850=ORIENTED_EDGE('',*,*,#2950,.F.);
#3851=ORIENTED_EDGE('',*,*,#2951,.F.);
#3852=ORIENTED_EDGE('',*,*,#2950,.T.);
#3853=ORIENTED_EDGE('',*,*,#2952,.F.);
#3854=ORIENTED_EDGE('',*,*,#2953,.F.);
#3855=ORIENTED_EDGE('',*,*,#2954,.F.);
#3856=ORIENTED_EDGE('',*,*,#2953,.T.);
#3857=ORIENTED_EDGE('',*,*,#2955,.F.);
#3858=ORIENTED_EDGE('',*,*,#2956,.F.);
#3859=ORIENTED_EDGE('',*,*,#2957,.F.);
#3860=ORIENTED_EDGE('',*,*,#2956,.T.);
#3861=ORIENTED_EDGE('',*,*,#2958,.F.);
#3862=ORIENTED_EDGE('',*,*,#2959,.F.);
#3863=ORIENTED_EDGE('',*,*,#2960,.F.);
#3864=ORIENTED_EDGE('',*,*,#2959,.T.);
#3865=ORIENTED_EDGE('',*,*,#2961,.F.);
#3866=ORIENTED_EDGE('',*,*,#2962,.F.);
#3867=ORIENTED_EDGE('',*,*,#2963,.F.);
#3868=ORIENTED_EDGE('',*,*,#2962,.T.);
#3869=ORIENTED_EDGE('',*,*,#2964,.F.);
#3870=ORIENTED_EDGE('',*,*,#2965,.F.);
#3871=ORIENTED_EDGE('',*,*,#2966,.F.);
#3872=ORIENTED_EDGE('',*,*,#2965,.T.);
#3873=ORIENTED_EDGE('',*,*,#2967,.F.);
#3874=ORIENTED_EDGE('',*,*,#2968,.F.);
#3875=ORIENTED_EDGE('',*,*,#2969,.F.);
#3876=ORIENTED_EDGE('',*,*,#2968,.T.);
#3877=ORIENTED_EDGE('',*,*,#2970,.F.);
#3878=ORIENTED_EDGE('',*,*,#2971,.F.);
#3879=ORIENTED_EDGE('',*,*,#2972,.F.);
#3880=ORIENTED_EDGE('',*,*,#2971,.T.);
#3881=ORIENTED_EDGE('',*,*,#2973,.F.);
#3882=ORIENTED_EDGE('',*,*,#2974,.F.);
#3883=ORIENTED_EDGE('',*,*,#2975,.F.);
#3884=ORIENTED_EDGE('',*,*,#2974,.T.);
#3885=ORIENTED_EDGE('',*,*,#2976,.F.);
#3886=ORIENTED_EDGE('',*,*,#2977,.F.);
#3887=ORIENTED_EDGE('',*,*,#2978,.F.);
#3888=ORIENTED_EDGE('',*,*,#2977,.T.);
#3889=ORIENTED_EDGE('',*,*,#2979,.F.);
#3890=ORIENTED_EDGE('',*,*,#2980,.F.);
#3891=ORIENTED_EDGE('',*,*,#2981,.F.);
#3892=ORIENTED_EDGE('',*,*,#2980,.T.);
#3893=ORIENTED_EDGE('',*,*,#2982,.F.);
#3894=ORIENTED_EDGE('',*,*,#2983,.F.);
#3895=ORIENTED_EDGE('',*,*,#2984,.F.);
#3896=ORIENTED_EDGE('',*,*,#2983,.T.);
#3897=ORIENTED_EDGE('',*,*,#2985,.F.);
#3898=ORIENTED_EDGE('',*,*,#2986,.F.);
#3899=ORIENTED_EDGE('',*,*,#2987,.F.);
#3900=ORIENTED_EDGE('',*,*,#2986,.T.);
#3901=ORIENTED_EDGE('',*,*,#2988,.F.);
#3902=ORIENTED_EDGE('',*,*,#2989,.F.);
#3903=ORIENTED_EDGE('',*,*,#2990,.F.);
#3904=ORIENTED_EDGE('',*,*,#2989,.T.);
#3905=ORIENTED_EDGE('',*,*,#2991,.F.);
#3906=ORIENTED_EDGE('',*,*,#2992,.F.);
#3907=ORIENTED_EDGE('',*,*,#2993,.F.);
#3908=ORIENTED_EDGE('',*,*,#2992,.T.);
#3909=ORIENTED_EDGE('',*,*,#2994,.F.);
#3910=ORIENTED_EDGE('',*,*,#2995,.F.);
#3911=ORIENTED_EDGE('',*,*,#2996,.F.);
#3912=ORIENTED_EDGE('',*,*,#2995,.T.);
#3913=ORIENTED_EDGE('',*,*,#2997,.F.);
#3914=ORIENTED_EDGE('',*,*,#2998,.F.);
#3915=ORIENTED_EDGE('',*,*,#2999,.F.);
#3916=ORIENTED_EDGE('',*,*,#2998,.T.);
#3917=ORIENTED_EDGE('',*,*,#3000,.F.);
#3918=ORIENTED_EDGE('',*,*,#3001,.F.);
#3919=ORIENTED_EDGE('',*,*,#3002,.F.);
#3920=ORIENTED_EDGE('',*,*,#3001,.T.);
#3921=ORIENTED_EDGE('',*,*,#3003,.F.);
#3922=ORIENTED_EDGE('',*,*,#3004,.F.);
#3923=ORIENTED_EDGE('',*,*,#3005,.F.);
#3924=ORIENTED_EDGE('',*,*,#3004,.T.);
#3925=ORIENTED_EDGE('',*,*,#3006,.F.);
#3926=ORIENTED_EDGE('',*,*,#3007,.F.);
#3927=ORIENTED_EDGE('',*,*,#3008,.F.);
#3928=ORIENTED_EDGE('',*,*,#3007,.T.);
#3929=ORIENTED_EDGE('',*,*,#3009,.F.);
#3930=ORIENTED_EDGE('',*,*,#3010,.F.);
#3931=ORIENTED_EDGE('',*,*,#3011,.F.);
#3932=ORIENTED_EDGE('',*,*,#3010,.T.);
#3933=ORIENTED_EDGE('',*,*,#3012,.F.);
#3934=ORIENTED_EDGE('',*,*,#3013,.F.);
#3935=ORIENTED_EDGE('',*,*,#3014,.F.);
#3936=ORIENTED_EDGE('',*,*,#3013,.T.);
#3937=ORIENTED_EDGE('',*,*,#3015,.F.);
#3938=ORIENTED_EDGE('',*,*,#3016,.F.);
#3939=ORIENTED_EDGE('',*,*,#3017,.F.);
#3940=ORIENTED_EDGE('',*,*,#3016,.T.);
#3941=ORIENTED_EDGE('',*,*,#3018,.F.);
#3942=ORIENTED_EDGE('',*,*,#3019,.F.);
#3943=ORIENTED_EDGE('',*,*,#3020,.F.);
#3944=ORIENTED_EDGE('',*,*,#3019,.T.);
#3945=ORIENTED_EDGE('',*,*,#3021,.F.);
#3946=ORIENTED_EDGE('',*,*,#3022,.F.);
#3947=ORIENTED_EDGE('',*,*,#3023,.F.);
#3948=ORIENTED_EDGE('',*,*,#3022,.T.);
#3949=ORIENTED_EDGE('',*,*,#3024,.F.);
#3950=ORIENTED_EDGE('',*,*,#3025,.F.);
#3951=ORIENTED_EDGE('',*,*,#3026,.F.);
#3952=ORIENTED_EDGE('',*,*,#3025,.T.);
#3953=ORIENTED_EDGE('',*,*,#3027,.F.);
#3954=ORIENTED_EDGE('',*,*,#3028,.F.);
#3955=ORIENTED_EDGE('',*,*,#3029,.F.);
#3956=ORIENTED_EDGE('',*,*,#3028,.T.);
#3957=ORIENTED_EDGE('',*,*,#3030,.F.);
#3958=ORIENTED_EDGE('',*,*,#3031,.F.);
#3959=ORIENTED_EDGE('',*,*,#3032,.F.);
#3960=ORIENTED_EDGE('',*,*,#3031,.T.);
#3961=ORIENTED_EDGE('',*,*,#3033,.F.);
#3962=ORIENTED_EDGE('',*,*,#3034,.F.);
#3963=ORIENTED_EDGE('',*,*,#3035,.F.);
#3964=ORIENTED_EDGE('',*,*,#3034,.T.);
#3965=ORIENTED_EDGE('',*,*,#3036,.F.);
#3966=ORIENTED_EDGE('',*,*,#3037,.F.);
#3967=ORIENTED_EDGE('',*,*,#3038,.F.);
#3968=ORIENTED_EDGE('',*,*,#3037,.T.);
#3969=ORIENTED_EDGE('',*,*,#3039,.F.);
#3970=ORIENTED_EDGE('',*,*,#3040,.F.);
#3971=ORIENTED_EDGE('',*,*,#3041,.F.);
#3972=ORIENTED_EDGE('',*,*,#3040,.T.);
#3973=ORIENTED_EDGE('',*,*,#3042,.F.);
#3974=ORIENTED_EDGE('',*,*,#3043,.F.);
#3975=ORIENTED_EDGE('',*,*,#3044,.F.);
#3976=ORIENTED_EDGE('',*,*,#3043,.T.);
#3977=ORIENTED_EDGE('',*,*,#3045,.F.);
#3978=ORIENTED_EDGE('',*,*,#3046,.F.);
#3979=ORIENTED_EDGE('',*,*,#3047,.F.);
#3980=ORIENTED_EDGE('',*,*,#3046,.T.);
#3981=ORIENTED_EDGE('',*,*,#3048,.F.);
#3982=ORIENTED_EDGE('',*,*,#3049,.F.);
#3983=ORIENTED_EDGE('',*,*,#3050,.F.);
#3984=ORIENTED_EDGE('',*,*,#3049,.T.);
#3985=ORIENTED_EDGE('',*,*,#3051,.F.);
#3986=ORIENTED_EDGE('',*,*,#3052,.F.);
#3987=ORIENTED_EDGE('',*,*,#3053,.F.);
#3988=ORIENTED_EDGE('',*,*,#3052,.T.);
#3989=ORIENTED_EDGE('',*,*,#3054,.F.);
#3990=ORIENTED_EDGE('',*,*,#3055,.F.);
#3991=ORIENTED_EDGE('',*,*,#3056,.F.);
#3992=ORIENTED_EDGE('',*,*,#3055,.T.);
#3993=ORIENTED_EDGE('',*,*,#3057,.F.);
#3994=ORIENTED_EDGE('',*,*,#3058,.F.);
#3995=ORIENTED_EDGE('',*,*,#3059,.F.);
#3996=ORIENTED_EDGE('',*,*,#3058,.T.);
#3997=ORIENTED_EDGE('',*,*,#3060,.F.);
#3998=ORIENTED_EDGE('',*,*,#3061,.F.);
#3999=ORIENTED_EDGE('',*,*,#3062,.F.);
#4000=ORIENTED_EDGE('',*,*,#3061,.T.);
#4001=ORIENTED_EDGE('',*,*,#3063,.F.);
#4002=ORIENTED_EDGE('',*,*,#3064,.F.);
#4003=ORIENTED_EDGE('',*,*,#3065,.F.);
#4004=ORIENTED_EDGE('',*,*,#3064,.T.);
#4005=ORIENTED_EDGE('',*,*,#3066,.F.);
#4006=ORIENTED_EDGE('',*,*,#3067,.F.);
#4007=ORIENTED_EDGE('',*,*,#3068,.F.);
#4008=ORIENTED_EDGE('',*,*,#3067,.T.);
#4009=ORIENTED_EDGE('',*,*,#3069,.F.);
#4010=ORIENTED_EDGE('',*,*,#3070,.F.);
#4011=ORIENTED_EDGE('',*,*,#3071,.F.);
#4012=ORIENTED_EDGE('',*,*,#3070,.T.);
#4013=ORIENTED_EDGE('',*,*,#3072,.F.);
#4014=ORIENTED_EDGE('',*,*,#3073,.F.);
#4015=ORIENTED_EDGE('',*,*,#3074,.F.);
#4016=ORIENTED_EDGE('',*,*,#3073,.T.);
#4017=ORIENTED_EDGE('',*,*,#3075,.F.);
#4018=ORIENTED_EDGE('',*,*,#3076,.F.);
#4019=ORIENTED_EDGE('',*,*,#3077,.F.);
#4020=ORIENTED_EDGE('',*,*,#3076,.T.);
#4021=ORIENTED_EDGE('',*,*,#3078,.F.);
#4022=ORIENTED_EDGE('',*,*,#3079,.F.);
#4023=ORIENTED_EDGE('',*,*,#3080,.F.);
#4024=ORIENTED_EDGE('',*,*,#3079,.T.);
#4025=ORIENTED_EDGE('',*,*,#3081,.F.);
#4026=ORIENTED_EDGE('',*,*,#3082,.F.);
#4027=ORIENTED_EDGE('',*,*,#3083,.F.);
#4028=ORIENTED_EDGE('',*,*,#3082,.T.);
#4029=ORIENTED_EDGE('',*,*,#3084,.F.);
#4030=ORIENTED_EDGE('',*,*,#3085,.F.);
#4031=ORIENTED_EDGE('',*,*,#3086,.F.);
#4032=ORIENTED_EDGE('',*,*,#3085,.T.);
#4033=ORIENTED_EDGE('',*,*,#3087,.F.);
#4034=ORIENTED_EDGE('',*,*,#3088,.F.);
#4035=ORIENTED_EDGE('',*,*,#3089,.F.);
#4036=ORIENTED_EDGE('',*,*,#3088,.T.);
#4037=ORIENTED_EDGE('',*,*,#3090,.F.);
#4038=ORIENTED_EDGE('',*,*,#3091,.F.);
#4039=ORIENTED_EDGE('',*,*,#3092,.F.);
#4040=ORIENTED_EDGE('',*,*,#3091,.T.);
#4041=ORIENTED_EDGE('',*,*,#3093,.F.);
#4042=ORIENTED_EDGE('',*,*,#3094,.F.);
#4043=ORIENTED_EDGE('',*,*,#3095,.F.);
#4044=ORIENTED_EDGE('',*,*,#3094,.T.);
#4045=ORIENTED_EDGE('',*,*,#3096,.F.);
#4046=ORIENTED_EDGE('',*,*,#3097,.F.);
#4047=ORIENTED_EDGE('',*,*,#3098,.F.);
#4048=ORIENTED_EDGE('',*,*,#3097,.T.);
#4049=ORIENTED_EDGE('',*,*,#3099,.F.);
#4050=ORIENTED_EDGE('',*,*,#3100,.F.);
#4051=ORIENTED_EDGE('',*,*,#3101,.F.);
#4052=ORIENTED_EDGE('',*,*,#3100,.T.);
#4053=ORIENTED_EDGE('',*,*,#3102,.F.);
#4054=ORIENTED_EDGE('',*,*,#3103,.F.);
#4055=ORIENTED_EDGE('',*,*,#3104,.F.);
#4056=ORIENTED_EDGE('',*,*,#3103,.T.);
#4057=ORIENTED_EDGE('',*,*,#3105,.F.);
#4058=ORIENTED_EDGE('',*,*,#3106,.F.);
#4059=ORIENTED_EDGE('',*,*,#3107,.F.);
#4060=ORIENTED_EDGE('',*,*,#3106,.T.);
#4061=ORIENTED_EDGE('',*,*,#3108,.F.);
#4062=ORIENTED_EDGE('',*,*,#3109,.F.);
#4063=ORIENTED_EDGE('',*,*,#3110,.F.);
#4064=ORIENTED_EDGE('',*,*,#3109,.T.);
#4065=ORIENTED_EDGE('',*,*,#3111,.F.);
#4066=ORIENTED_EDGE('',*,*,#3112,.F.);
#4067=ORIENTED_EDGE('',*,*,#3113,.F.);
#4068=ORIENTED_EDGE('',*,*,#3112,.T.);
#4069=ORIENTED_EDGE('',*,*,#3114,.F.);
#4070=ORIENTED_EDGE('',*,*,#3115,.F.);
#4071=ORIENTED_EDGE('',*,*,#3116,.F.);
#4072=ORIENTED_EDGE('',*,*,#3115,.T.);
#4073=ORIENTED_EDGE('',*,*,#3117,.F.);
#4074=ORIENTED_EDGE('',*,*,#3118,.F.);
#4075=ORIENTED_EDGE('',*,*,#3119,.F.);
#4076=ORIENTED_EDGE('',*,*,#3118,.T.);
#4077=ORIENTED_EDGE('',*,*,#3120,.F.);
#4078=ORIENTED_EDGE('',*,*,#3121,.F.);
#4079=ORIENTED_EDGE('',*,*,#3122,.F.);
#4080=ORIENTED_EDGE('',*,*,#3121,.T.);
#4081=ORIENTED_EDGE('',*,*,#3123,.F.);
#4082=ORIENTED_EDGE('',*,*,#3124,.F.);
#4083=ORIENTED_EDGE('',*,*,#3125,.F.);
#4084=ORIENTED_EDGE('',*,*,#3124,.T.);
#4085=ORIENTED_EDGE('',*,*,#3126,.F.);
#4086=ORIENTED_EDGE('',*,*,#3127,.F.);
#4087=ORIENTED_EDGE('',*,*,#3128,.F.);
#4088=ORIENTED_EDGE('',*,*,#3127,.T.);
#4089=ORIENTED_EDGE('',*,*,#3129,.F.);
#4090=ORIENTED_EDGE('',*,*,#3130,.F.);
#4091=ORIENTED_EDGE('',*,*,#3131,.F.);
#4092=ORIENTED_EDGE('',*,*,#3130,.T.);
#4093=ORIENTED_EDGE('',*,*,#3132,.F.);
#4094=ORIENTED_EDGE('',*,*,#3133,.F.);
#4095=ORIENTED_EDGE('',*,*,#3134,.F.);
#4096=ORIENTED_EDGE('',*,*,#3133,.T.);
#4097=ORIENTED_EDGE('',*,*,#3135,.F.);
#4098=ORIENTED_EDGE('',*,*,#3136,.F.);
#4099=ORIENTED_EDGE('',*,*,#3137,.F.);
#4100=ORIENTED_EDGE('',*,*,#3136,.T.);
#4101=ORIENTED_EDGE('',*,*,#3138,.F.);
#4102=ORIENTED_EDGE('',*,*,#2948,.F.);
#4103=ORIENTED_EDGE('',*,*,#3139,.F.);
#4104=ORIENTED_EDGE('',*,*,#3140,.T.);
#4105=ORIENTED_EDGE('',*,*,#3141,.F.);
#4106=ORIENTED_EDGE('',*,*,#3140,.F.);
#4107=ORIENTED_EDGE('',*,*,#3141,.T.);
#4108=ORIENTED_EDGE('',*,*,#3137,.T.);
#4109=ORIENTED_EDGE('',*,*,#2947,.T.);
#4110=ORIENTED_EDGE('',*,*,#2951,.T.);
#4111=ORIENTED_EDGE('',*,*,#2954,.T.);
#4112=ORIENTED_EDGE('',*,*,#2957,.T.);
#4113=ORIENTED_EDGE('',*,*,#2960,.T.);
#4114=ORIENTED_EDGE('',*,*,#2963,.T.);
#4115=ORIENTED_EDGE('',*,*,#2966,.T.);
#4116=ORIENTED_EDGE('',*,*,#2969,.T.);
#4117=ORIENTED_EDGE('',*,*,#2972,.T.);
#4118=ORIENTED_EDGE('',*,*,#2975,.T.);
#4119=ORIENTED_EDGE('',*,*,#2978,.T.);
#4120=ORIENTED_EDGE('',*,*,#2981,.T.);
#4121=ORIENTED_EDGE('',*,*,#2984,.T.);
#4122=ORIENTED_EDGE('',*,*,#2987,.T.);
#4123=ORIENTED_EDGE('',*,*,#2990,.T.);
#4124=ORIENTED_EDGE('',*,*,#2993,.T.);
#4125=ORIENTED_EDGE('',*,*,#2996,.T.);
#4126=ORIENTED_EDGE('',*,*,#2999,.T.);
#4127=ORIENTED_EDGE('',*,*,#3002,.T.);
#4128=ORIENTED_EDGE('',*,*,#3005,.T.);
#4129=ORIENTED_EDGE('',*,*,#3008,.T.);
#4130=ORIENTED_EDGE('',*,*,#3011,.T.);
#4131=ORIENTED_EDGE('',*,*,#3014,.T.);
#4132=ORIENTED_EDGE('',*,*,#3017,.T.);
#4133=ORIENTED_EDGE('',*,*,#3020,.T.);
#4134=ORIENTED_EDGE('',*,*,#3023,.T.);
#4135=ORIENTED_EDGE('',*,*,#3026,.T.);
#4136=ORIENTED_EDGE('',*,*,#3029,.T.);
#4137=ORIENTED_EDGE('',*,*,#3032,.T.);
#4138=ORIENTED_EDGE('',*,*,#3035,.T.);
#4139=ORIENTED_EDGE('',*,*,#3038,.T.);
#4140=ORIENTED_EDGE('',*,*,#3041,.T.);
#4141=ORIENTED_EDGE('',*,*,#3044,.T.);
#4142=ORIENTED_EDGE('',*,*,#3047,.T.);
#4143=ORIENTED_EDGE('',*,*,#3050,.T.);
#4144=ORIENTED_EDGE('',*,*,#3053,.T.);
#4145=ORIENTED_EDGE('',*,*,#3056,.T.);
#4146=ORIENTED_EDGE('',*,*,#3059,.T.);
#4147=ORIENTED_EDGE('',*,*,#3062,.T.);
#4148=ORIENTED_EDGE('',*,*,#3065,.T.);
#4149=ORIENTED_EDGE('',*,*,#3068,.T.);
#4150=ORIENTED_EDGE('',*,*,#3071,.T.);
#4151=ORIENTED_EDGE('',*,*,#3074,.T.);
#4152=ORIENTED_EDGE('',*,*,#3077,.T.);
#4153=ORIENTED_EDGE('',*,*,#3080,.T.);
#4154=ORIENTED_EDGE('',*,*,#3083,.T.);
#4155=ORIENTED_EDGE('',*,*,#3086,.T.);
#4156=ORIENTED_EDGE('',*,*,#3089,.T.);
#4157=ORIENTED_EDGE('',*,*,#3092,.T.);
#4158=ORIENTED_EDGE('',*,*,#3095,.T.);
#4159=ORIENTED_EDGE('',*,*,#3098,.T.);
#4160=ORIENTED_EDGE('',*,*,#3101,.T.);
#4161=ORIENTED_EDGE('',*,*,#3104,.T.);
#4162=ORIENTED_EDGE('',*,*,#3107,.T.);
#4163=ORIENTED_EDGE('',*,*,#3110,.T.);
#4164=ORIENTED_EDGE('',*,*,#3113,.T.);
#4165=ORIENTED_EDGE('',*,*,#3116,.T.);
#4166=ORIENTED_EDGE('',*,*,#3119,.T.);
#4167=ORIENTED_EDGE('',*,*,#3122,.T.);
#4168=ORIENTED_EDGE('',*,*,#3125,.T.);
#4169=ORIENTED_EDGE('',*,*,#3128,.T.);
#4170=ORIENTED_EDGE('',*,*,#3131,.T.);
#4171=ORIENTED_EDGE('',*,*,#3134,.T.);
#4172=ORIENTED_EDGE('',*,*,#3139,.T.);
#4173=ORIENTED_EDGE('',*,*,#3138,.T.);
#4174=ORIENTED_EDGE('',*,*,#3135,.T.);
#4175=ORIENTED_EDGE('',*,*,#3132,.T.);
#4176=ORIENTED_EDGE('',*,*,#3129,.T.);
#4177=ORIENTED_EDGE('',*,*,#3126,.T.);
#4178=ORIENTED_EDGE('',*,*,#3123,.T.);
#4179=ORIENTED_EDGE('',*,*,#3120,.T.);
#4180=ORIENTED_EDGE('',*,*,#3117,.T.);
#4181=ORIENTED_EDGE('',*,*,#3114,.T.);
#4182=ORIENTED_EDGE('',*,*,#3111,.T.);
#4183=ORIENTED_EDGE('',*,*,#3108,.T.);
#4184=ORIENTED_EDGE('',*,*,#3105,.T.);
#4185=ORIENTED_EDGE('',*,*,#3102,.T.);
#4186=ORIENTED_EDGE('',*,*,#3099,.T.);
#4187=ORIENTED_EDGE('',*,*,#3096,.T.);
#4188=ORIENTED_EDGE('',*,*,#3093,.T.);
#4189=ORIENTED_EDGE('',*,*,#3090,.T.);
#4190=ORIENTED_EDGE('',*,*,#3087,.T.);
#4191=ORIENTED_EDGE('',*,*,#3084,.T.);
#4192=ORIENTED_EDGE('',*,*,#3081,.T.);
#4193=ORIENTED_EDGE('',*,*,#3078,.T.);
#4194=ORIENTED_EDGE('',*,*,#3075,.T.);
#4195=ORIENTED_EDGE('',*,*,#3072,.T.);
#4196=ORIENTED_EDGE('',*,*,#3069,.T.);
#4197=ORIENTED_EDGE('',*,*,#3066,.T.);
#4198=ORIENTED_EDGE('',*,*,#3063,.T.);
#4199=ORIENTED_EDGE('',*,*,#3060,.T.);
#4200=ORIENTED_EDGE('',*,*,#3057,.T.);
#4201=ORIENTED_EDGE('',*,*,#3054,.T.);
#4202=ORIENTED_EDGE('',*,*,#3051,.T.);
#4203=ORIENTED_EDGE('',*,*,#3048,.T.);
#4204=ORIENTED_EDGE('',*,*,#3045,.T.);
#4205=ORIENTED_EDGE('',*,*,#3042,.T.);
#4206=ORIENTED_EDGE('',*,*,#3039,.T.);
#4207=ORIENTED_EDGE('',*,*,#3036,.T.);
#4208=ORIENTED_EDGE('',*,*,#3033,.T.);
#4209=ORIENTED_EDGE('',*,*,#3030,.T.);
#4210=ORIENTED_EDGE('',*,*,#3027,.T.);
#4211=ORIENTED_EDGE('',*,*,#3024,.T.);
#4212=ORIENTED_EDGE('',*,*,#3021,.T.);
#4213=ORIENTED_EDGE('',*,*,#3018,.T.);
#4214=ORIENTED_EDGE('',*,*,#3015,.T.);
#4215=ORIENTED_EDGE('',*,*,#3012,.T.);
#4216=ORIENTED_EDGE('',*,*,#3009,.T.);
#4217=ORIENTED_EDGE('',*,*,#3006,.T.);
#4218=ORIENTED_EDGE('',*,*,#3003,.T.);
#4219=ORIENTED_EDGE('',*,*,#3000,.T.);
#4220=ORIENTED_EDGE('',*,*,#2997,.T.);
#4221=ORIENTED_EDGE('',*,*,#2994,.T.);
#4222=ORIENTED_EDGE('',*,*,#2991,.T.);
#4223=ORIENTED_EDGE('',*,*,#2988,.T.);
#4224=ORIENTED_EDGE('',*,*,#2985,.T.);
#4225=ORIENTED_EDGE('',*,*,#2982,.T.);
#4226=ORIENTED_EDGE('',*,*,#2979,.T.);
#4227=ORIENTED_EDGE('',*,*,#2976,.T.);
#4228=ORIENTED_EDGE('',*,*,#2973,.T.);
#4229=ORIENTED_EDGE('',*,*,#2970,.T.);
#4230=ORIENTED_EDGE('',*,*,#2967,.T.);
#4231=ORIENTED_EDGE('',*,*,#2964,.T.);
#4232=ORIENTED_EDGE('',*,*,#2961,.T.);
#4233=ORIENTED_EDGE('',*,*,#2958,.T.);
#4234=ORIENTED_EDGE('',*,*,#2955,.T.);
#4235=ORIENTED_EDGE('',*,*,#2952,.T.);
#4236=ORIENTED_EDGE('',*,*,#2949,.T.);
#4237=ORIENTED_EDGE('',*,*,#3142,.F.);
#4238=ORIENTED_EDGE('',*,*,#3143,.T.);
#4239=ORIENTED_EDGE('',*,*,#3144,.F.);
#4240=ORIENTED_EDGE('',*,*,#3145,.F.);
#4241=ORIENTED_EDGE('',*,*,#3146,.F.);
#4242=ORIENTED_EDGE('',*,*,#3145,.T.);
#4243=ORIENTED_EDGE('',*,*,#3147,.F.);
#4244=ORIENTED_EDGE('',*,*,#3148,.F.);
#4245=ORIENTED_EDGE('',*,*,#3149,.F.);
#4246=ORIENTED_EDGE('',*,*,#3148,.T.);
#4247=ORIENTED_EDGE('',*,*,#3150,.F.);
#4248=ORIENTED_EDGE('',*,*,#3151,.F.);
#4249=ORIENTED_EDGE('',*,*,#3152,.F.);
#4250=ORIENTED_EDGE('',*,*,#3151,.T.);
#4251=ORIENTED_EDGE('',*,*,#3153,.F.);
#4252=ORIENTED_EDGE('',*,*,#3154,.F.);
#4253=ORIENTED_EDGE('',*,*,#3155,.F.);
#4254=ORIENTED_EDGE('',*,*,#3154,.T.);
#4255=ORIENTED_EDGE('',*,*,#3156,.F.);
#4256=ORIENTED_EDGE('',*,*,#3157,.F.);
#4257=ORIENTED_EDGE('',*,*,#3158,.F.);
#4258=ORIENTED_EDGE('',*,*,#3157,.T.);
#4259=ORIENTED_EDGE('',*,*,#3159,.F.);
#4260=ORIENTED_EDGE('',*,*,#3160,.F.);
#4261=ORIENTED_EDGE('',*,*,#3161,.F.);
#4262=ORIENTED_EDGE('',*,*,#3160,.T.);
#4263=ORIENTED_EDGE('',*,*,#3162,.F.);
#4264=ORIENTED_EDGE('',*,*,#3163,.F.);
#4265=ORIENTED_EDGE('',*,*,#3164,.F.);
#4266=ORIENTED_EDGE('',*,*,#3163,.T.);
#4267=ORIENTED_EDGE('',*,*,#3165,.F.);
#4268=ORIENTED_EDGE('',*,*,#3166,.F.);
#4269=ORIENTED_EDGE('',*,*,#3167,.F.);
#4270=ORIENTED_EDGE('',*,*,#3166,.T.);
#4271=ORIENTED_EDGE('',*,*,#3168,.F.);
#4272=ORIENTED_EDGE('',*,*,#3169,.F.);
#4273=ORIENTED_EDGE('',*,*,#3170,.F.);
#4274=ORIENTED_EDGE('',*,*,#3169,.T.);
#4275=ORIENTED_EDGE('',*,*,#3171,.F.);
#4276=ORIENTED_EDGE('',*,*,#3172,.F.);
#4277=ORIENTED_EDGE('',*,*,#3173,.F.);
#4278=ORIENTED_EDGE('',*,*,#3172,.T.);
#4279=ORIENTED_EDGE('',*,*,#3174,.F.);
#4280=ORIENTED_EDGE('',*,*,#3175,.F.);
#4281=ORIENTED_EDGE('',*,*,#3176,.F.);
#4282=ORIENTED_EDGE('',*,*,#3175,.T.);
#4283=ORIENTED_EDGE('',*,*,#3177,.F.);
#4284=ORIENTED_EDGE('',*,*,#3178,.F.);
#4285=ORIENTED_EDGE('',*,*,#3179,.F.);
#4286=ORIENTED_EDGE('',*,*,#3178,.T.);
#4287=ORIENTED_EDGE('',*,*,#3180,.F.);
#4288=ORIENTED_EDGE('',*,*,#3181,.F.);
#4289=ORIENTED_EDGE('',*,*,#3182,.F.);
#4290=ORIENTED_EDGE('',*,*,#3181,.T.);
#4291=ORIENTED_EDGE('',*,*,#3183,.F.);
#4292=ORIENTED_EDGE('',*,*,#3184,.F.);
#4293=ORIENTED_EDGE('',*,*,#3185,.F.);
#4294=ORIENTED_EDGE('',*,*,#3184,.T.);
#4295=ORIENTED_EDGE('',*,*,#3186,.F.);
#4296=ORIENTED_EDGE('',*,*,#3187,.F.);
#4297=ORIENTED_EDGE('',*,*,#3188,.F.);
#4298=ORIENTED_EDGE('',*,*,#3187,.T.);
#4299=ORIENTED_EDGE('',*,*,#3189,.F.);
#4300=ORIENTED_EDGE('',*,*,#3190,.F.);
#4301=ORIENTED_EDGE('',*,*,#3191,.F.);
#4302=ORIENTED_EDGE('',*,*,#3190,.T.);
#4303=ORIENTED_EDGE('',*,*,#3192,.F.);
#4304=ORIENTED_EDGE('',*,*,#3193,.F.);
#4305=ORIENTED_EDGE('',*,*,#3194,.F.);
#4306=ORIENTED_EDGE('',*,*,#3193,.T.);
#4307=ORIENTED_EDGE('',*,*,#3195,.F.);
#4308=ORIENTED_EDGE('',*,*,#3196,.F.);
#4309=ORIENTED_EDGE('',*,*,#3197,.F.);
#4310=ORIENTED_EDGE('',*,*,#3196,.T.);
#4311=ORIENTED_EDGE('',*,*,#3198,.F.);
#4312=ORIENTED_EDGE('',*,*,#3199,.F.);
#4313=ORIENTED_EDGE('',*,*,#3200,.F.);
#4314=ORIENTED_EDGE('',*,*,#3199,.T.);
#4315=ORIENTED_EDGE('',*,*,#3201,.F.);
#4316=ORIENTED_EDGE('',*,*,#3202,.F.);
#4317=ORIENTED_EDGE('',*,*,#3203,.F.);
#4318=ORIENTED_EDGE('',*,*,#3202,.T.);
#4319=ORIENTED_EDGE('',*,*,#3204,.F.);
#4320=ORIENTED_EDGE('',*,*,#3205,.F.);
#4321=ORIENTED_EDGE('',*,*,#3206,.F.);
#4322=ORIENTED_EDGE('',*,*,#3205,.T.);
#4323=ORIENTED_EDGE('',*,*,#3207,.F.);
#4324=ORIENTED_EDGE('',*,*,#3208,.F.);
#4325=ORIENTED_EDGE('',*,*,#3209,.F.);
#4326=ORIENTED_EDGE('',*,*,#3208,.T.);
#4327=ORIENTED_EDGE('',*,*,#3210,.F.);
#4328=ORIENTED_EDGE('',*,*,#3211,.F.);
#4329=ORIENTED_EDGE('',*,*,#3212,.F.);
#4330=ORIENTED_EDGE('',*,*,#3211,.T.);
#4331=ORIENTED_EDGE('',*,*,#3213,.F.);
#4332=ORIENTED_EDGE('',*,*,#3214,.F.);
#4333=ORIENTED_EDGE('',*,*,#3215,.F.);
#4334=ORIENTED_EDGE('',*,*,#3214,.T.);
#4335=ORIENTED_EDGE('',*,*,#3216,.F.);
#4336=ORIENTED_EDGE('',*,*,#3217,.F.);
#4337=ORIENTED_EDGE('',*,*,#3218,.F.);
#4338=ORIENTED_EDGE('',*,*,#3217,.T.);
#4339=ORIENTED_EDGE('',*,*,#3219,.F.);
#4340=ORIENTED_EDGE('',*,*,#3220,.F.);
#4341=ORIENTED_EDGE('',*,*,#3221,.F.);
#4342=ORIENTED_EDGE('',*,*,#3220,.T.);
#4343=ORIENTED_EDGE('',*,*,#3222,.F.);
#4344=ORIENTED_EDGE('',*,*,#3223,.F.);
#4345=ORIENTED_EDGE('',*,*,#3224,.F.);
#4346=ORIENTED_EDGE('',*,*,#3223,.T.);
#4347=ORIENTED_EDGE('',*,*,#3225,.F.);
#4348=ORIENTED_EDGE('',*,*,#3226,.F.);
#4349=ORIENTED_EDGE('',*,*,#3227,.F.);
#4350=ORIENTED_EDGE('',*,*,#3226,.T.);
#4351=ORIENTED_EDGE('',*,*,#3228,.F.);
#4352=ORIENTED_EDGE('',*,*,#3229,.F.);
#4353=ORIENTED_EDGE('',*,*,#3230,.F.);
#4354=ORIENTED_EDGE('',*,*,#3229,.T.);
#4355=ORIENTED_EDGE('',*,*,#3231,.F.);
#4356=ORIENTED_EDGE('',*,*,#3232,.F.);
#4357=ORIENTED_EDGE('',*,*,#3233,.F.);
#4358=ORIENTED_EDGE('',*,*,#3232,.T.);
#4359=ORIENTED_EDGE('',*,*,#3234,.F.);
#4360=ORIENTED_EDGE('',*,*,#3235,.F.);
#4361=ORIENTED_EDGE('',*,*,#3236,.F.);
#4362=ORIENTED_EDGE('',*,*,#3235,.T.);
#4363=ORIENTED_EDGE('',*,*,#3237,.F.);
#4364=ORIENTED_EDGE('',*,*,#3238,.F.);
#4365=ORIENTED_EDGE('',*,*,#3239,.F.);
#4366=ORIENTED_EDGE('',*,*,#3238,.T.);
#4367=ORIENTED_EDGE('',*,*,#3240,.F.);
#4368=ORIENTED_EDGE('',*,*,#3241,.F.);
#4369=ORIENTED_EDGE('',*,*,#3242,.F.);
#4370=ORIENTED_EDGE('',*,*,#3241,.T.);
#4371=ORIENTED_EDGE('',*,*,#3243,.F.);
#4372=ORIENTED_EDGE('',*,*,#3244,.F.);
#4373=ORIENTED_EDGE('',*,*,#3245,.F.);
#4374=ORIENTED_EDGE('',*,*,#3244,.T.);
#4375=ORIENTED_EDGE('',*,*,#3246,.F.);
#4376=ORIENTED_EDGE('',*,*,#3247,.F.);
#4377=ORIENTED_EDGE('',*,*,#3248,.F.);
#4378=ORIENTED_EDGE('',*,*,#3247,.T.);
#4379=ORIENTED_EDGE('',*,*,#3249,.F.);
#4380=ORIENTED_EDGE('',*,*,#3250,.F.);
#4381=ORIENTED_EDGE('',*,*,#3251,.F.);
#4382=ORIENTED_EDGE('',*,*,#3250,.T.);
#4383=ORIENTED_EDGE('',*,*,#3252,.F.);
#4384=ORIENTED_EDGE('',*,*,#3253,.F.);
#4385=ORIENTED_EDGE('',*,*,#3254,.F.);
#4386=ORIENTED_EDGE('',*,*,#3253,.T.);
#4387=ORIENTED_EDGE('',*,*,#3255,.F.);
#4388=ORIENTED_EDGE('',*,*,#3256,.F.);
#4389=ORIENTED_EDGE('',*,*,#3257,.F.);
#4390=ORIENTED_EDGE('',*,*,#3256,.T.);
#4391=ORIENTED_EDGE('',*,*,#3258,.F.);
#4392=ORIENTED_EDGE('',*,*,#3259,.F.);
#4393=ORIENTED_EDGE('',*,*,#3260,.F.);
#4394=ORIENTED_EDGE('',*,*,#3259,.T.);
#4395=ORIENTED_EDGE('',*,*,#3261,.F.);
#4396=ORIENTED_EDGE('',*,*,#3262,.F.);
#4397=ORIENTED_EDGE('',*,*,#3263,.F.);
#4398=ORIENTED_EDGE('',*,*,#3262,.T.);
#4399=ORIENTED_EDGE('',*,*,#3264,.F.);
#4400=ORIENTED_EDGE('',*,*,#3265,.F.);
#4401=ORIENTED_EDGE('',*,*,#3266,.F.);
#4402=ORIENTED_EDGE('',*,*,#3265,.T.);
#4403=ORIENTED_EDGE('',*,*,#3267,.F.);
#4404=ORIENTED_EDGE('',*,*,#3268,.F.);
#4405=ORIENTED_EDGE('',*,*,#3269,.F.);
#4406=ORIENTED_EDGE('',*,*,#3268,.T.);
#4407=ORIENTED_EDGE('',*,*,#3270,.F.);
#4408=ORIENTED_EDGE('',*,*,#3271,.F.);
#4409=ORIENTED_EDGE('',*,*,#3272,.F.);
#4410=ORIENTED_EDGE('',*,*,#3271,.T.);
#4411=ORIENTED_EDGE('',*,*,#3273,.F.);
#4412=ORIENTED_EDGE('',*,*,#3274,.F.);
#4413=ORIENTED_EDGE('',*,*,#3275,.F.);
#4414=ORIENTED_EDGE('',*,*,#3274,.T.);
#4415=ORIENTED_EDGE('',*,*,#3276,.F.);
#4416=ORIENTED_EDGE('',*,*,#3277,.F.);
#4417=ORIENTED_EDGE('',*,*,#3278,.F.);
#4418=ORIENTED_EDGE('',*,*,#3277,.T.);
#4419=ORIENTED_EDGE('',*,*,#3279,.F.);
#4420=ORIENTED_EDGE('',*,*,#3280,.F.);
#4421=ORIENTED_EDGE('',*,*,#3281,.F.);
#4422=ORIENTED_EDGE('',*,*,#3280,.T.);
#4423=ORIENTED_EDGE('',*,*,#3282,.F.);
#4424=ORIENTED_EDGE('',*,*,#3283,.F.);
#4425=ORIENTED_EDGE('',*,*,#3284,.F.);
#4426=ORIENTED_EDGE('',*,*,#3283,.T.);
#4427=ORIENTED_EDGE('',*,*,#3285,.F.);
#4428=ORIENTED_EDGE('',*,*,#3286,.F.);
#4429=ORIENTED_EDGE('',*,*,#3287,.F.);
#4430=ORIENTED_EDGE('',*,*,#3286,.T.);
#4431=ORIENTED_EDGE('',*,*,#3288,.F.);
#4432=ORIENTED_EDGE('',*,*,#3289,.F.);
#4433=ORIENTED_EDGE('',*,*,#3290,.F.);
#4434=ORIENTED_EDGE('',*,*,#3289,.T.);
#4435=ORIENTED_EDGE('',*,*,#3291,.F.);
#4436=ORIENTED_EDGE('',*,*,#3292,.F.);
#4437=ORIENTED_EDGE('',*,*,#3293,.F.);
#4438=ORIENTED_EDGE('',*,*,#3292,.T.);
#4439=ORIENTED_EDGE('',*,*,#3294,.F.);
#4440=ORIENTED_EDGE('',*,*,#3295,.F.);
#4441=ORIENTED_EDGE('',*,*,#3296,.F.);
#4442=ORIENTED_EDGE('',*,*,#3295,.T.);
#4443=ORIENTED_EDGE('',*,*,#3297,.F.);
#4444=ORIENTED_EDGE('',*,*,#3298,.F.);
#4445=ORIENTED_EDGE('',*,*,#3299,.F.);
#4446=ORIENTED_EDGE('',*,*,#3298,.T.);
#4447=ORIENTED_EDGE('',*,*,#3300,.F.);
#4448=ORIENTED_EDGE('',*,*,#3301,.F.);
#4449=ORIENTED_EDGE('',*,*,#3302,.F.);
#4450=ORIENTED_EDGE('',*,*,#3301,.T.);
#4451=ORIENTED_EDGE('',*,*,#3303,.F.);
#4452=ORIENTED_EDGE('',*,*,#3304,.F.);
#4453=ORIENTED_EDGE('',*,*,#3305,.F.);
#4454=ORIENTED_EDGE('',*,*,#3304,.T.);
#4455=ORIENTED_EDGE('',*,*,#3306,.F.);
#4456=ORIENTED_EDGE('',*,*,#3307,.F.);
#4457=ORIENTED_EDGE('',*,*,#3308,.F.);
#4458=ORIENTED_EDGE('',*,*,#3307,.T.);
#4459=ORIENTED_EDGE('',*,*,#3309,.F.);
#4460=ORIENTED_EDGE('',*,*,#3310,.F.);
#4461=ORIENTED_EDGE('',*,*,#3311,.F.);
#4462=ORIENTED_EDGE('',*,*,#3310,.T.);
#4463=ORIENTED_EDGE('',*,*,#3312,.F.);
#4464=ORIENTED_EDGE('',*,*,#3313,.F.);
#4465=ORIENTED_EDGE('',*,*,#3314,.F.);
#4466=ORIENTED_EDGE('',*,*,#3313,.T.);
#4467=ORIENTED_EDGE('',*,*,#3315,.F.);
#4468=ORIENTED_EDGE('',*,*,#3316,.F.);
#4469=ORIENTED_EDGE('',*,*,#3317,.F.);
#4470=ORIENTED_EDGE('',*,*,#3316,.T.);
#4471=ORIENTED_EDGE('',*,*,#3318,.F.);
#4472=ORIENTED_EDGE('',*,*,#3319,.F.);
#4473=ORIENTED_EDGE('',*,*,#3320,.F.);
#4474=ORIENTED_EDGE('',*,*,#3319,.T.);
#4475=ORIENTED_EDGE('',*,*,#3321,.F.);
#4476=ORIENTED_EDGE('',*,*,#3322,.F.);
#4477=ORIENTED_EDGE('',*,*,#3323,.F.);
#4478=ORIENTED_EDGE('',*,*,#3322,.T.);
#4479=ORIENTED_EDGE('',*,*,#3324,.F.);
#4480=ORIENTED_EDGE('',*,*,#3325,.F.);
#4481=ORIENTED_EDGE('',*,*,#3326,.F.);
#4482=ORIENTED_EDGE('',*,*,#3325,.T.);
#4483=ORIENTED_EDGE('',*,*,#3327,.F.);
#4484=ORIENTED_EDGE('',*,*,#3328,.F.);
#4485=ORIENTED_EDGE('',*,*,#3329,.F.);
#4486=ORIENTED_EDGE('',*,*,#3328,.T.);
#4487=ORIENTED_EDGE('',*,*,#3330,.F.);
#4488=ORIENTED_EDGE('',*,*,#3331,.F.);
#4489=ORIENTED_EDGE('',*,*,#3332,.F.);
#4490=ORIENTED_EDGE('',*,*,#3331,.T.);
#4491=ORIENTED_EDGE('',*,*,#3333,.F.);
#4492=ORIENTED_EDGE('',*,*,#3334,.F.);
#4493=ORIENTED_EDGE('',*,*,#3335,.F.);
#4494=ORIENTED_EDGE('',*,*,#3334,.T.);
#4495=ORIENTED_EDGE('',*,*,#3336,.F.);
#4496=ORIENTED_EDGE('',*,*,#3337,.F.);
#4497=ORIENTED_EDGE('',*,*,#3338,.F.);
#4498=ORIENTED_EDGE('',*,*,#3337,.T.);
#4499=ORIENTED_EDGE('',*,*,#3339,.F.);
#4500=ORIENTED_EDGE('',*,*,#3340,.F.);
#4501=ORIENTED_EDGE('',*,*,#3341,.F.);
#4502=ORIENTED_EDGE('',*,*,#3340,.T.);
#4503=ORIENTED_EDGE('',*,*,#3342,.F.);
#4504=ORIENTED_EDGE('',*,*,#3343,.F.);
#4505=ORIENTED_EDGE('',*,*,#3344,.F.);
#4506=ORIENTED_EDGE('',*,*,#3343,.T.);
#4507=ORIENTED_EDGE('',*,*,#3345,.F.);
#4508=ORIENTED_EDGE('',*,*,#3346,.F.);
#4509=ORIENTED_EDGE('',*,*,#3347,.F.);
#4510=ORIENTED_EDGE('',*,*,#3346,.T.);
#4511=ORIENTED_EDGE('',*,*,#3348,.F.);
#4512=ORIENTED_EDGE('',*,*,#3349,.F.);
#4513=ORIENTED_EDGE('',*,*,#3350,.F.);
#4514=ORIENTED_EDGE('',*,*,#3349,.T.);
#4515=ORIENTED_EDGE('',*,*,#3351,.F.);
#4516=ORIENTED_EDGE('',*,*,#3352,.F.);
#4517=ORIENTED_EDGE('',*,*,#3353,.F.);
#4518=ORIENTED_EDGE('',*,*,#3352,.T.);
#4519=ORIENTED_EDGE('',*,*,#3354,.F.);
#4520=ORIENTED_EDGE('',*,*,#3355,.F.);
#4521=ORIENTED_EDGE('',*,*,#3356,.F.);
#4522=ORIENTED_EDGE('',*,*,#3355,.T.);
#4523=ORIENTED_EDGE('',*,*,#3357,.F.);
#4524=ORIENTED_EDGE('',*,*,#3358,.F.);
#4525=ORIENTED_EDGE('',*,*,#3359,.F.);
#4526=ORIENTED_EDGE('',*,*,#3358,.T.);
#4527=ORIENTED_EDGE('',*,*,#3360,.F.);
#4528=ORIENTED_EDGE('',*,*,#3361,.F.);
#4529=ORIENTED_EDGE('',*,*,#3362,.F.);
#4530=ORIENTED_EDGE('',*,*,#3361,.T.);
#4531=ORIENTED_EDGE('',*,*,#3363,.F.);
#4532=ORIENTED_EDGE('',*,*,#3364,.F.);
#4533=ORIENTED_EDGE('',*,*,#3365,.F.);
#4534=ORIENTED_EDGE('',*,*,#3364,.T.);
#4535=ORIENTED_EDGE('',*,*,#3366,.F.);
#4536=ORIENTED_EDGE('',*,*,#3367,.F.);
#4537=ORIENTED_EDGE('',*,*,#3368,.F.);
#4538=ORIENTED_EDGE('',*,*,#3367,.T.);
#4539=ORIENTED_EDGE('',*,*,#3369,.F.);
#4540=ORIENTED_EDGE('',*,*,#3370,.F.);
#4541=ORIENTED_EDGE('',*,*,#3371,.F.);
#4542=ORIENTED_EDGE('',*,*,#3370,.T.);
#4543=ORIENTED_EDGE('',*,*,#3372,.F.);
#4544=ORIENTED_EDGE('',*,*,#3373,.F.);
#4545=ORIENTED_EDGE('',*,*,#3374,.F.);
#4546=ORIENTED_EDGE('',*,*,#3373,.T.);
#4547=ORIENTED_EDGE('',*,*,#3375,.F.);
#4548=ORIENTED_EDGE('',*,*,#3376,.F.);
#4549=ORIENTED_EDGE('',*,*,#3377,.F.);
#4550=ORIENTED_EDGE('',*,*,#3376,.T.);
#4551=ORIENTED_EDGE('',*,*,#3378,.F.);
#4552=ORIENTED_EDGE('',*,*,#3379,.F.);
#4553=ORIENTED_EDGE('',*,*,#3380,.F.);
#4554=ORIENTED_EDGE('',*,*,#3379,.T.);
#4555=ORIENTED_EDGE('',*,*,#3381,.F.);
#4556=ORIENTED_EDGE('',*,*,#3143,.F.);
#4557=ORIENTED_EDGE('',*,*,#3382,.F.);
#4558=ORIENTED_EDGE('',*,*,#3383,.T.);
#4559=ORIENTED_EDGE('',*,*,#3384,.F.);
#4560=ORIENTED_EDGE('',*,*,#3383,.F.);
#4561=ORIENTED_EDGE('',*,*,#3384,.T.);
#4562=ORIENTED_EDGE('',*,*,#3380,.T.);
#4563=ORIENTED_EDGE('',*,*,#3142,.T.);
#4564=ORIENTED_EDGE('',*,*,#3146,.T.);
#4565=ORIENTED_EDGE('',*,*,#3149,.T.);
#4566=ORIENTED_EDGE('',*,*,#3152,.T.);
#4567=ORIENTED_EDGE('',*,*,#3155,.T.);
#4568=ORIENTED_EDGE('',*,*,#3158,.T.);
#4569=ORIENTED_EDGE('',*,*,#3161,.T.);
#4570=ORIENTED_EDGE('',*,*,#3164,.T.);
#4571=ORIENTED_EDGE('',*,*,#3167,.T.);
#4572=ORIENTED_EDGE('',*,*,#3170,.T.);
#4573=ORIENTED_EDGE('',*,*,#3173,.T.);
#4574=ORIENTED_EDGE('',*,*,#3176,.T.);
#4575=ORIENTED_EDGE('',*,*,#3179,.T.);
#4576=ORIENTED_EDGE('',*,*,#3182,.T.);
#4577=ORIENTED_EDGE('',*,*,#3185,.T.);
#4578=ORIENTED_EDGE('',*,*,#3188,.T.);
#4579=ORIENTED_EDGE('',*,*,#3191,.T.);
#4580=ORIENTED_EDGE('',*,*,#3194,.T.);
#4581=ORIENTED_EDGE('',*,*,#3197,.T.);
#4582=ORIENTED_EDGE('',*,*,#3200,.T.);
#4583=ORIENTED_EDGE('',*,*,#3203,.T.);
#4584=ORIENTED_EDGE('',*,*,#3206,.T.);
#4585=ORIENTED_EDGE('',*,*,#3209,.T.);
#4586=ORIENTED_EDGE('',*,*,#3212,.T.);
#4587=ORIENTED_EDGE('',*,*,#3215,.T.);
#4588=ORIENTED_EDGE('',*,*,#3218,.T.);
#4589=ORIENTED_EDGE('',*,*,#3221,.T.);
#4590=ORIENTED_EDGE('',*,*,#3224,.T.);
#4591=ORIENTED_EDGE('',*,*,#3227,.T.);
#4592=ORIENTED_EDGE('',*,*,#3230,.T.);
#4593=ORIENTED_EDGE('',*,*,#3233,.T.);
#4594=ORIENTED_EDGE('',*,*,#3236,.T.);
#4595=ORIENTED_EDGE('',*,*,#3239,.T.);
#4596=ORIENTED_EDGE('',*,*,#3242,.T.);
#4597=ORIENTED_EDGE('',*,*,#3245,.T.);
#4598=ORIENTED_EDGE('',*,*,#3248,.T.);
#4599=ORIENTED_EDGE('',*,*,#3251,.T.);
#4600=ORIENTED_EDGE('',*,*,#3254,.T.);
#4601=ORIENTED_EDGE('',*,*,#3257,.T.);
#4602=ORIENTED_EDGE('',*,*,#3260,.T.);
#4603=ORIENTED_EDGE('',*,*,#3263,.T.);
#4604=ORIENTED_EDGE('',*,*,#3266,.T.);
#4605=ORIENTED_EDGE('',*,*,#3269,.T.);
#4606=ORIENTED_EDGE('',*,*,#3272,.T.);
#4607=ORIENTED_EDGE('',*,*,#3275,.T.);
#4608=ORIENTED_EDGE('',*,*,#3278,.T.);
#4609=ORIENTED_EDGE('',*,*,#3281,.T.);
#4610=ORIENTED_EDGE('',*,*,#3284,.T.);
#4611=ORIENTED_EDGE('',*,*,#3287,.T.);
#4612=ORIENTED_EDGE('',*,*,#3290,.T.);
#4613=ORIENTED_EDGE('',*,*,#3293,.T.);
#4614=ORIENTED_EDGE('',*,*,#3296,.T.);
#4615=ORIENTED_EDGE('',*,*,#3299,.T.);
#4616=ORIENTED_EDGE('',*,*,#3302,.T.);
#4617=ORIENTED_EDGE('',*,*,#3305,.T.);
#4618=ORIENTED_EDGE('',*,*,#3308,.T.);
#4619=ORIENTED_EDGE('',*,*,#3311,.T.);
#4620=ORIENTED_EDGE('',*,*,#3314,.T.);
#4621=ORIENTED_EDGE('',*,*,#3317,.T.);
#4622=ORIENTED_EDGE('',*,*,#3320,.T.);
#4623=ORIENTED_EDGE('',*,*,#3323,.T.);
#4624=ORIENTED_EDGE('',*,*,#3326,.T.);
#4625=ORIENTED_EDGE('',*,*,#3329,.T.);
#4626=ORIENTED_EDGE('',*,*,#3332,.T.);
#4627=ORIENTED_EDGE('',*,*,#3335,.T.);
#4628=ORIENTED_EDGE('',*,*,#3338,.T.);
#4629=ORIENTED_EDGE('',*,*,#3341,.T.);
#4630=ORIENTED_EDGE('',*,*,#3344,.T.);
#4631=ORIENTED_EDGE('',*,*,#3347,.T.);
#4632=ORIENTED_EDGE('',*,*,#3350,.T.);
#4633=ORIENTED_EDGE('',*,*,#3353,.T.);
#4634=ORIENTED_EDGE('',*,*,#3356,.T.);
#4635=ORIENTED_EDGE('',*,*,#3359,.T.);
#4636=ORIENTED_EDGE('',*,*,#3362,.T.);
#4637=ORIENTED_EDGE('',*,*,#3365,.T.);
#4638=ORIENTED_EDGE('',*,*,#3368,.T.);
#4639=ORIENTED_EDGE('',*,*,#3371,.T.);
#4640=ORIENTED_EDGE('',*,*,#3374,.T.);
#4641=ORIENTED_EDGE('',*,*,#3377,.T.);
#4642=ORIENTED_EDGE('',*,*,#3382,.T.);
#4643=ORIENTED_EDGE('',*,*,#3381,.T.);
#4644=ORIENTED_EDGE('',*,*,#3378,.T.);
#4645=ORIENTED_EDGE('',*,*,#3375,.T.);
#4646=ORIENTED_EDGE('',*,*,#3372,.T.);
#4647=ORIENTED_EDGE('',*,*,#3369,.T.);
#4648=ORIENTED_EDGE('',*,*,#3366,.T.);
#4649=ORIENTED_EDGE('',*,*,#3363,.T.);
#4650=ORIENTED_EDGE('',*,*,#3360,.T.);
#4651=ORIENTED_EDGE('',*,*,#3357,.T.);
#4652=ORIENTED_EDGE('',*,*,#3354,.T.);
#4653=ORIENTED_EDGE('',*,*,#3351,.T.);
#4654=ORIENTED_EDGE('',*,*,#3348,.T.);
#4655=ORIENTED_EDGE('',*,*,#3345,.T.);
#4656=ORIENTED_EDGE('',*,*,#3342,.T.);
#4657=ORIENTED_EDGE('',*,*,#3339,.T.);
#4658=ORIENTED_EDGE('',*,*,#3336,.T.);
#4659=ORIENTED_EDGE('',*,*,#3333,.T.);
#4660=ORIENTED_EDGE('',*,*,#3330,.T.);
#4661=ORIENTED_EDGE('',*,*,#3327,.T.);
#4662=ORIENTED_EDGE('',*,*,#3324,.T.);
#4663=ORIENTED_EDGE('',*,*,#3321,.T.);
#4664=ORIENTED_EDGE('',*,*,#3318,.T.);
#4665=ORIENTED_EDGE('',*,*,#3315,.T.);
#4666=ORIENTED_EDGE('',*,*,#3312,.T.);
#4667=ORIENTED_EDGE('',*,*,#3309,.T.);
#4668=ORIENTED_EDGE('',*,*,#3306,.T.);
#4669=ORIENTED_EDGE('',*,*,#3303,.T.);
#4670=ORIENTED_EDGE('',*,*,#3300,.T.);
#4671=ORIENTED_EDGE('',*,*,#3297,.T.);
#4672=ORIENTED_EDGE('',*,*,#3294,.T.);
#4673=ORIENTED_EDGE('',*,*,#3291,.T.);
#4674=ORIENTED_EDGE('',*,*,#3288,.T.);
#4675=ORIENTED_EDGE('',*,*,#3285,.T.);
#4676=ORIENTED_EDGE('',*,*,#3282,.T.);
#4677=ORIENTED_EDGE('',*,*,#3279,.T.);
#4678=ORIENTED_EDGE('',*,*,#3276,.T.);
#4679=ORIENTED_EDGE('',*,*,#3273,.T.);
#4680=ORIENTED_EDGE('',*,*,#3270,.T.);
#4681=ORIENTED_EDGE('',*,*,#3267,.T.);
#4682=ORIENTED_EDGE('',*,*,#3264,.T.);
#4683=ORIENTED_EDGE('',*,*,#3261,.T.);
#4684=ORIENTED_EDGE('',*,*,#3258,.T.);
#4685=ORIENTED_EDGE('',*,*,#3255,.T.);
#4686=ORIENTED_EDGE('',*,*,#3252,.T.);
#4687=ORIENTED_EDGE('',*,*,#3249,.T.);
#4688=ORIENTED_EDGE('',*,*,#3246,.T.);
#4689=ORIENTED_EDGE('',*,*,#3243,.T.);
#4690=ORIENTED_EDGE('',*,*,#3240,.T.);
#4691=ORIENTED_EDGE('',*,*,#3237,.T.);
#4692=ORIENTED_EDGE('',*,*,#3234,.T.);
#4693=ORIENTED_EDGE('',*,*,#3231,.T.);
#4694=ORIENTED_EDGE('',*,*,#3228,.T.);
#4695=ORIENTED_EDGE('',*,*,#3225,.T.);
#4696=ORIENTED_EDGE('',*,*,#3222,.T.);
#4697=ORIENTED_EDGE('',*,*,#3219,.T.);
#4698=ORIENTED_EDGE('',*,*,#3216,.T.);
#4699=ORIENTED_EDGE('',*,*,#3213,.T.);
#4700=ORIENTED_EDGE('',*,*,#3210,.T.);
#4701=ORIENTED_EDGE('',*,*,#3207,.T.);
#4702=ORIENTED_EDGE('',*,*,#3204,.T.);
#4703=ORIENTED_EDGE('',*,*,#3201,.T.);
#4704=ORIENTED_EDGE('',*,*,#3198,.T.);
#4705=ORIENTED_EDGE('',*,*,#3195,.T.);
#4706=ORIENTED_EDGE('',*,*,#3192,.T.);
#4707=ORIENTED_EDGE('',*,*,#3189,.T.);
#4708=ORIENTED_EDGE('',*,*,#3186,.T.);
#4709=ORIENTED_EDGE('',*,*,#3183,.T.);
#4710=ORIENTED_EDGE('',*,*,#3180,.T.);
#4711=ORIENTED_EDGE('',*,*,#3177,.T.);
#4712=ORIENTED_EDGE('',*,*,#3174,.T.);
#4713=ORIENTED_EDGE('',*,*,#3171,.T.);
#4714=ORIENTED_EDGE('',*,*,#3168,.T.);
#4715=ORIENTED_EDGE('',*,*,#3165,.T.);
#4716=ORIENTED_EDGE('',*,*,#3162,.T.);
#4717=ORIENTED_EDGE('',*,*,#3159,.T.);
#4718=ORIENTED_EDGE('',*,*,#3156,.T.);
#4719=ORIENTED_EDGE('',*,*,#3153,.T.);
#4720=ORIENTED_EDGE('',*,*,#3150,.T.);
#4721=ORIENTED_EDGE('',*,*,#3147,.T.);
#4722=ORIENTED_EDGE('',*,*,#3144,.T.);
#4723=ORIENTED_EDGE('',*,*,#3385,.T.);
#4724=ORIENTED_EDGE('',*,*,#3386,.T.);
#4725=ORIENTED_EDGE('',*,*,#3387,.F.);
#4726=ORIENTED_EDGE('',*,*,#3388,.F.);
#4727=ORIENTED_EDGE('',*,*,#3389,.F.);
#4728=ORIENTED_EDGE('',*,*,#3388,.T.);
#4729=ORIENTED_EDGE('',*,*,#3390,.F.);
#4730=ORIENTED_EDGE('',*,*,#3391,.F.);
#4731=ORIENTED_EDGE('',*,*,#3392,.F.);
#4732=ORIENTED_EDGE('',*,*,#3391,.T.);
#4733=ORIENTED_EDGE('',*,*,#3393,.F.);
#4734=ORIENTED_EDGE('',*,*,#3394,.F.);
#4735=ORIENTED_EDGE('',*,*,#3395,.T.);
#4736=ORIENTED_EDGE('',*,*,#3394,.T.);
#4737=ORIENTED_EDGE('',*,*,#3396,.F.);
#4738=ORIENTED_EDGE('',*,*,#3397,.F.);
#4739=ORIENTED_EDGE('',*,*,#3398,.T.);
#4740=ORIENTED_EDGE('',*,*,#3397,.T.);
#4741=ORIENTED_EDGE('',*,*,#3399,.F.);
#4742=ORIENTED_EDGE('',*,*,#3400,.F.);
#4743=ORIENTED_EDGE('',*,*,#3401,.T.);
#4744=ORIENTED_EDGE('',*,*,#3400,.T.);
#4745=ORIENTED_EDGE('',*,*,#3402,.F.);
#4746=ORIENTED_EDGE('',*,*,#3403,.F.);
#4747=ORIENTED_EDGE('',*,*,#3404,.F.);
#4748=ORIENTED_EDGE('',*,*,#3405,.F.);
#4749=ORIENTED_EDGE('',*,*,#3406,.F.);
#4750=ORIENTED_EDGE('',*,*,#3386,.F.);
#4751=ORIENTED_EDGE('',*,*,#3403,.T.);
#4752=ORIENTED_EDGE('',*,*,#3407,.F.);
#4753=ORIENTED_EDGE('',*,*,#3408,.T.);
#4754=ORIENTED_EDGE('',*,*,#3409,.F.);
#4755=ORIENTED_EDGE('',*,*,#3405,.T.);
#4756=ORIENTED_EDGE('',*,*,#3410,.F.);
#4757=ORIENTED_EDGE('',*,*,#3411,.T.);
#4758=ORIENTED_EDGE('',*,*,#3412,.F.);
#4759=ORIENTED_EDGE('',*,*,#3413,.T.);
#4760=ORIENTED_EDGE('',*,*,#3414,.T.);
#4761=ORIENTED_EDGE('',*,*,#3415,.F.);
#4762=ORIENTED_EDGE('',*,*,#3416,.F.);
#4763=ORIENTED_EDGE('',*,*,#3417,.F.);
#4764=ORIENTED_EDGE('',*,*,#3416,.T.);
#4765=ORIENTED_EDGE('',*,*,#3418,.F.);
#4766=ORIENTED_EDGE('',*,*,#3419,.F.);
#4767=ORIENTED_EDGE('',*,*,#3420,.F.);
#4768=ORIENTED_EDGE('',*,*,#3419,.T.);
#4769=ORIENTED_EDGE('',*,*,#3421,.F.);
#4770=ORIENTED_EDGE('',*,*,#3422,.F.);
#4771=ORIENTED_EDGE('',*,*,#3423,.T.);
#4772=ORIENTED_EDGE('',*,*,#3422,.T.);
#4773=ORIENTED_EDGE('',*,*,#3424,.F.);
#4774=ORIENTED_EDGE('',*,*,#3425,.F.);
#4775=ORIENTED_EDGE('',*,*,#3426,.T.);
#4776=ORIENTED_EDGE('',*,*,#3425,.T.);
#4777=ORIENTED_EDGE('',*,*,#3427,.F.);
#4778=ORIENTED_EDGE('',*,*,#3428,.F.);
#4779=ORIENTED_EDGE('',*,*,#3429,.T.);
#4780=ORIENTED_EDGE('',*,*,#3428,.T.);
#4781=ORIENTED_EDGE('',*,*,#3430,.F.);
#4782=ORIENTED_EDGE('',*,*,#3431,.F.);
#4783=ORIENTED_EDGE('',*,*,#3432,.F.);
#4784=ORIENTED_EDGE('',*,*,#3433,.F.);
#4785=ORIENTED_EDGE('',*,*,#3434,.F.);
#4786=ORIENTED_EDGE('',*,*,#3414,.F.);
#4787=ORIENTED_EDGE('',*,*,#3431,.T.);
#4788=ORIENTED_EDGE('',*,*,#3435,.F.);
#4789=ORIENTED_EDGE('',*,*,#3436,.T.);
#4790=ORIENTED_EDGE('',*,*,#3437,.F.);
#4791=ORIENTED_EDGE('',*,*,#3433,.T.);
#4792=ORIENTED_EDGE('',*,*,#3438,.F.);
#4793=ORIENTED_EDGE('',*,*,#3439,.T.);
#4794=ORIENTED_EDGE('',*,*,#3440,.F.);
#4795=ORIENTED_EDGE('',*,*,#3441,.T.);
#4796=ORIENTED_EDGE('',*,*,#3442,.T.);
#4797=ORIENTED_EDGE('',*,*,#3443,.F.);
#4798=ORIENTED_EDGE('',*,*,#3444,.F.);
#4799=ORIENTED_EDGE('',*,*,#3445,.F.);
#4800=ORIENTED_EDGE('',*,*,#3444,.T.);
#4801=ORIENTED_EDGE('',*,*,#3446,.F.);
#4802=ORIENTED_EDGE('',*,*,#3447,.F.);
#4803=ORIENTED_EDGE('',*,*,#3448,.F.);
#4804=ORIENTED_EDGE('',*,*,#3447,.T.);
#4805=ORIENTED_EDGE('',*,*,#3449,.F.);
#4806=ORIENTED_EDGE('',*,*,#3450,.F.);
#4807=ORIENTED_EDGE('',*,*,#3451,.T.);
#4808=ORIENTED_EDGE('',*,*,#3450,.T.);
#4809=ORIENTED_EDGE('',*,*,#3452,.F.);
#4810=ORIENTED_EDGE('',*,*,#3453,.F.);
#4811=ORIENTED_EDGE('',*,*,#3454,.T.);
#4812=ORIENTED_EDGE('',*,*,#3453,.T.);
#4813=ORIENTED_EDGE('',*,*,#3455,.F.);
#4814=ORIENTED_EDGE('',*,*,#3456,.F.);
#4815=ORIENTED_EDGE('',*,*,#3457,.T.);
#4816=ORIENTED_EDGE('',*,*,#3456,.T.);
#4817=ORIENTED_EDGE('',*,*,#3458,.F.);
#4818=ORIENTED_EDGE('',*,*,#3459,.F.);
#4819=ORIENTED_EDGE('',*,*,#3460,.F.);
#4820=ORIENTED_EDGE('',*,*,#3461,.F.);
#4821=ORIENTED_EDGE('',*,*,#3462,.F.);
#4822=ORIENTED_EDGE('',*,*,#3442,.F.);
#4823=ORIENTED_EDGE('',*,*,#3459,.T.);
#4824=ORIENTED_EDGE('',*,*,#3463,.F.);
#4825=ORIENTED_EDGE('',*,*,#3464,.T.);
#4826=ORIENTED_EDGE('',*,*,#3465,.F.);
#4827=ORIENTED_EDGE('',*,*,#3461,.T.);
#4828=ORIENTED_EDGE('',*,*,#3466,.F.);
#4829=ORIENTED_EDGE('',*,*,#3467,.T.);
#4830=ORIENTED_EDGE('',*,*,#3468,.F.);
#4831=ORIENTED_EDGE('',*,*,#3469,.T.);
#4832=ORIENTED_EDGE('',*,*,#3470,.T.);
#4833=ORIENTED_EDGE('',*,*,#3471,.F.);
#4834=ORIENTED_EDGE('',*,*,#3472,.F.);
#4835=ORIENTED_EDGE('',*,*,#3473,.F.);
#4836=ORIENTED_EDGE('',*,*,#3472,.T.);
#4837=ORIENTED_EDGE('',*,*,#3474,.F.);
#4838=ORIENTED_EDGE('',*,*,#3475,.F.);
#4839=ORIENTED_EDGE('',*,*,#3476,.F.);
#4840=ORIENTED_EDGE('',*,*,#3475,.T.);
#4841=ORIENTED_EDGE('',*,*,#3477,.F.);
#4842=ORIENTED_EDGE('',*,*,#3478,.F.);
#4843=ORIENTED_EDGE('',*,*,#3479,.T.);
#4844=ORIENTED_EDGE('',*,*,#3478,.T.);
#4845=ORIENTED_EDGE('',*,*,#3480,.F.);
#4846=ORIENTED_EDGE('',*,*,#3481,.F.);
#4847=ORIENTED_EDGE('',*,*,#3482,.T.);
#4848=ORIENTED_EDGE('',*,*,#3481,.T.);
#4849=ORIENTED_EDGE('',*,*,#3483,.F.);
#4850=ORIENTED_EDGE('',*,*,#3484,.F.);
#4851=ORIENTED_EDGE('',*,*,#3485,.T.);
#4852=ORIENTED_EDGE('',*,*,#3484,.T.);
#4853=ORIENTED_EDGE('',*,*,#3486,.F.);
#4854=ORIENTED_EDGE('',*,*,#3411,.F.);
#4855=ORIENTED_EDGE('',*,*,#3487,.F.);
#4856=ORIENTED_EDGE('',*,*,#3464,.F.);
#4857=ORIENTED_EDGE('',*,*,#3488,.F.);
#4858=ORIENTED_EDGE('',*,*,#3470,.F.);
#4859=ORIENTED_EDGE('',*,*,#3489,.T.);
#4860=ORIENTED_EDGE('',*,*,#3490,.T.);
#4861=ORIENTED_EDGE('',*,*,#3491,.F.);
#4862=ORIENTED_EDGE('',*,*,#3492,.F.);
#4863=ORIENTED_EDGE('',*,*,#3493,.F.);
#4864=ORIENTED_EDGE('',*,*,#3492,.T.);
#4865=ORIENTED_EDGE('',*,*,#3494,.F.);
#4866=ORIENTED_EDGE('',*,*,#3495,.F.);
#4867=ORIENTED_EDGE('',*,*,#3496,.F.);
#4868=ORIENTED_EDGE('',*,*,#3495,.T.);
#4869=ORIENTED_EDGE('',*,*,#3497,.F.);
#4870=ORIENTED_EDGE('',*,*,#3498,.F.);
#4871=ORIENTED_EDGE('',*,*,#3499,.T.);
#4872=ORIENTED_EDGE('',*,*,#3498,.T.);
#4873=ORIENTED_EDGE('',*,*,#3500,.F.);
#4874=ORIENTED_EDGE('',*,*,#3501,.F.);
#4875=ORIENTED_EDGE('',*,*,#3502,.T.);
#4876=ORIENTED_EDGE('',*,*,#3501,.T.);
#4877=ORIENTED_EDGE('',*,*,#3503,.F.);
#4878=ORIENTED_EDGE('',*,*,#3504,.F.);
#4879=ORIENTED_EDGE('',*,*,#3505,.T.);
#4880=ORIENTED_EDGE('',*,*,#3504,.T.);
#4881=ORIENTED_EDGE('',*,*,#3506,.F.);
#4882=ORIENTED_EDGE('',*,*,#3507,.F.);
#4883=ORIENTED_EDGE('',*,*,#3508,.F.);
#4884=ORIENTED_EDGE('',*,*,#3509,.F.);
#4885=ORIENTED_EDGE('',*,*,#3510,.F.);
#4886=ORIENTED_EDGE('',*,*,#3490,.F.);
#4887=ORIENTED_EDGE('',*,*,#3507,.T.);
#4888=ORIENTED_EDGE('',*,*,#3511,.F.);
#4889=ORIENTED_EDGE('',*,*,#3512,.T.);
#4890=ORIENTED_EDGE('',*,*,#3513,.F.);
#4891=ORIENTED_EDGE('',*,*,#3509,.T.);
#4892=ORIENTED_EDGE('',*,*,#3514,.F.);
#4893=ORIENTED_EDGE('',*,*,#3515,.T.);
#4894=ORIENTED_EDGE('',*,*,#3516,.F.);
#4895=ORIENTED_EDGE('',*,*,#3517,.T.);
#4896=ORIENTED_EDGE('',*,*,#3518,.T.);
#4897=ORIENTED_EDGE('',*,*,#3519,.F.);
#4898=ORIENTED_EDGE('',*,*,#3520,.F.);
#4899=ORIENTED_EDGE('',*,*,#3521,.F.);
#4900=ORIENTED_EDGE('',*,*,#3520,.T.);
#4901=ORIENTED_EDGE('',*,*,#3522,.F.);
#4902=ORIENTED_EDGE('',*,*,#3523,.F.);
#4903=ORIENTED_EDGE('',*,*,#3524,.F.);
#4904=ORIENTED_EDGE('',*,*,#3523,.T.);
#4905=ORIENTED_EDGE('',*,*,#3525,.F.);
#4906=ORIENTED_EDGE('',*,*,#3526,.F.);
#4907=ORIENTED_EDGE('',*,*,#3527,.T.);
#4908=ORIENTED_EDGE('',*,*,#3526,.T.);
#4909=ORIENTED_EDGE('',*,*,#3528,.F.);
#4910=ORIENTED_EDGE('',*,*,#3529,.F.);
#4911=ORIENTED_EDGE('',*,*,#3530,.T.);
#4912=ORIENTED_EDGE('',*,*,#3529,.T.);
#4913=ORIENTED_EDGE('',*,*,#3531,.F.);
#4914=ORIENTED_EDGE('',*,*,#3532,.F.);
#4915=ORIENTED_EDGE('',*,*,#3533,.T.);
#4916=ORIENTED_EDGE('',*,*,#3532,.T.);
#4917=ORIENTED_EDGE('',*,*,#3534,.F.);
#4918=ORIENTED_EDGE('',*,*,#3515,.F.);
#4919=ORIENTED_EDGE('',*,*,#3535,.F.);
#4920=ORIENTED_EDGE('',*,*,#3536,.F.);
#4921=ORIENTED_EDGE('',*,*,#3537,.F.);
#4922=ORIENTED_EDGE('',*,*,#3518,.F.);
#4923=ORIENTED_EDGE('',*,*,#3536,.T.);
#4924=ORIENTED_EDGE('',*,*,#3538,.F.);
#4925=ORIENTED_EDGE('',*,*,#3539,.T.);
#4926=ORIENTED_EDGE('',*,*,#3540,.F.);
#4927=ORIENTED_EDGE('',*,*,#3541,.T.);
#4928=ORIENTED_EDGE('',*,*,#3542,.T.);
#4929=ORIENTED_EDGE('',*,*,#3543,.F.);
#4930=ORIENTED_EDGE('',*,*,#3544,.F.);
#4931=ORIENTED_EDGE('',*,*,#3545,.F.);
#4932=ORIENTED_EDGE('',*,*,#3544,.T.);
#4933=ORIENTED_EDGE('',*,*,#3546,.F.);
#4934=ORIENTED_EDGE('',*,*,#3547,.F.);
#4935=ORIENTED_EDGE('',*,*,#3548,.F.);
#4936=ORIENTED_EDGE('',*,*,#3547,.T.);
#4937=ORIENTED_EDGE('',*,*,#3549,.F.);
#4938=ORIENTED_EDGE('',*,*,#3550,.F.);
#4939=ORIENTED_EDGE('',*,*,#3551,.T.);
#4940=ORIENTED_EDGE('',*,*,#3550,.T.);
#4941=ORIENTED_EDGE('',*,*,#3552,.F.);
#4942=ORIENTED_EDGE('',*,*,#3553,.F.);
#4943=ORIENTED_EDGE('',*,*,#3554,.T.);
#4944=ORIENTED_EDGE('',*,*,#3553,.T.);
#4945=ORIENTED_EDGE('',*,*,#3555,.F.);
#4946=ORIENTED_EDGE('',*,*,#3556,.F.);
#4947=ORIENTED_EDGE('',*,*,#3557,.T.);
#4948=ORIENTED_EDGE('',*,*,#3556,.T.);
#4949=ORIENTED_EDGE('',*,*,#3558,.F.);
#4950=ORIENTED_EDGE('',*,*,#3467,.F.);
#4951=ORIENTED_EDGE('',*,*,#3559,.F.);
#4952=ORIENTED_EDGE('',*,*,#3512,.F.);
#4953=ORIENTED_EDGE('',*,*,#3560,.F.);
#4954=ORIENTED_EDGE('',*,*,#3542,.F.);
#4955=ORIENTED_EDGE('',*,*,#3561,.T.);
#4956=ORIENTED_EDGE('',*,*,#3562,.T.);
#4957=ORIENTED_EDGE('',*,*,#3563,.F.);
#4958=ORIENTED_EDGE('',*,*,#3564,.F.);
#4959=ORIENTED_EDGE('',*,*,#3565,.F.);
#4960=ORIENTED_EDGE('',*,*,#3564,.T.);
#4961=ORIENTED_EDGE('',*,*,#3566,.F.);
#4962=ORIENTED_EDGE('',*,*,#3567,.F.);
#4963=ORIENTED_EDGE('',*,*,#3568,.F.);
#4964=ORIENTED_EDGE('',*,*,#3567,.T.);
#4965=ORIENTED_EDGE('',*,*,#3569,.F.);
#4966=ORIENTED_EDGE('',*,*,#3570,.F.);
#4967=ORIENTED_EDGE('',*,*,#3571,.T.);
#4968=ORIENTED_EDGE('',*,*,#3570,.T.);
#4969=ORIENTED_EDGE('',*,*,#3572,.F.);
#4970=ORIENTED_EDGE('',*,*,#3573,.F.);
#4971=ORIENTED_EDGE('',*,*,#3574,.T.);
#4972=ORIENTED_EDGE('',*,*,#3573,.T.);
#4973=ORIENTED_EDGE('',*,*,#3575,.F.);
#4974=ORIENTED_EDGE('',*,*,#3576,.F.);
#4975=ORIENTED_EDGE('',*,*,#3577,.T.);
#4976=ORIENTED_EDGE('',*,*,#3576,.T.);
#4977=ORIENTED_EDGE('',*,*,#3578,.F.);
#4978=ORIENTED_EDGE('',*,*,#3439,.F.);
#4979=ORIENTED_EDGE('',*,*,#3579,.F.);
#4980=ORIENTED_EDGE('',*,*,#3580,.F.);
#4981=ORIENTED_EDGE('',*,*,#3581,.F.);
#4982=ORIENTED_EDGE('',*,*,#3562,.F.);
#4983=ORIENTED_EDGE('',*,*,#3580,.T.);
#4984=ORIENTED_EDGE('',*,*,#3582,.F.);
#4985=ORIENTED_EDGE('',*,*,#3583,.T.);
#4986=ORIENTED_EDGE('',*,*,#3584,.F.);
#4987=ORIENTED_EDGE('',*,*,#3585,.T.);
#4988=ORIENTED_EDGE('',*,*,#3586,.T.);
#4989=ORIENTED_EDGE('',*,*,#3587,.F.);
#4990=ORIENTED_EDGE('',*,*,#3588,.F.);
#4991=ORIENTED_EDGE('',*,*,#3589,.F.);
#4992=ORIENTED_EDGE('',*,*,#3588,.T.);
#4993=ORIENTED_EDGE('',*,*,#3590,.F.);
#4994=ORIENTED_EDGE('',*,*,#3591,.F.);
#4995=ORIENTED_EDGE('',*,*,#3592,.F.);
#4996=ORIENTED_EDGE('',*,*,#3591,.T.);
#4997=ORIENTED_EDGE('',*,*,#3593,.F.);
#4998=ORIENTED_EDGE('',*,*,#3594,.F.);
#4999=ORIENTED_EDGE('',*,*,#3595,.T.);
#5000=ORIENTED_EDGE('',*,*,#3594,.T.);
#5001=ORIENTED_EDGE('',*,*,#3596,.F.);
#5002=ORIENTED_EDGE('',*,*,#3597,.F.);
#5003=ORIENTED_EDGE('',*,*,#3598,.T.);
#5004=ORIENTED_EDGE('',*,*,#3597,.T.);
#5005=ORIENTED_EDGE('',*,*,#3599,.F.);
#5006=ORIENTED_EDGE('',*,*,#3600,.F.);
#5007=ORIENTED_EDGE('',*,*,#3601,.T.);
#5008=ORIENTED_EDGE('',*,*,#3600,.T.);
#5009=ORIENTED_EDGE('',*,*,#3602,.F.);
#5010=ORIENTED_EDGE('',*,*,#3583,.F.);
#5011=ORIENTED_EDGE('',*,*,#3603,.F.);
#5012=ORIENTED_EDGE('',*,*,#3408,.F.);
#5013=ORIENTED_EDGE('',*,*,#3604,.F.);
#5014=ORIENTED_EDGE('',*,*,#3586,.F.);
#5015=ORIENTED_EDGE('',*,*,#3605,.T.);
#5016=ORIENTED_EDGE('',*,*,#3606,.T.);
#5017=ORIENTED_EDGE('',*,*,#3607,.F.);
#5018=ORIENTED_EDGE('',*,*,#3608,.F.);
#5019=ORIENTED_EDGE('',*,*,#3609,.F.);
#5020=ORIENTED_EDGE('',*,*,#3608,.T.);
#5021=ORIENTED_EDGE('',*,*,#3610,.F.);
#5022=ORIENTED_EDGE('',*,*,#3611,.F.);
#5023=ORIENTED_EDGE('',*,*,#3612,.F.);
#5024=ORIENTED_EDGE('',*,*,#3611,.T.);
#5025=ORIENTED_EDGE('',*,*,#3613,.F.);
#5026=ORIENTED_EDGE('',*,*,#3614,.F.);
#5027=ORIENTED_EDGE('',*,*,#3615,.T.);
#5028=ORIENTED_EDGE('',*,*,#3614,.T.);
#5029=ORIENTED_EDGE('',*,*,#3616,.F.);
#5030=ORIENTED_EDGE('',*,*,#3617,.F.);
#5031=ORIENTED_EDGE('',*,*,#3618,.T.);
#5032=ORIENTED_EDGE('',*,*,#3617,.T.);
#5033=ORIENTED_EDGE('',*,*,#3619,.F.);
#5034=ORIENTED_EDGE('',*,*,#3620,.F.);
#5035=ORIENTED_EDGE('',*,*,#3621,.T.);
#5036=ORIENTED_EDGE('',*,*,#3620,.T.);
#5037=ORIENTED_EDGE('',*,*,#3622,.F.);
#5038=ORIENTED_EDGE('',*,*,#3539,.F.);
#5039=ORIENTED_EDGE('',*,*,#3623,.F.);
#5040=ORIENTED_EDGE('',*,*,#3436,.F.);
#5041=ORIENTED_EDGE('',*,*,#3624,.F.);
#5042=ORIENTED_EDGE('',*,*,#3606,.F.);
#5043=ORIENTED_EDGE('',*,*,#3625,.F.);
#5044=ORIENTED_EDGE('',*,*,#3626,.T.);
#5045=ORIENTED_EDGE('',*,*,#3627,.T.);
#5046=ORIENTED_EDGE('',*,*,#3626,.F.);
#5047=ORIENTED_EDGE('',*,*,#3627,.F.);
#5048=ORIENTED_EDGE('',*,*,#3628,.F.);
#5049=ORIENTED_EDGE('',*,*,#3628,.T.);
#5050=ORIENTED_EDGE('',*,*,#3629,.T.);
#5051=ORIENTED_EDGE('',*,*,#3630,.T.);
#5052=ORIENTED_EDGE('',*,*,#3629,.F.);
#5053=ORIENTED_EDGE('',*,*,#3630,.F.);
#5054=ORIENTED_EDGE('',*,*,#3631,.F.);
#5055=ORIENTED_EDGE('',*,*,#3632,.F.);
#5056=ORIENTED_EDGE('',*,*,#3633,.T.);
#5057=ORIENTED_EDGE('',*,*,#3634,.T.);
#5058=ORIENTED_EDGE('',*,*,#3633,.F.);
#5059=ORIENTED_EDGE('',*,*,#3634,.F.);
#5060=ORIENTED_EDGE('',*,*,#3635,.F.);
#5061=ORIENTED_EDGE('',*,*,#3636,.T.);
#5062=ORIENTED_EDGE('',*,*,#3637,.T.);
#5063=ORIENTED_EDGE('',*,*,#3638,.T.);
#5064=ORIENTED_EDGE('',*,*,#3637,.F.);
#5065=ORIENTED_EDGE('',*,*,#3538,.T.);
#5066=ORIENTED_EDGE('',*,*,#3535,.T.);
#5067=ORIENTED_EDGE('',*,*,#3517,.F.);
#5068=ORIENTED_EDGE('',*,*,#3521,.T.);
#5069=ORIENTED_EDGE('',*,*,#3524,.T.);
#5070=ORIENTED_EDGE('',*,*,#3527,.F.);
#5071=ORIENTED_EDGE('',*,*,#3530,.F.);
#5072=ORIENTED_EDGE('',*,*,#3533,.F.);
#5073=ORIENTED_EDGE('',*,*,#3514,.T.);
#5074=ORIENTED_EDGE('',*,*,#3508,.T.);
#5075=ORIENTED_EDGE('',*,*,#3489,.F.);
#5076=ORIENTED_EDGE('',*,*,#3493,.T.);
#5077=ORIENTED_EDGE('',*,*,#3496,.T.);
#5078=ORIENTED_EDGE('',*,*,#3499,.F.);
#5079=ORIENTED_EDGE('',*,*,#3502,.F.);
#5080=ORIENTED_EDGE('',*,*,#3505,.F.);
#5081=ORIENTED_EDGE('',*,*,#3513,.T.);
#5082=ORIENTED_EDGE('',*,*,#3559,.T.);
#5083=ORIENTED_EDGE('',*,*,#3541,.F.);
#5084=ORIENTED_EDGE('',*,*,#3545,.T.);
#5085=ORIENTED_EDGE('',*,*,#3548,.T.);
#5086=ORIENTED_EDGE('',*,*,#3551,.F.);
#5087=ORIENTED_EDGE('',*,*,#3554,.F.);
#5088=ORIENTED_EDGE('',*,*,#3557,.F.);
#5089=ORIENTED_EDGE('',*,*,#3466,.T.);
#5090=ORIENTED_EDGE('',*,*,#3460,.T.);
#5091=ORIENTED_EDGE('',*,*,#3441,.F.);
#5092=ORIENTED_EDGE('',*,*,#3445,.T.);
#5093=ORIENTED_EDGE('',*,*,#3448,.T.);
#5094=ORIENTED_EDGE('',*,*,#3451,.F.);
#5095=ORIENTED_EDGE('',*,*,#3454,.F.);
#5096=ORIENTED_EDGE('',*,*,#3457,.F.);
#5097=ORIENTED_EDGE('',*,*,#3465,.T.);
#5098=ORIENTED_EDGE('',*,*,#3487,.T.);
#5099=ORIENTED_EDGE('',*,*,#3469,.F.);
#5100=ORIENTED_EDGE('',*,*,#3473,.T.);
#5101=ORIENTED_EDGE('',*,*,#3476,.T.);
#5102=ORIENTED_EDGE('',*,*,#3479,.F.);
#5103=ORIENTED_EDGE('',*,*,#3482,.F.);
#5104=ORIENTED_EDGE('',*,*,#3485,.F.);
#5105=ORIENTED_EDGE('',*,*,#3410,.T.);
#5106=ORIENTED_EDGE('',*,*,#3404,.T.);
#5107=ORIENTED_EDGE('',*,*,#3385,.F.);
#5108=ORIENTED_EDGE('',*,*,#3389,.T.);
#5109=ORIENTED_EDGE('',*,*,#3392,.T.);
#5110=ORIENTED_EDGE('',*,*,#3395,.F.);
#5111=ORIENTED_EDGE('',*,*,#3398,.F.);
#5112=ORIENTED_EDGE('',*,*,#3401,.F.);
#5113=ORIENTED_EDGE('',*,*,#3409,.T.);
#5114=ORIENTED_EDGE('',*,*,#3603,.T.);
#5115=ORIENTED_EDGE('',*,*,#3585,.F.);
#5116=ORIENTED_EDGE('',*,*,#3589,.T.);
#5117=ORIENTED_EDGE('',*,*,#3592,.T.);
#5118=ORIENTED_EDGE('',*,*,#3595,.F.);
#5119=ORIENTED_EDGE('',*,*,#3598,.F.);
#5120=ORIENTED_EDGE('',*,*,#3601,.F.);
#5121=ORIENTED_EDGE('',*,*,#3582,.T.);
#5122=ORIENTED_EDGE('',*,*,#3579,.T.);
#5123=ORIENTED_EDGE('',*,*,#3561,.F.);
#5124=ORIENTED_EDGE('',*,*,#3565,.T.);
#5125=ORIENTED_EDGE('',*,*,#3568,.T.);
#5126=ORIENTED_EDGE('',*,*,#3571,.F.);
#5127=ORIENTED_EDGE('',*,*,#3574,.F.);
#5128=ORIENTED_EDGE('',*,*,#3577,.F.);
#5129=ORIENTED_EDGE('',*,*,#3438,.T.);
#5130=ORIENTED_EDGE('',*,*,#3432,.T.);
#5131=ORIENTED_EDGE('',*,*,#3413,.F.);
#5132=ORIENTED_EDGE('',*,*,#3417,.T.);
#5133=ORIENTED_EDGE('',*,*,#3420,.T.);
#5134=ORIENTED_EDGE('',*,*,#3423,.F.);
#5135=ORIENTED_EDGE('',*,*,#3426,.F.);
#5136=ORIENTED_EDGE('',*,*,#3429,.F.);
#5137=ORIENTED_EDGE('',*,*,#3437,.T.);
#5138=ORIENTED_EDGE('',*,*,#3623,.T.);
#5139=ORIENTED_EDGE('',*,*,#3605,.F.);
#5140=ORIENTED_EDGE('',*,*,#3609,.T.);
#5141=ORIENTED_EDGE('',*,*,#3612,.T.);
#5142=ORIENTED_EDGE('',*,*,#3615,.F.);
#5143=ORIENTED_EDGE('',*,*,#3618,.F.);
#5144=ORIENTED_EDGE('',*,*,#3621,.F.);
#5145=ORIENTED_EDGE('',*,*,#3636,.F.);
#5146=ORIENTED_EDGE('',*,*,#3638,.F.);
#5147=ORIENTED_EDGE('',*,*,#3632,.T.);
#5148=ORIENTED_EDGE('',*,*,#3635,.T.);
#5149=ORIENTED_EDGE('',*,*,#3639,.T.);
#5150=ORIENTED_EDGE('',*,*,#3631,.T.);
#5151=ORIENTED_EDGE('',*,*,#3639,.F.);
#5152=ORIENTED_EDGE('',*,*,#3435,.T.);
#5153=ORIENTED_EDGE('',*,*,#3430,.T.);
#5154=ORIENTED_EDGE('',*,*,#3427,.T.);
#5155=ORIENTED_EDGE('',*,*,#3424,.T.);
#5156=ORIENTED_EDGE('',*,*,#3421,.T.);
#5157=ORIENTED_EDGE('',*,*,#3418,.T.);
#5158=ORIENTED_EDGE('',*,*,#3415,.T.);
#5159=ORIENTED_EDGE('',*,*,#3434,.T.);
#5160=ORIENTED_EDGE('',*,*,#3440,.T.);
#5161=ORIENTED_EDGE('',*,*,#3578,.T.);
#5162=ORIENTED_EDGE('',*,*,#3575,.T.);
#5163=ORIENTED_EDGE('',*,*,#3572,.T.);
#5164=ORIENTED_EDGE('',*,*,#3569,.T.);
#5165=ORIENTED_EDGE('',*,*,#3566,.T.);
#5166=ORIENTED_EDGE('',*,*,#3563,.T.);
#5167=ORIENTED_EDGE('',*,*,#3581,.T.);
#5168=ORIENTED_EDGE('',*,*,#3584,.T.);
#5169=ORIENTED_EDGE('',*,*,#3602,.T.);
#5170=ORIENTED_EDGE('',*,*,#3599,.T.);
#5171=ORIENTED_EDGE('',*,*,#3596,.T.);
#5172=ORIENTED_EDGE('',*,*,#3593,.T.);
#5173=ORIENTED_EDGE('',*,*,#3590,.T.);
#5174=ORIENTED_EDGE('',*,*,#3587,.T.);
#5175=ORIENTED_EDGE('',*,*,#3604,.T.);
#5176=ORIENTED_EDGE('',*,*,#3407,.T.);
#5177=ORIENTED_EDGE('',*,*,#3402,.T.);
#5178=ORIENTED_EDGE('',*,*,#3399,.T.);
#5179=ORIENTED_EDGE('',*,*,#3396,.T.);
#5180=ORIENTED_EDGE('',*,*,#3393,.T.);
#5181=ORIENTED_EDGE('',*,*,#3390,.T.);
#5182=ORIENTED_EDGE('',*,*,#3387,.T.);
#5183=ORIENTED_EDGE('',*,*,#3406,.T.);
#5184=ORIENTED_EDGE('',*,*,#3412,.T.);
#5185=ORIENTED_EDGE('',*,*,#3486,.T.);
#5186=ORIENTED_EDGE('',*,*,#3483,.T.);
#5187=ORIENTED_EDGE('',*,*,#3480,.T.);
#5188=ORIENTED_EDGE('',*,*,#3477,.T.);
#5189=ORIENTED_EDGE('',*,*,#3474,.T.);
#5190=ORIENTED_EDGE('',*,*,#3471,.T.);
#5191=ORIENTED_EDGE('',*,*,#3488,.T.);
#5192=ORIENTED_EDGE('',*,*,#3463,.T.);
#5193=ORIENTED_EDGE('',*,*,#3458,.T.);
#5194=ORIENTED_EDGE('',*,*,#3455,.T.);
#5195=ORIENTED_EDGE('',*,*,#3452,.T.);
#5196=ORIENTED_EDGE('',*,*,#3449,.T.);
#5197=ORIENTED_EDGE('',*,*,#3446,.T.);
#5198=ORIENTED_EDGE('',*,*,#3443,.T.);
#5199=ORIENTED_EDGE('',*,*,#3462,.T.);
#5200=ORIENTED_EDGE('',*,*,#3468,.T.);
#5201=ORIENTED_EDGE('',*,*,#3558,.T.);
#5202=ORIENTED_EDGE('',*,*,#3555,.T.);
#5203=ORIENTED_EDGE('',*,*,#3552,.T.);
#5204=ORIENTED_EDGE('',*,*,#3549,.T.);
#5205=ORIENTED_EDGE('',*,*,#3546,.T.);
#5206=ORIENTED_EDGE('',*,*,#3543,.T.);
#5207=ORIENTED_EDGE('',*,*,#3560,.T.);
#5208=ORIENTED_EDGE('',*,*,#3511,.T.);
#5209=ORIENTED_EDGE('',*,*,#3506,.T.);
#5210=ORIENTED_EDGE('',*,*,#3503,.T.);
#5211=ORIENTED_EDGE('',*,*,#3500,.T.);
#5212=ORIENTED_EDGE('',*,*,#3497,.T.);
#5213=ORIENTED_EDGE('',*,*,#3494,.T.);
#5214=ORIENTED_EDGE('',*,*,#3491,.T.);
#5215=ORIENTED_EDGE('',*,*,#3510,.T.);
#5216=ORIENTED_EDGE('',*,*,#3516,.T.);
#5217=ORIENTED_EDGE('',*,*,#3534,.T.);
#5218=ORIENTED_EDGE('',*,*,#3531,.T.);
#5219=ORIENTED_EDGE('',*,*,#3528,.T.);
#5220=ORIENTED_EDGE('',*,*,#3525,.T.);
#5221=ORIENTED_EDGE('',*,*,#3522,.T.);
#5222=ORIENTED_EDGE('',*,*,#3519,.T.);
#5223=ORIENTED_EDGE('',*,*,#3537,.T.);
#5224=ORIENTED_EDGE('',*,*,#3540,.T.);
#5225=ORIENTED_EDGE('',*,*,#3622,.T.);
#5226=ORIENTED_EDGE('',*,*,#3619,.T.);
#5227=ORIENTED_EDGE('',*,*,#3616,.T.);
#5228=ORIENTED_EDGE('',*,*,#3613,.T.);
#5229=ORIENTED_EDGE('',*,*,#3610,.T.);
#5230=ORIENTED_EDGE('',*,*,#3607,.T.);
#5231=ORIENTED_EDGE('',*,*,#3624,.T.);
#5232=ORIENTED_EDGE('',*,*,#3625,.T.);
#5233=ORIENTED_EDGE('',*,*,#3640,.F.);
#5234=ORIENTED_EDGE('',*,*,#3641,.T.);
#5235=ORIENTED_EDGE('',*,*,#3642,.T.);
#5236=ORIENTED_EDGE('',*,*,#3643,.T.);
#5237=ORIENTED_EDGE('',*,*,#3644,.F.);
#5238=ORIENTED_EDGE('',*,*,#3645,.F.);
#5239=ORIENTED_EDGE('',*,*,#3646,.F.);
#5240=ORIENTED_EDGE('',*,*,#3645,.T.);
#5241=ORIENTED_EDGE('',*,*,#3647,.F.);
#5242=ORIENTED_EDGE('',*,*,#3648,.F.);
#5243=ORIENTED_EDGE('',*,*,#3649,.F.);
#5244=ORIENTED_EDGE('',*,*,#3648,.T.);
#5245=ORIENTED_EDGE('',*,*,#3650,.F.);
#5246=ORIENTED_EDGE('',*,*,#3651,.F.);
#5247=ORIENTED_EDGE('',*,*,#3652,.T.);
#5248=ORIENTED_EDGE('',*,*,#3651,.T.);
#5249=ORIENTED_EDGE('',*,*,#3653,.F.);
#5250=ORIENTED_EDGE('',*,*,#3654,.F.);
#5251=ORIENTED_EDGE('',*,*,#3655,.T.);
#5252=ORIENTED_EDGE('',*,*,#3654,.T.);
#5253=ORIENTED_EDGE('',*,*,#3656,.F.);
#5254=ORIENTED_EDGE('',*,*,#3657,.F.);
#5255=ORIENTED_EDGE('',*,*,#3658,.T.);
#5256=ORIENTED_EDGE('',*,*,#3657,.T.);
#5257=ORIENTED_EDGE('',*,*,#3659,.F.);
#5258=ORIENTED_EDGE('',*,*,#3660,.F.);
#5259=ORIENTED_EDGE('',*,*,#3661,.F.);
#5260=ORIENTED_EDGE('',*,*,#3662,.F.);
#5261=ORIENTED_EDGE('',*,*,#3663,.F.);
#5262=ORIENTED_EDGE('',*,*,#3643,.F.);
#5263=ORIENTED_EDGE('',*,*,#3660,.T.);
#5264=ORIENTED_EDGE('',*,*,#3664,.F.);
#5265=ORIENTED_EDGE('',*,*,#3665,.T.);
#5266=ORIENTED_EDGE('',*,*,#3666,.F.);
#5267=ORIENTED_EDGE('',*,*,#3662,.T.);
#5268=ORIENTED_EDGE('',*,*,#3667,.F.);
#5269=ORIENTED_EDGE('',*,*,#3668,.T.);
#5270=ORIENTED_EDGE('',*,*,#3669,.F.);
#5271=ORIENTED_EDGE('',*,*,#3670,.T.);
#5272=ORIENTED_EDGE('',*,*,#3671,.T.);
#5273=ORIENTED_EDGE('',*,*,#3672,.F.);
#5274=ORIENTED_EDGE('',*,*,#3673,.F.);
#5275=ORIENTED_EDGE('',*,*,#3674,.F.);
#5276=ORIENTED_EDGE('',*,*,#3673,.T.);
#5277=ORIENTED_EDGE('',*,*,#3675,.F.);
#5278=ORIENTED_EDGE('',*,*,#3676,.F.);
#5279=ORIENTED_EDGE('',*,*,#3677,.F.);
#5280=ORIENTED_EDGE('',*,*,#3676,.T.);
#5281=ORIENTED_EDGE('',*,*,#3678,.F.);
#5282=ORIENTED_EDGE('',*,*,#3679,.F.);
#5283=ORIENTED_EDGE('',*,*,#3680,.T.);
#5284=ORIENTED_EDGE('',*,*,#3679,.T.);
#5285=ORIENTED_EDGE('',*,*,#3681,.F.);
#5286=ORIENTED_EDGE('',*,*,#3682,.F.);
#5287=ORIENTED_EDGE('',*,*,#3683,.T.);
#5288=ORIENTED_EDGE('',*,*,#3682,.T.);
#5289=ORIENTED_EDGE('',*,*,#3684,.F.);
#5290=ORIENTED_EDGE('',*,*,#3685,.F.);
#5291=ORIENTED_EDGE('',*,*,#3686,.T.);
#5292=ORIENTED_EDGE('',*,*,#3685,.T.);
#5293=ORIENTED_EDGE('',*,*,#3687,.F.);
#5294=ORIENTED_EDGE('',*,*,#3668,.F.);
#5295=ORIENTED_EDGE('',*,*,#3688,.F.);
#5296=ORIENTED_EDGE('',*,*,#3689,.F.);
#5297=ORIENTED_EDGE('',*,*,#3690,.F.);
#5298=ORIENTED_EDGE('',*,*,#3671,.F.);
#5299=ORIENTED_EDGE('',*,*,#3689,.T.);
#5300=ORIENTED_EDGE('',*,*,#3691,.F.);
#5301=ORIENTED_EDGE('',*,*,#3692,.T.);
#5302=ORIENTED_EDGE('',*,*,#3693,.F.);
#5303=ORIENTED_EDGE('',*,*,#3694,.T.);
#5304=ORIENTED_EDGE('',*,*,#3695,.T.);
#5305=ORIENTED_EDGE('',*,*,#3696,.F.);
#5306=ORIENTED_EDGE('',*,*,#3697,.F.);
#5307=ORIENTED_EDGE('',*,*,#3698,.F.);
#5308=ORIENTED_EDGE('',*,*,#3697,.T.);
#5309=ORIENTED_EDGE('',*,*,#3699,.F.);
#5310=ORIENTED_EDGE('',*,*,#3700,.F.);
#5311=ORIENTED_EDGE('',*,*,#3701,.F.);
#5312=ORIENTED_EDGE('',*,*,#3700,.T.);
#5313=ORIENTED_EDGE('',*,*,#3702,.F.);
#5314=ORIENTED_EDGE('',*,*,#3703,.F.);
#5315=ORIENTED_EDGE('',*,*,#3704,.T.);
#5316=ORIENTED_EDGE('',*,*,#3703,.T.);
#5317=ORIENTED_EDGE('',*,*,#3705,.F.);
#5318=ORIENTED_EDGE('',*,*,#3706,.F.);
#5319=ORIENTED_EDGE('',*,*,#3707,.T.);
#5320=ORIENTED_EDGE('',*,*,#3706,.T.);
#5321=ORIENTED_EDGE('',*,*,#3708,.F.);
#5322=ORIENTED_EDGE('',*,*,#3709,.F.);
#5323=ORIENTED_EDGE('',*,*,#3710,.T.);
#5324=ORIENTED_EDGE('',*,*,#3709,.T.);
#5325=ORIENTED_EDGE('',*,*,#3711,.F.);
#5326=ORIENTED_EDGE('',*,*,#3692,.F.);
#5327=ORIENTED_EDGE('',*,*,#3712,.F.);
#5328=ORIENTED_EDGE('',*,*,#3713,.F.);
#5329=ORIENTED_EDGE('',*,*,#3714,.F.);
#5330=ORIENTED_EDGE('',*,*,#3695,.F.);
#5331=ORIENTED_EDGE('',*,*,#3713,.T.);
#5332=ORIENTED_EDGE('',*,*,#3715,.F.);
#5333=ORIENTED_EDGE('',*,*,#3716,.T.);
#5334=ORIENTED_EDGE('',*,*,#3717,.F.);
#5335=ORIENTED_EDGE('',*,*,#3718,.T.);
#5336=ORIENTED_EDGE('',*,*,#3719,.T.);
#5337=ORIENTED_EDGE('',*,*,#3720,.F.);
#5338=ORIENTED_EDGE('',*,*,#3721,.F.);
#5339=ORIENTED_EDGE('',*,*,#3722,.F.);
#5340=ORIENTED_EDGE('',*,*,#3721,.T.);
#5341=ORIENTED_EDGE('',*,*,#3723,.F.);
#5342=ORIENTED_EDGE('',*,*,#3724,.F.);
#5343=ORIENTED_EDGE('',*,*,#3725,.F.);
#5344=ORIENTED_EDGE('',*,*,#3724,.T.);
#5345=ORIENTED_EDGE('',*,*,#3726,.F.);
#5346=ORIENTED_EDGE('',*,*,#3727,.F.);
#5347=ORIENTED_EDGE('',*,*,#3728,.T.);
#5348=ORIENTED_EDGE('',*,*,#3727,.T.);
#5349=ORIENTED_EDGE('',*,*,#3729,.F.);
#5350=ORIENTED_EDGE('',*,*,#3730,.F.);
#5351=ORIENTED_EDGE('',*,*,#3731,.T.);
#5352=ORIENTED_EDGE('',*,*,#3730,.T.);
#5353=ORIENTED_EDGE('',*,*,#3732,.F.);
#5354=ORIENTED_EDGE('',*,*,#3733,.F.);
#5355=ORIENTED_EDGE('',*,*,#3734,.T.);
#5356=ORIENTED_EDGE('',*,*,#3733,.T.);
#5357=ORIENTED_EDGE('',*,*,#3735,.F.);
#5358=ORIENTED_EDGE('',*,*,#3716,.F.);
#5359=ORIENTED_EDGE('',*,*,#3736,.F.);
#5360=ORIENTED_EDGE('',*,*,#3737,.F.);
#5361=ORIENTED_EDGE('',*,*,#3738,.F.);
#5362=ORIENTED_EDGE('',*,*,#3719,.F.);
#5363=ORIENTED_EDGE('',*,*,#3737,.T.);
#5364=ORIENTED_EDGE('',*,*,#3739,.F.);
#5365=ORIENTED_EDGE('',*,*,#3740,.T.);
#5366=ORIENTED_EDGE('',*,*,#3741,.F.);
#5367=ORIENTED_EDGE('',*,*,#3742,.T.);
#5368=ORIENTED_EDGE('',*,*,#3743,.T.);
#5369=ORIENTED_EDGE('',*,*,#3744,.F.);
#5370=ORIENTED_EDGE('',*,*,#3745,.F.);
#5371=ORIENTED_EDGE('',*,*,#3746,.F.);
#5372=ORIENTED_EDGE('',*,*,#3745,.T.);
#5373=ORIENTED_EDGE('',*,*,#3747,.F.);
#5374=ORIENTED_EDGE('',*,*,#3748,.F.);
#5375=ORIENTED_EDGE('',*,*,#3749,.F.);
#5376=ORIENTED_EDGE('',*,*,#3748,.T.);
#5377=ORIENTED_EDGE('',*,*,#3750,.F.);
#5378=ORIENTED_EDGE('',*,*,#3751,.F.);
#5379=ORIENTED_EDGE('',*,*,#3752,.T.);
#5380=ORIENTED_EDGE('',*,*,#3751,.T.);
#5381=ORIENTED_EDGE('',*,*,#3753,.F.);
#5382=ORIENTED_EDGE('',*,*,#3754,.F.);
#5383=ORIENTED_EDGE('',*,*,#3755,.T.);
#5384=ORIENTED_EDGE('',*,*,#3754,.T.);
#5385=ORIENTED_EDGE('',*,*,#3756,.F.);
#5386=ORIENTED_EDGE('',*,*,#3757,.F.);
#5387=ORIENTED_EDGE('',*,*,#3758,.T.);
#5388=ORIENTED_EDGE('',*,*,#3757,.T.);
#5389=ORIENTED_EDGE('',*,*,#3759,.F.);
#5390=ORIENTED_EDGE('',*,*,#3740,.F.);
#5391=ORIENTED_EDGE('',*,*,#3760,.F.);
#5392=ORIENTED_EDGE('',*,*,#3761,.F.);
#5393=ORIENTED_EDGE('',*,*,#3762,.F.);
#5394=ORIENTED_EDGE('',*,*,#3743,.F.);
#5395=ORIENTED_EDGE('',*,*,#3761,.T.);
#5396=ORIENTED_EDGE('',*,*,#3763,.F.);
#5397=ORIENTED_EDGE('',*,*,#3764,.T.);
#5398=ORIENTED_EDGE('',*,*,#3765,.F.);
#5399=ORIENTED_EDGE('',*,*,#3766,.T.);
#5400=ORIENTED_EDGE('',*,*,#3767,.T.);
#5401=ORIENTED_EDGE('',*,*,#3768,.F.);
#5402=ORIENTED_EDGE('',*,*,#3769,.F.);
#5403=ORIENTED_EDGE('',*,*,#3770,.F.);
#5404=ORIENTED_EDGE('',*,*,#3769,.T.);
#5405=ORIENTED_EDGE('',*,*,#3771,.F.);
#5406=ORIENTED_EDGE('',*,*,#3772,.F.);
#5407=ORIENTED_EDGE('',*,*,#3773,.F.);
#5408=ORIENTED_EDGE('',*,*,#3772,.T.);
#5409=ORIENTED_EDGE('',*,*,#3774,.F.);
#5410=ORIENTED_EDGE('',*,*,#3775,.F.);
#5411=ORIENTED_EDGE('',*,*,#3776,.T.);
#5412=ORIENTED_EDGE('',*,*,#3775,.T.);
#5413=ORIENTED_EDGE('',*,*,#3777,.F.);
#5414=ORIENTED_EDGE('',*,*,#3778,.F.);
#5415=ORIENTED_EDGE('',*,*,#3779,.T.);
#5416=ORIENTED_EDGE('',*,*,#3778,.T.);
#5417=ORIENTED_EDGE('',*,*,#3780,.F.);
#5418=ORIENTED_EDGE('',*,*,#3781,.F.);
#5419=ORIENTED_EDGE('',*,*,#3782,.T.);
#5420=ORIENTED_EDGE('',*,*,#3781,.T.);
#5421=ORIENTED_EDGE('',*,*,#3783,.F.);
#5422=ORIENTED_EDGE('',*,*,#3764,.F.);
#5423=ORIENTED_EDGE('',*,*,#3784,.F.);
#5424=ORIENTED_EDGE('',*,*,#3785,.F.);
#5425=ORIENTED_EDGE('',*,*,#3786,.F.);
#5426=ORIENTED_EDGE('',*,*,#3767,.F.);
#5427=ORIENTED_EDGE('',*,*,#3785,.T.);
#5428=ORIENTED_EDGE('',*,*,#3787,.F.);
#5429=ORIENTED_EDGE('',*,*,#3788,.T.);
#5430=ORIENTED_EDGE('',*,*,#3789,.F.);
#5431=ORIENTED_EDGE('',*,*,#3790,.T.);
#5432=ORIENTED_EDGE('',*,*,#3791,.T.);
#5433=ORIENTED_EDGE('',*,*,#3792,.F.);
#5434=ORIENTED_EDGE('',*,*,#3793,.F.);
#5435=ORIENTED_EDGE('',*,*,#3794,.F.);
#5436=ORIENTED_EDGE('',*,*,#3793,.T.);
#5437=ORIENTED_EDGE('',*,*,#3795,.F.);
#5438=ORIENTED_EDGE('',*,*,#3796,.F.);
#5439=ORIENTED_EDGE('',*,*,#3797,.F.);
#5440=ORIENTED_EDGE('',*,*,#3796,.T.);
#5441=ORIENTED_EDGE('',*,*,#3798,.F.);
#5442=ORIENTED_EDGE('',*,*,#3799,.F.);
#5443=ORIENTED_EDGE('',*,*,#3800,.T.);
#5444=ORIENTED_EDGE('',*,*,#3799,.T.);
#5445=ORIENTED_EDGE('',*,*,#3801,.F.);
#5446=ORIENTED_EDGE('',*,*,#3802,.F.);
#5447=ORIENTED_EDGE('',*,*,#3803,.T.);
#5448=ORIENTED_EDGE('',*,*,#3802,.T.);
#5449=ORIENTED_EDGE('',*,*,#3804,.F.);
#5450=ORIENTED_EDGE('',*,*,#3805,.F.);
#5451=ORIENTED_EDGE('',*,*,#3806,.T.);
#5452=ORIENTED_EDGE('',*,*,#3805,.T.);
#5453=ORIENTED_EDGE('',*,*,#3807,.F.);
#5454=ORIENTED_EDGE('',*,*,#3788,.F.);
#5455=ORIENTED_EDGE('',*,*,#3808,.F.);
#5456=ORIENTED_EDGE('',*,*,#3809,.F.);
#5457=ORIENTED_EDGE('',*,*,#3810,.F.);
#5458=ORIENTED_EDGE('',*,*,#3791,.F.);
#5459=ORIENTED_EDGE('',*,*,#3809,.T.);
#5460=ORIENTED_EDGE('',*,*,#3811,.F.);
#5461=ORIENTED_EDGE('',*,*,#3812,.T.);
#5462=ORIENTED_EDGE('',*,*,#3813,.F.);
#5463=ORIENTED_EDGE('',*,*,#3814,.T.);
#5464=ORIENTED_EDGE('',*,*,#3815,.T.);
#5465=ORIENTED_EDGE('',*,*,#3816,.F.);
#5466=ORIENTED_EDGE('',*,*,#3817,.F.);
#5467=ORIENTED_EDGE('',*,*,#3818,.F.);
#5468=ORIENTED_EDGE('',*,*,#3817,.T.);
#5469=ORIENTED_EDGE('',*,*,#3819,.F.);
#5470=ORIENTED_EDGE('',*,*,#3820,.F.);
#5471=ORIENTED_EDGE('',*,*,#3821,.F.);
#5472=ORIENTED_EDGE('',*,*,#3820,.T.);
#5473=ORIENTED_EDGE('',*,*,#3822,.F.);
#5474=ORIENTED_EDGE('',*,*,#3823,.F.);
#5475=ORIENTED_EDGE('',*,*,#3824,.T.);
#5476=ORIENTED_EDGE('',*,*,#3823,.T.);
#5477=ORIENTED_EDGE('',*,*,#3825,.F.);
#5478=ORIENTED_EDGE('',*,*,#3826,.F.);
#5479=ORIENTED_EDGE('',*,*,#3827,.T.);
#5480=ORIENTED_EDGE('',*,*,#3826,.T.);
#5481=ORIENTED_EDGE('',*,*,#3828,.F.);
#5482=ORIENTED_EDGE('',*,*,#3829,.F.);
#5483=ORIENTED_EDGE('',*,*,#3830,.T.);
#5484=ORIENTED_EDGE('',*,*,#3829,.T.);
#5485=ORIENTED_EDGE('',*,*,#3831,.F.);
#5486=ORIENTED_EDGE('',*,*,#3812,.F.);
#5487=ORIENTED_EDGE('',*,*,#3832,.F.);
#5488=ORIENTED_EDGE('',*,*,#3665,.F.);
#5489=ORIENTED_EDGE('',*,*,#3833,.F.);
#5490=ORIENTED_EDGE('',*,*,#3815,.F.);
#5491=ORIENTED_EDGE('',*,*,#3834,.F.);
#5492=ORIENTED_EDGE('',*,*,#3835,.T.);
#5493=ORIENTED_EDGE('',*,*,#3836,.T.);
#5494=ORIENTED_EDGE('',*,*,#3835,.F.);
#5495=ORIENTED_EDGE('',*,*,#3836,.F.);
#5496=ORIENTED_EDGE('',*,*,#3837,.F.);
#5497=ORIENTED_EDGE('',*,*,#3838,.T.);
#5498=ORIENTED_EDGE('',*,*,#3839,.T.);
#5499=ORIENTED_EDGE('',*,*,#3840,.T.);
#5500=ORIENTED_EDGE('',*,*,#3839,.F.);
#5501=ORIENTED_EDGE('',*,*,#3811,.T.);
#5502=ORIENTED_EDGE('',*,*,#3808,.T.);
#5503=ORIENTED_EDGE('',*,*,#3790,.F.);
#5504=ORIENTED_EDGE('',*,*,#3794,.T.);
#5505=ORIENTED_EDGE('',*,*,#3797,.T.);
#5506=ORIENTED_EDGE('',*,*,#3800,.F.);
#5507=ORIENTED_EDGE('',*,*,#3803,.F.);
#5508=ORIENTED_EDGE('',*,*,#3806,.F.);
#5509=ORIENTED_EDGE('',*,*,#3787,.T.);
#5510=ORIENTED_EDGE('',*,*,#3784,.T.);
#5511=ORIENTED_EDGE('',*,*,#3766,.F.);
#5512=ORIENTED_EDGE('',*,*,#3770,.T.);
#5513=ORIENTED_EDGE('',*,*,#3773,.T.);
#5514=ORIENTED_EDGE('',*,*,#3776,.F.);
#5515=ORIENTED_EDGE('',*,*,#3779,.F.);
#5516=ORIENTED_EDGE('',*,*,#3782,.F.);
#5517=ORIENTED_EDGE('',*,*,#3763,.T.);
#5518=ORIENTED_EDGE('',*,*,#3760,.T.);
#5519=ORIENTED_EDGE('',*,*,#3742,.F.);
#5520=ORIENTED_EDGE('',*,*,#3746,.T.);
#5521=ORIENTED_EDGE('',*,*,#3749,.T.);
#5522=ORIENTED_EDGE('',*,*,#3752,.F.);
#5523=ORIENTED_EDGE('',*,*,#3755,.F.);
#5524=ORIENTED_EDGE('',*,*,#3758,.F.);
#5525=ORIENTED_EDGE('',*,*,#3739,.T.);
#5526=ORIENTED_EDGE('',*,*,#3736,.T.);
#5527=ORIENTED_EDGE('',*,*,#3718,.F.);
#5528=ORIENTED_EDGE('',*,*,#3722,.T.);
#5529=ORIENTED_EDGE('',*,*,#3725,.T.);
#5530=ORIENTED_EDGE('',*,*,#3728,.F.);
#5531=ORIENTED_EDGE('',*,*,#3731,.F.);
#5532=ORIENTED_EDGE('',*,*,#3734,.F.);
#5533=ORIENTED_EDGE('',*,*,#3715,.T.);
#5534=ORIENTED_EDGE('',*,*,#3712,.T.);
#5535=ORIENTED_EDGE('',*,*,#3694,.F.);
#5536=ORIENTED_EDGE('',*,*,#3698,.T.);
#5537=ORIENTED_EDGE('',*,*,#3701,.T.);
#5538=ORIENTED_EDGE('',*,*,#3704,.F.);
#5539=ORIENTED_EDGE('',*,*,#3707,.F.);
#5540=ORIENTED_EDGE('',*,*,#3710,.F.);
#5541=ORIENTED_EDGE('',*,*,#3691,.T.);
#5542=ORIENTED_EDGE('',*,*,#3688,.T.);
#5543=ORIENTED_EDGE('',*,*,#3670,.F.);
#5544=ORIENTED_EDGE('',*,*,#3674,.T.);
#5545=ORIENTED_EDGE('',*,*,#3677,.T.);
#5546=ORIENTED_EDGE('',*,*,#3680,.F.);
#5547=ORIENTED_EDGE('',*,*,#3683,.F.);
#5548=ORIENTED_EDGE('',*,*,#3686,.F.);
#5549=ORIENTED_EDGE('',*,*,#3667,.T.);
#5550=ORIENTED_EDGE('',*,*,#3661,.T.);
#5551=ORIENTED_EDGE('',*,*,#3642,.F.);
#5552=ORIENTED_EDGE('',*,*,#3646,.T.);
#5553=ORIENTED_EDGE('',*,*,#3649,.T.);
#5554=ORIENTED_EDGE('',*,*,#3652,.F.);
#5555=ORIENTED_EDGE('',*,*,#3655,.F.);
#5556=ORIENTED_EDGE('',*,*,#3658,.F.);
#5557=ORIENTED_EDGE('',*,*,#3666,.T.);
#5558=ORIENTED_EDGE('',*,*,#3832,.T.);
#5559=ORIENTED_EDGE('',*,*,#3814,.F.);
#5560=ORIENTED_EDGE('',*,*,#3818,.T.);
#5561=ORIENTED_EDGE('',*,*,#3821,.T.);
#5562=ORIENTED_EDGE('',*,*,#3824,.F.);
#5563=ORIENTED_EDGE('',*,*,#3827,.F.);
#5564=ORIENTED_EDGE('',*,*,#3830,.F.);
#5565=ORIENTED_EDGE('',*,*,#3838,.F.);
#5566=ORIENTED_EDGE('',*,*,#3840,.F.);
#5567=ORIENTED_EDGE('',*,*,#3841,.F.);
#5568=ORIENTED_EDGE('',*,*,#3841,.T.);
#5569=ORIENTED_EDGE('',*,*,#3842,.T.);
#5570=ORIENTED_EDGE('',*,*,#3640,.T.);
#5571=ORIENTED_EDGE('',*,*,#3842,.F.);
#5572=ORIENTED_EDGE('',*,*,#3837,.T.);
#5573=ORIENTED_EDGE('',*,*,#3843,.T.);
#5574=ORIENTED_EDGE('',*,*,#3844,.T.);
#5575=ORIENTED_EDGE('',*,*,#3843,.F.);
#5576=ORIENTED_EDGE('',*,*,#3844,.F.);
#5577=ORIENTED_EDGE('',*,*,#3845,.F.);
#5578=ORIENTED_EDGE('',*,*,#3641,.F.);
#5579=ORIENTED_EDGE('',*,*,#3846,.T.);
#5580=ORIENTED_EDGE('',*,*,#3845,.T.);
#5581=ORIENTED_EDGE('',*,*,#3846,.F.);
#5582=ORIENTED_EDGE('',*,*,#3664,.T.);
#5583=ORIENTED_EDGE('',*,*,#3659,.T.);
#5584=ORIENTED_EDGE('',*,*,#3656,.T.);
#5585=ORIENTED_EDGE('',*,*,#3653,.T.);
#5586=ORIENTED_EDGE('',*,*,#3650,.T.);
#5587=ORIENTED_EDGE('',*,*,#3647,.T.);
#5588=ORIENTED_EDGE('',*,*,#3644,.T.);
#5589=ORIENTED_EDGE('',*,*,#3663,.T.);
#5590=ORIENTED_EDGE('',*,*,#3669,.T.);
#5591=ORIENTED_EDGE('',*,*,#3687,.T.);
#5592=ORIENTED_EDGE('',*,*,#3684,.T.);
#5593=ORIENTED_EDGE('',*,*,#3681,.T.);
#5594=ORIENTED_EDGE('',*,*,#3678,.T.);
#5595=ORIENTED_EDGE('',*,*,#3675,.T.);
#5596=ORIENTED_EDGE('',*,*,#3672,.T.);
#5597=ORIENTED_EDGE('',*,*,#3690,.T.);
#5598=ORIENTED_EDGE('',*,*,#3693,.T.);
#5599=ORIENTED_EDGE('',*,*,#3711,.T.);
#5600=ORIENTED_EDGE('',*,*,#3708,.T.);
#5601=ORIENTED_EDGE('',*,*,#3705,.T.);
#5602=ORIENTED_EDGE('',*,*,#3702,.T.);
#5603=ORIENTED_EDGE('',*,*,#3699,.T.);
#5604=ORIENTED_EDGE('',*,*,#3696,.T.);
#5605=ORIENTED_EDGE('',*,*,#3714,.T.);
#5606=ORIENTED_EDGE('',*,*,#3717,.T.);
#5607=ORIENTED_EDGE('',*,*,#3735,.T.);
#5608=ORIENTED_EDGE('',*,*,#3732,.T.);
#5609=ORIENTED_EDGE('',*,*,#3729,.T.);
#5610=ORIENTED_EDGE('',*,*,#3726,.T.);
#5611=ORIENTED_EDGE('',*,*,#3723,.T.);
#5612=ORIENTED_EDGE('',*,*,#3720,.T.);
#5613=ORIENTED_EDGE('',*,*,#3738,.T.);
#5614=ORIENTED_EDGE('',*,*,#3741,.T.);
#5615=ORIENTED_EDGE('',*,*,#3759,.T.);
#5616=ORIENTED_EDGE('',*,*,#3756,.T.);
#5617=ORIENTED_EDGE('',*,*,#3753,.T.);
#5618=ORIENTED_EDGE('',*,*,#3750,.T.);
#5619=ORIENTED_EDGE('',*,*,#3747,.T.);
#5620=ORIENTED_EDGE('',*,*,#3744,.T.);
#5621=ORIENTED_EDGE('',*,*,#3762,.T.);
#5622=ORIENTED_EDGE('',*,*,#3765,.T.);
#5623=ORIENTED_EDGE('',*,*,#3783,.T.);
#5624=ORIENTED_EDGE('',*,*,#3780,.T.);
#5625=ORIENTED_EDGE('',*,*,#3777,.T.);
#5626=ORIENTED_EDGE('',*,*,#3774,.T.);
#5627=ORIENTED_EDGE('',*,*,#3771,.T.);
#5628=ORIENTED_EDGE('',*,*,#3768,.T.);
#5629=ORIENTED_EDGE('',*,*,#3786,.T.);
#5630=ORIENTED_EDGE('',*,*,#3789,.T.);
#5631=ORIENTED_EDGE('',*,*,#3807,.T.);
#5632=ORIENTED_EDGE('',*,*,#3804,.T.);
#5633=ORIENTED_EDGE('',*,*,#3801,.T.);
#5634=ORIENTED_EDGE('',*,*,#3798,.T.);
#5635=ORIENTED_EDGE('',*,*,#3795,.T.);
#5636=ORIENTED_EDGE('',*,*,#3792,.T.);
#5637=ORIENTED_EDGE('',*,*,#3810,.T.);
#5638=ORIENTED_EDGE('',*,*,#3813,.T.);
#5639=ORIENTED_EDGE('',*,*,#3831,.T.);
#5640=ORIENTED_EDGE('',*,*,#3828,.T.);
#5641=ORIENTED_EDGE('',*,*,#3825,.T.);
#5642=ORIENTED_EDGE('',*,*,#3822,.T.);
#5643=ORIENTED_EDGE('',*,*,#3819,.T.);
#5644=ORIENTED_EDGE('',*,*,#3816,.T.);
#5645=ORIENTED_EDGE('',*,*,#3833,.T.);
#5646=ORIENTED_EDGE('',*,*,#3834,.T.);
#5647=CYLINDRICAL_SURFACE('',#6136,10.2);
#5648=CYLINDRICAL_SURFACE('',#6140,8.8);
#5649=CYLINDRICAL_SURFACE('',#6144,10.2);
#5650=CYLINDRICAL_SURFACE('',#6148,11.);
#5651=CYLINDRICAL_SURFACE('',#6152,10.2);
#5652=CYLINDRICAL_SURFACE('',#6156,8.8);
#5653=CYLINDRICAL_SURFACE('',#6160,10.2);
#5654=CYLINDRICAL_SURFACE('',#6164,11.);
#5655=CYLINDRICAL_SURFACE('',#6168,10.2);
#5656=CYLINDRICAL_SURFACE('',#6172,8.8);
#5657=CYLINDRICAL_SURFACE('',#6176,10.2);
#5658=CYLINDRICAL_SURFACE('',#6180,11.);
#5659=CYLINDRICAL_SURFACE('',#6184,10.2);
#5660=CYLINDRICAL_SURFACE('',#6188,8.8);
#5661=CYLINDRICAL_SURFACE('',#6192,10.2);
#5662=CYLINDRICAL_SURFACE('',#6196,11.);
#5663=CYLINDRICAL_SURFACE('',#6200,10.2);
#5664=CYLINDRICAL_SURFACE('',#6204,8.8);
#5665=CYLINDRICAL_SURFACE('',#6208,10.2);
#5666=CYLINDRICAL_SURFACE('',#6212,11.);
#5667=CYLINDRICAL_SURFACE('',#6216,10.2);
#5668=CYLINDRICAL_SURFACE('',#6220,8.8);
#5669=CYLINDRICAL_SURFACE('',#6224,10.2);
#5670=CYLINDRICAL_SURFACE('',#6228,11.);
#5671=CYLINDRICAL_SURFACE('',#6232,10.2);
#5672=CYLINDRICAL_SURFACE('',#6236,8.8);
#5673=CYLINDRICAL_SURFACE('',#6240,10.2);
#5674=CYLINDRICAL_SURFACE('',#6244,11.);
#5675=CYLINDRICAL_SURFACE('',#6248,10.2);
#5676=CYLINDRICAL_SURFACE('',#6252,8.8);
#5677=CYLINDRICAL_SURFACE('',#6256,10.2);
#5678=CYLINDRICAL_SURFACE('',#6260,11.);
#5679=CYLINDRICAL_SURFACE('',#6264,12.5);
#5680=CYLINDRICAL_SURFACE('',#6269,13.023104931249);
#5681=CYLINDRICAL_SURFACE('',#6273,10.823104931249);
#5682=CYLINDRICAL_SURFACE('',#6277,13.023104931249);
#5683=CYLINDRICAL_SURFACE('',#6281,13.823104931249);
#5684=CYLINDRICAL_SURFACE('',#6285,13.023104931249);
#5685=CYLINDRICAL_SURFACE('',#6289,10.823104931249);
#5686=CYLINDRICAL_SURFACE('',#6293,13.023104931249);
#5687=CYLINDRICAL_SURFACE('',#6297,13.823104931249);
#5688=CYLINDRICAL_SURFACE('',#6301,13.023104931249);
#5689=CYLINDRICAL_SURFACE('',#6305,10.823104931249);
#5690=CYLINDRICAL_SURFACE('',#6309,13.023104931249);
#5691=CYLINDRICAL_SURFACE('',#6313,13.823104931249);
#5692=CYLINDRICAL_SURFACE('',#6317,13.023104931249);
#5693=CYLINDRICAL_SURFACE('',#6321,10.823104931249);
#5694=CYLINDRICAL_SURFACE('',#6325,13.023104931249);
#5695=CYLINDRICAL_SURFACE('',#6329,13.823104931249);
#5696=CYLINDRICAL_SURFACE('',#6333,13.023104931249);
#5697=CYLINDRICAL_SURFACE('',#6337,10.823104931249);
#5698=CYLINDRICAL_SURFACE('',#6341,13.023104931249);
#5699=CYLINDRICAL_SURFACE('',#6345,13.823104931249);
#5700=CYLINDRICAL_SURFACE('',#6349,13.023104931249);
#5701=CYLINDRICAL_SURFACE('',#6353,10.823104931249);
#5702=CYLINDRICAL_SURFACE('',#6357,13.023104931249);
#5703=CYLINDRICAL_SURFACE('',#6361,13.823104931249);
#5704=CYLINDRICAL_SURFACE('',#6365,13.023104931249);
#5705=CYLINDRICAL_SURFACE('',#6369,10.823104931249);
#5706=CYLINDRICAL_SURFACE('',#6373,13.023104931249);
#5707=CYLINDRICAL_SURFACE('',#6377,13.823104931249);
#5708=CYLINDRICAL_SURFACE('',#6381,13.023104931249);
#5709=CYLINDRICAL_SURFACE('',#6385,10.823104931249);
#5710=CYLINDRICAL_SURFACE('',#6389,13.023104931249);
#5711=CYLINDRICAL_SURFACE('',#6393,13.823104931249);
#5712=CYLINDRICAL_SURFACE('',#6397,13.023104931249);
#5713=CYLINDRICAL_SURFACE('',#6401,10.823104931249);
#5714=CYLINDRICAL_SURFACE('',#6405,13.023104931249);
#5715=CYLINDRICAL_SURFACE('',#6409,13.823104931249);
#5716=CYLINDRICAL_SURFACE('',#6413,13.023104931249);
#5717=CYLINDRICAL_SURFACE('',#6417,10.823104931249);
#5718=CYLINDRICAL_SURFACE('',#6421,13.023104931249);
#5719=CYLINDRICAL_SURFACE('',#6425,13.823104931249);
#5720=CYLINDRICAL_SURFACE('',#6429,15.75);
#5721=CYLINDRICAL_SURFACE('',#6435,13.023104931249);
#5722=CYLINDRICAL_SURFACE('',#6439,13.823104931249);
#5723=CYLINDRICAL_SURFACE('',#6443,13.023104931249);
#5724=CYLINDRICAL_SURFACE('',#6448,10.823104931249);
#5725=CYLINDRICAL_SURFACE('',#6451,10.823104931249);
#5726=CYLINDRICAL_SURFACE('',#6454,13.023104931249);
#5727=CYLINDRICAL_SURFACE('',#6458,13.823104931249);
#5728=CYLINDRICAL_SURFACE('',#6462,13.023104931249);
#5729=CYLINDRICAL_SURFACE('',#6467,10.823104931249);
#5730=CYLINDRICAL_SURFACE('',#6470,10.823104931249);
#5731=CYLINDRICAL_SURFACE('',#6473,13.023104931249);
#5732=CYLINDRICAL_SURFACE('',#6477,13.823104931249);
#5733=CYLINDRICAL_SURFACE('',#6481,13.023104931249);
#5734=CYLINDRICAL_SURFACE('',#6486,10.823104931249);
#5735=CYLINDRICAL_SURFACE('',#6489,10.823104931249);
#5736=CYLINDRICAL_SURFACE('',#6492,13.023104931249);
#5737=CYLINDRICAL_SURFACE('',#6496,13.823104931249);
#5738=CYLINDRICAL_SURFACE('',#6500,13.023104931249);
#5739=CYLINDRICAL_SURFACE('',#6505,13.023104931249);
#5740=CYLINDRICAL_SURFACE('',#6509,13.823104931249);
#5741=CYLINDRICAL_SURFACE('',#6513,13.023104931249);
#5742=CYLINDRICAL_SURFACE('',#6518,10.823104931249);
#5743=CYLINDRICAL_SURFACE('',#6521,10.823104931249);
#5744=CYLINDRICAL_SURFACE('',#6524,13.023104931249);
#5745=CYLINDRICAL_SURFACE('',#6528,13.823104931249);
#5746=CYLINDRICAL_SURFACE('',#6532,13.023104931249);
#5747=CYLINDRICAL_SURFACE('',#6537,10.823104931249);
#5748=CYLINDRICAL_SURFACE('',#6540,13.023104931249);
#5749=CYLINDRICAL_SURFACE('',#6544,13.823104931249);
#5750=CYLINDRICAL_SURFACE('',#6548,13.023104931249);
#5751=CYLINDRICAL_SURFACE('',#6553,13.023104931249);
#5752=CYLINDRICAL_SURFACE('',#6557,13.823104931249);
#5753=CYLINDRICAL_SURFACE('',#6561,13.023104931249);
#5754=CYLINDRICAL_SURFACE('',#6566,10.823104931249);
#5755=CYLINDRICAL_SURFACE('',#6569,13.023104931249);
#5756=CYLINDRICAL_SURFACE('',#6573,13.823104931249);
#5757=CYLINDRICAL_SURFACE('',#6577,13.023104931249);
#5758=CYLINDRICAL_SURFACE('',#6582,13.023104931249);
#5759=CYLINDRICAL_SURFACE('',#6586,13.823104931249);
#5760=CYLINDRICAL_SURFACE('',#6590,13.023104931249);
#5761=CYLINDRICAL_SURFACE('',#6595,6.);
#5762=CYLINDRICAL_SURFACE('',#6600,4.);
#5763=CYLINDRICAL_SURFACE('',#6604,4.);
#5764=CYLINDRICAL_SURFACE('',#6614,3.2);
#5765=CYLINDRICAL_SURFACE('',#6619,10.2);
#5766=CYLINDRICAL_SURFACE('',#6623,11.);
#5767=CYLINDRICAL_SURFACE('',#6627,10.2);
#5768=CYLINDRICAL_SURFACE('',#6632,8.8);
#5769=CYLINDRICAL_SURFACE('',#6635,8.8);
#5770=CYLINDRICAL_SURFACE('',#6638,10.2);
#5771=CYLINDRICAL_SURFACE('',#6642,11.);
#5772=CYLINDRICAL_SURFACE('',#6646,10.2);
#5773=CYLINDRICAL_SURFACE('',#6651,8.8);
#5774=CYLINDRICAL_SURFACE('',#6654,10.2);
#5775=CYLINDRICAL_SURFACE('',#6658,11.);
#5776=CYLINDRICAL_SURFACE('',#6662,10.2);
#5777=CYLINDRICAL_SURFACE('',#6667,8.8);
#5778=CYLINDRICAL_SURFACE('',#6670,10.2);
#5779=CYLINDRICAL_SURFACE('',#6674,11.);
#5780=CYLINDRICAL_SURFACE('',#6678,10.2);
#5781=CYLINDRICAL_SURFACE('',#6683,8.8);
#5782=CYLINDRICAL_SURFACE('',#6686,10.2);
#5783=CYLINDRICAL_SURFACE('',#6690,11.);
#5784=CYLINDRICAL_SURFACE('',#6694,10.2);
#5785=CYLINDRICAL_SURFACE('',#6699,8.8);
#5786=CYLINDRICAL_SURFACE('',#6702,10.2);
#5787=CYLINDRICAL_SURFACE('',#6706,11.);
#5788=CYLINDRICAL_SURFACE('',#6710,10.2);
#5789=CYLINDRICAL_SURFACE('',#6715,8.8);
#5790=CYLINDRICAL_SURFACE('',#6718,10.2);
#5791=CYLINDRICAL_SURFACE('',#6722,11.);
#5792=CYLINDRICAL_SURFACE('',#6726,10.2);
#5793=CYLINDRICAL_SURFACE('',#6731,8.8);
#5794=CYLINDRICAL_SURFACE('',#6734,10.2);
#5795=CYLINDRICAL_SURFACE('',#6738,11.);
#5796=CYLINDRICAL_SURFACE('',#6742,10.2);
#5797=CYLINDRICAL_SURFACE('',#6747,6.);
#5798=CYLINDRICAL_SURFACE('',#6758,4.);
#5799=CYLINDRICAL_SURFACE('',#6759,4.);
#5800=CYLINDRICAL_SURFACE('',#6763,3.2);
#5801=ADVANCED_FACE('',(#211),#5647,.T.);
#5802=ADVANCED_FACE('',(#212),#51,.T.);
#5803=ADVANCED_FACE('',(#213),#5648,.F.);
#5804=ADVANCED_FACE('',(#214),#52,.T.);
#5805=ADVANCED_FACE('',(#215),#5649,.T.);
#5806=ADVANCED_FACE('',(#216),#53,.T.);
#5807=ADVANCED_FACE('',(#217),#5650,.F.);
#5808=ADVANCED_FACE('',(#218),#54,.T.);
#5809=ADVANCED_FACE('',(#219),#5651,.T.);
#5810=ADVANCED_FACE('',(#220),#55,.T.);
#5811=ADVANCED_FACE('',(#221),#5652,.F.);
#5812=ADVANCED_FACE('',(#222),#56,.T.);
#5813=ADVANCED_FACE('',(#223),#5653,.T.);
#5814=ADVANCED_FACE('',(#224),#57,.T.);
#5815=ADVANCED_FACE('',(#225),#5654,.F.);
#5816=ADVANCED_FACE('',(#226),#58,.T.);
#5817=ADVANCED_FACE('',(#227),#5655,.T.);
#5818=ADVANCED_FACE('',(#228),#59,.T.);
#5819=ADVANCED_FACE('',(#229),#5656,.F.);
#5820=ADVANCED_FACE('',(#230),#60,.T.);
#5821=ADVANCED_FACE('',(#231),#5657,.T.);
#5822=ADVANCED_FACE('',(#232),#61,.T.);
#5823=ADVANCED_FACE('',(#233),#5658,.F.);
#5824=ADVANCED_FACE('',(#234),#62,.T.);
#5825=ADVANCED_FACE('',(#235),#5659,.T.);
#5826=ADVANCED_FACE('',(#236),#63,.T.);
#5827=ADVANCED_FACE('',(#237),#5660,.F.);
#5828=ADVANCED_FACE('',(#238),#64,.T.);
#5829=ADVANCED_FACE('',(#239),#5661,.T.);
#5830=ADVANCED_FACE('',(#240),#65,.T.);
#5831=ADVANCED_FACE('',(#241),#5662,.F.);
#5832=ADVANCED_FACE('',(#242),#66,.T.);
#5833=ADVANCED_FACE('',(#243),#5663,.T.);
#5834=ADVANCED_FACE('',(#244),#67,.T.);
#5835=ADVANCED_FACE('',(#245),#5664,.F.);
#5836=ADVANCED_FACE('',(#246),#68,.T.);
#5837=ADVANCED_FACE('',(#247),#5665,.T.);
#5838=ADVANCED_FACE('',(#248),#69,.T.);
#5839=ADVANCED_FACE('',(#249),#5666,.F.);
#5840=ADVANCED_FACE('',(#250),#70,.T.);
#5841=ADVANCED_FACE('',(#251),#5667,.T.);
#5842=ADVANCED_FACE('',(#252),#71,.T.);
#5843=ADVANCED_FACE('',(#253),#5668,.F.);
#5844=ADVANCED_FACE('',(#254),#72,.T.);
#5845=ADVANCED_FACE('',(#255),#5669,.T.);
#5846=ADVANCED_FACE('',(#256),#73,.T.);
#5847=ADVANCED_FACE('',(#257),#5670,.F.);
#5848=ADVANCED_FACE('',(#258),#74,.T.);
#5849=ADVANCED_FACE('',(#259),#5671,.T.);
#5850=ADVANCED_FACE('',(#260),#75,.T.);
#5851=ADVANCED_FACE('',(#261),#5672,.F.);
#5852=ADVANCED_FACE('',(#262),#76,.T.);
#5853=ADVANCED_FACE('',(#263),#5673,.T.);
#5854=ADVANCED_FACE('',(#264),#77,.T.);
#5855=ADVANCED_FACE('',(#265),#5674,.F.);
#5856=ADVANCED_FACE('',(#266),#78,.T.);
#5857=ADVANCED_FACE('',(#267),#5675,.T.);
#5858=ADVANCED_FACE('',(#268),#79,.T.);
#5859=ADVANCED_FACE('',(#269),#5676,.F.);
#5860=ADVANCED_FACE('',(#270),#80,.T.);
#5861=ADVANCED_FACE('',(#271),#5677,.T.);
#5862=ADVANCED_FACE('',(#272),#81,.T.);
#5863=ADVANCED_FACE('',(#273),#5678,.F.);
#5864=ADVANCED_FACE('',(#274),#82,.T.);
#5865=ADVANCED_FACE('',(#275),#5679,.T.);
#5866=ADVANCED_FACE('',(#276,#35),#83,.T.);
#5867=ADVANCED_FACE('',(#277,#36),#84,.F.);
#5868=ADVANCED_FACE('',(#278),#5680,.T.);
#5869=ADVANCED_FACE('',(#279),#85,.T.);
#5870=ADVANCED_FACE('',(#280),#5681,.F.);
#5871=ADVANCED_FACE('',(#281),#86,.T.);
#5872=ADVANCED_FACE('',(#282),#5682,.T.);
#5873=ADVANCED_FACE('',(#283),#87,.T.);
#5874=ADVANCED_FACE('',(#284),#5683,.F.);
#5875=ADVANCED_FACE('',(#285),#88,.T.);
#5876=ADVANCED_FACE('',(#286),#5684,.T.);
#5877=ADVANCED_FACE('',(#287),#89,.T.);
#5878=ADVANCED_FACE('',(#288),#5685,.F.);
#5879=ADVANCED_FACE('',(#289),#90,.T.);
#5880=ADVANCED_FACE('',(#290),#5686,.T.);
#5881=ADVANCED_FACE('',(#291),#91,.T.);
#5882=ADVANCED_FACE('',(#292),#5687,.F.);
#5883=ADVANCED_FACE('',(#293),#92,.T.);
#5884=ADVANCED_FACE('',(#294),#5688,.T.);
#5885=ADVANCED_FACE('',(#295),#93,.T.);
#5886=ADVANCED_FACE('',(#296),#5689,.F.);
#5887=ADVANCED_FACE('',(#297),#94,.T.);
#5888=ADVANCED_FACE('',(#298),#5690,.T.);
#5889=ADVANCED_FACE('',(#299),#95,.T.);
#5890=ADVANCED_FACE('',(#300),#5691,.F.);
#5891=ADVANCED_FACE('',(#301),#96,.T.);
#5892=ADVANCED_FACE('',(#302),#5692,.T.);
#5893=ADVANCED_FACE('',(#303),#97,.T.);
#5894=ADVANCED_FACE('',(#304),#5693,.F.);
#5895=ADVANCED_FACE('',(#305),#98,.T.);
#5896=ADVANCED_FACE('',(#306),#5694,.T.);
#5897=ADVANCED_FACE('',(#307),#99,.T.);
#5898=ADVANCED_FACE('',(#308),#5695,.F.);
#5899=ADVANCED_FACE('',(#309),#100,.T.);
#5900=ADVANCED_FACE('',(#310),#5696,.T.);
#5901=ADVANCED_FACE('',(#311),#101,.T.);
#5902=ADVANCED_FACE('',(#312),#5697,.F.);
#5903=ADVANCED_FACE('',(#313),#102,.T.);
#5904=ADVANCED_FACE('',(#314),#5698,.T.);
#5905=ADVANCED_FACE('',(#315),#103,.T.);
#5906=ADVANCED_FACE('',(#316),#5699,.F.);
#5907=ADVANCED_FACE('',(#317),#104,.T.);
#5908=ADVANCED_FACE('',(#318),#5700,.T.);
#5909=ADVANCED_FACE('',(#319),#105,.T.);
#5910=ADVANCED_FACE('',(#320),#5701,.F.);
#5911=ADVANCED_FACE('',(#321),#106,.T.);
#5912=ADVANCED_FACE('',(#322),#5702,.T.);
#5913=ADVANCED_FACE('',(#323),#107,.T.);
#5914=ADVANCED_FACE('',(#324),#5703,.F.);
#5915=ADVANCED_FACE('',(#325),#108,.T.);
#5916=ADVANCED_FACE('',(#326),#5704,.T.);
#5917=ADVANCED_FACE('',(#327),#109,.T.);
#5918=ADVANCED_FACE('',(#328),#5705,.F.);
#5919=ADVANCED_FACE('',(#329),#110,.T.);
#5920=ADVANCED_FACE('',(#330),#5706,.T.);
#5921=ADVANCED_FACE('',(#331),#111,.T.);
#5922=ADVANCED_FACE('',(#332),#5707,.F.);
#5923=ADVANCED_FACE('',(#333),#112,.T.);
#5924=ADVANCED_FACE('',(#334),#5708,.T.);
#5925=ADVANCED_FACE('',(#335),#113,.T.);
#5926=ADVANCED_FACE('',(#336),#5709,.F.);
#5927=ADVANCED_FACE('',(#337),#114,.T.);
#5928=ADVANCED_FACE('',(#338),#5710,.T.);
#5929=ADVANCED_FACE('',(#339),#115,.T.);
#5930=ADVANCED_FACE('',(#340),#5711,.F.);
#5931=ADVANCED_FACE('',(#341),#116,.T.);
#5932=ADVANCED_FACE('',(#342),#5712,.T.);
#5933=ADVANCED_FACE('',(#343),#117,.T.);
#5934=ADVANCED_FACE('',(#344),#5713,.F.);
#5935=ADVANCED_FACE('',(#345),#118,.T.);
#5936=ADVANCED_FACE('',(#346),#5714,.T.);
#5937=ADVANCED_FACE('',(#347),#119,.T.);
#5938=ADVANCED_FACE('',(#348),#5715,.F.);
#5939=ADVANCED_FACE('',(#349),#120,.T.);
#5940=ADVANCED_FACE('',(#350),#5716,.T.);
#5941=ADVANCED_FACE('',(#351),#121,.T.);
#5942=ADVANCED_FACE('',(#352),#5717,.F.);
#5943=ADVANCED_FACE('',(#353),#122,.T.);
#5944=ADVANCED_FACE('',(#354),#5718,.T.);
#5945=ADVANCED_FACE('',(#355),#123,.T.);
#5946=ADVANCED_FACE('',(#356),#5719,.F.);
#5947=ADVANCED_FACE('',(#357),#124,.T.);
#5948=ADVANCED_FACE('',(#358),#5720,.T.);
#5949=ADVANCED_FACE('',(#359,#37),#125,.T.);
#5950=ADVANCED_FACE('',(#360,#38),#126,.F.);
#5951=ADVANCED_FACE('',(#361),#5721,.F.);
#5952=ADVANCED_FACE('',(#362),#127,.T.);
#5953=ADVANCED_FACE('',(#363),#5722,.T.);
#5954=ADVANCED_FACE('',(#364),#128,.T.);
#5955=ADVANCED_FACE('',(#365),#5723,.F.);
#5956=ADVANCED_FACE('',(#366),#129,.T.);
#5957=ADVANCED_FACE('',(#367),#130,.T.);
#5958=ADVANCED_FACE('',(#368),#5724,.T.);
#5959=ADVANCED_FACE('',(#369),#5725,.T.);
#5960=ADVANCED_FACE('',(#370),#5726,.F.);
#5961=ADVANCED_FACE('',(#371),#131,.T.);
#5962=ADVANCED_FACE('',(#372),#5727,.T.);
#5963=ADVANCED_FACE('',(#373),#132,.T.);
#5964=ADVANCED_FACE('',(#374),#5728,.F.);
#5965=ADVANCED_FACE('',(#375),#133,.T.);
#5966=ADVANCED_FACE('',(#376),#134,.T.);
#5967=ADVANCED_FACE('',(#377),#5729,.T.);
#5968=ADVANCED_FACE('',(#378),#5730,.T.);
#5969=ADVANCED_FACE('',(#379),#5731,.F.);
#5970=ADVANCED_FACE('',(#380),#135,.T.);
#5971=ADVANCED_FACE('',(#381),#5732,.T.);
#5972=ADVANCED_FACE('',(#382),#136,.T.);
#5973=ADVANCED_FACE('',(#383),#5733,.F.);
#5974=ADVANCED_FACE('',(#384),#137,.T.);
#5975=ADVANCED_FACE('',(#385),#138,.T.);
#5976=ADVANCED_FACE('',(#386),#5734,.T.);
#5977=ADVANCED_FACE('',(#387),#5735,.T.);
#5978=ADVANCED_FACE('',(#388),#5736,.F.);
#5979=ADVANCED_FACE('',(#389),#139,.T.);
#5980=ADVANCED_FACE('',(#390),#5737,.T.);
#5981=ADVANCED_FACE('',(#391),#140,.T.);
#5982=ADVANCED_FACE('',(#392),#5738,.F.);
#5983=ADVANCED_FACE('',(#393),#141,.T.);
#5984=ADVANCED_FACE('',(#394),#142,.T.);
#5985=ADVANCED_FACE('',(#395),#5739,.F.);
#5986=ADVANCED_FACE('',(#396),#143,.T.);
#5987=ADVANCED_FACE('',(#397),#5740,.T.);
#5988=ADVANCED_FACE('',(#398),#144,.T.);
#5989=ADVANCED_FACE('',(#399),#5741,.F.);
#5990=ADVANCED_FACE('',(#400),#145,.T.);
#5991=ADVANCED_FACE('',(#401),#146,.T.);
#5992=ADVANCED_FACE('',(#402),#5742,.T.);
#5993=ADVANCED_FACE('',(#403),#5743,.T.);
#5994=ADVANCED_FACE('',(#404),#5744,.F.);
#5995=ADVANCED_FACE('',(#405),#147,.T.);
#5996=ADVANCED_FACE('',(#406),#5745,.T.);
#5997=ADVANCED_FACE('',(#407),#148,.T.);
#5998=ADVANCED_FACE('',(#408),#5746,.F.);
#5999=ADVANCED_FACE('',(#409),#149,.T.);
#6000=ADVANCED_FACE('',(#410),#150,.T.);
#6001=ADVANCED_FACE('',(#411),#5747,.T.);
#6002=ADVANCED_FACE('',(#412),#5748,.F.);
#6003=ADVANCED_FACE('',(#413),#151,.T.);
#6004=ADVANCED_FACE('',(#414),#5749,.T.);
#6005=ADVANCED_FACE('',(#415),#152,.T.);
#6006=ADVANCED_FACE('',(#416),#5750,.F.);
#6007=ADVANCED_FACE('',(#417),#153,.T.);
#6008=ADVANCED_FACE('',(#418),#154,.T.);
#6009=ADVANCED_FACE('',(#419),#5751,.F.);
#6010=ADVANCED_FACE('',(#420),#155,.T.);
#6011=ADVANCED_FACE('',(#421),#5752,.T.);
#6012=ADVANCED_FACE('',(#422),#156,.T.);
#6013=ADVANCED_FACE('',(#423),#5753,.F.);
#6014=ADVANCED_FACE('',(#424),#157,.T.);
#6015=ADVANCED_FACE('',(#425),#158,.T.);
#6016=ADVANCED_FACE('',(#426),#5754,.T.);
#6017=ADVANCED_FACE('',(#427),#5755,.F.);
#6018=ADVANCED_FACE('',(#428),#159,.T.);
#6019=ADVANCED_FACE('',(#429),#5756,.T.);
#6020=ADVANCED_FACE('',(#430),#160,.T.);
#6021=ADVANCED_FACE('',(#431),#5757,.F.);
#6022=ADVANCED_FACE('',(#432),#161,.T.);
#6023=ADVANCED_FACE('',(#433),#162,.T.);
#6024=ADVANCED_FACE('',(#434),#5758,.F.);
#6025=ADVANCED_FACE('',(#435),#163,.T.);
#6026=ADVANCED_FACE('',(#436),#5759,.T.);
#6027=ADVANCED_FACE('',(#437),#164,.T.);
#6028=ADVANCED_FACE('',(#438),#5760,.F.);
#6029=ADVANCED_FACE('',(#439),#165,.T.);
#6030=ADVANCED_FACE('',(#440),#166,.T.);
#6031=ADVANCED_FACE('',(#441),#5761,.F.);
#6032=ADVANCED_FACE('',(#442,#39),#167,.T.);
#6033=ADVANCED_FACE('',(#443),#5762,.F.);
#6034=ADVANCED_FACE('',(#444,#40),#168,.T.);
#6035=ADVANCED_FACE('',(#445),#5763,.F.);
#6036=ADVANCED_FACE('',(#446,#41),#169,.T.);
#6037=ADVANCED_FACE('',(#447),#11,.F.);
#6038=ADVANCED_FACE('',(#448,#42),#170,.T.);
#6039=ADVANCED_FACE('',(#449,#43),#171,.T.);
#6040=ADVANCED_FACE('',(#450),#5764,.F.);
#6041=ADVANCED_FACE('',(#451,#44),#172,.F.);
#6042=ADVANCED_FACE('',(#452,#45),#173,.T.);
#6043=ADVANCED_FACE('',(#453),#5765,.F.);
#6044=ADVANCED_FACE('',(#454),#174,.T.);
#6045=ADVANCED_FACE('',(#455),#5766,.T.);
#6046=ADVANCED_FACE('',(#456),#175,.T.);
#6047=ADVANCED_FACE('',(#457),#5767,.F.);
#6048=ADVANCED_FACE('',(#458),#176,.T.);
#6049=ADVANCED_FACE('',(#459),#177,.T.);
#6050=ADVANCED_FACE('',(#460),#5768,.T.);
#6051=ADVANCED_FACE('',(#461),#5769,.T.);
#6052=ADVANCED_FACE('',(#462),#5770,.F.);
#6053=ADVANCED_FACE('',(#463),#178,.T.);
#6054=ADVANCED_FACE('',(#464),#5771,.T.);
#6055=ADVANCED_FACE('',(#465),#179,.T.);
#6056=ADVANCED_FACE('',(#466),#5772,.F.);
#6057=ADVANCED_FACE('',(#467),#180,.T.);
#6058=ADVANCED_FACE('',(#468),#181,.T.);
#6059=ADVANCED_FACE('',(#469),#5773,.T.);
#6060=ADVANCED_FACE('',(#470),#5774,.F.);
#6061=ADVANCED_FACE('',(#471),#182,.T.);
#6062=ADVANCED_FACE('',(#472),#5775,.T.);
#6063=ADVANCED_FACE('',(#473),#183,.T.);
#6064=ADVANCED_FACE('',(#474),#5776,.F.);
#6065=ADVANCED_FACE('',(#475),#184,.T.);
#6066=ADVANCED_FACE('',(#476),#185,.T.);
#6067=ADVANCED_FACE('',(#477),#5777,.T.);
#6068=ADVANCED_FACE('',(#478),#5778,.F.);
#6069=ADVANCED_FACE('',(#479),#186,.T.);
#6070=ADVANCED_FACE('',(#480),#5779,.T.);
#6071=ADVANCED_FACE('',(#481),#187,.T.);
#6072=ADVANCED_FACE('',(#482),#5780,.F.);
#6073=ADVANCED_FACE('',(#483),#188,.T.);
#6074=ADVANCED_FACE('',(#484),#189,.T.);
#6075=ADVANCED_FACE('',(#485),#5781,.T.);
#6076=ADVANCED_FACE('',(#486),#5782,.F.);
#6077=ADVANCED_FACE('',(#487),#190,.T.);
#6078=ADVANCED_FACE('',(#488),#5783,.T.);
#6079=ADVANCED_FACE('',(#489),#191,.T.);
#6080=ADVANCED_FACE('',(#490),#5784,.F.);
#6081=ADVANCED_FACE('',(#491),#192,.T.);
#6082=ADVANCED_FACE('',(#492),#193,.T.);
#6083=ADVANCED_FACE('',(#493),#5785,.T.);
#6084=ADVANCED_FACE('',(#494),#5786,.F.);
#6085=ADVANCED_FACE('',(#495),#194,.T.);
#6086=ADVANCED_FACE('',(#496),#5787,.T.);
#6087=ADVANCED_FACE('',(#497),#195,.T.);
#6088=ADVANCED_FACE('',(#498),#5788,.F.);
#6089=ADVANCED_FACE('',(#499),#196,.T.);
#6090=ADVANCED_FACE('',(#500),#197,.T.);
#6091=ADVANCED_FACE('',(#501),#5789,.T.);
#6092=ADVANCED_FACE('',(#502),#5790,.F.);
#6093=ADVANCED_FACE('',(#503),#198,.T.);
#6094=ADVANCED_FACE('',(#504),#5791,.T.);
#6095=ADVANCED_FACE('',(#505),#199,.T.);
#6096=ADVANCED_FACE('',(#506),#5792,.F.);
#6097=ADVANCED_FACE('',(#507),#200,.T.);
#6098=ADVANCED_FACE('',(#508),#201,.T.);
#6099=ADVANCED_FACE('',(#509),#5793,.T.);
#6100=ADVANCED_FACE('',(#510),#5794,.F.);
#6101=ADVANCED_FACE('',(#511),#202,.T.);
#6102=ADVANCED_FACE('',(#512),#5795,.T.);
#6103=ADVANCED_FACE('',(#513),#203,.T.);
#6104=ADVANCED_FACE('',(#514),#5796,.F.);
#6105=ADVANCED_FACE('',(#515),#204,.T.);
#6106=ADVANCED_FACE('',(#516),#205,.T.);
#6107=ADVANCED_FACE('',(#517),#5797,.F.);
#6108=ADVANCED_FACE('',(#518,#46),#206,.T.);
#6109=ADVANCED_FACE('',(#519),#12,.F.);
#6110=ADVANCED_FACE('',(#520,#47),#207,.T.);
#6111=ADVANCED_FACE('',(#521,#48),#208,.T.);
#6112=ADVANCED_FACE('',(#522),#5798,.F.);
#6113=ADVANCED_FACE('',(#523),#5799,.F.);
#6114=ADVANCED_FACE('',(#524,#49),#209,.T.);
#6115=ADVANCED_FACE('',(#525),#5800,.F.);
#6116=ADVANCED_FACE('',(#526,#50),#210,.F.);
#6117=CLOSED_SHELL('',(#5801,#5802,#5803,#5804,#5805,#5806,#5807,#5808,
#5809,#5810,#5811,#5812,#5813,#5814,#5815,#5816,#5817,#5818,#5819,#5820,
#5821,#5822,#5823,#5824,#5825,#5826,#5827,#5828,#5829,#5830,#5831,#5832,
#5833,#5834,#5835,#5836,#5837,#5838,#5839,#5840,#5841,#5842,#5843,#5844,
#5845,#5846,#5847,#5848,#5849,#5850,#5851,#5852,#5853,#5854,#5855,#5856,
#5857,#5858,#5859,#5860,#5861,#5862,#5863,#5864,#5865,#5866,#5867));
#6118=CLOSED_SHELL('',(#5868,#5869,#5870,#5871,#5872,#5873,#5874,#5875,
#5876,#5877,#5878,#5879,#5880,#5881,#5882,#5883,#5884,#5885,#5886,#5887,
#5888,#5889,#5890,#5891,#5892,#5893,#5894,#5895,#5896,#5897,#5898,#5899,
#5900,#5901,#5902,#5903,#5904,#5905,#5906,#5907,#5908,#5909,#5910,#5911,
#5912,#5913,#5914,#5915,#5916,#5917,#5918,#5919,#5920,#5921,#5922,#5923,
#5924,#5925,#5926,#5927,#5928,#5929,#5930,#5931,#5932,#5933,#5934,#5935,
#5936,#5937,#5938,#5939,#5940,#5941,#5942,#5943,#5944,#5945,#5946,#5947,
#5948,#5949,#5950));
#6119=CLOSED_SHELL('',(#5951,#5952,#5953,#5954,#5955,#5956,#5957,#5958,
#5959,#5960,#5961,#5962,#5963,#5964,#5965,#5966,#5967,#5968,#5969,#5970,
#5971,#5972,#5973,#5974,#5975,#5976,#5977,#5978,#5979,#5980,#5981,#5982,
#5983,#5984,#5985,#5986,#5987,#5988,#5989,#5990,#5991,#5992,#5993,#5994,
#5995,#5996,#5997,#5998,#5999,#6000,#6001,#6002,#6003,#6004,#6005,#6006,
#6007,#6008,#6009,#6010,#6011,#6012,#6013,#6014,#6015,#6016,#6017,#6018,
#6019,#6020,#6021,#6022,#6023,#6024,#6025,#6026,#6027,#6028,#6029,#6030,
#6031,#6032,#6033,#6034,#6035,#6036,#6037,#6038,#6039,#6040,#6041));
#6120=CLOSED_SHELL('',(#6042,#6043,#6044,#6045,#6046,#6047,#6048,#6049,
#6050,#6051,#6052,#6053,#6054,#6055,#6056,#6057,#6058,#6059,#6060,#6061,
#6062,#6063,#6064,#6065,#6066,#6067,#6068,#6069,#6070,#6071,#6072,#6073,
#6074,#6075,#6076,#6077,#6078,#6079,#6080,#6081,#6082,#6083,#6084,#6085,
#6086,#6087,#6088,#6089,#6090,#6091,#6092,#6093,#6094,#6095,#6096,#6097,
#6098,#6099,#6100,#6101,#6102,#6103,#6104,#6105,#6106,#6107,#6108,#6109,
#6110,#6111,#6112,#6113,#6114,#6115,#6116));
#6121=DERIVED_UNIT_ELEMENT(#6123,1.);
#6122=DERIVED_UNIT_ELEMENT(#10450,-3.);
#6123=(
MASS_UNIT()
NAMED_UNIT(*)
SI_UNIT(.KILO.,.GRAM.)
);
#6124=DERIVED_UNIT((#6121,#6122));
#6125=MEASURE_REPRESENTATION_ITEM('density measure',
POSITIVE_RATIO_MEASURE(7850.),#6124);
#6126=PROPERTY_DEFINITION_REPRESENTATION(#6131,#6128);
#6127=PROPERTY_DEFINITION_REPRESENTATION(#6132,#6129);
#6128=REPRESENTATION('material name',(#6130),#10447);
#6129=REPRESENTATION('density',(#6125),#10447);
#6130=DESCRIPTIVE_REPRESENTATION_ITEM('Steel','Steel');
#6131=PROPERTY_DEFINITION('material property','material name',#10467);
#6132=PROPERTY_DEFINITION('material property','density of part',#10467);
#6133=AXIS2_PLACEMENT_3D('',#8620,#6766,#6767);
#6134=AXIS2_PLACEMENT_3D('',#8621,#6768,#6769);
#6135=AXIS2_PLACEMENT_3D('',#8622,#6770,#6771);
#6136=AXIS2_PLACEMENT_3D('',#8623,#6772,#6773);
#6137=AXIS2_PLACEMENT_3D('',#8626,#6774,#6775);
#6138=AXIS2_PLACEMENT_3D('',#8630,#6777,#6778);
#6139=AXIS2_PLACEMENT_3D('',#8632,#6780,#6781);
#6140=AXIS2_PLACEMENT_3D('',#8638,#6785,#6786);
#6141=AXIS2_PLACEMENT_3D('',#8640,#6787,#6788);
#6142=AXIS2_PLACEMENT_3D('',#8642,#6789,#6790);
#6143=AXIS2_PLACEMENT_3D('',#8644,#6792,#6793);
#6144=AXIS2_PLACEMENT_3D('',#8650,#6797,#6798);
#6145=AXIS2_PLACEMENT_3D('',#8652,#6799,#6800);
#6146=AXIS2_PLACEMENT_3D('',#8654,#6801,#6802);
#6147=AXIS2_PLACEMENT_3D('',#8656,#6804,#6805);
#6148=AXIS2_PLACEMENT_3D('',#8662,#6809,#6810);
#6149=AXIS2_PLACEMENT_3D('',#8664,#6811,#6812);
#6150=AXIS2_PLACEMENT_3D('',#8666,#6813,#6814);
#6151=AXIS2_PLACEMENT_3D('',#8668,#6816,#6817);
#6152=AXIS2_PLACEMENT_3D('',#8674,#6821,#6822);
#6153=AXIS2_PLACEMENT_3D('',#8676,#6823,#6824);
#6154=AXIS2_PLACEMENT_3D('',#8678,#6825,#6826);
#6155=AXIS2_PLACEMENT_3D('',#8680,#6828,#6829);
#6156=AXIS2_PLACEMENT_3D('',#8686,#6833,#6834);
#6157=AXIS2_PLACEMENT_3D('',#8688,#6835,#6836);
#6158=AXIS2_PLACEMENT_3D('',#8690,#6837,#6838);
#6159=AXIS2_PLACEMENT_3D('',#8692,#6840,#6841);
#6160=AXIS2_PLACEMENT_3D('',#8698,#6845,#6846);
#6161=AXIS2_PLACEMENT_3D('',#8700,#6847,#6848);
#6162=AXIS2_PLACEMENT_3D('',#8702,#6849,#6850);
#6163=AXIS2_PLACEMENT_3D('',#8704,#6852,#6853);
#6164=AXIS2_PLACEMENT_3D('',#8710,#6857,#6858);
#6165=AXIS2_PLACEMENT_3D('',#8712,#6859,#6860);
#6166=AXIS2_PLACEMENT_3D('',#8714,#6861,#6862);
#6167=AXIS2_PLACEMENT_3D('',#8716,#6864,#6865);
#6168=AXIS2_PLACEMENT_3D('',#8722,#6869,#6870);
#6169=AXIS2_PLACEMENT_3D('',#8724,#6871,#6872);
#6170=AXIS2_PLACEMENT_3D('',#8726,#6873,#6874);
#6171=AXIS2_PLACEMENT_3D('',#8728,#6876,#6877);
#6172=AXIS2_PLACEMENT_3D('',#8734,#6881,#6882);
#6173=AXIS2_PLACEMENT_3D('',#8736,#6883,#6884);
#6174=AXIS2_PLACEMENT_3D('',#8738,#6885,#6886);
#6175=AXIS2_PLACEMENT_3D('',#8740,#6888,#6889);
#6176=AXIS2_PLACEMENT_3D('',#8746,#6893,#6894);
#6177=AXIS2_PLACEMENT_3D('',#8748,#6895,#6896);
#6178=AXIS2_PLACEMENT_3D('',#8750,#6897,#6898);
#6179=AXIS2_PLACEMENT_3D('',#8752,#6900,#6901);
#6180=AXIS2_PLACEMENT_3D('',#8758,#6905,#6906);
#6181=AXIS2_PLACEMENT_3D('',#8760,#6907,#6908);
#6182=AXIS2_PLACEMENT_3D('',#8762,#6909,#6910);
#6183=AXIS2_PLACEMENT_3D('',#8764,#6912,#6913);
#6184=AXIS2_PLACEMENT_3D('',#8770,#6917,#6918);
#6185=AXIS2_PLACEMENT_3D('',#8772,#6919,#6920);
#6186=AXIS2_PLACEMENT_3D('',#8774,#6921,#6922);
#6187=AXIS2_PLACEMENT_3D('',#8776,#6924,#6925);
#6188=AXIS2_PLACEMENT_3D('',#8782,#6929,#6930);
#6189=AXIS2_PLACEMENT_3D('',#8784,#6931,#6932);
#6190=AXIS2_PLACEMENT_3D('',#8786,#6933,#6934);
#6191=AXIS2_PLACEMENT_3D('',#8788,#6936,#6937);
#6192=AXIS2_PLACEMENT_3D('',#8794,#6941,#6942);
#6193=AXIS2_PLACEMENT_3D('',#8796,#6943,#6944);
#6194=AXIS2_PLACEMENT_3D('',#8798,#6945,#6946);
#6195=AXIS2_PLACEMENT_3D('',#8800,#6948,#6949);
#6196=AXIS2_PLACEMENT_3D('',#8806,#6953,#6954);
#6197=AXIS2_PLACEMENT_3D('',#8808,#6955,#6956);
#6198=AXIS2_PLACEMENT_3D('',#8810,#6957,#6958);
#6199=AXIS2_PLACEMENT_3D('',#8812,#6960,#6961);
#6200=AXIS2_PLACEMENT_3D('',#8818,#6965,#6966);
#6201=AXIS2_PLACEMENT_3D('',#8820,#6967,#6968);
#6202=AXIS2_PLACEMENT_3D('',#8822,#6969,#6970);
#6203=AXIS2_PLACEMENT_3D('',#8824,#6972,#6973);
#6204=AXIS2_PLACEMENT_3D('',#8830,#6977,#6978);
#6205=AXIS2_PLACEMENT_3D('',#8832,#6979,#6980);
#6206=AXIS2_PLACEMENT_3D('',#8834,#6981,#6982);
#6207=AXIS2_PLACEMENT_3D('',#8836,#6984,#6985);
#6208=AXIS2_PLACEMENT_3D('',#8842,#6989,#6990);
#6209=AXIS2_PLACEMENT_3D('',#8844,#6991,#6992);
#6210=AXIS2_PLACEMENT_3D('',#8846,#6993,#6994);
#6211=AXIS2_PLACEMENT_3D('',#8848,#6996,#6997);
#6212=AXIS2_PLACEMENT_3D('',#8854,#7001,#7002);
#6213=AXIS2_PLACEMENT_3D('',#8856,#7003,#7004);
#6214=AXIS2_PLACEMENT_3D('',#8858,#7005,#7006);
#6215=AXIS2_PLACEMENT_3D('',#8860,#7008,#7009);
#6216=AXIS2_PLACEMENT_3D('',#8866,#7013,#7014);
#6217=AXIS2_PLACEMENT_3D('',#8868,#7015,#7016);
#6218=AXIS2_PLACEMENT_3D('',#8870,#7017,#7018);
#6219=AXIS2_PLACEMENT_3D('',#8872,#7020,#7021);
#6220=AXIS2_PLACEMENT_3D('',#8878,#7025,#7026);
#6221=AXIS2_PLACEMENT_3D('',#8880,#7027,#7028);
#6222=AXIS2_PLACEMENT_3D('',#8882,#7029,#7030);
#6223=AXIS2_PLACEMENT_3D('',#8884,#7032,#7033);
#6224=AXIS2_PLACEMENT_3D('',#8890,#7037,#7038);
#6225=AXIS2_PLACEMENT_3D('',#8892,#7039,#7040);
#6226=AXIS2_PLACEMENT_3D('',#8894,#7041,#7042);
#6227=AXIS2_PLACEMENT_3D('',#8896,#7044,#7045);
#6228=AXIS2_PLACEMENT_3D('',#8902,#7049,#7050);
#6229=AXIS2_PLACEMENT_3D('',#8904,#7051,#7052);
#6230=AXIS2_PLACEMENT_3D('',#8906,#7053,#7054);
#6231=AXIS2_PLACEMENT_3D('',#8908,#7056,#7057);
#6232=AXIS2_PLACEMENT_3D('',#8914,#7061,#7062);
#6233=AXIS2_PLACEMENT_3D('',#8916,#7063,#7064);
#6234=AXIS2_PLACEMENT_3D('',#8918,#7065,#7066);
#6235=AXIS2_PLACEMENT_3D('',#8920,#7068,#7069);
#6236=AXIS2_PLACEMENT_3D('',#8926,#7073,#7074);
#6237=AXIS2_PLACEMENT_3D('',#8928,#7075,#7076);
#6238=AXIS2_PLACEMENT_3D('',#8930,#7077,#7078);
#6239=AXIS2_PLACEMENT_3D('',#8932,#7080,#7081);
#6240=AXIS2_PLACEMENT_3D('',#8938,#7085,#7086);
#6241=AXIS2_PLACEMENT_3D('',#8940,#7087,#7088);
#6242=AXIS2_PLACEMENT_3D('',#8942,#7089,#7090);
#6243=AXIS2_PLACEMENT_3D('',#8944,#7092,#7093);
#6244=AXIS2_PLACEMENT_3D('',#8950,#7097,#7098);
#6245=AXIS2_PLACEMENT_3D('',#8952,#7099,#7100);
#6246=AXIS2_PLACEMENT_3D('',#8954,#7101,#7102);
#6247=AXIS2_PLACEMENT_3D('',#8956,#7104,#7105);
#6248=AXIS2_PLACEMENT_3D('',#8962,#7109,#7110);
#6249=AXIS2_PLACEMENT_3D('',#8964,#7111,#7112);
#6250=AXIS2_PLACEMENT_3D('',#8966,#7113,#7114);
#6251=AXIS2_PLACEMENT_3D('',#8968,#7116,#7117);
#6252=AXIS2_PLACEMENT_3D('',#8974,#7121,#7122);
#6253=AXIS2_PLACEMENT_3D('',#8976,#7123,#7124);
#6254=AXIS2_PLACEMENT_3D('',#8978,#7125,#7126);
#6255=AXIS2_PLACEMENT_3D('',#8980,#7128,#7129);
#6256=AXIS2_PLACEMENT_3D('',#8986,#7133,#7134);
#6257=AXIS2_PLACEMENT_3D('',#8988,#7135,#7136);
#6258=AXIS2_PLACEMENT_3D('',#8990,#7137,#7138);
#6259=AXIS2_PLACEMENT_3D('',#8992,#7140,#7141);
#6260=AXIS2_PLACEMENT_3D('',#8998,#7145,#7146);
#6261=AXIS2_PLACEMENT_3D('',#9000,#7147,#7148);
#6262=AXIS2_PLACEMENT_3D('',#9002,#7149,#7150);
#6263=AXIS2_PLACEMENT_3D('',#9004,#7152,#7153);
#6264=AXIS2_PLACEMENT_3D('',#9007,#7156,#7157);
#6265=AXIS2_PLACEMENT_3D('',#9009,#7158,#7159);
#6266=AXIS2_PLACEMENT_3D('',#9012,#7161,#7162);
#6267=AXIS2_PLACEMENT_3D('',#9013,#7163,#7164);
#6268=AXIS2_PLACEMENT_3D('',#9014,#7165,#7166);
#6269=AXIS2_PLACEMENT_3D('',#9015,#7167,#7168);
#6270=AXIS2_PLACEMENT_3D('',#9018,#7169,#7170);
#6271=AXIS2_PLACEMENT_3D('',#9022,#7172,#7173);
#6272=AXIS2_PLACEMENT_3D('',#9024,#7175,#7176);
#6273=AXIS2_PLACEMENT_3D('',#9030,#7180,#7181);
#6274=AXIS2_PLACEMENT_3D('',#9032,#7182,#7183);
#6275=AXIS2_PLACEMENT_3D('',#9034,#7184,#7185);
#6276=AXIS2_PLACEMENT_3D('',#9036,#7187,#7188);
#6277=AXIS2_PLACEMENT_3D('',#9042,#7192,#7193);
#6278=AXIS2_PLACEMENT_3D('',#9044,#7194,#7195);
#6279=AXIS2_PLACEMENT_3D('',#9046,#7196,#7197);
#6280=AXIS2_PLACEMENT_3D('',#9048,#7199,#7200);
#6281=AXIS2_PLACEMENT_3D('',#9054,#7204,#7205);
#6282=AXIS2_PLACEMENT_3D('',#9056,#7206,#7207);
#6283=AXIS2_PLACEMENT_3D('',#9058,#7208,#7209);
#6284=AXIS2_PLACEMENT_3D('',#9060,#7211,#7212);
#6285=AXIS2_PLACEMENT_3D('',#9066,#7216,#7217);
#6286=AXIS2_PLACEMENT_3D('',#9068,#7218,#7219);
#6287=AXIS2_PLACEMENT_3D('',#9070,#7220,#7221);
#6288=AXIS2_PLACEMENT_3D('',#9072,#7223,#7224);
#6289=AXIS2_PLACEMENT_3D('',#9078,#7228,#7229);
#6290=AXIS2_PLACEMENT_3D('',#9080,#7230,#7231);
#6291=AXIS2_PLACEMENT_3D('',#9082,#7232,#7233);
#6292=AXIS2_PLACEMENT_3D('',#9084,#7235,#7236);
#6293=AXIS2_PLACEMENT_3D('',#9090,#7240,#7241);
#6294=AXIS2_PLACEMENT_3D('',#9092,#7242,#7243);
#6295=AXIS2_PLACEMENT_3D('',#9094,#7244,#7245);
#6296=AXIS2_PLACEMENT_3D('',#9096,#7247,#7248);
#6297=AXIS2_PLACEMENT_3D('',#9102,#7252,#7253);
#6298=AXIS2_PLACEMENT_3D('',#9104,#7254,#7255);
#6299=AXIS2_PLACEMENT_3D('',#9106,#7256,#7257);
#6300=AXIS2_PLACEMENT_3D('',#9108,#7259,#7260);
#6301=AXIS2_PLACEMENT_3D('',#9114,#7264,#7265);
#6302=AXIS2_PLACEMENT_3D('',#9116,#7266,#7267);
#6303=AXIS2_PLACEMENT_3D('',#9118,#7268,#7269);
#6304=AXIS2_PLACEMENT_3D('',#9120,#7271,#7272);
#6305=AXIS2_PLACEMENT_3D('',#9126,#7276,#7277);
#6306=AXIS2_PLACEMENT_3D('',#9128,#7278,#7279);
#6307=AXIS2_PLACEMENT_3D('',#9130,#7280,#7281);
#6308=AXIS2_PLACEMENT_3D('',#9132,#7283,#7284);
#6309=AXIS2_PLACEMENT_3D('',#9138,#7288,#7289);
#6310=AXIS2_PLACEMENT_3D('',#9140,#7290,#7291);
#6311=AXIS2_PLACEMENT_3D('',#9142,#7292,#7293);
#6312=AXIS2_PLACEMENT_3D('',#9144,#7295,#7296);
#6313=AXIS2_PLACEMENT_3D('',#9150,#7300,#7301);
#6314=AXIS2_PLACEMENT_3D('',#9152,#7302,#7303);
#6315=AXIS2_PLACEMENT_3D('',#9154,#7304,#7305);
#6316=AXIS2_PLACEMENT_3D('',#9156,#7307,#7308);
#6317=AXIS2_PLACEMENT_3D('',#9162,#7312,#7313);
#6318=AXIS2_PLACEMENT_3D('',#9164,#7314,#7315);
#6319=AXIS2_PLACEMENT_3D('',#9166,#7316,#7317);
#6320=AXIS2_PLACEMENT_3D('',#9168,#7319,#7320);
#6321=AXIS2_PLACEMENT_3D('',#9174,#7324,#7325);
#6322=AXIS2_PLACEMENT_3D('',#9176,#7326,#7327);
#6323=AXIS2_PLACEMENT_3D('',#9178,#7328,#7329);
#6324=AXIS2_PLACEMENT_3D('',#9180,#7331,#7332);
#6325=AXIS2_PLACEMENT_3D('',#9186,#7336,#7337);
#6326=AXIS2_PLACEMENT_3D('',#9188,#7338,#7339);
#6327=AXIS2_PLACEMENT_3D('',#9190,#7340,#7341);
#6328=AXIS2_PLACEMENT_3D('',#9192,#7343,#7344);
#6329=AXIS2_PLACEMENT_3D('',#9198,#7348,#7349);
#6330=AXIS2_PLACEMENT_3D('',#9200,#7350,#7351);
#6331=AXIS2_PLACEMENT_3D('',#9202,#7352,#7353);
#6332=AXIS2_PLACEMENT_3D('',#9204,#7355,#7356);
#6333=AXIS2_PLACEMENT_3D('',#9210,#7360,#7361);
#6334=AXIS2_PLACEMENT_3D('',#9212,#7362,#7363);
#6335=AXIS2_PLACEMENT_3D('',#9214,#7364,#7365);
#6336=AXIS2_PLACEMENT_3D('',#9216,#7367,#7368);
#6337=AXIS2_PLACEMENT_3D('',#9222,#7372,#7373);
#6338=AXIS2_PLACEMENT_3D('',#9224,#7374,#7375);
#6339=AXIS2_PLACEMENT_3D('',#9226,#7376,#7377);
#6340=AXIS2_PLACEMENT_3D('',#9228,#7379,#7380);
#6341=AXIS2_PLACEMENT_3D('',#9234,#7384,#7385);
#6342=AXIS2_PLACEMENT_3D('',#9236,#7386,#7387);
#6343=AXIS2_PLACEMENT_3D('',#9238,#7388,#7389);
#6344=AXIS2_PLACEMENT_3D('',#9240,#7391,#7392);
#6345=AXIS2_PLACEMENT_3D('',#9246,#7396,#7397);
#6346=AXIS2_PLACEMENT_3D('',#9248,#7398,#7399);
#6347=AXIS2_PLACEMENT_3D('',#9250,#7400,#7401);
#6348=AXIS2_PLACEMENT_3D('',#9252,#7403,#7404);
#6349=AXIS2_PLACEMENT_3D('',#9258,#7408,#7409);
#6350=AXIS2_PLACEMENT_3D('',#9260,#7410,#7411);
#6351=AXIS2_PLACEMENT_3D('',#9262,#7412,#7413);
#6352=AXIS2_PLACEMENT_3D('',#9264,#7415,#7416);
#6353=AXIS2_PLACEMENT_3D('',#9270,#7420,#7421);
#6354=AXIS2_PLACEMENT_3D('',#9272,#7422,#7423);
#6355=AXIS2_PLACEMENT_3D('',#9274,#7424,#7425);
#6356=AXIS2_PLACEMENT_3D('',#9276,#7427,#7428);
#6357=AXIS2_PLACEMENT_3D('',#9282,#7432,#7433);
#6358=AXIS2_PLACEMENT_3D('',#9284,#7434,#7435);
#6359=AXIS2_PLACEMENT_3D('',#9286,#7436,#7437);
#6360=AXIS2_PLACEMENT_3D('',#9288,#7439,#7440);
#6361=AXIS2_PLACEMENT_3D('',#9294,#7444,#7445);
#6362=AXIS2_PLACEMENT_3D('',#9296,#7446,#7447);
#6363=AXIS2_PLACEMENT_3D('',#9298,#7448,#7449);
#6364=AXIS2_PLACEMENT_3D('',#9300,#7451,#7452);
#6365=AXIS2_PLACEMENT_3D('',#9306,#7456,#7457);
#6366=AXIS2_PLACEMENT_3D('',#9308,#7458,#7459);
#6367=AXIS2_PLACEMENT_3D('',#9310,#7460,#7461);
#6368=AXIS2_PLACEMENT_3D('',#9312,#7463,#7464);
#6369=AXIS2_PLACEMENT_3D('',#9318,#7468,#7469);
#6370=AXIS2_PLACEMENT_3D('',#9320,#7470,#7471);
#6371=AXIS2_PLACEMENT_3D('',#9322,#7472,#7473);
#6372=AXIS2_PLACEMENT_3D('',#9324,#7475,#7476);
#6373=AXIS2_PLACEMENT_3D('',#9330,#7480,#7481);
#6374=AXIS2_PLACEMENT_3D('',#9332,#7482,#7483);
#6375=AXIS2_PLACEMENT_3D('',#9334,#7484,#7485);
#6376=AXIS2_PLACEMENT_3D('',#9336,#7487,#7488);
#6377=AXIS2_PLACEMENT_3D('',#9342,#7492,#7493);
#6378=AXIS2_PLACEMENT_3D('',#9344,#7494,#7495);
#6379=AXIS2_PLACEMENT_3D('',#9346,#7496,#7497);
#6380=AXIS2_PLACEMENT_3D('',#9348,#7499,#7500);
#6381=AXIS2_PLACEMENT_3D('',#9354,#7504,#7505);
#6382=AXIS2_PLACEMENT_3D('',#9356,#7506,#7507);
#6383=AXIS2_PLACEMENT_3D('',#9358,#7508,#7509);
#6384=AXIS2_PLACEMENT_3D('',#9360,#7511,#7512);
#6385=AXIS2_PLACEMENT_3D('',#9366,#7516,#7517);
#6386=AXIS2_PLACEMENT_3D('',#9368,#7518,#7519);
#6387=AXIS2_PLACEMENT_3D('',#9370,#7520,#7521);
#6388=AXIS2_PLACEMENT_3D('',#9372,#7523,#7524);
#6389=AXIS2_PLACEMENT_3D('',#9378,#7528,#7529);
#6390=AXIS2_PLACEMENT_3D('',#9380,#7530,#7531);
#6391=AXIS2_PLACEMENT_3D('',#9382,#7532,#7533);
#6392=AXIS2_PLACEMENT_3D('',#9384,#7535,#7536);
#6393=AXIS2_PLACEMENT_3D('',#9390,#7540,#7541);
#6394=AXIS2_PLACEMENT_3D('',#9392,#7542,#7543);
#6395=AXIS2_PLACEMENT_3D('',#9394,#7544,#7545);
#6396=AXIS2_PLACEMENT_3D('',#9396,#7547,#7548);
#6397=AXIS2_PLACEMENT_3D('',#9402,#7552,#7553);
#6398=AXIS2_PLACEMENT_3D('',#9404,#7554,#7555);
#6399=AXIS2_PLACEMENT_3D('',#9406,#7556,#7557);
#6400=AXIS2_PLACEMENT_3D('',#9408,#7559,#7560);
#6401=AXIS2_PLACEMENT_3D('',#9414,#7564,#7565);
#6402=AXIS2_PLACEMENT_3D('',#9416,#7566,#7567);
#6403=AXIS2_PLACEMENT_3D('',#9418,#7568,#7569);
#6404=AXIS2_PLACEMENT_3D('',#9420,#7571,#7572);
#6405=AXIS2_PLACEMENT_3D('',#9426,#7576,#7577);
#6406=AXIS2_PLACEMENT_3D('',#9428,#7578,#7579);
#6407=AXIS2_PLACEMENT_3D('',#9430,#7580,#7581);
#6408=AXIS2_PLACEMENT_3D('',#9432,#7583,#7584);
#6409=AXIS2_PLACEMENT_3D('',#9438,#7588,#7589);
#6410=AXIS2_PLACEMENT_3D('',#9440,#7590,#7591);
#6411=AXIS2_PLACEMENT_3D('',#9442,#7592,#7593);
#6412=AXIS2_PLACEMENT_3D('',#9444,#7595,#7596);
#6413=AXIS2_PLACEMENT_3D('',#9450,#7600,#7601);
#6414=AXIS2_PLACEMENT_3D('',#9452,#7602,#7603);
#6415=AXIS2_PLACEMENT_3D('',#9454,#7604,#7605);
#6416=AXIS2_PLACEMENT_3D('',#9456,#7607,#7608);
#6417=AXIS2_PLACEMENT_3D('',#9462,#7612,#7613);
#6418=AXIS2_PLACEMENT_3D('',#9464,#7614,#7615);
#6419=AXIS2_PLACEMENT_3D('',#9466,#7616,#7617);
#6420=AXIS2_PLACEMENT_3D('',#9468,#7619,#7620);
#6421=AXIS2_PLACEMENT_3D('',#9474,#7624,#7625);
#6422=AXIS2_PLACEMENT_3D('',#9476,#7626,#7627);
#6423=AXIS2_PLACEMENT_3D('',#9478,#7628,#7629);
#6424=AXIS2_PLACEMENT_3D('',#9480,#7631,#7632);
#6425=AXIS2_PLACEMENT_3D('',#9486,#7636,#7637);
#6426=AXIS2_PLACEMENT_3D('',#9488,#7638,#7639);
#6427=AXIS2_PLACEMENT_3D('',#9490,#7640,#7641);
#6428=AXIS2_PLACEMENT_3D('',#9492,#7643,#7644);
#6429=AXIS2_PLACEMENT_3D('',#9495,#7647,#7648);
#6430=AXIS2_PLACEMENT_3D('',#9497,#7649,#7650);
#6431=AXIS2_PLACEMENT_3D('',#9500,#7652,#7653);
#6432=AXIS2_PLACEMENT_3D('',#9501,#7654,#7655);
#6433=AXIS2_PLACEMENT_3D('',#9502,#7656,#7657);
#6434=AXIS2_PLACEMENT_3D('',#9503,#7658,#7659);
#6435=AXIS2_PLACEMENT_3D('',#9504,#7660,#7661);
#6436=AXIS2_PLACEMENT_3D('',#9507,#7662,#7663);
#6437=AXIS2_PLACEMENT_3D('',#9511,#7665,#7666);
#6438=AXIS2_PLACEMENT_3D('',#9513,#7668,#7669);
#6439=AXIS2_PLACEMENT_3D('',#9519,#7673,#7674);
#6440=AXIS2_PLACEMENT_3D('',#9521,#7675,#7676);
#6441=AXIS2_PLACEMENT_3D('',#9523,#7677,#7678);
#6442=AXIS2_PLACEMENT_3D('',#9525,#7680,#7681);
#6443=AXIS2_PLACEMENT_3D('',#9531,#7685,#7686);
#6444=AXIS2_PLACEMENT_3D('',#9533,#7687,#7688);
#6445=AXIS2_PLACEMENT_3D('',#9535,#7689,#7690);
#6446=AXIS2_PLACEMENT_3D('',#9537,#7692,#7693);
#6447=AXIS2_PLACEMENT_3D('',#9543,#7697,#7698);
#6448=AXIS2_PLACEMENT_3D('',#9549,#7702,#7703);
#6449=AXIS2_PLACEMENT_3D('',#9551,#7704,#7705);
#6450=AXIS2_PLACEMENT_3D('',#9554,#7707,#7708);
#6451=AXIS2_PLACEMENT_3D('',#9555,#7709,#7710);
#6452=AXIS2_PLACEMENT_3D('',#9557,#7711,#7712);
#6453=AXIS2_PLACEMENT_3D('',#9560,#7714,#7715);
#6454=AXIS2_PLACEMENT_3D('',#9561,#7716,#7717);
#6455=AXIS2_PLACEMENT_3D('',#9564,#7718,#7719);
#6456=AXIS2_PLACEMENT_3D('',#9568,#7721,#7722);
#6457=AXIS2_PLACEMENT_3D('',#9570,#7724,#7725);
#6458=AXIS2_PLACEMENT_3D('',#9576,#7729,#7730);
#6459=AXIS2_PLACEMENT_3D('',#9578,#7731,#7732);
#6460=AXIS2_PLACEMENT_3D('',#9580,#7733,#7734);
#6461=AXIS2_PLACEMENT_3D('',#9582,#7736,#7737);
#6462=AXIS2_PLACEMENT_3D('',#9588,#7741,#7742);
#6463=AXIS2_PLACEMENT_3D('',#9590,#7743,#7744);
#6464=AXIS2_PLACEMENT_3D('',#9592,#7745,#7746);
#6465=AXIS2_PLACEMENT_3D('',#9594,#7748,#7749);
#6466=AXIS2_PLACEMENT_3D('',#9600,#7753,#7754);
#6467=AXIS2_PLACEMENT_3D('',#9606,#7758,#7759);
#6468=AXIS2_PLACEMENT_3D('',#9608,#7760,#7761);
#6469=AXIS2_PLACEMENT_3D('',#9611,#7763,#7764);
#6470=AXIS2_PLACEMENT_3D('',#9612,#7765,#7766);
#6471=AXIS2_PLACEMENT_3D('',#9614,#7767,#7768);
#6472=AXIS2_PLACEMENT_3D('',#9617,#7770,#7771);
#6473=AXIS2_PLACEMENT_3D('',#9618,#7772,#7773);
#6474=AXIS2_PLACEMENT_3D('',#9621,#7774,#7775);
#6475=AXIS2_PLACEMENT_3D('',#9625,#7777,#7778);
#6476=AXIS2_PLACEMENT_3D('',#9627,#7780,#7781);
#6477=AXIS2_PLACEMENT_3D('',#9633,#7785,#7786);
#6478=AXIS2_PLACEMENT_3D('',#9635,#7787,#7788);
#6479=AXIS2_PLACEMENT_3D('',#9637,#7789,#7790);
#6480=AXIS2_PLACEMENT_3D('',#9639,#7792,#7793);
#6481=AXIS2_PLACEMENT_3D('',#9645,#7797,#7798);
#6482=AXIS2_PLACEMENT_3D('',#9647,#7799,#7800);
#6483=AXIS2_PLACEMENT_3D('',#9649,#7801,#7802);
#6484=AXIS2_PLACEMENT_3D('',#9651,#7804,#7805);
#6485=AXIS2_PLACEMENT_3D('',#9657,#7809,#7810);
#6486=AXIS2_PLACEMENT_3D('',#9663,#7814,#7815);
#6487=AXIS2_PLACEMENT_3D('',#9665,#7816,#7817);
#6488=AXIS2_PLACEMENT_3D('',#9668,#7819,#7820);
#6489=AXIS2_PLACEMENT_3D('',#9669,#7821,#7822);
#6490=AXIS2_PLACEMENT_3D('',#9671,#7823,#7824);
#6491=AXIS2_PLACEMENT_3D('',#9674,#7826,#7827);
#6492=AXIS2_PLACEMENT_3D('',#9675,#7828,#7829);
#6493=AXIS2_PLACEMENT_3D('',#9678,#7830,#7831);
#6494=AXIS2_PLACEMENT_3D('',#9682,#7833,#7834);
#6495=AXIS2_PLACEMENT_3D('',#9684,#7836,#7837);
#6496=AXIS2_PLACEMENT_3D('',#9690,#7841,#7842);
#6497=AXIS2_PLACEMENT_3D('',#9692,#7843,#7844);
#6498=AXIS2_PLACEMENT_3D('',#9694,#7845,#7846);
#6499=AXIS2_PLACEMENT_3D('',#9696,#7848,#7849);
#6500=AXIS2_PLACEMENT_3D('',#9702,#7853,#7854);
#6501=AXIS2_PLACEMENT_3D('',#9704,#7855,#7856);
#6502=AXIS2_PLACEMENT_3D('',#9706,#7857,#7858);
#6503=AXIS2_PLACEMENT_3D('',#9708,#7860,#7861);
#6504=AXIS2_PLACEMENT_3D('',#9711,#7864,#7865);
#6505=AXIS2_PLACEMENT_3D('',#9714,#7868,#7869);
#6506=AXIS2_PLACEMENT_3D('',#9717,#7870,#7871);
#6507=AXIS2_PLACEMENT_3D('',#9721,#7873,#7874);
#6508=AXIS2_PLACEMENT_3D('',#9723,#7876,#7877);
#6509=AXIS2_PLACEMENT_3D('',#9729,#7881,#7882);
#6510=AXIS2_PLACEMENT_3D('',#9731,#7883,#7884);
#6511=AXIS2_PLACEMENT_3D('',#9733,#7885,#7886);
#6512=AXIS2_PLACEMENT_3D('',#9735,#7888,#7889);
#6513=AXIS2_PLACEMENT_3D('',#9741,#7893,#7894);
#6514=AXIS2_PLACEMENT_3D('',#9743,#7895,#7896);
#6515=AXIS2_PLACEMENT_3D('',#9745,#7897,#7898);
#6516=AXIS2_PLACEMENT_3D('',#9747,#7900,#7901);
#6517=AXIS2_PLACEMENT_3D('',#9753,#7905,#7906);
#6518=AXIS2_PLACEMENT_3D('',#9759,#7910,#7911);
#6519=AXIS2_PLACEMENT_3D('',#9761,#7912,#7913);
#6520=AXIS2_PLACEMENT_3D('',#9764,#7915,#7916);
#6521=AXIS2_PLACEMENT_3D('',#9765,#7917,#7918);
#6522=AXIS2_PLACEMENT_3D('',#9767,#7919,#7920);
#6523=AXIS2_PLACEMENT_3D('',#9770,#7922,#7923);
#6524=AXIS2_PLACEMENT_3D('',#9771,#7924,#7925);
#6525=AXIS2_PLACEMENT_3D('',#9774,#7926,#7927);
#6526=AXIS2_PLACEMENT_3D('',#9778,#7929,#7930);
#6527=AXIS2_PLACEMENT_3D('',#9780,#7932,#7933);
#6528=AXIS2_PLACEMENT_3D('',#9786,#7937,#7938);
#6529=AXIS2_PLACEMENT_3D('',#9788,#7939,#7940);
#6530=AXIS2_PLACEMENT_3D('',#9790,#7941,#7942);
#6531=AXIS2_PLACEMENT_3D('',#9792,#7944,#7945);
#6532=AXIS2_PLACEMENT_3D('',#9798,#7949,#7950);
#6533=AXIS2_PLACEMENT_3D('',#9800,#7951,#7952);
#6534=AXIS2_PLACEMENT_3D('',#9802,#7953,#7954);
#6535=AXIS2_PLACEMENT_3D('',#9804,#7956,#7957);
#6536=AXIS2_PLACEMENT_3D('',#9807,#7960,#7961);
#6537=AXIS2_PLACEMENT_3D('',#9813,#7965,#7966);
#6538=AXIS2_PLACEMENT_3D('',#9815,#7967,#7968);
#6539=AXIS2_PLACEMENT_3D('',#9818,#7970,#7971);
#6540=AXIS2_PLACEMENT_3D('',#9819,#7972,#7973);
#6541=AXIS2_PLACEMENT_3D('',#9822,#7974,#7975);
#6542=AXIS2_PLACEMENT_3D('',#9826,#7977,#7978);
#6543=AXIS2_PLACEMENT_3D('',#9828,#7980,#7981);
#6544=AXIS2_PLACEMENT_3D('',#9834,#7985,#7986);
#6545=AXIS2_PLACEMENT_3D('',#9836,#7987,#7988);
#6546=AXIS2_PLACEMENT_3D('',#9838,#7989,#7990);
#6547=AXIS2_PLACEMENT_3D('',#9840,#7992,#7993);
#6548=AXIS2_PLACEMENT_3D('',#9846,#7997,#7998);
#6549=AXIS2_PLACEMENT_3D('',#9848,#7999,#8000);
#6550=AXIS2_PLACEMENT_3D('',#9850,#8001,#8002);
#6551=AXIS2_PLACEMENT_3D('',#9852,#8004,#8005);
#6552=AXIS2_PLACEMENT_3D('',#9855,#8008,#8009);
#6553=AXIS2_PLACEMENT_3D('',#9858,#8012,#8013);
#6554=AXIS2_PLACEMENT_3D('',#9861,#8014,#8015);
#6555=AXIS2_PLACEMENT_3D('',#9865,#8017,#8018);
#6556=AXIS2_PLACEMENT_3D('',#9867,#8020,#8021);
#6557=AXIS2_PLACEMENT_3D('',#9873,#8025,#8026);
#6558=AXIS2_PLACEMENT_3D('',#9875,#8027,#8028);
#6559=AXIS2_PLACEMENT_3D('',#9877,#8029,#8030);
#6560=AXIS2_PLACEMENT_3D('',#9879,#8032,#8033);
#6561=AXIS2_PLACEMENT_3D('',#9885,#8037,#8038);
#6562=AXIS2_PLACEMENT_3D('',#9887,#8039,#8040);
#6563=AXIS2_PLACEMENT_3D('',#9889,#8041,#8042);
#6564=AXIS2_PLACEMENT_3D('',#9891,#8044,#8045);
#6565=AXIS2_PLACEMENT_3D('',#9894,#8048,#8049);
#6566=AXIS2_PLACEMENT_3D('',#9900,#8053,#8054);
#6567=AXIS2_PLACEMENT_3D('',#9902,#8055,#8056);
#6568=AXIS2_PLACEMENT_3D('',#9905,#8058,#8059);
#6569=AXIS2_PLACEMENT_3D('',#9906,#8060,#8061);
#6570=AXIS2_PLACEMENT_3D('',#9909,#8062,#8063);
#6571=AXIS2_PLACEMENT_3D('',#9913,#8065,#8066);
#6572=AXIS2_PLACEMENT_3D('',#9915,#8068,#8069);
#6573=AXIS2_PLACEMENT_3D('',#9921,#8073,#8074);
#6574=AXIS2_PLACEMENT_3D('',#9923,#8075,#8076);
#6575=AXIS2_PLACEMENT_3D('',#9925,#8077,#8078);
#6576=AXIS2_PLACEMENT_3D('',#9927,#8080,#8081);
#6577=AXIS2_PLACEMENT_3D('',#9933,#8085,#8086);
#6578=AXIS2_PLACEMENT_3D('',#9935,#8087,#8088);
#6579=AXIS2_PLACEMENT_3D('',#9937,#8089,#8090);
#6580=AXIS2_PLACEMENT_3D('',#9939,#8092,#8093);
#6581=AXIS2_PLACEMENT_3D('',#9942,#8096,#8097);
#6582=AXIS2_PLACEMENT_3D('',#9945,#8100,#8101);
#6583=AXIS2_PLACEMENT_3D('',#9948,#8102,#8103);
#6584=AXIS2_PLACEMENT_3D('',#9952,#8105,#8106);
#6585=AXIS2_PLACEMENT_3D('',#9954,#8108,#8109);
#6586=AXIS2_PLACEMENT_3D('',#9960,#8113,#8114);
#6587=AXIS2_PLACEMENT_3D('',#9962,#8115,#8116);
#6588=AXIS2_PLACEMENT_3D('',#9964,#8117,#8118);
#6589=AXIS2_PLACEMENT_3D('',#9966,#8120,#8121);
#6590=AXIS2_PLACEMENT_3D('',#9972,#8125,#8126);
#6591=AXIS2_PLACEMENT_3D('',#9974,#8127,#8128);
#6592=AXIS2_PLACEMENT_3D('',#9976,#8129,#8130);
#6593=AXIS2_PLACEMENT_3D('',#9978,#8132,#8133);
#6594=AXIS2_PLACEMENT_3D('',#9981,#8136,#8137);
#6595=AXIS2_PLACEMENT_3D('',#9984,#8140,#8141);
#6596=AXIS2_PLACEMENT_3D('',#9986,#8142,#8143);
#6597=AXIS2_PLACEMENT_3D('',#9989,#8145,#8146);
#6598=AXIS2_PLACEMENT_3D('',#9990,#8147,#8148);
#6599=AXIS2_PLACEMENT_3D('',#9992,#8149,#8150);
#6600=AXIS2_PLACEMENT_3D('',#9993,#8151,#8152);
#6601=AXIS2_PLACEMENT_3D('',#9996,#8154,#8155);
#6602=AXIS2_PLACEMENT_3D('',#9997,#8156,#8157);
#6603=AXIS2_PLACEMENT_3D('',#9999,#8158,#8159);
#6604=AXIS2_PLACEMENT_3D('',#10000,#8160,#8161);
#6605=AXIS2_PLACEMENT_3D('',#10002,#8162,#8163);
#6606=AXIS2_PLACEMENT_3D('',#10005,#8165,#8166);
#6607=AXIS2_PLACEMENT_3D('',#10006,#8167,#8168);
#6608=AXIS2_PLACEMENT_3D('',#10008,#8169,#8170);
#6609=AXIS2_PLACEMENT_3D('',#10009,#8171,#8172);
#6610=AXIS2_PLACEMENT_3D('',#10011,#8173,#8174);
#6611=AXIS2_PLACEMENT_3D('',#10014,#8176,#8177);
#6612=AXIS2_PLACEMENT_3D('',#10015,#8178,#8179);
#6613=AXIS2_PLACEMENT_3D('',#10016,#8180,#8181);
#6614=AXIS2_PLACEMENT_3D('',#10017,#8182,#8183);
#6615=AXIS2_PLACEMENT_3D('',#10019,#8185,#8186);
#6616=AXIS2_PLACEMENT_3D('',#10020,#8187,#8188);
#6617=AXIS2_PLACEMENT_3D('',#10022,#8189,#8190);
#6618=AXIS2_PLACEMENT_3D('',#10024,#8191,#8192);
#6619=AXIS2_PLACEMENT_3D('',#10025,#8193,#8194);
#6620=AXIS2_PLACEMENT_3D('',#10028,#8195,#8196);
#6621=AXIS2_PLACEMENT_3D('',#10032,#8198,#8199);
#6622=AXIS2_PLACEMENT_3D('',#10034,#8201,#8202);
#6623=AXIS2_PLACEMENT_3D('',#10040,#8206,#8207);
#6624=AXIS2_PLACEMENT_3D('',#10042,#8208,#8209);
#6625=AXIS2_PLACEMENT_3D('',#10044,#8210,#8211);
#6626=AXIS2_PLACEMENT_3D('',#10046,#8213,#8214);
#6627=AXIS2_PLACEMENT_3D('',#10052,#8218,#8219);
#6628=AXIS2_PLACEMENT_3D('',#10054,#8220,#8221);
#6629=AXIS2_PLACEMENT_3D('',#10056,#8222,#8223);
#6630=AXIS2_PLACEMENT_3D('',#10058,#8225,#8226);
#6631=AXIS2_PLACEMENT_3D('',#10064,#8230,#8231);
#6632=AXIS2_PLACEMENT_3D('',#10070,#8235,#8236);
#6633=AXIS2_PLACEMENT_3D('',#10072,#8237,#8238);
#6634=AXIS2_PLACEMENT_3D('',#10075,#8240,#8241);
#6635=AXIS2_PLACEMENT_3D('',#10076,#8242,#8243);
#6636=AXIS2_PLACEMENT_3D('',#10078,#8244,#8245);
#6637=AXIS2_PLACEMENT_3D('',#10081,#8247,#8248);
#6638=AXIS2_PLACEMENT_3D('',#10082,#8249,#8250);
#6639=AXIS2_PLACEMENT_3D('',#10085,#8251,#8252);
#6640=AXIS2_PLACEMENT_3D('',#10089,#8254,#8255);
#6641=AXIS2_PLACEMENT_3D('',#10091,#8257,#8258);
#6642=AXIS2_PLACEMENT_3D('',#10097,#8262,#8263);
#6643=AXIS2_PLACEMENT_3D('',#10099,#8264,#8265);
#6644=AXIS2_PLACEMENT_3D('',#10101,#8266,#8267);
#6645=AXIS2_PLACEMENT_3D('',#10103,#8269,#8270);
#6646=AXIS2_PLACEMENT_3D('',#10109,#8274,#8275);
#6647=AXIS2_PLACEMENT_3D('',#10111,#8276,#8277);
#6648=AXIS2_PLACEMENT_3D('',#10113,#8278,#8279);
#6649=AXIS2_PLACEMENT_3D('',#10115,#8281,#8282);
#6650=AXIS2_PLACEMENT_3D('',#10118,#8285,#8286);
#6651=AXIS2_PLACEMENT_3D('',#10124,#8290,#8291);
#6652=AXIS2_PLACEMENT_3D('',#10126,#8292,#8293);
#6653=AXIS2_PLACEMENT_3D('',#10129,#8295,#8296);
#6654=AXIS2_PLACEMENT_3D('',#10130,#8297,#8298);
#6655=AXIS2_PLACEMENT_3D('',#10133,#8299,#8300);
#6656=AXIS2_PLACEMENT_3D('',#10137,#8302,#8303);
#6657=AXIS2_PLACEMENT_3D('',#10139,#8305,#8306);
#6658=AXIS2_PLACEMENT_3D('',#10145,#8310,#8311);
#6659=AXIS2_PLACEMENT_3D('',#10147,#8312,#8313);
#6660=AXIS2_PLACEMENT_3D('',#10149,#8314,#8315);
#6661=AXIS2_PLACEMENT_3D('',#10151,#8317,#8318);
#6662=AXIS2_PLACEMENT_3D('',#10157,#8322,#8323);
#6663=AXIS2_PLACEMENT_3D('',#10159,#8324,#8325);
#6664=AXIS2_PLACEMENT_3D('',#10161,#8326,#8327);
#6665=AXIS2_PLACEMENT_3D('',#10163,#8329,#8330);
#6666=AXIS2_PLACEMENT_3D('',#10166,#8333,#8334);
#6667=AXIS2_PLACEMENT_3D('',#10172,#8338,#8339);
#6668=AXIS2_PLACEMENT_3D('',#10174,#8340,#8341);
#6669=AXIS2_PLACEMENT_3D('',#10177,#8343,#8344);
#6670=AXIS2_PLACEMENT_3D('',#10178,#8345,#8346);
#6671=AXIS2_PLACEMENT_3D('',#10181,#8347,#8348);
#6672=AXIS2_PLACEMENT_3D('',#10185,#8350,#8351);
#6673=AXIS2_PLACEMENT_3D('',#10187,#8353,#8354);
#6674=AXIS2_PLACEMENT_3D('',#10193,#8358,#8359);
#6675=AXIS2_PLACEMENT_3D('',#10195,#8360,#8361);
#6676=AXIS2_PLACEMENT_3D('',#10197,#8362,#8363);
#6677=AXIS2_PLACEMENT_3D('',#10199,#8365,#8366);
#6678=AXIS2_PLACEMENT_3D('',#10205,#8370,#8371);
#6679=AXIS2_PLACEMENT_3D('',#10207,#8372,#8373);
#6680=AXIS2_PLACEMENT_3D('',#10209,#8374,#8375);
#6681=AXIS2_PLACEMENT_3D('',#10211,#8377,#8378);
#6682=AXIS2_PLACEMENT_3D('',#10214,#8381,#8382);
#6683=AXIS2_PLACEMENT_3D('',#10220,#8386,#8387);
#6684=AXIS2_PLACEMENT_3D('',#10222,#8388,#8389);
#6685=AXIS2_PLACEMENT_3D('',#10225,#8391,#8392);
#6686=AXIS2_PLACEMENT_3D('',#10226,#8393,#8394);
#6687=AXIS2_PLACEMENT_3D('',#10229,#8395,#8396);
#6688=AXIS2_PLACEMENT_3D('',#10233,#8398,#8399);
#6689=AXIS2_PLACEMENT_3D('',#10235,#8401,#8402);
#6690=AXIS2_PLACEMENT_3D('',#10241,#8406,#8407);
#6691=AXIS2_PLACEMENT_3D('',#10243,#8408,#8409);
#6692=AXIS2_PLACEMENT_3D('',#10245,#8410,#8411);
#6693=AXIS2_PLACEMENT_3D('',#10247,#8413,#8414);
#6694=AXIS2_PLACEMENT_3D('',#10253,#8418,#8419);
#6695=AXIS2_PLACEMENT_3D('',#10255,#8420,#8421);
#6696=AXIS2_PLACEMENT_3D('',#10257,#8422,#8423);
#6697=AXIS2_PLACEMENT_3D('',#10259,#8425,#8426);
#6698=AXIS2_PLACEMENT_3D('',#10262,#8429,#8430);
#6699=AXIS2_PLACEMENT_3D('',#10268,#8434,#8435);
#6700=AXIS2_PLACEMENT_3D('',#10270,#8436,#8437);
#6701=AXIS2_PLACEMENT_3D('',#10273,#8439,#8440);
#6702=AXIS2_PLACEMENT_3D('',#10274,#8441,#8442);
#6703=AXIS2_PLACEMENT_3D('',#10277,#8443,#8444);
#6704=AXIS2_PLACEMENT_3D('',#10281,#8446,#8447);
#6705=AXIS2_PLACEMENT_3D('',#10283,#8449,#8450);
#6706=AXIS2_PLACEMENT_3D('',#10289,#8454,#8455);
#6707=AXIS2_PLACEMENT_3D('',#10291,#8456,#8457);
#6708=AXIS2_PLACEMENT_3D('',#10293,#8458,#8459);
#6709=AXIS2_PLACEMENT_3D('',#10295,#8461,#8462);
#6710=AXIS2_PLACEMENT_3D('',#10301,#8466,#8467);
#6711=AXIS2_PLACEMENT_3D('',#10303,#8468,#8469);
#6712=AXIS2_PLACEMENT_3D('',#10305,#8470,#8471);
#6713=AXIS2_PLACEMENT_3D('',#10307,#8473,#8474);
#6714=AXIS2_PLACEMENT_3D('',#10310,#8477,#8478);
#6715=AXIS2_PLACEMENT_3D('',#10316,#8482,#8483);
#6716=AXIS2_PLACEMENT_3D('',#10318,#8484,#8485);
#6717=AXIS2_PLACEMENT_3D('',#10321,#8487,#8488);
#6718=AXIS2_PLACEMENT_3D('',#10322,#8489,#8490);
#6719=AXIS2_PLACEMENT_3D('',#10325,#8491,#8492);
#6720=AXIS2_PLACEMENT_3D('',#10329,#8494,#8495);
#6721=AXIS2_PLACEMENT_3D('',#10331,#8497,#8498);
#6722=AXIS2_PLACEMENT_3D('',#10337,#8502,#8503);
#6723=AXIS2_PLACEMENT_3D('',#10339,#8504,#8505);
#6724=AXIS2_PLACEMENT_3D('',#10341,#8506,#8507);
#6725=AXIS2_PLACEMENT_3D('',#10343,#8509,#8510);
#6726=AXIS2_PLACEMENT_3D('',#10349,#8514,#8515);
#6727=AXIS2_PLACEMENT_3D('',#10351,#8516,#8517);
#6728=AXIS2_PLACEMENT_3D('',#10353,#8518,#8519);
#6729=AXIS2_PLACEMENT_3D('',#10355,#8521,#8522);
#6730=AXIS2_PLACEMENT_3D('',#10358,#8525,#8526);
#6731=AXIS2_PLACEMENT_3D('',#10364,#8530,#8531);
#6732=AXIS2_PLACEMENT_3D('',#10366,#8532,#8533);
#6733=AXIS2_PLACEMENT_3D('',#10369,#8535,#8536);
#6734=AXIS2_PLACEMENT_3D('',#10370,#8537,#8538);
#6735=AXIS2_PLACEMENT_3D('',#10373,#8539,#8540);
#6736=AXIS2_PLACEMENT_3D('',#10377,#8542,#8543);
#6737=AXIS2_PLACEMENT_3D('',#10379,#8545,#8546);
#6738=AXIS2_PLACEMENT_3D('',#10385,#8550,#8551);
#6739=AXIS2_PLACEMENT_3D('',#10387,#8552,#8553);
#6740=AXIS2_PLACEMENT_3D('',#10389,#8554,#8555);
#6741=AXIS2_PLACEMENT_3D('',#10391,#8557,#8558);
#6742=AXIS2_PLACEMENT_3D('',#10397,#8562,#8563);
#6743=AXIS2_PLACEMENT_3D('',#10399,#8564,#8565);
#6744=AXIS2_PLACEMENT_3D('',#10401,#8566,#8567);
#6745=AXIS2_PLACEMENT_3D('',#10403,#8569,#8570);
#6746=AXIS2_PLACEMENT_3D('',#10406,#8573,#8574);
#6747=AXIS2_PLACEMENT_3D('',#10409,#8577,#8578);
#6748=AXIS2_PLACEMENT_3D('',#10411,#8579,#8580);
#6749=AXIS2_PLACEMENT_3D('',#10414,#8582,#8583);
#6750=AXIS2_PLACEMENT_3D('',#10415,#8584,#8585);
#6751=AXIS2_PLACEMENT_3D('',#10417,#8586,#8587);
#6752=AXIS2_PLACEMENT_3D('',#10418,#8588,#8589);
#6753=AXIS2_PLACEMENT_3D('',#10420,#8590,#8591);
#6754=AXIS2_PLACEMENT_3D('',#10423,#8593,#8594);
#6755=AXIS2_PLACEMENT_3D('',#10424,#8595,#8596);
#6756=AXIS2_PLACEMENT_3D('',#10425,#8597,#8598);
#6757=AXIS2_PLACEMENT_3D('',#10427,#8599,#8600);
#6758=AXIS2_PLACEMENT_3D('',#10428,#8601,#8602);
#6759=AXIS2_PLACEMENT_3D('',#10430,#8604,#8605);
#6760=AXIS2_PLACEMENT_3D('',#10433,#8607,#8608);
#6761=AXIS2_PLACEMENT_3D('',#10434,#8609,#8610);
#6762=AXIS2_PLACEMENT_3D('',#10436,#8611,#8612);
#6763=AXIS2_PLACEMENT_3D('',#10437,#8613,#8614);
#6764=AXIS2_PLACEMENT_3D('',#10439,#8616,#8617);
#6765=AXIS2_PLACEMENT_3D('',#10440,#8618,#8619);
#6766=DIRECTION('axis',(0.,0.,1.));
#6767=DIRECTION('refdir',(1.,0.,0.));
#6768=DIRECTION('axis',(0.,0.,1.));
#6769=DIRECTION('refdir',(1.,0.,0.));
#6770=DIRECTION('axis',(0.,0.,1.));
#6771=DIRECTION('refdir',(1.,0.,0.));
#6772=DIRECTION('center_axis',(0.,0.,-1.));
#6773=DIRECTION('ref_axis',(0.196078431372549,0.980588215690195,0.));
#6774=DIRECTION('center_axis',(-5.4019691506805E-31,-1.38777878078139E-17,
1.));
#6775=DIRECTION('ref_axis',(0.196078431372549,0.980588215690195,1.36083951841914E-17));
#6776=DIRECTION('',(0.,0.,-1.));
#6777=DIRECTION('center_axis',(5.4019691506805E-31,1.38777878078139E-17,
-1.));
#6778=DIRECTION('ref_axis',(0.196078431372549,0.980588215690195,1.36083951841914E-17));
#6779=DIRECTION('',(0.,0.,-1.));
#6780=DIRECTION('center_axis',(-1.,-3.96154667869556E-15,0.));
#6781=DIRECTION('ref_axis',(-3.96154667869556E-15,1.,1.38777878078139E-17));
#6782=DIRECTION('',(3.96154667869556E-15,-1.,-1.38777878078139E-17));
#6783=DIRECTION('',(-3.96154667869556E-15,1.,1.38777878078139E-17));
#6784=DIRECTION('',(0.,0.,-1.));
#6785=DIRECTION('center_axis',(0.,0.,-1.));
#6786=DIRECTION('ref_axis',(0.674234703942432,0.738517138595754,0.));
#6787=DIRECTION('center_axis',(5.59006981461245E-31,1.38777878078138E-17,
-1.));
#6788=DIRECTION('ref_axis',(0.674234703942432,0.738517138595754,1.02489841418661E-17));
#6789=DIRECTION('center_axis',(-5.59006981461245E-31,-1.38777878078138E-17,
1.));
#6790=DIRECTION('ref_axis',(0.674234703942432,0.738517138595754,1.02489841418661E-17));
#6791=DIRECTION('',(0.,0.,-1.));
#6792=DIRECTION('center_axis',(0.707106781186547,-0.707106781186548,0.));
#6793=DIRECTION('ref_axis',(-0.707106781186548,-0.707106781186547,-9.81307786677363E-18));
#6794=DIRECTION('',(0.707106781186548,0.707106781186547,9.81307786677363E-18));
#6795=DIRECTION('',(-0.707106781186548,-0.707106781186547,-9.81307786677363E-18));
#6796=DIRECTION('',(0.,0.,-1.));
#6797=DIRECTION('center_axis',(0.,0.,-1.));
#6798=DIRECTION('ref_axis',(0.678833175119244,0.734292530506423,0.));
#6799=DIRECTION('center_axis',(-5.23232636048505E-31,-1.38777878078139E-17,
1.));
#6800=DIRECTION('ref_axis',(0.678833175119244,0.734292530506423,1.01903559272312E-17));
#6801=DIRECTION('center_axis',(5.23232636048505E-31,1.38777878078139E-17,
-1.));
#6802=DIRECTION('ref_axis',(0.678833175119244,0.734292530506423,1.01903559272312E-17));
#6803=DIRECTION('',(0.,0.,-1.));
#6804=DIRECTION('center_axis',(0.707106781186548,-0.707106781186547,0.));
#6805=DIRECTION('ref_axis',(-0.707106781186547,-0.707106781186548,-9.81307786677296E-18));
#6806=DIRECTION('',(0.707106781186547,0.707106781186548,9.81307786677296E-18));
#6807=DIRECTION('',(-0.707106781186547,-0.707106781186548,-9.81307786677296E-18));
#6808=DIRECTION('',(0.,0.,-1.));
#6809=DIRECTION('center_axis',(0.,0.,-1.));
#6810=DIRECTION('ref_axis',(0.823885712069298,0.566755973456007,0.));
#6811=DIRECTION('center_axis',(5.60885322712018E-31,1.38777878078138E-17,
-1.));
#6812=DIRECTION('ref_axis',(0.823885712069298,0.566755973456007,7.8653191384339E-18));
#6813=DIRECTION('center_axis',(-5.60885322712018E-31,-1.38777878078138E-17,
1.));
#6814=DIRECTION('ref_axis',(0.823885712069298,0.566755973456007,7.8653191384339E-18));
#6815=DIRECTION('',(0.,0.,-1.));
#6816=DIRECTION('center_axis',(-0.707106781186547,0.707106781186548,0.));
#6817=DIRECTION('ref_axis',(0.707106781186548,0.707106781186547,9.81307786677393E-18));
#6818=DIRECTION('',(-0.707106781186548,-0.707106781186547,-9.81307786677393E-18));
#6819=DIRECTION('',(0.707106781186548,0.707106781186547,9.81307786677393E-18));
#6820=DIRECTION('',(0.,0.,-1.));
#6821=DIRECTION('center_axis',(0.,0.,-1.));
#6822=DIRECTION('ref_axis',(0.832028965334105,0.554732188398203,0.));
#6823=DIRECTION('center_axis',(-5.13452855868582E-31,-1.38777878078138E-17,
1.));
#6824=DIRECTION('ref_axis',(0.832028965334105,0.554732188398203,7.6984556007549E-18));
#6825=DIRECTION('center_axis',(5.13452855868582E-31,1.38777878078138E-17,
-1.));
#6826=DIRECTION('ref_axis',(0.832028965334105,0.554732188398203,7.6984556007549E-18));
#6827=DIRECTION('',(0.,0.,-1.));
#6828=DIRECTION('center_axis',(-0.707106781186552,0.707106781186543,0.));
#6829=DIRECTION('ref_axis',(0.707106781186543,0.707106781186552,9.81307786677404E-18));
#6830=DIRECTION('',(-0.707106781186543,-0.707106781186552,-9.81307786677404E-18));
#6831=DIRECTION('',(0.707106781186543,0.707106781186552,9.81307786677404E-18));
#6832=DIRECTION('',(0.,0.,-1.));
#6833=DIRECTION('center_axis',(0.,0.,-1.));
#6834=DIRECTION('ref_axis',(0.998966407992541,0.0454545454545451,0.));
#6835=DIRECTION('center_axis',(5.45423360250465E-31,1.38777878078138E-17,
-1.));
#6836=DIRECTION('ref_axis',(0.998966407992541,0.0454545454545451,6.30808536719347E-19));
#6837=DIRECTION('center_axis',(-5.45423360250465E-31,-1.38777878078138E-17,
1.));
#6838=DIRECTION('ref_axis',(0.998966407992541,0.0454545454545451,6.30808536719347E-19));
#6839=DIRECTION('',(0.,0.,-1.));
#6840=DIRECTION('center_axis',(-1.18846400360866E-15,-1.,0.));
#6841=DIRECTION('ref_axis',(-1.,1.18846400360866E-15,-2.13781189040033E-31));
#6842=DIRECTION('',(1.,-1.18846400360866E-15,2.13781189040033E-31));
#6843=DIRECTION('',(-1.,1.18846400360866E-15,-2.13781189040033E-31));
#6844=DIRECTION('',(0.,0.,-1.));
#6845=DIRECTION('center_axis',(0.,0.,-1.));
#6846=DIRECTION('ref_axis',(0.999230769116934,0.0392156862745093,0.));
#6847=DIRECTION('center_axis',(-4.9503268576129E-31,-1.38777878078139E-17,
1.));
#6848=DIRECTION('ref_axis',(0.999230769116934,0.0392156862745093,5.44226972855937E-19));
#6849=DIRECTION('center_axis',(4.9503268576129E-31,1.38777878078139E-17,
-1.));
#6850=DIRECTION('ref_axis',(0.999230769116934,0.0392156862745093,5.44226972855937E-19));
#6851=DIRECTION('',(0.,0.,-1.));
#6852=DIRECTION('center_axis',(1.362815365434E-15,-1.,0.));
#6853=DIRECTION('ref_axis',(-1.,-1.362815365434E-15,1.11281352376063E-30));
#6854=DIRECTION('',(1.,1.362815365434E-15,-1.11281352376063E-30));
#6855=DIRECTION('',(-1.,-1.362815365434E-15,1.11281352376063E-30));
#6856=DIRECTION('',(0.,0.,-1.));
#6857=DIRECTION('center_axis',(0.,0.,-1.));
#6858=DIRECTION('ref_axis',(0.983332166035633,-0.181818181818182,0.));
#6859=DIRECTION('center_axis',(5.42201804707127E-31,1.38777878078139E-17,
-1.));
#6860=DIRECTION('ref_axis',(0.983332166035633,-0.181818181818182,-2.52323414687472E-18));
#6861=DIRECTION('center_axis',(-5.42201804707127E-31,-1.38777878078139E-17,
1.));
#6862=DIRECTION('ref_axis',(0.983332166035633,-0.181818181818182,-2.52323414687472E-18));
#6863=DIRECTION('',(0.,0.,-1.));
#6864=DIRECTION('center_axis',(-2.725630730868E-15,1.,0.));
#6865=DIRECTION('ref_axis',(1.,2.725630730868E-15,1.84701797437184E-30));
#6866=DIRECTION('',(-1.,-2.725630730868E-15,-1.84701797437184E-30));
#6867=DIRECTION('',(1.,2.725630730868E-15,1.84701797437184E-30));
#6868=DIRECTION('',(0.,0.,-1.));
#6869=DIRECTION('center_axis',(0.,0.,-1.));
#6870=DIRECTION('ref_axis',(0.980588215690195,-0.19607843137255,0.));
#6871=DIRECTION('center_axis',(-4.56871142613436E-31,-1.3877787807814E-17,
1.));
#6872=DIRECTION('ref_axis',(0.980588215690195,-0.19607843137255,-2.72113486427681E-18));
#6873=DIRECTION('center_axis',(4.56871142613436E-31,1.3877787807814E-17,
-1.));
#6874=DIRECTION('ref_axis',(0.980588215690195,-0.19607843137255,-2.72113486427681E-18));
#6875=DIRECTION('',(0.,0.,-1.));
#6876=DIRECTION('center_axis',(-3.96154667869556E-15,1.,0.));
#6877=DIRECTION('ref_axis',(1.,3.96154667869556E-15,3.87638853638555E-31));
#6878=DIRECTION('',(-1.,-3.96154667869556E-15,-3.87638853638555E-31));
#6879=DIRECTION('',(1.,3.96154667869556E-15,3.87638853638555E-31));
#6880=DIRECTION('',(0.,0.,-1.));
#6881=DIRECTION('center_axis',(0.,0.,-1.));
#6882=DIRECTION('ref_axis',(0.738517138595754,-0.674234703942432,0.));
#6883=DIRECTION('center_axis',(6.02887005761298E-31,1.38777878078138E-17,
-1.));
#6884=DIRECTION('ref_axis',(0.738517138595754,-0.674234703942432,-9.35688615397681E-18));
#6885=DIRECTION('center_axis',(-6.02887005761298E-31,-1.38777878078138E-17,
1.));
#6886=DIRECTION('ref_axis',(0.738517138595754,-0.674234703942432,-9.35688615397681E-18));
#6887=DIRECTION('',(0.,0.,-1.));
#6888=DIRECTION('center_axis',(-0.707106781186548,-0.707106781186547,0.));
#6889=DIRECTION('ref_axis',(-0.707106781186547,0.707106781186548,9.81307786677205E-18));
#6890=DIRECTION('',(0.707106781186547,-0.707106781186548,-9.81307786677205E-18));
#6891=DIRECTION('',(-0.707106781186547,0.707106781186548,9.81307786677205E-18));
#6892=DIRECTION('',(0.,0.,-1.));
#6893=DIRECTION('center_axis',(0.,0.,-1.));
#6894=DIRECTION('ref_axis',(0.734292530506423,-0.678833175119244,0.));
#6895=DIRECTION('center_axis',(-6.3126862239565E-31,-1.38777878078137E-17,
1.));
#6896=DIRECTION('ref_axis',(0.734292530506423,-0.678833175119244,-9.42070276120885E-18));
#6897=DIRECTION('center_axis',(6.3126862239565E-31,1.38777878078137E-17,
-1.));
#6898=DIRECTION('ref_axis',(0.734292530506423,-0.678833175119244,-9.42070276120885E-18));
#6899=DIRECTION('',(0.,0.,-1.));
#6900=DIRECTION('center_axis',(-0.707106781186548,-0.707106781186548,0.));
#6901=DIRECTION('ref_axis',(-0.707106781186548,0.707106781186548,9.81307786677251E-18));
#6902=DIRECTION('',(0.707106781186547,-0.707106781186547,-9.81307786677251E-18));
#6903=DIRECTION('',(-0.707106781186547,0.707106781186547,9.81307786677251E-18));
#6904=DIRECTION('',(0.,0.,-1.));
#6905=DIRECTION('center_axis',(0.,0.,-1.));
#6906=DIRECTION('ref_axis',(0.566755973456007,-0.823885712069298,0.));
#6907=DIRECTION('center_axis',(5.128743959041E-31,1.38777878078138E-17,
-1.));
#6908=DIRECTION('ref_axis',(0.566755973456007,-0.823885712069298,-1.1433711089987E-17));
#6909=DIRECTION('center_axis',(-5.128743959041E-31,-1.38777878078138E-17,
1.));
#6910=DIRECTION('ref_axis',(0.566755973456007,-0.823885712069298,-1.1433711089987E-17));
#6911=DIRECTION('',(0.,0.,-1.));
#6912=DIRECTION('center_axis',(0.707106781186544,0.707106781186551,0.));
#6913=DIRECTION('ref_axis',(0.707106781186551,-0.707106781186544,-9.81307786677278E-18));
#6914=DIRECTION('',(-0.707106781186551,0.707106781186544,9.81307786677278E-18));
#6915=DIRECTION('',(0.707106781186551,-0.707106781186544,-9.81307786677278E-18));
#6916=DIRECTION('',(0.,0.,-1.));
#6917=DIRECTION('center_axis',(0.,0.,-1.));
#6918=DIRECTION('ref_axis',(0.554732188398203,-0.832028965334105,0.));
#6919=DIRECTION('center_axis',(-5.14307769735092E-31,-1.38777878078138E-17,
1.));
#6920=DIRECTION('ref_axis',(0.554732188398203,-0.832028965334105,-1.15467214308613E-17));
#6921=DIRECTION('center_axis',(5.14307769735092E-31,1.38777878078138E-17,
-1.));
#6922=DIRECTION('ref_axis',(0.554732188398203,-0.832028965334105,-1.15467214308613E-17));
#6923=DIRECTION('',(0.,0.,-1.));
#6924=DIRECTION('center_axis',(0.707106781186542,0.707106781186553,0.));
#6925=DIRECTION('ref_axis',(0.707106781186553,-0.707106781186542,-9.81307786677371E-18));
#6926=DIRECTION('',(-0.707106781186553,0.707106781186542,9.81307786677371E-18));
#6927=DIRECTION('',(0.707106781186553,-0.707106781186542,-9.81307786677371E-18));
#6928=DIRECTION('',(0.,0.,-1.));
#6929=DIRECTION('center_axis',(0.,0.,-1.));
#6930=DIRECTION('ref_axis',(0.0454545454545454,-0.998966407992541,0.));
#6931=DIRECTION('center_axis',(5.50709415874673E-31,1.38777878078139E-17,
-1.));
#6932=DIRECTION('ref_axis',(0.0454545454545454,-0.998966407992541,-1.38634438372545E-17));
#6933=DIRECTION('center_axis',(-5.50709415874673E-31,-1.38777878078139E-17,
1.));
#6934=DIRECTION('ref_axis',(0.0454545454545454,-0.998966407992541,-1.38634438372545E-17));
#6935=DIRECTION('',(0.,0.,-1.));
#6936=DIRECTION('center_axis',(-1.,3.16923734295643E-15,0.));
#6937=DIRECTION('ref_axis',(3.16923734295643E-15,1.,1.38777878078144E-17));
#6938=DIRECTION('',(-3.16923734295643E-15,-1.,-1.38777878078144E-17));
#6939=DIRECTION('',(3.16923734295643E-15,1.,1.38777878078144E-17));
#6940=DIRECTION('',(0.,0.,-1.));
#6941=DIRECTION('center_axis',(0.,0.,-1.));
#6942=DIRECTION('ref_axis',(0.0392156862745093,-0.999230769116934,0.));
#6943=DIRECTION('center_axis',(-5.42470340290316E-31,-1.38777878078139E-17,
1.));
#6944=DIRECTION('ref_axis',(0.0392156862745093,-0.999230769116934,-1.38671125848435E-17));
#6945=DIRECTION('center_axis',(5.42470340290316E-31,1.38777878078139E-17,
-1.));
#6946=DIRECTION('ref_axis',(0.0392156862745093,-0.999230769116934,-1.38671125848435E-17));
#6947=DIRECTION('',(0.,0.,-1.));
#6948=DIRECTION('center_axis',(-1.,6.81407682716999E-16,0.));
#6949=DIRECTION('ref_axis',(6.81407682716999E-16,1.,1.38777878078138E-17));
#6950=DIRECTION('',(-6.81407682716999E-16,-1.,-1.38777878078138E-17));
#6951=DIRECTION('',(6.81407682716999E-16,1.,1.38777878078138E-17));
#6952=DIRECTION('',(0.,0.,-1.));
#6953=DIRECTION('center_axis',(0.,0.,-1.));
#6954=DIRECTION('ref_axis',(-0.181818181818182,-0.983332166035633,0.));
#6955=DIRECTION('center_axis',(5.82844129161344E-31,1.38777878078139E-17,
-1.));
#6956=DIRECTION('ref_axis',(-0.181818181818182,-0.983332166035633,-1.36464751448406E-17));
#6957=DIRECTION('center_axis',(-5.82844129161344E-31,-1.38777878078139E-17,
1.));
#6958=DIRECTION('ref_axis',(-0.181818181818182,-0.983332166035633,-1.36464751448406E-17));
#6959=DIRECTION('',(0.,0.,-1.));
#6960=DIRECTION('center_axis',(1.,6.81407682717004E-15,0.));
#6961=DIRECTION('ref_axis',(6.81407682717004E-15,-1.,-1.38777878078129E-17));
#6962=DIRECTION('',(-6.81407682717004E-15,1.,1.38777878078129E-17));
#6963=DIRECTION('',(6.81407682717004E-15,-1.,-1.38777878078129E-17));
#6964=DIRECTION('',(0.,0.,-1.));
#6965=DIRECTION('center_axis',(0.,0.,-1.));
#6966=DIRECTION('ref_axis',(-0.19607843137255,-0.980588215690195,0.));
#6967=DIRECTION('center_axis',(-5.50920644157443E-31,-1.38777878078139E-17,
1.));
#6968=DIRECTION('ref_axis',(-0.19607843137255,-0.980588215690195,-1.36083951841915E-17));
#6969=DIRECTION('center_axis',(5.50920644157443E-31,1.38777878078139E-17,
-1.));
#6970=DIRECTION('ref_axis',(-0.19607843137255,-0.980588215690195,-1.36083951841915E-17));
#6971=DIRECTION('',(0.,0.,-1.));
#6972=DIRECTION('center_axis',(1.,7.130784021652E-15,0.));
#6973=DIRECTION('ref_axis',(7.130784021652E-15,-1.,-1.38777878078139E-17));
#6974=DIRECTION('',(-7.130784021652E-15,1.,1.38777878078139E-17));
#6975=DIRECTION('',(7.130784021652E-15,-1.,-1.38777878078139E-17));
#6976=DIRECTION('',(0.,0.,-1.));
#6977=DIRECTION('center_axis',(0.,0.,-1.));
#6978=DIRECTION('ref_axis',(-0.674234703942432,-0.738517138595754,0.));
#6979=DIRECTION('center_axis',(5.59006981461245E-31,1.38777878078138E-17,
-1.));
#6980=DIRECTION('ref_axis',(-0.674234703942432,-0.738517138595754,-1.02489841418661E-17));
#6981=DIRECTION('center_axis',(-5.59006981461245E-31,-1.38777878078138E-17,
1.));
#6982=DIRECTION('ref_axis',(-0.674234703942432,-0.738517138595754,-1.02489841418661E-17));
#6983=DIRECTION('',(0.,0.,-1.));
#6984=DIRECTION('center_axis',(-0.707106781186546,0.707106781186549,0.));
#6985=DIRECTION('ref_axis',(0.707106781186549,0.707106781186546,9.81307786677465E-18));
#6986=DIRECTION('',(-0.707106781186549,-0.707106781186546,-9.81307786677465E-18));
#6987=DIRECTION('',(0.707106781186549,0.707106781186546,9.81307786677465E-18));
#6988=DIRECTION('',(0.,0.,-1.));
#6989=DIRECTION('center_axis',(0.,0.,-1.));
#6990=DIRECTION('ref_axis',(-0.678833175119244,-0.734292530506423,0.));
#6991=DIRECTION('center_axis',(-6.19370733627449E-31,-1.3877787807814E-17,
1.));
#6992=DIRECTION('ref_axis',(-0.678833175119244,-0.734292530506423,-1.01903559272313E-17));
#6993=DIRECTION('center_axis',(6.19370733627449E-31,1.3877787807814E-17,
-1.));
#6994=DIRECTION('ref_axis',(-0.678833175119244,-0.734292530506423,-1.01903559272313E-17));
#6995=DIRECTION('',(0.,0.,-1.));
#6996=DIRECTION('center_axis',(-0.707106781186545,0.70710678118655,0.));
#6997=DIRECTION('ref_axis',(0.70710678118655,0.707106781186545,9.81307786677292E-18));
#6998=DIRECTION('',(-0.70710678118655,-0.707106781186545,-9.81307786677292E-18));
#6999=DIRECTION('',(0.70710678118655,0.707106781186545,9.81307786677292E-18));
#7000=DIRECTION('',(0.,0.,-1.));
#7001=DIRECTION('center_axis',(0.,0.,-1.));
#7002=DIRECTION('ref_axis',(-0.823885712069298,-0.566755973456007,0.));
#7003=DIRECTION('center_axis',(5.60885322712018E-31,1.38777878078138E-17,
-1.));
#7004=DIRECTION('ref_axis',(-0.823885712069298,-0.566755973456007,-7.8653191384339E-18));
#7005=DIRECTION('center_axis',(-5.60885322712018E-31,-1.38777878078138E-17,
1.));
#7006=DIRECTION('ref_axis',(-0.823885712069298,-0.566755973456007,-7.8653191384339E-18));
#7007=DIRECTION('',(0.,0.,-1.));
#7008=DIRECTION('center_axis',(0.70710678118655,-0.707106781186545,0.));
#7009=DIRECTION('ref_axis',(-0.707106781186545,-0.70710678118655,-9.81307786677279E-18));
#7010=DIRECTION('',(0.707106781186545,0.70710678118655,9.81307786677279E-18));
#7011=DIRECTION('',(-0.707106781186545,-0.70710678118655,-9.81307786677279E-18));
#7012=DIRECTION('',(0.,0.,-1.));
#7013=DIRECTION('center_axis',(0.,0.,-1.));
#7014=DIRECTION('ref_axis',(-0.832028965334105,-0.554732188398203,0.));
#7015=DIRECTION('center_axis',(-5.90796715150383E-31,-1.38777878078139E-17,
1.));
#7016=DIRECTION('ref_axis',(-0.832028965334105,-0.554732188398203,-7.698455600755E-18));
#7017=DIRECTION('center_axis',(5.90796715150383E-31,1.38777878078139E-17,
-1.));
#7018=DIRECTION('ref_axis',(-0.832028965334105,-0.554732188398203,-7.698455600755E-18));
#7019=DIRECTION('',(0.,0.,-1.));
#7020=DIRECTION('center_axis',(0.707106781186552,-0.707106781186543,0.));
#7021=DIRECTION('ref_axis',(-0.707106781186543,-0.707106781186552,-9.81307786677412E-18));
#7022=DIRECTION('',(0.707106781186543,0.707106781186552,9.81307786677412E-18));
#7023=DIRECTION('',(-0.707106781186543,-0.707106781186552,-9.81307786677412E-18));
#7024=DIRECTION('',(0.,0.,-1.));
#7025=DIRECTION('center_axis',(0.,0.,-1.));
#7026=DIRECTION('ref_axis',(-0.998966407992541,-0.0454545454545453,0.));
#7027=DIRECTION('center_axis',(5.45423360250465E-31,1.38777878078138E-17,
-1.));
#7028=DIRECTION('ref_axis',(-0.998966407992541,-0.0454545454545453,-6.3080853671935E-19));
#7029=DIRECTION('center_axis',(-5.45423360250465E-31,-1.38777878078138E-17,
1.));
#7030=DIRECTION('ref_axis',(-0.998966407992541,-0.0454545454545453,-6.3080853671935E-19));
#7031=DIRECTION('',(0.,0.,-1.));
#7032=DIRECTION('center_axis',(1.58461867147822E-15,1.,0.));
#7033=DIRECTION('ref_axis',(1.,-1.58461867147822E-15,1.95666101406896E-31));
#7034=DIRECTION('',(-1.,1.58461867147822E-15,-1.95666101406896E-31));
#7035=DIRECTION('',(1.,-1.58461867147822E-15,1.95666101406896E-31));
#7036=DIRECTION('',(0.,0.,-1.));
#7037=DIRECTION('center_axis',(0.,0.,-1.));
#7038=DIRECTION('ref_axis',(-0.999230769116934,-0.0392156862745094,0.));
#7039=DIRECTION('center_axis',(-4.93300682147654E-31,-1.38777878078139E-17,
1.));
#7040=DIRECTION('ref_axis',(-0.999230769116934,-0.0392156862745094,-5.44226972855937E-19));
#7041=DIRECTION('center_axis',(4.93300682147654E-31,1.38777878078139E-17,
-1.));
#7042=DIRECTION('ref_axis',(-0.999230769116934,-0.0392156862745094,-5.44226972855937E-19));
#7043=DIRECTION('',(0.,0.,-1.));
#7044=DIRECTION('center_axis',(-1.42981039071308E-30,1.,0.));
#7045=DIRECTION('ref_axis',(1.,1.42981039071308E-30,1.10257041107734E-30));
#7046=DIRECTION('',(-1.,-1.42981039071308E-30,-1.10257041107734E-30));
#7047=DIRECTION('',(1.,1.42981039071308E-30,1.10257041107734E-30));
#7048=DIRECTION('',(0.,0.,-1.));
#7049=DIRECTION('center_axis',(0.,0.,-1.));
#7050=DIRECTION('ref_axis',(-0.983332166035633,0.181818181818182,0.));
#7051=DIRECTION('center_axis',(5.42201804707127E-31,1.38777878078139E-17,
-1.));
#7052=DIRECTION('ref_axis',(-0.983332166035633,0.181818181818182,2.52323414687472E-18));
#7053=DIRECTION('center_axis',(-5.42201804707127E-31,-1.38777878078139E-17,
1.));
#7054=DIRECTION('ref_axis',(-0.983332166035633,0.181818181818182,2.52323414687472E-18));
#7055=DIRECTION('',(0.,0.,-1.));
#7056=DIRECTION('center_axis',(3.74774225494352E-15,-1.,0.));
#7057=DIRECTION('ref_axis',(-1.,-3.74774225494352E-15,5.40541782922213E-31));
#7058=DIRECTION('',(1.,3.74774225494352E-15,-5.40541782922213E-31));
#7059=DIRECTION('',(-1.,-3.74774225494352E-15,5.40541782922213E-31));
#7060=DIRECTION('',(0.,0.,-1.));
#7061=DIRECTION('center_axis',(0.,0.,-1.));
#7062=DIRECTION('ref_axis',(-0.980588215690195,0.196078431372549,0.));
#7063=DIRECTION('center_axis',(-6.44970145701451E-31,-1.38777878078139E-17,
1.));
#7064=DIRECTION('ref_axis',(-0.980588215690195,0.196078431372549,2.72113486427661E-18));
#7065=DIRECTION('center_axis',(6.44970145701451E-31,1.38777878078139E-17,
-1.));
#7066=DIRECTION('ref_axis',(-0.980588215690195,0.196078431372549,2.72113486427661E-18));
#7067=DIRECTION('',(0.,0.,-1.));
#7068=DIRECTION('center_axis',(3.16923734295645E-15,-1.,0.));
#7069=DIRECTION('ref_axis',(-1.,-3.16923734295645E-15,-4.11333315956196E-31));
#7070=DIRECTION('',(1.,3.16923734295645E-15,4.11333315956196E-31));
#7071=DIRECTION('',(-1.,-3.16923734295645E-15,-4.11333315956196E-31));
#7072=DIRECTION('',(0.,0.,-1.));
#7073=DIRECTION('center_axis',(0.,0.,-1.));
#7074=DIRECTION('ref_axis',(-0.738517138595755,0.674234703942432,0.));
#7075=DIRECTION('center_axis',(5.51189358830878E-31,1.38777878078139E-17,
-1.));
#7076=DIRECTION('ref_axis',(-0.738517138595755,0.674234703942432,9.35688615397687E-18));
#7077=DIRECTION('center_axis',(-5.51189358830878E-31,-1.38777878078139E-17,
1.));
#7078=DIRECTION('ref_axis',(-0.738517138595755,0.674234703942432,9.35688615397687E-18));
#7079=DIRECTION('',(0.,0.,-1.));
#7080=DIRECTION('center_axis',(0.707106781186548,0.707106781186547,0.));
#7081=DIRECTION('ref_axis',(0.707106781186547,-0.707106781186548,-9.81307786677306E-18));
#7082=DIRECTION('',(-0.707106781186547,0.707106781186548,9.81307786677306E-18));
#7083=DIRECTION('',(0.707106781186547,-0.707106781186548,-9.81307786677306E-18));
#7084=DIRECTION('',(0.,0.,-1.));
#7085=DIRECTION('center_axis',(0.,0.,-1.));
#7086=DIRECTION('ref_axis',(-0.734292530506423,0.678833175119244,0.));
#7087=DIRECTION('center_axis',(-4.86540403484158E-31,-1.38777878078139E-17,
1.));
#7088=DIRECTION('ref_axis',(-0.734292530506423,0.678833175119244,9.42070276120905E-18));
#7089=DIRECTION('center_axis',(4.86540403484158E-31,1.38777878078139E-17,
-1.));
#7090=DIRECTION('ref_axis',(-0.734292530506423,0.678833175119244,9.42070276120905E-18));
#7091=DIRECTION('',(0.,0.,-1.));
#7092=DIRECTION('center_axis',(0.707106781186548,0.707106781186547,0.));
#7093=DIRECTION('ref_axis',(0.707106781186547,-0.707106781186548,-9.81307786677309E-18));
#7094=DIRECTION('',(-0.707106781186547,0.707106781186548,9.81307786677309E-18));
#7095=DIRECTION('',(0.707106781186547,-0.707106781186548,-9.81307786677309E-18));
#7096=DIRECTION('',(0.,0.,-1.));
#7097=DIRECTION('center_axis',(0.,0.,-1.));
#7098=DIRECTION('ref_axis',(-0.566755973456007,0.823885712069298,0.));
#7099=DIRECTION('center_axis',(5.11604998973198E-31,1.38777878078138E-17,
-1.));
#7100=DIRECTION('ref_axis',(-0.566755973456007,0.823885712069298,1.1433711089987E-17));
#7101=DIRECTION('center_axis',(-5.11604998973198E-31,-1.38777878078138E-17,
1.));
#7102=DIRECTION('ref_axis',(-0.566755973456007,0.823885712069298,1.1433711089987E-17));
#7103=DIRECTION('',(0.,0.,-1.));
#7104=DIRECTION('center_axis',(-0.707106781186549,-0.707106781186546,0.));
#7105=DIRECTION('ref_axis',(-0.707106781186546,0.707106781186549,9.81307786677275E-18));
#7106=DIRECTION('',(0.707106781186546,-0.707106781186549,-9.81307786677275E-18));
#7107=DIRECTION('',(-0.707106781186546,0.707106781186549,9.81307786677275E-18));
#7108=DIRECTION('',(0.,0.,-1.));
#7109=DIRECTION('center_axis',(0.,0.,-1.));
#7110=DIRECTION('ref_axis',(-0.554732188398203,0.832028965334104,0.));
#7111=DIRECTION('center_axis',(-5.90796715150383E-31,-1.38777878078139E-17,
1.));
#7112=DIRECTION('ref_axis',(-0.554732188398203,0.832028965334104,1.15467214308613E-17));
#7113=DIRECTION('center_axis',(5.90796715150383E-31,1.38777878078139E-17,
-1.));
#7114=DIRECTION('ref_axis',(-0.554732188398203,0.832028965334104,1.15467214308613E-17));
#7115=DIRECTION('',(0.,0.,-1.));
#7116=DIRECTION('center_axis',(-0.707106781186542,-0.707106781186553,0.));
#7117=DIRECTION('ref_axis',(-0.707106781186553,0.707106781186542,9.81307786677319E-18));
#7118=DIRECTION('',(0.707106781186553,-0.707106781186542,-9.81307786677319E-18));
#7119=DIRECTION('',(-0.707106781186553,0.707106781186542,9.81307786677319E-18));
#7120=DIRECTION('',(0.,0.,-1.));
#7121=DIRECTION('center_axis',(0.,0.,-1.));
#7122=DIRECTION('ref_axis',(-0.045454545454546,0.998966407992541,0.));
#7123=DIRECTION('center_axis',(5.41164530599798E-31,1.38777878078138E-17,
-1.));
#7124=DIRECTION('ref_axis',(-0.045454545454546,0.998966407992541,1.38634438372544E-17));
#7125=DIRECTION('center_axis',(-5.41164530599798E-31,-1.38777878078138E-17,
1.));
#7126=DIRECTION('ref_axis',(-0.045454545454546,0.998966407992541,1.38634438372544E-17));
#7127=DIRECTION('',(0.,0.,-1.));
#7128=DIRECTION('center_axis',(1.,-4.75385601443466E-15,0.));
#7129=DIRECTION('ref_axis',(-4.75385601443466E-15,-1.,-1.38777878078145E-17));
#7130=DIRECTION('',(4.75385601443466E-15,1.,1.38777878078145E-17));
#7131=DIRECTION('',(-4.75385601443466E-15,-1.,-1.38777878078145E-17));
#7132=DIRECTION('',(0.,0.,-1.));
#7133=DIRECTION('center_axis',(0.,0.,-1.));
#7134=DIRECTION('ref_axis',(-0.0392156862745096,0.999230769116934,0.));
#7135=DIRECTION('center_axis',(-5.40644484629368E-31,-1.38777878078139E-17,
1.));
#7136=DIRECTION('ref_axis',(-0.0392156862745096,0.999230769116934,1.38671125848434E-17));
#7137=DIRECTION('center_axis',(5.40644484629368E-31,1.38777878078139E-17,
-1.));
#7138=DIRECTION('ref_axis',(-0.0392156862745096,0.999230769116934,1.38671125848434E-17));
#7139=DIRECTION('',(0.,0.,-1.));
#7140=DIRECTION('center_axis',(1.,1.42981039071308E-30,0.));
#7141=DIRECTION('ref_axis',(1.42981039071308E-30,-1.,-1.38777878078139E-17));
#7142=DIRECTION('',(-1.42981039071308E-30,1.,1.38777878078139E-17));
#7143=DIRECTION('',(1.42981039071308E-30,-1.,-1.38777878078139E-17));
#7144=DIRECTION('',(0.,0.,-1.));
#7145=DIRECTION('center_axis',(0.,0.,-1.));
#7146=DIRECTION('ref_axis',(0.181818181818182,0.983332166035633,0.));
#7147=DIRECTION('center_axis',(5.41179894156705E-31,1.38777878078139E-17,
-1.));
#7148=DIRECTION('ref_axis',(0.181818181818182,0.983332166035633,1.36464751448406E-17));
#7149=DIRECTION('center_axis',(-5.41179894156705E-31,-1.38777878078139E-17,
1.));
#7150=DIRECTION('ref_axis',(0.181818181818182,0.983332166035633,1.36464751448406E-17));
#7151=DIRECTION('',(0.,0.,-1.));
#7152=DIRECTION('center_axis',(-1.,-2.04422304815101E-15,0.));
#7153=DIRECTION('ref_axis',(-2.04422304815101E-15,1.,1.38777878078139E-17));
#7154=DIRECTION('',(2.04422304815101E-15,-1.,-1.38777878078139E-17));
#7155=DIRECTION('',(-2.04422304815101E-15,1.,1.38777878078139E-17));
#7156=DIRECTION('center_axis',(0.,0.,-1.));
#7157=DIRECTION('ref_axis',(1.,1.42981039071308E-30,0.));
#7158=DIRECTION('center_axis',(5.40801128383936E-31,1.38777878078139E-17,
-1.));
#7159=DIRECTION('ref_axis',(1.,1.42981039071308E-30,5.40801128383936E-31));
#7160=DIRECTION('',(0.,0.,1.));
#7161=DIRECTION('center_axis',(-5.40801128383936E-31,-1.38777878078139E-17,
1.));
#7162=DIRECTION('ref_axis',(1.,1.42981039071308E-30,5.40801128383936E-31));
#7163=DIRECTION('center_axis',(-5.40801128383936E-31,-1.38777878078139E-17,
1.));
#7164=DIRECTION('ref_axis',(1.,1.42981039071308E-30,5.40801128383936E-31));
#7165=DIRECTION('center_axis',(-5.40801128383936E-31,-1.38777878078139E-17,
1.));
#7166=DIRECTION('ref_axis',(1.,1.42981039071308E-30,5.40801128383936E-31));
#7167=DIRECTION('center_axis',(0.,0.,-1.));
#7168=DIRECTION('ref_axis',(0.705055851178755,0.709151779747186,0.));
#7169=DIRECTION('center_axis',(-5.75821807560496E-31,-1.38777878078138E-17,
1.));
#7170=DIRECTION('ref_axis',(0.705055851178755,0.709151779747186,9.84145792286537E-18));
#7171=DIRECTION('',(0.,0.,-1.));
#7172=DIRECTION('center_axis',(5.75821807560496E-31,1.38777878078138E-17,
-1.));
#7173=DIRECTION('ref_axis',(0.705055851178755,0.709151779747186,9.84145792286537E-18));
#7174=DIRECTION('',(0.,0.,-1.));
#7175=DIRECTION('center_axis',(-0.809016994374945,0.587785252292476,0.));
#7176=DIRECTION('ref_axis',(0.587785252292476,0.809016994374945,1.12273661808513E-17));
#7177=DIRECTION('',(-0.587785252292476,-0.809016994374945,-1.12273661808513E-17));
#7178=DIRECTION('',(0.587785252292476,0.809016994374945,1.12273661808513E-17));
#7179=DIRECTION('',(0.,0.,-1.));
#7180=DIRECTION('center_axis',(0.,0.,-1.));
#7181=DIRECTION('ref_axis',(0.938986133112439,0.343954999705702,0.));
#7182=DIRECTION('center_axis',(5.44510754491283E-31,1.38777878078138E-17,
-1.));
#7183=DIRECTION('ref_axis',(0.938986133112439,0.343954999705702,4.77333450135292E-18));
#7184=DIRECTION('center_axis',(-5.44510754491283E-31,-1.38777878078138E-17,
1.));
#7185=DIRECTION('ref_axis',(0.938986133112439,0.343954999705702,4.77333450135292E-18));
#7186=DIRECTION('',(0.,0.,-1.));
#7187=DIRECTION('center_axis',(0.30901699437495,-0.951056516295153,0.));
#7188=DIRECTION('ref_axis',(-0.951056516295153,-0.30901699437495,-4.28847227694441E-18));
#7189=DIRECTION('',(0.951056516295153,0.30901699437495,4.28847227694441E-18));
#7190=DIRECTION('',(-0.951056516295153,-0.30901699437495,-4.28847227694441E-18));
#7191=DIRECTION('',(0.,0.,-1.));
#7192=DIRECTION('center_axis',(0.,0.,-1.));
#7193=DIRECTION('ref_axis',(0.941116455997045,0.33808255833681,0.));
#7194=DIRECTION('center_axis',(-5.04401947948559E-31,-1.38777878078139E-17,
1.));
#7195=DIRECTION('ref_axis',(0.941116455997045,0.33808255833681,4.69183800612159E-18));
#7196=DIRECTION('center_axis',(5.04401947948559E-31,1.38777878078139E-17,
-1.));
#7197=DIRECTION('ref_axis',(0.941116455997045,0.33808255833681,4.69183800612159E-18));
#7198=DIRECTION('',(0.,0.,-1.));
#7199=DIRECTION('center_axis',(0.309016994374945,-0.951056516295154,0.));
#7200=DIRECTION('ref_axis',(-0.951056516295154,-0.309016994374945,-4.28847227694482E-18));
#7201=DIRECTION('',(0.951056516295154,0.309016994374945,4.28847227694482E-18));
#7202=DIRECTION('',(-0.951056516295154,-0.309016994374945,-4.28847227694482E-18));
#7203=DIRECTION('',(0.,0.,-1.));
#7204=DIRECTION('center_axis',(0.,0.,-1.));
#7205=DIRECTION('ref_axis',(0.985759451524752,0.168161540578161,0.));
#7206=DIRECTION('center_axis',(5.47537569191006E-31,1.38777878078138E-17,
-1.));
#7207=DIRECTION('ref_axis',(0.985759451524752,0.168161540578161,2.33371017757933E-18));
#7208=DIRECTION('center_axis',(-5.47537569191006E-31,-1.38777878078138E-17,
1.));
#7209=DIRECTION('ref_axis',(0.985759451524752,0.168161540578161,2.33371017757933E-18));
#7210=DIRECTION('',(0.,0.,-1.));
#7211=DIRECTION('center_axis',(-0.309016994374948,0.951056516295154,0.));
#7212=DIRECTION('ref_axis',(0.951056516295153,0.309016994374948,4.28847227694435E-18));
#7213=DIRECTION('',(-0.951056516295153,-0.309016994374948,-4.28847227694435E-18));
#7214=DIRECTION('',(0.951056516295153,0.309016994374948,4.28847227694435E-18));
#7215=DIRECTION('',(0.,0.,-1.));
#7216=DIRECTION('center_axis',(0.,0.,-1.));
#7217=DIRECTION('ref_axis',(0.987231123359463,0.159294410041324,0.));
#7218=DIRECTION('center_axis',(-5.5375750311166E-31,-1.38777878078138E-17,
1.));
#7219=DIRECTION('ref_axis',(0.987231123359463,0.159294410041324,2.21065402152493E-18));
#7220=DIRECTION('center_axis',(5.5375750311166E-31,1.38777878078138E-17,
-1.));
#7221=DIRECTION('ref_axis',(0.987231123359463,0.159294410041324,2.21065402152493E-18));
#7222=DIRECTION('',(0.,0.,-1.));
#7223=DIRECTION('center_axis',(-0.309016994374948,0.951056516295153,0.));
#7224=DIRECTION('ref_axis',(0.951056516295153,0.309016994374948,4.28847227694489E-18));
#7225=DIRECTION('',(-0.951056516295153,-0.309016994374948,-4.28847227694489E-18));
#7226=DIRECTION('',(0.951056516295153,0.309016994374948,4.28847227694489E-18));
#7227=DIRECTION('',(0.,0.,-1.));
#7228=DIRECTION('center_axis',(0.,0.,-1.));
#7229=DIRECTION('ref_axis',(0.961827415449653,-0.273656761088485,0.));
#7230=DIRECTION('center_axis',(5.6483432341423E-31,1.38777878078139E-17,
-1.));
#7231=DIRECTION('ref_axis',(0.961827415449653,-0.273656761088485,-3.79775046255909E-18));
#7232=DIRECTION('center_axis',(-5.6483432341423E-31,-1.38777878078139E-17,
1.));
#7233=DIRECTION('ref_axis',(0.961827415449653,-0.273656761088485,-3.79775046255909E-18));
#7234=DIRECTION('',(0.,0.,-1.));
#7235=DIRECTION('center_axis',(-0.309016994374945,-0.951056516295154,0.));
#7236=DIRECTION('ref_axis',(-0.951056516295154,0.309016994374945,4.28847227694284E-18));
#7237=DIRECTION('',(0.951056516295154,-0.309016994374945,-4.28847227694284E-18));
#7238=DIRECTION('',(-0.951056516295154,0.309016994374945,4.28847227694284E-18));
#7239=DIRECTION('',(0.,0.,-1.));
#7240=DIRECTION('center_axis',(0.,0.,-1.));
#7241=DIRECTION('ref_axis',(0.960099148435218,-0.279659838328582,0.));
#7242=DIRECTION('center_axis',(-6.55532333223838E-31,-1.38777878078139E-17,
1.));
#7243=DIRECTION('ref_axis',(0.960099148435218,-0.279659838328582,-3.88105989469098E-18));
#7244=DIRECTION('center_axis',(6.55532333223838E-31,1.38777878078139E-17,
-1.));
#7245=DIRECTION('ref_axis',(0.960099148435218,-0.279659838328582,-3.88105989469098E-18));
#7246=DIRECTION('',(0.,0.,-1.));
#7247=DIRECTION('center_axis',(-0.309016994374947,-0.951056516295154,0.));
#7248=DIRECTION('ref_axis',(-0.951056516295154,0.309016994374947,4.2884722769458E-18));
#7249=DIRECTION('',(0.951056516295154,-0.309016994374947,-4.2884722769458E-18));
#7250=DIRECTION('',(-0.951056516295154,0.309016994374947,4.2884722769458E-18));
#7251=DIRECTION('',(0.,0.,-1.));
#7252=DIRECTION('center_axis',(0.,0.,-1.));
#7253=DIRECTION('ref_axis',(0.896339022203877,-0.443369323786162,0.));
#7254=DIRECTION('center_axis',(5.12793265550974E-31,1.38777878078138E-17,
-1.));
#7255=DIRECTION('ref_axis',(0.896339022203877,-0.443369323786162,-6.15298539599779E-18));
#7256=DIRECTION('center_axis',(-5.12793265550974E-31,-1.38777878078138E-17,
1.));
#7257=DIRECTION('ref_axis',(0.896339022203877,-0.443369323786162,-6.15298539599779E-18));
#7258=DIRECTION('',(0.,0.,-1.));
#7259=DIRECTION('center_axis',(0.309016994374953,0.951056516295152,0.));
#7260=DIRECTION('ref_axis',(0.951056516295152,-0.309016994374953,-4.28847227694525E-18));
#7261=DIRECTION('',(-0.951056516295152,0.309016994374953,4.28847227694525E-18));
#7262=DIRECTION('',(0.951056516295152,-0.309016994374953,-4.28847227694525E-18));
#7263=DIRECTION('',(0.,0.,-1.));
#7264=DIRECTION('center_axis',(0.,0.,-1.));
#7265=DIRECTION('ref_axis',(0.892317661168596,-0.451408010082461,0.));
#7266=DIRECTION('center_axis',(-6.15462637046479E-31,-1.38777878078138E-17,
1.));
#7267=DIRECTION('ref_axis',(0.892317661168596,-0.451408010082461,-6.2645445786713E-18));
#7268=DIRECTION('center_axis',(6.15462637046479E-31,1.38777878078138E-17,
-1.));
#7269=DIRECTION('ref_axis',(0.892317661168596,-0.451408010082461,-6.2645445786713E-18));
#7270=DIRECTION('',(0.,0.,-1.));
#7271=DIRECTION('center_axis',(0.309016994374946,0.951056516295154,0.));
#7272=DIRECTION('ref_axis',(0.951056516295154,-0.309016994374946,-4.28847227694358E-18));
#7273=DIRECTION('',(-0.951056516295154,0.309016994374946,4.28847227694358E-18));
#7274=DIRECTION('',(0.951056516295154,-0.309016994374946,-4.28847227694358E-18));
#7275=DIRECTION('',(0.,0.,-1.));
#7276=DIRECTION('center_axis',(0.,0.,-1.));
#7277=DIRECTION('ref_axis',(0.617283316396566,-0.786740940398081,0.));
#7278=DIRECTION('center_axis',(5.06860470626764E-31,1.38777878078138E-17,
-1.));
#7279=DIRECTION('ref_axis',(0.617283316396566,-0.786740940398081,-1.09182238305642E-17));
#7280=DIRECTION('center_axis',(-5.06860470626764E-31,-1.38777878078138E-17,
1.));
#7281=DIRECTION('ref_axis',(0.617283316396566,-0.786740940398081,-1.09182238305642E-17));
#7282=DIRECTION('',(0.,0.,-1.));
#7283=DIRECTION('center_axis',(-0.809016994374948,-0.587785252292473,0.));
#7284=DIRECTION('ref_axis',(-0.587785252292473,0.809016994374948,1.12273661808499E-17));
#7285=DIRECTION('',(0.587785252292473,-0.809016994374948,-1.12273661808499E-17));
#7286=DIRECTION('',(-0.587785252292473,0.809016994374948,1.12273661808499E-17));
#7287=DIRECTION('',(0.,0.,-1.));
#7288=DIRECTION('center_axis',(0.,0.,-1.));
#7289=DIRECTION('ref_axis',(0.612356598740968,-0.790581682040757,0.));
#7290=DIRECTION('center_axis',(-5.98043872497402E-31,-1.38777878078138E-17,
1.));
#7291=DIRECTION('ref_axis',(0.612356598740968,-0.790581682040757,-1.09715248281058E-17));
#7292=DIRECTION('center_axis',(5.98043872497402E-31,1.38777878078138E-17,
-1.));
#7293=DIRECTION('ref_axis',(0.612356598740968,-0.790581682040757,-1.09715248281058E-17));
#7294=DIRECTION('',(0.,0.,-1.));
#7295=DIRECTION('center_axis',(-0.809016994374945,-0.587785252292476,0.));
#7296=DIRECTION('ref_axis',(-0.587785252292476,0.809016994374945,1.12273661808532E-17));
#7297=DIRECTION('',(0.587785252292476,-0.809016994374945,-1.12273661808532E-17));
#7298=DIRECTION('',(-0.587785252292476,0.809016994374945,1.12273661808532E-17));
#7299=DIRECTION('',(0.,0.,-1.));
#7300=DIRECTION('center_axis',(0.,0.,-1.));
#7301=DIRECTION('ref_axis',(0.464547551843967,-0.885548176033228,0.));
#7302=DIRECTION('center_axis',(5.25110493889273E-31,1.38777878078139E-17,
-1.));
#7303=DIRECTION('ref_axis',(0.464547551843967,-0.885548176033228,-1.22894496805855E-17));
#7304=DIRECTION('center_axis',(-5.25110493889273E-31,-1.38777878078139E-17,
1.));
#7305=DIRECTION('ref_axis',(0.464547551843967,-0.885548176033228,-1.22894496805855E-17));
#7306=DIRECTION('',(0.,0.,-1.));
#7307=DIRECTION('center_axis',(0.809016994374949,0.587785252292471,0.));
#7308=DIRECTION('ref_axis',(0.587785252292471,-0.809016994374949,-1.12273661808551E-17));
#7309=DIRECTION('',(-0.587785252292471,0.809016994374949,1.12273661808551E-17));
#7310=DIRECTION('',(0.587785252292471,-0.809016994374949,-1.12273661808551E-17));
#7311=DIRECTION('',(0.,0.,-1.));
#7312=DIRECTION('center_axis',(0.,0.,-1.));
#7313=DIRECTION('ref_axis',(0.456569181173137,-0.889687913148701,0.));
#7314=DIRECTION('center_axis',(-7.01765039631118E-31,-1.38777878078136E-17,
1.));
#7315=DIRECTION('ref_axis',(0.456569181173137,-0.889687913148701,-1.23469000738539E-17));
#7316=DIRECTION('center_axis',(7.01765039631118E-31,1.38777878078136E-17,
-1.));
#7317=DIRECTION('ref_axis',(0.456569181173137,-0.889687913148701,-1.23469000738539E-17));
#7318=DIRECTION('',(0.,0.,-1.));
#7319=DIRECTION('center_axis',(0.809016994374951,0.587785252292469,0.));
#7320=DIRECTION('ref_axis',(0.587785252292469,-0.80901699437495,-1.12273661808505E-17));
#7321=DIRECTION('',(-0.587785252292469,0.80901699437495,1.12273661808505E-17));
#7322=DIRECTION('',(0.587785252292469,-0.80901699437495,-1.12273661808505E-17));
#7323=DIRECTION('',(0.,0.,-1.));
#7324=DIRECTION('center_axis',(0.,0.,-1.));
#7325=DIRECTION('ref_axis',(0.036957971168246,-0.999316820816665,0.));
#7326=DIRECTION('center_axis',(5.58796271052401E-31,1.38777878078139E-17,
-1.));
#7327=DIRECTION('ref_axis',(0.036957971168246,-0.999316820816665,-1.38683067920728E-17));
#7328=DIRECTION('center_axis',(-5.58796271052401E-31,-1.38777878078139E-17,
1.));
#7329=DIRECTION('ref_axis',(0.036957971168246,-0.999316820816665,-1.38683067920728E-17));
#7330=DIRECTION('',(0.,0.,-1.));
#7331=DIRECTION('center_axis',(-1.,2.01744128045417E-15,0.));
#7332=DIRECTION('ref_axis',(2.01744128045417E-15,1.,1.38777878078124E-17));
#7333=DIRECTION('',(-2.01744128045417E-15,-1.,-1.38777878078124E-17));
#7334=DIRECTION('',(2.01744128045417E-15,1.,1.38777878078124E-17));
#7335=DIRECTION('',(0.,0.,-1.));
#7336=DIRECTION('center_axis',(0.,0.,-1.));
#7337=DIRECTION('ref_axis',(0.0307146415629498,-0.999528194096424,0.));
#7338=DIRECTION('center_axis',(-5.47123212553109E-31,-1.38777878078136E-17,
1.));
#7339=DIRECTION('ref_axis',(0.0307146415629498,-0.999528194096424,-1.38712401855973E-17));
#7340=DIRECTION('center_axis',(5.47123212553109E-31,1.38777878078136E-17,
-1.));
#7341=DIRECTION('ref_axis',(0.0307146415629498,-0.999528194096424,-1.38712401855973E-17));
#7342=DIRECTION('',(0.,0.,-1.));
#7343=DIRECTION('center_axis',(-1.,5.48909512584804E-15,0.));
#7344=DIRECTION('ref_axis',(5.48909512584804E-15,1.,1.38777878078117E-17));
#7345=DIRECTION('',(-5.48909512584804E-15,-1.,-1.38777878078117E-17));
#7346=DIRECTION('',(5.48909512584804E-15,1.,1.38777878078117E-17));
#7347=DIRECTION('',(0.,0.,-1.));
#7348=DIRECTION('center_axis',(0.,0.,-1.));
#7349=DIRECTION('ref_axis',(-0.144685293929784,-0.989477723711076,0.));
#7350=DIRECTION('center_axis',(5.35846399962698E-31,1.38777878078139E-17,
-1.));
#7351=DIRECTION('ref_axis',(-0.144685293929784,-0.989477723711076,-1.37317618902211E-17));
#7352=DIRECTION('center_axis',(-5.35846399962698E-31,-1.38777878078139E-17,
1.));
#7353=DIRECTION('ref_axis',(-0.144685293929784,-0.989477723711076,-1.37317618902211E-17));
#7354=DIRECTION('',(0.,0.,-1.));
#7355=DIRECTION('center_axis',(1.,1.42981039071308E-30,0.));
#7356=DIRECTION('ref_axis',(1.42981039071308E-30,-1.,-1.38777878078132E-17));
#7357=DIRECTION('',(-1.42981039071308E-30,1.,1.38777878078132E-17));
#7358=DIRECTION('',(1.42981039071308E-30,-1.,-1.38777878078132E-17));
#7359=DIRECTION('',(0.,0.,-1.));
#7360=DIRECTION('center_axis',(0.,0.,-1.));
#7361=DIRECTION('ref_axis',(-0.153573207814751,-0.988137272772102,0.));
#7362=DIRECTION('center_axis',(-5.72979100822254E-31,-1.38777878078139E-17,
1.));
#7363=DIRECTION('ref_axis',(-0.153573207814751,-0.988137272772102,-1.37131593965232E-17));
#7364=DIRECTION('center_axis',(5.72979100822254E-31,1.38777878078139E-17,
-1.));
#7365=DIRECTION('ref_axis',(-0.153573207814751,-0.988137272772102,-1.37131593965232E-17));
#7366=DIRECTION('',(0.,0.,-1.));
#7367=DIRECTION('center_axis',(1.,4.03488256090835E-15,0.));
#7368=DIRECTION('ref_axis',(4.03488256090835E-15,-1.,-1.38777878078135E-17));
#7369=DIRECTION('',(-4.03488256090835E-15,1.,1.38777878078135E-17));
#7370=DIRECTION('',(4.03488256090835E-15,-1.,-1.38777878078135E-17));
#7371=DIRECTION('',(0.,0.,-1.));
#7372=DIRECTION('center_axis',(0.,0.,-1.));
#7373=DIRECTION('ref_axis',(-0.557484062891105,-0.830187641212772,0.));
#7374=DIRECTION('center_axis',(5.20335422941736E-31,1.38777878078139E-17,
-1.));
#7375=DIRECTION('ref_axis',(-0.557484062891105,-0.830187641212772,-1.15211679254207E-17));
#7376=DIRECTION('center_axis',(-5.20335422941736E-31,-1.38777878078139E-17,
1.));
#7377=DIRECTION('ref_axis',(-0.557484062891105,-0.830187641212772,-1.15211679254207E-17));
#7378=DIRECTION('',(0.,0.,-1.));
#7379=DIRECTION('center_axis',(-0.809016994374948,0.587785252292473,0.));
#7380=DIRECTION('ref_axis',(0.587785252292473,0.809016994374948,1.12273661808524E-17));
#7381=DIRECTION('',(-0.587785252292473,-0.809016994374948,-1.12273661808524E-17));
#7382=DIRECTION('',(0.587785252292473,0.809016994374948,1.12273661808524E-17));
#7383=DIRECTION('',(0.,0.,-1.));
#7384=DIRECTION('center_axis',(0.,0.,-1.));
#7385=DIRECTION('ref_axis',(-0.562659264739845,-0.82668890872106,0.));
#7386=DIRECTION('center_axis',(-6.89323905747483E-31,-1.3877787807814E-17,
1.));
#7387=DIRECTION('ref_axis',(-0.562659264739845,-0.82668890872106,-1.14726132583046E-17));
#7388=DIRECTION('center_axis',(6.89323905747483E-31,1.3877787807814E-17,
-1.));
#7389=DIRECTION('ref_axis',(-0.562659264739845,-0.82668890872106,-1.14726132583046E-17));
#7390=DIRECTION('',(0.,0.,-1.));
#7391=DIRECTION('center_axis',(-0.80901699437495,0.58778525229247,0.));
#7392=DIRECTION('ref_axis',(0.58778525229247,0.80901699437495,1.12273661808539E-17));
#7393=DIRECTION('',(-0.58778525229247,-0.80901699437495,-1.12273661808539E-17));
#7394=DIRECTION('',(0.58778525229247,0.80901699437495,1.12273661808539E-17));
#7395=DIRECTION('',(0.,0.,-1.));
#7396=DIRECTION('center_axis',(0.,0.,-1.));
#7397=DIRECTION('ref_axis',(-0.698653275094626,-0.71546041204217,0.));
#7398=DIRECTION('center_axis',(5.34187080552373E-31,1.38777878078139E-17,
-1.));
#7399=DIRECTION('ref_axis',(-0.698653275094626,-0.71546041204217,-9.92900778321269E-18));
#7400=DIRECTION('center_axis',(-5.34187080552373E-31,-1.38777878078139E-17,
1.));
#7401=DIRECTION('ref_axis',(-0.698653275094626,-0.71546041204217,-9.92900778321269E-18));
#7402=DIRECTION('',(0.,0.,-1.));
#7403=DIRECTION('center_axis',(0.809016994374943,-0.58778525229248,0.));
#7404=DIRECTION('ref_axis',(-0.58778525229248,-0.809016994374943,-1.12273661808501E-17));
#7405=DIRECTION('',(0.58778525229248,0.809016994374943,1.12273661808501E-17));
#7406=DIRECTION('',(-0.58778525229248,-0.809016994374943,-1.12273661808501E-17));
#7407=DIRECTION('',(0.,0.,-1.));
#7408=DIRECTION('center_axis',(0.,0.,-1.));
#7409=DIRECTION('ref_axis',(-0.705055851178755,-0.709151779747186,0.));
#7410=DIRECTION('center_axis',(-5.20881513569255E-31,-1.3877787807814E-17,
1.));
#7411=DIRECTION('ref_axis',(-0.705055851178755,-0.709151779747186,-9.84145792286544E-18));
#7412=DIRECTION('center_axis',(5.20881513569255E-31,1.3877787807814E-17,
-1.));
#7413=DIRECTION('ref_axis',(-0.705055851178755,-0.709151779747186,-9.84145792286544E-18));
#7414=DIRECTION('',(0.,0.,-1.));
#7415=DIRECTION('center_axis',(0.809016994374945,-0.587785252292476,0.));
#7416=DIRECTION('ref_axis',(-0.587785252292476,-0.809016994374945,-1.12273661808509E-17));
#7417=DIRECTION('',(0.587785252292476,0.809016994374945,1.12273661808509E-17));
#7418=DIRECTION('',(-0.587785252292476,-0.809016994374945,-1.12273661808509E-17));
#7419=DIRECTION('',(0.,0.,-1.));
#7420=DIRECTION('center_axis',(0.,0.,-1.));
#7421=DIRECTION('ref_axis',(-0.938986133112439,-0.343954999705703,0.));
#7422=DIRECTION('center_axis',(5.42920914730992E-31,1.38777878078139E-17,
-1.));
#7423=DIRECTION('ref_axis',(-0.938986133112439,-0.343954999705703,-4.77333450135293E-18));
#7424=DIRECTION('center_axis',(-5.42920914730992E-31,-1.38777878078139E-17,
1.));
#7425=DIRECTION('ref_axis',(-0.938986133112439,-0.343954999705703,-4.77333450135293E-18));
#7426=DIRECTION('',(0.,0.,-1.));
#7427=DIRECTION('center_axis',(-0.309016994374945,0.951056516295155,0.));
#7428=DIRECTION('ref_axis',(0.951056516295155,0.309016994374945,4.28847227694522E-18));
#7429=DIRECTION('',(-0.951056516295155,-0.309016994374945,-4.28847227694522E-18));
#7430=DIRECTION('',(0.951056516295155,0.309016994374945,4.28847227694522E-18));
#7431=DIRECTION('',(0.,0.,-1.));
#7432=DIRECTION('center_axis',(0.,0.,-1.));
#7433=DIRECTION('ref_axis',(-0.941116455997045,-0.33808255833681,0.));
#7434=DIRECTION('center_axis',(-6.45574737234579E-31,-1.3877787807814E-17,
1.));
#7435=DIRECTION('ref_axis',(-0.941116455997045,-0.33808255833681,-4.69183800612174E-18));
#7436=DIRECTION('center_axis',(6.45574737234579E-31,1.3877787807814E-17,
-1.));
#7437=DIRECTION('ref_axis',(-0.941116455997045,-0.33808255833681,-4.69183800612174E-18));
#7438=DIRECTION('',(0.,0.,-1.));
#7439=DIRECTION('center_axis',(-0.309016994374942,0.951056516295155,0.));
#7440=DIRECTION('ref_axis',(0.951056516295155,0.309016994374942,4.28847227694475E-18));
#7441=DIRECTION('',(-0.951056516295155,-0.309016994374942,-4.28847227694475E-18));
#7442=DIRECTION('',(0.951056516295155,0.309016994374942,4.28847227694475E-18));
#7443=DIRECTION('',(0.,0.,-1.));
#7444=DIRECTION('center_axis',(0.,0.,-1.));
#7445=DIRECTION('ref_axis',(-0.985759451524752,-0.16816154057816,0.));
#7446=DIRECTION('center_axis',(5.47537569191006E-31,1.38777878078138E-17,
-1.));
#7447=DIRECTION('ref_axis',(-0.985759451524752,-0.16816154057816,-2.33371017757932E-18));
#7448=DIRECTION('center_axis',(-5.47537569191006E-31,-1.38777878078138E-17,
1.));
#7449=DIRECTION('ref_axis',(-0.985759451524752,-0.16816154057816,-2.33371017757932E-18));
#7450=DIRECTION('',(0.,0.,-1.));
#7451=DIRECTION('center_axis',(0.309016994374946,-0.951056516295154,0.));
#7452=DIRECTION('ref_axis',(-0.951056516295154,-0.309016994374946,-4.28847227694678E-18));
#7453=DIRECTION('',(0.951056516295154,0.309016994374946,4.28847227694678E-18));
#7454=DIRECTION('',(-0.951056516295154,-0.309016994374946,-4.28847227694678E-18));
#7455=DIRECTION('',(0.,0.,-1.));
#7456=DIRECTION('center_axis',(0.,0.,-1.));
#7457=DIRECTION('ref_axis',(-0.987231123359463,-0.159294410041324,0.));
#7458=DIRECTION('center_axis',(-3.78873776854595E-31,-1.38777878078139E-17,
1.));
#7459=DIRECTION('ref_axis',(-0.987231123359463,-0.159294410041324,-2.21065402152477E-18));
#7460=DIRECTION('center_axis',(3.78873776854595E-31,1.38777878078139E-17,
-1.));
#7461=DIRECTION('ref_axis',(-0.987231123359463,-0.159294410041324,-2.21065402152477E-18));
#7462=DIRECTION('',(0.,0.,-1.));
#7463=DIRECTION('center_axis',(0.309016994374949,-0.951056516295153,0.));
#7464=DIRECTION('ref_axis',(-0.951056516295153,-0.309016994374949,-4.28847227694424E-18));
#7465=DIRECTION('',(0.951056516295153,0.309016994374949,4.28847227694424E-18));
#7466=DIRECTION('',(-0.951056516295153,-0.309016994374949,-4.28847227694424E-18));
#7467=DIRECTION('',(0.,0.,-1.));
#7468=DIRECTION('center_axis',(0.,0.,-1.));
#7469=DIRECTION('ref_axis',(-0.961827415449653,0.273656761088486,0.));
#7470=DIRECTION('center_axis',(5.6483432341423E-31,1.38777878078139E-17,
-1.));
#7471=DIRECTION('ref_axis',(-0.961827415449653,0.273656761088486,3.79775046255909E-18));
#7472=DIRECTION('center_axis',(-5.6483432341423E-31,-1.38777878078139E-17,
1.));
#7473=DIRECTION('ref_axis',(-0.961827415449653,0.273656761088486,3.79775046255909E-18));
#7474=DIRECTION('',(0.,0.,-1.));
#7475=DIRECTION('center_axis',(0.309016994374945,0.951056516295155,0.));
#7476=DIRECTION('ref_axis',(0.951056516295155,-0.309016994374945,-4.28847227694373E-18));
#7477=DIRECTION('',(-0.951056516295155,0.309016994374945,4.28847227694373E-18));
#7478=DIRECTION('',(0.951056516295155,-0.309016994374945,-4.28847227694373E-18));
#7479=DIRECTION('',(0.,0.,-1.));
#7480=DIRECTION('center_axis',(0.,0.,-1.));
#7481=DIRECTION('ref_axis',(-0.960099148435218,0.279659838328582,0.));
#7482=DIRECTION('center_axis',(-5.09824537699135E-31,-1.3877787807814E-17,
1.));
#7483=DIRECTION('ref_axis',(-0.960099148435218,0.279659838328582,3.88105989469114E-18));
#7484=DIRECTION('center_axis',(5.09824537699135E-31,1.3877787807814E-17,
-1.));
#7485=DIRECTION('ref_axis',(-0.960099148435218,0.279659838328582,3.88105989469114E-18));
#7486=DIRECTION('',(0.,0.,-1.));
#7487=DIRECTION('center_axis',(0.309016994374947,0.951056516295154,0.));
#7488=DIRECTION('ref_axis',(0.951056516295154,-0.309016994374947,-4.28847227694349E-18));
#7489=DIRECTION('',(-0.951056516295154,0.309016994374947,4.28847227694349E-18));
#7490=DIRECTION('',(0.951056516295154,-0.309016994374947,-4.28847227694349E-18));
#7491=DIRECTION('',(0.,0.,-1.));
#7492=DIRECTION('center_axis',(0.,0.,-1.));
#7493=DIRECTION('ref_axis',(-0.896339022203877,0.443369323786161,0.));
#7494=DIRECTION('center_axis',(5.1142702833961E-31,1.38777878078138E-17,
-1.));
#7495=DIRECTION('ref_axis',(-0.896339022203877,0.443369323786161,6.15298539599778E-18));
#7496=DIRECTION('center_axis',(-5.1142702833961E-31,-1.38777878078138E-17,
1.));
#7497=DIRECTION('ref_axis',(-0.896339022203877,0.443369323786161,6.15298539599778E-18));
#7498=DIRECTION('',(0.,0.,-1.));
#7499=DIRECTION('center_axis',(-0.309016994374942,-0.951056516295155,0.));
#7500=DIRECTION('ref_axis',(-0.951056516295155,0.309016994374942,4.28847227694266E-18));
#7501=DIRECTION('',(0.951056516295155,-0.309016994374942,-4.28847227694266E-18));
#7502=DIRECTION('',(-0.951056516295155,0.309016994374942,4.28847227694266E-18));
#7503=DIRECTION('',(0.,0.,-1.));
#7504=DIRECTION('center_axis',(0.,0.,-1.));
#7505=DIRECTION('ref_axis',(-0.892317661168596,0.451408010082461,0.));
#7506=DIRECTION('center_axis',(-5.48200990301043E-31,-1.3877787807814E-17,
1.));
#7507=DIRECTION('ref_axis',(-0.892317661168596,0.451408010082461,6.26454457867145E-18));
#7508=DIRECTION('center_axis',(5.48200990301043E-31,1.3877787807814E-17,
-1.));
#7509=DIRECTION('ref_axis',(-0.892317661168596,0.451408010082461,6.26454457867145E-18));
#7510=DIRECTION('',(0.,0.,-1.));
#7511=DIRECTION('center_axis',(-0.309016994374946,-0.951056516295154,0.));
#7512=DIRECTION('ref_axis',(-0.951056516295154,0.309016994374946,4.28847227694359E-18));
#7513=DIRECTION('',(0.951056516295154,-0.309016994374946,-4.28847227694359E-18));
#7514=DIRECTION('',(-0.951056516295154,0.309016994374946,4.28847227694359E-18));
#7515=DIRECTION('',(0.,0.,-1.));
#7516=DIRECTION('center_axis',(0.,0.,-1.));
#7517=DIRECTION('ref_axis',(-0.617283316396566,0.786740940398081,0.));
#7518=DIRECTION('center_axis',(5.06860470626764E-31,1.38777878078138E-17,
-1.));
#7519=DIRECTION('ref_axis',(-0.617283316396566,0.786740940398081,1.09182238305642E-17));
#7520=DIRECTION('center_axis',(-5.06860470626764E-31,-1.38777878078138E-17,
1.));
#7521=DIRECTION('ref_axis',(-0.617283316396566,0.786740940398081,1.09182238305642E-17));
#7522=DIRECTION('',(0.,0.,-1.));
#7523=DIRECTION('center_axis',(0.809016994374948,0.587785252292472,0.));
#7524=DIRECTION('ref_axis',(0.587785252292472,-0.809016994374948,-1.12273661808506E-17));
#7525=DIRECTION('',(-0.587785252292472,0.809016994374948,1.12273661808506E-17));
#7526=DIRECTION('',(0.587785252292472,-0.809016994374948,-1.12273661808506E-17));
#7527=DIRECTION('',(0.,0.,-1.));
#7528=DIRECTION('center_axis',(0.,0.,-1.));
#7529=DIRECTION('ref_axis',(-0.612356598740968,0.790581682040757,0.));
#7530=DIRECTION('center_axis',(-5.28226002616028E-31,-1.38777878078139E-17,
1.));
#7531=DIRECTION('ref_axis',(-0.612356598740968,0.790581682040757,1.09715248281059E-17));
#7532=DIRECTION('center_axis',(5.28226002616028E-31,1.38777878078139E-17,
-1.));
#7533=DIRECTION('ref_axis',(-0.612356598740968,0.790581682040757,1.09715248281059E-17));
#7534=DIRECTION('',(0.,0.,-1.));
#7535=DIRECTION('center_axis',(0.809016994374942,0.58778525229248,0.));
#7536=DIRECTION('ref_axis',(0.58778525229248,-0.809016994374942,-1.12273661808499E-17));
#7537=DIRECTION('',(-0.58778525229248,0.809016994374942,1.12273661808499E-17));
#7538=DIRECTION('',(0.58778525229248,-0.809016994374942,-1.12273661808499E-17));
#7539=DIRECTION('',(0.,0.,-1.));
#7540=DIRECTION('center_axis',(0.,0.,-1.));
#7541=DIRECTION('ref_axis',(-0.464547551843967,0.885548176033228,0.));
#7542=DIRECTION('center_axis',(5.87190830368157E-31,1.38777878078139E-17,
-1.));
#7543=DIRECTION('ref_axis',(-0.464547551843967,0.885548176033228,1.22894496805855E-17));
#7544=DIRECTION('center_axis',(-5.87190830368157E-31,-1.38777878078139E-17,
1.));
#7545=DIRECTION('ref_axis',(-0.464547551843967,0.885548176033228,1.22894496805855E-17));
#7546=DIRECTION('',(0.,0.,-1.));
#7547=DIRECTION('center_axis',(-0.809016994374945,-0.587785252292477,0.));
#7548=DIRECTION('ref_axis',(-0.587785252292477,0.809016994374945,1.12273661808505E-17));
#7549=DIRECTION('',(0.587785252292477,-0.809016994374945,-1.12273661808505E-17));
#7550=DIRECTION('',(-0.587785252292477,0.809016994374945,1.12273661808505E-17));
#7551=DIRECTION('',(0.,0.,-1.));
#7552=DIRECTION('center_axis',(0.,0.,-1.));
#7553=DIRECTION('ref_axis',(-0.456569181173137,0.889687913148701,0.));
#7554=DIRECTION('center_axis',(-5.68902144510653E-31,-1.38777878078139E-17,
1.));
#7555=DIRECTION('ref_axis',(-0.456569181173137,0.889687913148701,1.23469000738542E-17));
#7556=DIRECTION('center_axis',(5.68902144510653E-31,1.38777878078139E-17,
-1.));
#7557=DIRECTION('ref_axis',(-0.456569181173137,0.889687913148701,1.23469000738542E-17));
#7558=DIRECTION('',(0.,0.,-1.));
#7559=DIRECTION('center_axis',(-0.809016994374948,-0.587785252292473,0.));
#7560=DIRECTION('ref_axis',(-0.587785252292473,0.809016994374948,1.12273661808505E-17));
#7561=DIRECTION('',(0.587785252292473,-0.809016994374948,-1.12273661808505E-17));
#7562=DIRECTION('',(-0.587785252292473,0.809016994374948,1.12273661808505E-17));
#7563=DIRECTION('',(0.,0.,-1.));
#7564=DIRECTION('center_axis',(0.,0.,-1.));
#7565=DIRECTION('ref_axis',(-0.036957971168246,0.999316820816665,0.));
#7566=DIRECTION('center_axis',(5.54080966289007E-31,1.38777878078139E-17,
-1.));
#7567=DIRECTION('ref_axis',(-0.036957971168246,0.999316820816665,1.38683067920728E-17));
#7568=DIRECTION('center_axis',(-5.54080966289007E-31,-1.38777878078139E-17,
1.));
#7569=DIRECTION('ref_axis',(-0.036957971168246,0.999316820816665,1.38683067920728E-17));
#7570=DIRECTION('',(0.,0.,-1.));
#7571=DIRECTION('center_axis',(1.,-2.01744128045417E-15,0.));
#7572=DIRECTION('ref_axis',(-2.01744128045417E-15,-1.,-1.38777878078139E-17));
#7573=DIRECTION('',(2.01744128045417E-15,1.,1.38777878078139E-17));
#7574=DIRECTION('',(-2.01744128045417E-15,-1.,-1.38777878078139E-17));
#7575=DIRECTION('',(0.,0.,-1.));
#7576=DIRECTION('center_axis',(0.,0.,-1.));
#7577=DIRECTION('ref_axis',(-0.0307146415629498,0.999528194096424,0.));
#7578=DIRECTION('center_axis',(-5.40704877319973E-31,-1.38777878078139E-17,
1.));
#7579=DIRECTION('ref_axis',(-0.0307146415629498,0.999528194096424,1.38712401855975E-17));
#7580=DIRECTION('center_axis',(5.40704877319973E-31,1.38777878078139E-17,
-1.));
#7581=DIRECTION('ref_axis',(-0.0307146415629498,0.999528194096424,1.38712401855975E-17));
#7582=DIRECTION('',(0.,0.,-1.));
#7583=DIRECTION('center_axis',(1.,1.42981039071308E-30,0.));
#7584=DIRECTION('ref_axis',(1.42981039071308E-30,-1.,-1.38777878078139E-17));
#7585=DIRECTION('',(-1.42981039071308E-30,1.,1.38777878078139E-17));
#7586=DIRECTION('',(1.42981039071308E-30,-1.,-1.38777878078139E-17));
#7587=DIRECTION('',(0.,0.,-1.));
#7588=DIRECTION('center_axis',(0.,0.,-1.));
#7589=DIRECTION('ref_axis',(0.144685293929784,0.989477723711076,0.));
#7590=DIRECTION('center_axis',(5.40801128383936E-31,1.38777878078139E-17,
-1.));
#7591=DIRECTION('ref_axis',(0.144685293929784,0.989477723711076,1.37317618902211E-17));
#7592=DIRECTION('center_axis',(-5.40801128383936E-31,-1.38777878078139E-17,
1.));
#7593=DIRECTION('ref_axis',(0.144685293929784,0.989477723711076,1.37317618902211E-17));
#7594=DIRECTION('',(0.,0.,-1.));
#7595=DIRECTION('center_axis',(-1.,-5.48909512584805E-15,0.));
#7596=DIRECTION('ref_axis',(-5.48909512584805E-15,1.,1.38777878078139E-17));
#7597=DIRECTION('',(5.48909512584805E-15,-1.,-1.38777878078139E-17));
#7598=DIRECTION('',(-5.48909512584805E-15,1.,1.38777878078139E-17));
#7599=DIRECTION('',(0.,0.,-1.));
#7600=DIRECTION('center_axis',(0.,0.,-1.));
#7601=DIRECTION('ref_axis',(0.153573207814751,0.988137272772102,0.));
#7602=DIRECTION('center_axis',(-5.40564511392267E-31,-1.38777878078139E-17,
1.));
#7603=DIRECTION('ref_axis',(0.153573207814751,0.988137272772102,1.37131593965232E-17));
#7604=DIRECTION('center_axis',(5.40564511392267E-31,1.38777878078139E-17,
-1.));
#7605=DIRECTION('ref_axis',(0.153573207814751,0.988137272772102,1.37131593965232E-17));
#7606=DIRECTION('',(0.,0.,-1.));
#7607=DIRECTION('center_axis',(-1.,-1.42981039071308E-30,0.));
#7608=DIRECTION('ref_axis',(-1.42981039071308E-30,1.,1.38777878078135E-17));
#7609=DIRECTION('',(1.42981039071308E-30,-1.,-1.38777878078135E-17));
#7610=DIRECTION('',(-1.42981039071308E-30,1.,1.38777878078135E-17));
#7611=DIRECTION('',(0.,0.,-1.));
#7612=DIRECTION('center_axis',(0.,0.,-1.));
#7613=DIRECTION('ref_axis',(0.557484062891105,0.830187641212772,0.));
#7614=DIRECTION('center_axis',(5.70135347132599E-31,1.38777878078139E-17,
-1.));
#7615=DIRECTION('ref_axis',(0.557484062891105,0.830187641212772,1.15211679254207E-17));
#7616=DIRECTION('center_axis',(-5.70135347132599E-31,-1.38777878078139E-17,
1.));
#7617=DIRECTION('ref_axis',(0.557484062891105,0.830187641212772,1.15211679254207E-17));
#7618=DIRECTION('',(0.,0.,-1.));
#7619=DIRECTION('center_axis',(0.809016994374947,-0.587785252292474,0.));
#7620=DIRECTION('ref_axis',(-0.587785252292474,-0.809016994374947,-1.12273661808507E-17));
#7621=DIRECTION('',(0.587785252292474,0.809016994374947,1.12273661808507E-17));
#7622=DIRECTION('',(-0.587785252292474,-0.809016994374947,-1.12273661808507E-17));
#7623=DIRECTION('',(0.,0.,-1.));
#7624=DIRECTION('center_axis',(0.,0.,-1.));
#7625=DIRECTION('ref_axis',(0.562659264739845,0.82668890872106,0.));
#7626=DIRECTION('center_axis',(-5.63161284096236E-31,-1.38777878078138E-17,
1.));
#7627=DIRECTION('ref_axis',(0.562659264739845,0.82668890872106,1.14726132583044E-17));
#7628=DIRECTION('center_axis',(5.63161284096236E-31,1.38777878078138E-17,
-1.));
#7629=DIRECTION('ref_axis',(0.562659264739845,0.82668890872106,1.14726132583044E-17));
#7630=DIRECTION('',(0.,0.,-1.));
#7631=DIRECTION('center_axis',(0.809016994374954,-0.587785252292464,0.));
#7632=DIRECTION('ref_axis',(-0.587785252292464,-0.809016994374954,-1.12273661808516E-17));
#7633=DIRECTION('',(0.587785252292464,0.809016994374954,1.12273661808516E-17));
#7634=DIRECTION('',(-0.587785252292464,-0.809016994374954,-1.12273661808516E-17));
#7635=DIRECTION('',(0.,0.,-1.));
#7636=DIRECTION('center_axis',(0.,0.,-1.));
#7637=DIRECTION('ref_axis',(0.698653275094626,0.71546041204217,0.));
#7638=DIRECTION('center_axis',(5.35289421857633E-31,1.38777878078139E-17,
-1.));
#7639=DIRECTION('ref_axis',(0.698653275094626,0.71546041204217,9.92900778321269E-18));
#7640=DIRECTION('center_axis',(-5.35289421857633E-31,-1.38777878078139E-17,
1.));
#7641=DIRECTION('ref_axis',(0.698653275094626,0.71546041204217,9.92900778321269E-18));
#7642=DIRECTION('',(0.,0.,-1.));
#7643=DIRECTION('center_axis',(-0.809016994374945,0.587785252292477,0.));
#7644=DIRECTION('ref_axis',(0.587785252292477,0.809016994374945,1.12273661808514E-17));
#7645=DIRECTION('',(-0.587785252292477,-0.809016994374945,-1.12273661808514E-17));
#7646=DIRECTION('',(0.587785252292477,0.809016994374945,1.12273661808514E-17));
#7647=DIRECTION('center_axis',(0.,0.,-1.));
#7648=DIRECTION('ref_axis',(1.,1.42981039071308E-30,0.));
#7649=DIRECTION('center_axis',(5.40801128383936E-31,1.38777878078139E-17,
-1.));
#7650=DIRECTION('ref_axis',(1.,1.42981039071308E-30,5.40801128383936E-31));
#7651=DIRECTION('',(0.,0.,1.));
#7652=DIRECTION('center_axis',(-5.40801128383936E-31,-1.38777878078139E-17,
1.));
#7653=DIRECTION('ref_axis',(1.,1.42981039071308E-30,5.40801128383936E-31));
#7654=DIRECTION('center_axis',(-5.40801128383936E-31,-1.38777878078139E-17,
1.));
#7655=DIRECTION('ref_axis',(1.,1.42981039071308E-30,5.40801128383936E-31));
#7656=DIRECTION('center_axis',(-5.40801128383936E-31,-1.38777878078139E-17,
1.));
#7657=DIRECTION('ref_axis',(1.,1.42981039071308E-30,5.40801128383936E-31));
#7658=DIRECTION('',(0.,0.,1.));
#7659=DIRECTION('',(1.,0.,0.));
#7660=DIRECTION('center_axis',(2.01918327835843E-30,3.21430536927029E-15,
-1.));
#7661=DIRECTION('ref_axis',(-1.,3.44509284839767E-16,-9.11825234334503E-31));
#7662=DIRECTION('center_axis',(-1.48777435855812E-30,-3.20042758146247E-15,
1.));
#7663=DIRECTION('ref_axis',(-1.,3.44509284839767E-16,-3.85197341287024E-31));
#7664=DIRECTION('',(2.01918327835843E-30,3.21430536927029E-15,-1.));
#7665=DIRECTION('center_axis',(-1.48777435855812E-30,-3.20042758146247E-15,
1.));
#7666=DIRECTION('ref_axis',(-1.,3.44509284839767E-16,-3.85197341287024E-31));
#7667=DIRECTION('',(2.01918327835843E-30,3.21430536927029E-15,-1.));
#7668=DIRECTION('center_axis',(-1.,3.44509284839767E-16,-9.11825234334503E-31));
#7669=DIRECTION('ref_axis',(3.44509284839767E-16,1.,3.20042758146247E-15));
#7670=DIRECTION('',(-3.44509284839767E-16,-1.,-3.20042758146247E-15));
#7671=DIRECTION('',(3.44509284839767E-16,1.,3.20042758146247E-15));
#7672=DIRECTION('',(2.01918327835843E-30,3.21430536927029E-15,-1.));
#7673=DIRECTION('center_axis',(2.01918327835843E-30,3.21430536927029E-15,
-1.));
#7674=DIRECTION('ref_axis',(-1.,3.44509284839767E-16,-9.11825234334503E-31));
#7675=DIRECTION('center_axis',(-1.48777435855812E-30,-3.20042758146247E-15,
1.));
#7676=DIRECTION('ref_axis',(-1.,3.44509284839767E-16,-3.85197341287024E-31));
#7677=DIRECTION('center_axis',(1.48777435855812E-30,3.20042758146247E-15,
-1.));
#7678=DIRECTION('ref_axis',(-1.,3.44509284839767E-16,-3.85197341287024E-31));
#7679=DIRECTION('',(2.01918327835843E-30,3.21430536927029E-15,-1.));
#7680=DIRECTION('center_axis',(1.,-3.44509284839767E-16,9.11825234334503E-31));
#7681=DIRECTION('ref_axis',(-3.44509284839767E-16,-1.,-3.20042758146247E-15));
#7682=DIRECTION('',(-3.44509284839767E-16,-1.,-3.20042758146247E-15));
#7683=DIRECTION('',(-3.44509284839767E-16,-1.,-3.20042758146247E-15));
#7684=DIRECTION('',(2.01918327835843E-30,3.21430536927029E-15,-1.));
#7685=DIRECTION('center_axis',(2.01918327835843E-30,3.21430536927029E-15,
-1.));
#7686=DIRECTION('ref_axis',(-1.,3.44509284839767E-16,-9.11825234334503E-31));
#7687=DIRECTION('center_axis',(-1.48777435855812E-30,-3.20042758146247E-15,
1.));
#7688=DIRECTION('ref_axis',(-1.,3.44509284839767E-16,-3.85197341287024E-31));
#7689=DIRECTION('center_axis',(-1.48777435855812E-30,-3.20042758146247E-15,
1.));
#7690=DIRECTION('ref_axis',(-1.,3.44509284839767E-16,-3.85197341287024E-31));
#7691=DIRECTION('',(2.01918327835843E-30,3.21430536927029E-15,-1.));
#7692=DIRECTION('center_axis',(1.,-3.44509284839767E-16,9.11825234334503E-31));
#7693=DIRECTION('ref_axis',(-3.44509284839767E-16,-1.,-3.20042758146247E-15));
#7694=DIRECTION('',(-3.44509284839767E-16,-1.,-3.20042758146247E-15));
#7695=DIRECTION('',(-3.44509284839767E-16,-1.,-3.20042758146247E-15));
#7696=DIRECTION('',(0.,0.,-1.));
#7697=DIRECTION('center_axis',(-1.,3.44509284839767E-16,-9.11825234334503E-31));
#7698=DIRECTION('ref_axis',(3.44509284839767E-16,1.,3.20042758146247E-15));
#7699=DIRECTION('',(-3.44509284839767E-16,-1.,-3.20042758146247E-15));
#7700=DIRECTION('',(0.,0.,1.));
#7701=DIRECTION('',(3.44509284839767E-16,1.,3.20042758146247E-15));
#7702=DIRECTION('center_axis',(0.,0.,-1.));
#7703=DIRECTION('ref_axis',(1.,-2.22044604925031E-16,0.));
#7704=DIRECTION('center_axis',(1.63740415270934E-16,1.60021379073123E-15,
-1.));
#7705=DIRECTION('ref_axis',(1.,-2.22044604925031E-16,0.));
#7706=DIRECTION('',(0.,0.,1.));
#7707=DIRECTION('center_axis',(-1.63740415270934E-16,-1.60021379073123E-15,
1.));
#7708=DIRECTION('ref_axis',(1.,-2.22044604925031E-16,0.));
#7709=DIRECTION('center_axis',(0.,0.,-1.));
#7710=DIRECTION('ref_axis',(1.,-2.22044604925031E-16,0.));
#7711=DIRECTION('center_axis',(-1.63740415270934E-16,-1.60021379073123E-15,
1.));
#7712=DIRECTION('ref_axis',(1.,-2.22044604925031E-16,0.));
#7713=DIRECTION('',(0.,0.,-1.));
#7714=DIRECTION('center_axis',(1.63740415270934E-16,1.60021379073123E-15,
-1.));
#7715=DIRECTION('ref_axis',(1.,-2.22044604925031E-16,0.));
#7716=DIRECTION('center_axis',(-1.53509231366669E-15,1.10143206248519E-15,
-1.));
#7717=DIRECTION('ref_axis',(0.309016994374947,-0.951056516295154,-1.52189375314031E-15));
#7718=DIRECTION('center_axis',(1.52189375314031E-15,-1.10572053476213E-15,
1.));
#7719=DIRECTION('ref_axis',(0.309016994374947,-0.951056516295154,-1.52189375314031E-15));
#7720=DIRECTION('',(-1.53509231366669E-15,1.10143206248519E-15,-1.));
#7721=DIRECTION('center_axis',(1.52189375314031E-15,-1.10572053476213E-15,
1.));
#7722=DIRECTION('ref_axis',(0.309016994374947,-0.951056516295154,-1.52189375314031E-15));
#7723=DIRECTION('',(-1.53509231366669E-15,1.10143206248519E-15,-1.));
#7724=DIRECTION('center_axis',(0.309016994374947,-0.951056516295154,-1.52189375314031E-15));
#7725=DIRECTION('ref_axis',(-0.951056516295154,-0.309016994374947,1.10572053476213E-15));
#7726=DIRECTION('',(0.951056516295154,0.309016994374947,-1.10572053476213E-15));
#7727=DIRECTION('',(-0.951056516295154,-0.309016994374947,1.10572053476213E-15));
#7728=DIRECTION('',(-1.53509231366669E-15,1.10143206248519E-15,-1.));
#7729=DIRECTION('center_axis',(-1.53509231366669E-15,1.10143206248519E-15,
-1.));
#7730=DIRECTION('ref_axis',(0.309016994374947,-0.951056516295154,-1.52189375314031E-15));
#7731=DIRECTION('center_axis',(1.52189375314031E-15,-1.10572053476213E-15,
1.));
#7732=DIRECTION('ref_axis',(0.309016994374947,-0.951056516295154,-1.52189375314031E-15));
#7733=DIRECTION('center_axis',(-1.52189375314031E-15,1.10572053476213E-15,
-1.));
#7734=DIRECTION('ref_axis',(0.309016994374947,-0.951056516295154,-1.52189375314031E-15));
#7735=DIRECTION('',(-1.53509231366669E-15,1.10143206248519E-15,-1.));
#7736=DIRECTION('center_axis',(-0.309016994374947,0.951056516295154,1.52189375314031E-15));
#7737=DIRECTION('ref_axis',(0.951056516295154,0.309016994374947,-1.10572053476213E-15));
#7738=DIRECTION('',(0.951056516295154,0.309016994374947,-1.10572053476213E-15));
#7739=DIRECTION('',(0.951056516295154,0.309016994374947,-1.10572053476213E-15));
#7740=DIRECTION('',(-1.53509231366669E-15,1.10143206248519E-15,-1.));
#7741=DIRECTION('center_axis',(-1.53509231366669E-15,1.10143206248519E-15,
-1.));
#7742=DIRECTION('ref_axis',(0.309016994374947,-0.951056516295154,-1.52189375314031E-15));
#7743=DIRECTION('center_axis',(1.52189375314031E-15,-1.10572053476213E-15,
1.));
#7744=DIRECTION('ref_axis',(0.309016994374947,-0.951056516295154,-1.52189375314031E-15));
#7745=DIRECTION('center_axis',(1.52189375314031E-15,-1.10572053476213E-15,
1.));
#7746=DIRECTION('ref_axis',(0.309016994374947,-0.951056516295154,-1.52189375314031E-15));
#7747=DIRECTION('',(-1.53509231366669E-15,1.10143206248519E-15,-1.));
#7748=DIRECTION('center_axis',(-0.309016994374947,0.951056516295154,1.52189375314031E-15));
#7749=DIRECTION('ref_axis',(0.951056516295154,0.309016994374947,-1.10572053476213E-15));
#7750=DIRECTION('',(0.951056516295154,0.309016994374947,-1.10572053476213E-15));
#7751=DIRECTION('',(0.951056516295154,0.309016994374947,-1.10572053476213E-15));
#7752=DIRECTION('',(0.,0.,-1.));
#7753=DIRECTION('center_axis',(0.309016994374947,-0.951056516295154,-1.52189375314031E-15));
#7754=DIRECTION('ref_axis',(-0.951056516295154,-0.309016994374947,1.10572053476213E-15));
#7755=DIRECTION('',(0.951056516295154,0.309016994374947,-1.10572053476213E-15));
#7756=DIRECTION('',(0.,0.,1.));
#7757=DIRECTION('',(-0.951056516295154,-0.309016994374947,1.10572053476213E-15));
#7758=DIRECTION('center_axis',(0.,0.,-1.));
#7759=DIRECTION('ref_axis',(1.,-2.22044604925031E-16,0.));
#7760=DIRECTION('center_axis',(1.63740415270934E-16,1.60021379073123E-15,
-1.));
#7761=DIRECTION('ref_axis',(1.,-2.22044604925031E-16,0.));
#7762=DIRECTION('',(0.,0.,1.));
#7763=DIRECTION('center_axis',(-1.63740415270934E-16,-1.60021379073123E-15,
1.));
#7764=DIRECTION('ref_axis',(1.,-2.22044604925031E-16,0.));
#7765=DIRECTION('center_axis',(0.,0.,-1.));
#7766=DIRECTION('ref_axis',(1.,-2.22044604925031E-16,0.));
#7767=DIRECTION('center_axis',(-1.63740415270934E-16,-1.60021379073123E-15,
1.));
#7768=DIRECTION('ref_axis',(1.,-2.22044604925031E-16,0.));
#7769=DIRECTION('',(0.,0.,-1.));
#7770=DIRECTION('center_axis',(1.63740415270934E-16,1.60021379073123E-15,
-1.));
#7771=DIRECTION('ref_axis',(1.,-2.22044604925031E-16,0.));
#7772=DIRECTION('center_axis',(1.5350923136667E-15,2.09899551897729E-15,
-1.));
#7773=DIRECTION('ref_axis',(-0.309016994374947,0.951056516295154,1.52189375314031E-15));
#7774=DIRECTION('center_axis',(-1.52189375314031E-15,-2.09470704670034E-15,
1.));
#7775=DIRECTION('ref_axis',(-0.309016994374947,0.951056516295154,1.52189375314031E-15));
#7776=DIRECTION('',(1.5350923136667E-15,2.09899551897729E-15,-1.));
#7777=DIRECTION('center_axis',(-1.52189375314031E-15,-2.09470704670034E-15,
1.));
#7778=DIRECTION('ref_axis',(-0.309016994374947,0.951056516295154,1.52189375314031E-15));
#7779=DIRECTION('',(1.5350923136667E-15,2.09899551897729E-15,-1.));
#7780=DIRECTION('center_axis',(-0.309016994374947,0.951056516295154,1.52189375314031E-15));
#7781=DIRECTION('ref_axis',(0.951056516295154,0.309016994374947,2.09470704670034E-15));
#7782=DIRECTION('',(-0.951056516295154,-0.309016994374947,-2.09470704670034E-15));
#7783=DIRECTION('',(0.951056516295154,0.309016994374947,2.09470704670034E-15));
#7784=DIRECTION('',(1.5350923136667E-15,2.09899551897729E-15,-1.));
#7785=DIRECTION('center_axis',(1.5350923136667E-15,2.09899551897729E-15,
-1.));
#7786=DIRECTION('ref_axis',(-0.309016994374947,0.951056516295154,1.52189375314031E-15));
#7787=DIRECTION('center_axis',(-1.52189375314031E-15,-2.09470704670034E-15,
1.));
#7788=DIRECTION('ref_axis',(-0.309016994374947,0.951056516295154,1.52189375314031E-15));
#7789=DIRECTION('center_axis',(1.52189375314031E-15,2.09470704670034E-15,
-1.));
#7790=DIRECTION('ref_axis',(-0.309016994374947,0.951056516295154,1.52189375314031E-15));
#7791=DIRECTION('',(1.5350923136667E-15,2.09899551897729E-15,-1.));
#7792=DIRECTION('center_axis',(0.309016994374947,-0.951056516295154,-1.52189375314031E-15));
#7793=DIRECTION('ref_axis',(-0.951056516295154,-0.309016994374947,-2.09470704670034E-15));
#7794=DIRECTION('',(-0.951056516295154,-0.309016994374947,-2.09470704670034E-15));
#7795=DIRECTION('',(-0.951056516295154,-0.309016994374947,-2.09470704670034E-15));
#7796=DIRECTION('',(1.5350923136667E-15,2.09899551897729E-15,-1.));
#7797=DIRECTION('center_axis',(1.5350923136667E-15,2.09899551897729E-15,
-1.));
#7798=DIRECTION('ref_axis',(-0.309016994374947,0.951056516295154,1.52189375314031E-15));
#7799=DIRECTION('center_axis',(-1.52189375314031E-15,-2.09470704670034E-15,
1.));
#7800=DIRECTION('ref_axis',(-0.309016994374947,0.951056516295154,1.52189375314031E-15));
#7801=DIRECTION('center_axis',(-1.52189375314031E-15,-2.09470704670034E-15,
1.));
#7802=DIRECTION('ref_axis',(-0.309016994374947,0.951056516295154,1.52189375314031E-15));
#7803=DIRECTION('',(1.5350923136667E-15,2.09899551897729E-15,-1.));
#7804=DIRECTION('center_axis',(0.309016994374947,-0.951056516295154,-1.52189375314031E-15));
#7805=DIRECTION('ref_axis',(-0.951056516295154,-0.309016994374947,-2.09470704670034E-15));
#7806=DIRECTION('',(-0.951056516295154,-0.309016994374947,-2.09470704670034E-15));
#7807=DIRECTION('',(-0.951056516295154,-0.309016994374947,-2.09470704670034E-15));
#7808=DIRECTION('',(0.,0.,-1.));
#7809=DIRECTION('center_axis',(-0.309016994374947,0.951056516295154,1.52189375314031E-15));
#7810=DIRECTION('ref_axis',(0.951056516295154,0.309016994374947,2.09470704670034E-15));
#7811=DIRECTION('',(-0.951056516295154,-0.309016994374947,-2.09470704670034E-15));
#7812=DIRECTION('',(0.,0.,1.));
#7813=DIRECTION('',(0.951056516295154,0.309016994374947,2.09470704670034E-15));
#7814=DIRECTION('center_axis',(0.,0.,-1.));
#7815=DIRECTION('ref_axis',(1.,-2.22044604925031E-16,0.));
#7816=DIRECTION('center_axis',(1.63740415270934E-16,1.60021379073123E-15,
-1.));
#7817=DIRECTION('ref_axis',(1.,-2.22044604925031E-16,0.));
#7818=DIRECTION('',(0.,0.,1.));
#7819=DIRECTION('center_axis',(-1.63740415270934E-16,-1.60021379073123E-15,
1.));
#7820=DIRECTION('ref_axis',(1.,-2.22044604925031E-16,0.));
#7821=DIRECTION('center_axis',(0.,0.,-1.));
#7822=DIRECTION('ref_axis',(-1.,1.87593676441055E-15,0.));
#7823=DIRECTION('center_axis',(-1.63740415270934E-16,-1.60021379073123E-15,
1.));
#7824=DIRECTION('ref_axis',(1.,-2.22044604925031E-16,0.));
#7825=DIRECTION('',(0.,0.,-1.));
#7826=DIRECTION('center_axis',(1.63740415270934E-16,1.60021379073123E-15,
-1.));
#7827=DIRECTION('ref_axis',(1.,-2.22044604925031E-16,0.));
#7828=DIRECTION('center_axis',(9.48739225714734E-16,2.90604130824681E-15,
-1.));
#7829=DIRECTION('ref_axis',(-0.809016994374947,0.587785252292473,9.40582066706854E-16));
#7830=DIRECTION('center_axis',(-9.40582066706856E-16,-2.89481394206596E-15,
1.));
#7831=DIRECTION('ref_axis',(-0.809016994374947,0.587785252292473,9.40582066706855E-16));
#7832=DIRECTION('',(9.48739225714734E-16,2.90604130824681E-15,-1.));
#7833=DIRECTION('center_axis',(-9.40582066706856E-16,-2.89481394206596E-15,
1.));
#7834=DIRECTION('ref_axis',(-0.809016994374947,0.587785252292473,9.40582066706855E-16));
#7835=DIRECTION('',(9.48739225714734E-16,2.90604130824681E-15,-1.));
#7836=DIRECTION('center_axis',(-0.809016994374947,0.587785252292473,9.40582066706854E-16));
#7837=DIRECTION('ref_axis',(0.587785252292473,0.809016994374947,2.89481394206596E-15));
#7838=DIRECTION('',(-0.587785252292473,-0.809016994374947,-2.89481394206596E-15));
#7839=DIRECTION('',(0.587785252292473,0.809016994374947,2.89481394206596E-15));
#7840=DIRECTION('',(9.48739225714734E-16,2.90604130824681E-15,-1.));
#7841=DIRECTION('center_axis',(9.48739225714734E-16,2.90604130824681E-15,
-1.));
#7842=DIRECTION('ref_axis',(-0.809016994374947,0.587785252292473,9.40582066706854E-16));
#7843=DIRECTION('center_axis',(-9.40582066706856E-16,-2.89481394206596E-15,
1.));
#7844=DIRECTION('ref_axis',(-0.809016994374947,0.587785252292473,9.40582066706855E-16));
#7845=DIRECTION('center_axis',(9.40582066706856E-16,2.89481394206596E-15,
-1.));
#7846=DIRECTION('ref_axis',(-0.809016994374947,0.587785252292473,9.40582066706855E-16));
#7847=DIRECTION('',(9.48739225714734E-16,2.90604130824681E-15,-1.));
#7848=DIRECTION('center_axis',(0.809016994374947,-0.587785252292473,-9.40582066706854E-16));
#7849=DIRECTION('ref_axis',(-0.587785252292473,-0.809016994374947,-2.89481394206596E-15));
#7850=DIRECTION('',(-0.587785252292473,-0.809016994374947,-2.89481394206596E-15));
#7851=DIRECTION('',(-0.587785252292473,-0.809016994374947,-2.89481394206596E-15));
#7852=DIRECTION('',(9.48739225714734E-16,2.90604130824681E-15,-1.));
#7853=DIRECTION('center_axis',(9.48739225714734E-16,2.90604130824681E-15,
-1.));
#7854=DIRECTION('ref_axis',(-0.809016994374947,0.587785252292473,9.40582066706854E-16));
#7855=DIRECTION('center_axis',(-9.40582066706856E-16,-2.89481394206596E-15,
1.));
#7856=DIRECTION('ref_axis',(-0.809016994374947,0.587785252292473,9.40582066706855E-16));
#7857=DIRECTION('center_axis',(-9.40582066706856E-16,-2.89481394206596E-15,
1.));
#7858=DIRECTION('ref_axis',(-0.809016994374947,0.587785252292473,9.40582066706855E-16));
#7859=DIRECTION('',(9.48739225714734E-16,2.90604130824681E-15,-1.));
#7860=DIRECTION('center_axis',(0.809016994374947,-0.587785252292473,-9.40582066706854E-16));
#7861=DIRECTION('ref_axis',(-0.587785252292473,-0.809016994374947,-2.89481394206596E-15));
#7862=DIRECTION('',(-0.587785252292473,-0.809016994374947,-2.89481394206596E-15));
#7863=DIRECTION('',(-0.587785252292473,-0.809016994374947,-2.89481394206596E-15));
#7864=DIRECTION('center_axis',(-0.809016994374947,0.587785252292473,9.40582066706854E-16));
#7865=DIRECTION('ref_axis',(0.587785252292473,0.809016994374947,2.89481394206596E-15));
#7866=DIRECTION('',(-0.587785252292473,-0.809016994374947,-2.89481394206596E-15));
#7867=DIRECTION('',(0.587785252292473,0.809016994374947,2.89481394206596E-15));
#7868=DIRECTION('center_axis',(9.48739225714732E-16,2.9438627321566E-16,
-1.));
#7869=DIRECTION('ref_axis',(0.809016994374948,0.587785252292473,9.40582066706855E-16));
#7870=DIRECTION('center_axis',(-9.40582066706855E-16,-3.05613639396511E-16,
1.));
#7871=DIRECTION('ref_axis',(0.809016994374948,0.587785252292473,9.40582066706855E-16));
#7872=DIRECTION('',(9.48739225714732E-16,2.9438627321566E-16,-1.));
#7873=DIRECTION('center_axis',(-9.40582066706855E-16,-3.05613639396511E-16,
1.));
#7874=DIRECTION('ref_axis',(0.809016994374948,0.587785252292473,9.40582066706855E-16));
#7875=DIRECTION('',(9.48739225714732E-16,2.9438627321566E-16,-1.));
#7876=DIRECTION('center_axis',(0.809016994374948,0.587785252292473,9.40582066706855E-16));
#7877=DIRECTION('ref_axis',(0.587785252292473,-0.809016994374948,3.0561363939651E-16));
#7878=DIRECTION('',(-0.587785252292473,0.809016994374948,-3.0561363939651E-16));
#7879=DIRECTION('',(0.587785252292473,-0.809016994374948,3.0561363939651E-16));
#7880=DIRECTION('',(9.48739225714732E-16,2.9438627321566E-16,-1.));
#7881=DIRECTION('center_axis',(9.48739225714732E-16,2.9438627321566E-16,
-1.));
#7882=DIRECTION('ref_axis',(0.809016994374947,0.587785252292473,9.40582066706855E-16));
#7883=DIRECTION('center_axis',(-9.40582066706855E-16,-3.05613639396511E-16,
1.));
#7884=DIRECTION('ref_axis',(0.809016994374947,0.587785252292473,9.40582066706855E-16));
#7885=DIRECTION('center_axis',(9.40582066706855E-16,3.05613639396511E-16,
-1.));
#7886=DIRECTION('ref_axis',(0.809016994374947,0.587785252292473,9.40582066706855E-16));
#7887=DIRECTION('',(9.48739225714732E-16,2.9438627321566E-16,-1.));
#7888=DIRECTION('center_axis',(-0.809016994374948,-0.587785252292473,-9.40582066706855E-16));
#7889=DIRECTION('ref_axis',(-0.587785252292473,0.809016994374948,-3.0561363939651E-16));
#7890=DIRECTION('',(-0.587785252292473,0.809016994374948,-3.0561363939651E-16));
#7891=DIRECTION('',(-0.587785252292473,0.809016994374948,-3.0561363939651E-16));
#7892=DIRECTION('',(9.48739225714732E-16,2.9438627321566E-16,-1.));
#7893=DIRECTION('center_axis',(9.48739225714732E-16,2.9438627321566E-16,
-1.));
#7894=DIRECTION('ref_axis',(0.809016994374948,0.587785252292473,9.40582066706855E-16));
#7895=DIRECTION('center_axis',(-9.40582066706855E-16,-3.05613639396511E-16,
1.));
#7896=DIRECTION('ref_axis',(0.809016994374948,0.587785252292473,9.40582066706855E-16));
#7897=DIRECTION('center_axis',(-9.40582066706855E-16,-3.05613639396511E-16,
1.));
#7898=DIRECTION('ref_axis',(0.809016994374948,0.587785252292473,9.40582066706855E-16));
#7899=DIRECTION('',(9.48739225714732E-16,2.9438627321566E-16,-1.));
#7900=DIRECTION('center_axis',(-0.809016994374948,-0.587785252292473,-9.40582066706855E-16));
#7901=DIRECTION('ref_axis',(-0.587785252292473,0.809016994374948,-3.0561363939651E-16));
#7902=DIRECTION('',(-0.587785252292473,0.809016994374948,-3.0561363939651E-16));
#7903=DIRECTION('',(-0.587785252292473,0.809016994374948,-3.0561363939651E-16));
#7904=DIRECTION('',(0.,0.,-1.));
#7905=DIRECTION('center_axis',(0.809016994374948,0.587785252292473,9.40582066706855E-16));
#7906=DIRECTION('ref_axis',(0.587785252292473,-0.809016994374948,3.0561363939651E-16));
#7907=DIRECTION('',(-0.587785252292473,0.809016994374948,-3.0561363939651E-16));
#7908=DIRECTION('',(0.,0.,1.));
#7909=DIRECTION('',(0.587785252292473,-0.809016994374948,3.0561363939651E-16));
#7910=DIRECTION('center_axis',(0.,0.,-1.));
#7911=DIRECTION('ref_axis',(1.,-2.22044604925031E-16,0.));
#7912=DIRECTION('center_axis',(1.63740415270934E-16,1.60021379073123E-15,
-1.));
#7913=DIRECTION('ref_axis',(1.,-2.22044604925031E-16,0.));
#7914=DIRECTION('',(0.,0.,1.));
#7915=DIRECTION('center_axis',(-1.63740415270934E-16,-1.60021379073123E-15,
1.));
#7916=DIRECTION('ref_axis',(1.,-2.22044604925031E-16,0.));
#7917=DIRECTION('center_axis',(0.,0.,-1.));
#7918=DIRECTION('ref_axis',(1.,-2.22044604925031E-16,0.));
#7919=DIRECTION('center_axis',(-1.63740415270934E-16,-1.60021379073123E-15,
1.));
#7920=DIRECTION('ref_axis',(1.,-2.22044604925031E-16,0.));
#7921=DIRECTION('',(0.,0.,-1.));
#7922=DIRECTION('center_axis',(1.63740415270934E-16,1.60021379073123E-15,
-1.));
#7923=DIRECTION('ref_axis',(1.,-2.22044604925031E-16,0.));
#7924=DIRECTION('center_axis',(2.31111593326472E-32,-1.38777878078128E-17,
-1.));
#7925=DIRECTION('ref_axis',(1.,-2.22044604925031E-16,2.61926472436664E-32));
#7926=DIRECTION('center_axis',(-5.52820540291145E-31,-9.84535387570755E-31,
1.));
#7927=DIRECTION('ref_axis',(1.,-2.22044604925031E-16,5.52820540291145E-31));
#7928=DIRECTION('',(2.31111593326472E-32,-1.38777878078128E-17,-1.));
#7929=DIRECTION('center_axis',(-5.52820540291145E-31,-9.84535387570755E-31,
1.));
#7930=DIRECTION('ref_axis',(1.,-2.22044604925031E-16,5.52820540291145E-31));
#7931=DIRECTION('',(2.31111593326472E-32,-1.38777878078128E-17,-1.));
#7932=DIRECTION('center_axis',(1.,-2.22044604925031E-16,2.61926472436664E-32));
#7933=DIRECTION('ref_axis',(-2.22044604925031E-16,-1.,-1.0384614260136E-30));
#7934=DIRECTION('',(2.22044604925031E-16,1.,1.0384614260136E-30));
#7935=DIRECTION('',(-2.22044604925031E-16,-1.,-1.0384614260136E-30));
#7936=DIRECTION('',(2.31111593326472E-32,-1.38777878078128E-17,-1.));
#7937=DIRECTION('center_axis',(2.31111593326472E-32,-1.38777878078128E-17,
-1.));
#7938=DIRECTION('ref_axis',(1.,-2.22044604925031E-16,2.61926472436664E-32));
#7939=DIRECTION('center_axis',(-5.52820540291145E-31,-9.84535387570755E-31,
1.));
#7940=DIRECTION('ref_axis',(1.,-2.22044604925031E-16,5.52820540291145E-31));
#7941=DIRECTION('center_axis',(5.52820540291145E-31,9.84535387570755E-31,
-1.));
#7942=DIRECTION('ref_axis',(1.,-2.22044604925031E-16,5.52820540291145E-31));
#7943=DIRECTION('',(2.31111593326472E-32,-1.38777878078128E-17,-1.));
#7944=DIRECTION('center_axis',(-1.,2.22044604925031E-16,-2.61926472436664E-32));
#7945=DIRECTION('ref_axis',(2.22044604925031E-16,1.,1.0384614260136E-30));
#7946=DIRECTION('',(2.22044604925031E-16,1.,1.0384614260136E-30));
#7947=DIRECTION('',(2.22044604925031E-16,1.,1.0384614260136E-30));
#7948=DIRECTION('',(2.31111593326472E-32,-1.38777878078128E-17,-1.));
#7949=DIRECTION('center_axis',(2.31111593326472E-32,-1.38777878078128E-17,
-1.));
#7950=DIRECTION('ref_axis',(1.,-2.22044604925031E-16,2.61926472436664E-32));
#7951=DIRECTION('center_axis',(-5.52820540291145E-31,-9.84535387570755E-31,
1.));
#7952=DIRECTION('ref_axis',(1.,-2.22044604925031E-16,5.52820540291145E-31));
#7953=DIRECTION('center_axis',(-5.52820540291145E-31,-9.84535387570755E-31,
1.));
#7954=DIRECTION('ref_axis',(1.,-2.22044604925031E-16,5.52820540291145E-31));
#7955=DIRECTION('',(2.31111593326472E-32,-1.38777878078128E-17,-1.));
#7956=DIRECTION('center_axis',(-1.,2.22044604925031E-16,-2.61926472436664E-32));
#7957=DIRECTION('ref_axis',(2.22044604925031E-16,1.,1.0384614260136E-30));
#7958=DIRECTION('',(2.22044604925031E-16,1.,1.0384614260136E-30));
#7959=DIRECTION('',(2.22044604925031E-16,1.,1.0384614260136E-30));
#7960=DIRECTION('center_axis',(1.,-2.22044604925031E-16,2.61926472436664E-32));
#7961=DIRECTION('ref_axis',(-2.22044604925031E-16,-1.,-1.0384614260136E-30));
#7962=DIRECTION('',(2.22044604925031E-16,1.,1.0384614260136E-30));
#7963=DIRECTION('',(0.,0.,1.));
#7964=DIRECTION('',(-2.22044604925031E-16,-1.,-1.0384614260136E-30));
#7965=DIRECTION('center_axis',(0.,0.,-1.));
#7966=DIRECTION('ref_axis',(1.,-2.22044604925031E-16,0.));
#7967=DIRECTION('center_axis',(-1.63740415270934E-16,-1.60021379073123E-15,
1.));
#7968=DIRECTION('ref_axis',(1.,-2.22044604925031E-16,0.));
#7969=DIRECTION('',(0.,0.,-1.));
#7970=DIRECTION('center_axis',(1.63740415270934E-16,1.60021379073123E-15,
-1.));
#7971=DIRECTION('ref_axis',(1.,-2.22044604925031E-16,0.));
#7972=DIRECTION('center_axis',(1.53509231366669E-15,1.10143206248518E-15,
-1.));
#7973=DIRECTION('ref_axis',(0.309016994374948,0.951056516295154,1.52189375314031E-15));
#7974=DIRECTION('center_axis',(-1.52189375314031E-15,-1.10572053476213E-15,
1.));
#7975=DIRECTION('ref_axis',(0.309016994374948,0.951056516295154,1.52189375314031E-15));
#7976=DIRECTION('',(1.53509231366669E-15,1.10143206248518E-15,-1.));
#7977=DIRECTION('center_axis',(-1.52189375314031E-15,-1.10572053476213E-15,
1.));
#7978=DIRECTION('ref_axis',(0.309016994374948,0.951056516295154,1.52189375314031E-15));
#7979=DIRECTION('',(1.53509231366669E-15,1.10143206248518E-15,-1.));
#7980=DIRECTION('center_axis',(0.309016994374948,0.951056516295154,1.52189375314031E-15));
#7981=DIRECTION('ref_axis',(0.951056516295153,-0.309016994374948,1.10572053476213E-15));
#7982=DIRECTION('',(-0.951056516295153,0.309016994374948,-1.10572053476213E-15));
#7983=DIRECTION('',(0.951056516295153,-0.309016994374948,1.10572053476213E-15));
#7984=DIRECTION('',(1.53509231366669E-15,1.10143206248518E-15,-1.));
#7985=DIRECTION('center_axis',(1.53509231366669E-15,1.10143206248518E-15,
-1.));
#7986=DIRECTION('ref_axis',(0.309016994374948,0.951056516295154,1.52189375314031E-15));
#7987=DIRECTION('center_axis',(-1.52189375314031E-15,-1.10572053476213E-15,
1.));
#7988=DIRECTION('ref_axis',(0.309016994374948,0.951056516295154,1.52189375314031E-15));
#7989=DIRECTION('center_axis',(1.52189375314031E-15,1.10572053476213E-15,
-1.));
#7990=DIRECTION('ref_axis',(0.309016994374948,0.951056516295154,1.52189375314031E-15));
#7991=DIRECTION('',(1.53509231366669E-15,1.10143206248518E-15,-1.));
#7992=DIRECTION('center_axis',(-0.309016994374948,-0.951056516295154,-1.52189375314031E-15));
#7993=DIRECTION('ref_axis',(-0.951056516295153,0.309016994374948,-1.10572053476213E-15));
#7994=DIRECTION('',(-0.951056516295153,0.309016994374948,-1.10572053476213E-15));
#7995=DIRECTION('',(-0.951056516295153,0.309016994374948,-1.10572053476213E-15));
#7996=DIRECTION('',(1.53509231366669E-15,1.10143206248518E-15,-1.));
#7997=DIRECTION('center_axis',(1.53509231366669E-15,1.10143206248518E-15,
-1.));
#7998=DIRECTION('ref_axis',(0.309016994374948,0.951056516295154,1.52189375314031E-15));
#7999=DIRECTION('center_axis',(-1.52189375314031E-15,-1.10572053476213E-15,
1.));
#8000=DIRECTION('ref_axis',(0.309016994374948,0.951056516295154,1.52189375314031E-15));
#8001=DIRECTION('center_axis',(-1.52189375314031E-15,-1.10572053476213E-15,
1.));
#8002=DIRECTION('ref_axis',(0.309016994374948,0.951056516295154,1.52189375314031E-15));
#8003=DIRECTION('',(1.53509231366669E-15,1.10143206248518E-15,-1.));
#8004=DIRECTION('center_axis',(-0.309016994374948,-0.951056516295154,-1.52189375314031E-15));
#8005=DIRECTION('ref_axis',(-0.951056516295153,0.309016994374948,-1.10572053476213E-15));
#8006=DIRECTION('',(-0.951056516295153,0.309016994374948,-1.10572053476213E-15));
#8007=DIRECTION('',(-0.951056516295153,0.309016994374948,-1.10572053476213E-15));
#8008=DIRECTION('center_axis',(0.309016994374948,0.951056516295154,1.52189375314031E-15));
#8009=DIRECTION('ref_axis',(0.951056516295153,-0.309016994374948,1.10572053476213E-15));
#8010=DIRECTION('',(-0.951056516295153,0.309016994374948,-1.10572053476213E-15));
#8011=DIRECTION('',(0.951056516295153,-0.309016994374948,1.10572053476213E-15));
#8012=DIRECTION('center_axis',(-1.53509231366669E-15,2.09899551897729E-15,
-1.));
#8013=DIRECTION('ref_axis',(-0.309016994374948,-0.951056516295154,-1.52189375314031E-15));
#8014=DIRECTION('center_axis',(1.52189375314031E-15,-2.09470704670035E-15,
1.));
#8015=DIRECTION('ref_axis',(-0.309016994374948,-0.951056516295154,-1.52189375314031E-15));
#8016=DIRECTION('',(-1.53509231366669E-15,2.09899551897729E-15,-1.));
#8017=DIRECTION('center_axis',(1.52189375314031E-15,-2.09470704670035E-15,
1.));
#8018=DIRECTION('ref_axis',(-0.309016994374948,-0.951056516295154,-1.52189375314031E-15));
#8019=DIRECTION('',(-1.53509231366669E-15,2.09899551897729E-15,-1.));
#8020=DIRECTION('center_axis',(-0.309016994374948,-0.951056516295154,-1.52189375314031E-15));
#8021=DIRECTION('ref_axis',(-0.951056516295153,0.309016994374948,2.09470704670034E-15));
#8022=DIRECTION('',(0.951056516295153,-0.309016994374948,-2.09470704670034E-15));
#8023=DIRECTION('',(-0.951056516295153,0.309016994374948,2.09470704670034E-15));
#8024=DIRECTION('',(-1.53509231366669E-15,2.09899551897729E-15,-1.));
#8025=DIRECTION('center_axis',(-1.53509231366669E-15,2.09899551897729E-15,
-1.));
#8026=DIRECTION('ref_axis',(-0.309016994374948,-0.951056516295153,-1.52189375314031E-15));
#8027=DIRECTION('center_axis',(1.52189375314031E-15,-2.09470704670035E-15,
1.));
#8028=DIRECTION('ref_axis',(-0.309016994374948,-0.951056516295153,-1.52189375314031E-15));
#8029=DIRECTION('center_axis',(-1.52189375314031E-15,2.09470704670035E-15,
-1.));
#8030=DIRECTION('ref_axis',(-0.309016994374948,-0.951056516295153,-1.52189375314031E-15));
#8031=DIRECTION('',(-1.53509231366669E-15,2.09899551897729E-15,-1.));
#8032=DIRECTION('center_axis',(0.309016994374948,0.951056516295154,1.52189375314031E-15));
#8033=DIRECTION('ref_axis',(0.951056516295153,-0.309016994374948,-2.09470704670034E-15));
#8034=DIRECTION('',(0.951056516295153,-0.309016994374948,-2.09470704670034E-15));
#8035=DIRECTION('',(0.951056516295153,-0.309016994374948,-2.09470704670034E-15));
#8036=DIRECTION('',(-1.53509231366669E-15,2.09899551897729E-15,-1.));
#8037=DIRECTION('center_axis',(-1.53509231366669E-15,2.09899551897729E-15,
-1.));
#8038=DIRECTION('ref_axis',(-0.309016994374948,-0.951056516295154,-1.52189375314031E-15));
#8039=DIRECTION('center_axis',(1.52189375314031E-15,-2.09470704670035E-15,
1.));
#8040=DIRECTION('ref_axis',(-0.309016994374948,-0.951056516295154,-1.52189375314031E-15));
#8041=DIRECTION('center_axis',(1.52189375314031E-15,-2.09470704670035E-15,
1.));
#8042=DIRECTION('ref_axis',(-0.309016994374948,-0.951056516295154,-1.52189375314031E-15));
#8043=DIRECTION('',(-1.53509231366669E-15,2.09899551897729E-15,-1.));
#8044=DIRECTION('center_axis',(0.309016994374948,0.951056516295154,1.52189375314031E-15));
#8045=DIRECTION('ref_axis',(0.951056516295153,-0.309016994374948,-2.09470704670034E-15));
#8046=DIRECTION('',(0.951056516295153,-0.309016994374948,-2.09470704670034E-15));
#8047=DIRECTION('',(0.951056516295153,-0.309016994374948,-2.09470704670034E-15));
#8048=DIRECTION('center_axis',(-0.309016994374948,-0.951056516295154,-1.52189375314031E-15));
#8049=DIRECTION('ref_axis',(-0.951056516295153,0.309016994374948,2.09470704670034E-15));
#8050=DIRECTION('',(0.951056516295153,-0.309016994374948,-2.09470704670034E-15));
#8051=DIRECTION('',(0.,0.,1.));
#8052=DIRECTION('',(-0.951056516295153,0.309016994374948,2.09470704670034E-15));
#8053=DIRECTION('center_axis',(0.,0.,-1.));
#8054=DIRECTION('ref_axis',(1.,-2.22044604925031E-16,0.));
#8055=DIRECTION('center_axis',(-1.63740415270934E-16,-1.60021379073123E-15,
1.));
#8056=DIRECTION('ref_axis',(1.,-2.22044604925031E-16,0.));
#8057=DIRECTION('',(0.,0.,-1.));
#8058=DIRECTION('center_axis',(1.63740415270934E-16,1.60021379073123E-15,
-1.));
#8059=DIRECTION('ref_axis',(1.,-2.22044604925031E-16,0.));
#8060=DIRECTION('center_axis',(-9.4873922571473E-16,2.90604130824681E-15,
-1.));
#8061=DIRECTION('ref_axis',(-0.809016994374948,-0.587785252292473,-9.40582066706856E-16));
#8062=DIRECTION('center_axis',(9.40582066706853E-16,-2.89481394206596E-15,
1.));
#8063=DIRECTION('ref_axis',(-0.809016994374948,-0.587785252292473,-9.40582066706855E-16));
#8064=DIRECTION('',(-9.4873922571473E-16,2.90604130824681E-15,-1.));
#8065=DIRECTION('center_axis',(9.40582066706853E-16,-2.89481394206596E-15,
1.));
#8066=DIRECTION('ref_axis',(-0.809016994374948,-0.587785252292473,-9.40582066706855E-16));
#8067=DIRECTION('',(-9.4873922571473E-16,2.90604130824681E-15,-1.));
#8068=DIRECTION('center_axis',(-0.809016994374948,-0.587785252292473,-9.40582066706856E-16));
#8069=DIRECTION('ref_axis',(-0.587785252292473,0.809016994374948,2.89481394206596E-15));
#8070=DIRECTION('',(0.587785252292473,-0.809016994374948,-2.89481394206596E-15));
#8071=DIRECTION('',(-0.587785252292473,0.809016994374948,2.89481394206596E-15));
#8072=DIRECTION('',(-9.4873922571473E-16,2.90604130824681E-15,-1.));
#8073=DIRECTION('center_axis',(-9.4873922571473E-16,2.90604130824681E-15,
-1.));
#8074=DIRECTION('ref_axis',(-0.809016994374948,-0.587785252292473,-9.40582066706856E-16));
#8075=DIRECTION('center_axis',(9.40582066706853E-16,-2.89481394206596E-15,
1.));
#8076=DIRECTION('ref_axis',(-0.809016994374948,-0.587785252292473,-9.40582066706855E-16));
#8077=DIRECTION('center_axis',(-9.40582066706853E-16,2.89481394206596E-15,
-1.));
#8078=DIRECTION('ref_axis',(-0.809016994374948,-0.587785252292473,-9.40582066706855E-16));
#8079=DIRECTION('',(-9.4873922571473E-16,2.90604130824681E-15,-1.));
#8080=DIRECTION('center_axis',(0.809016994374948,0.587785252292473,9.40582066706856E-16));
#8081=DIRECTION('ref_axis',(0.587785252292473,-0.809016994374948,-2.89481394206596E-15));
#8082=DIRECTION('',(0.587785252292473,-0.809016994374948,-2.89481394206596E-15));
#8083=DIRECTION('',(0.587785252292473,-0.809016994374948,-2.89481394206596E-15));
#8084=DIRECTION('',(-9.4873922571473E-16,2.90604130824681E-15,-1.));
#8085=DIRECTION('center_axis',(-9.4873922571473E-16,2.90604130824681E-15,
-1.));
#8086=DIRECTION('ref_axis',(-0.809016994374948,-0.587785252292473,-9.40582066706856E-16));
#8087=DIRECTION('center_axis',(9.40582066706853E-16,-2.89481394206596E-15,
1.));
#8088=DIRECTION('ref_axis',(-0.809016994374948,-0.587785252292473,-9.40582066706855E-16));
#8089=DIRECTION('center_axis',(9.40582066706853E-16,-2.89481394206596E-15,
1.));
#8090=DIRECTION('ref_axis',(-0.809016994374948,-0.587785252292473,-9.40582066706855E-16));
#8091=DIRECTION('',(-9.4873922571473E-16,2.90604130824681E-15,-1.));
#8092=DIRECTION('center_axis',(0.809016994374948,0.587785252292473,9.40582066706856E-16));
#8093=DIRECTION('ref_axis',(0.587785252292473,-0.809016994374948,-2.89481394206596E-15));
#8094=DIRECTION('',(0.587785252292473,-0.809016994374948,-2.89481394206596E-15));
#8095=DIRECTION('',(0.587785252292473,-0.809016994374948,-2.89481394206596E-15));
#8096=DIRECTION('center_axis',(-0.809016994374948,-0.587785252292473,-9.40582066706856E-16));
#8097=DIRECTION('ref_axis',(-0.587785252292473,0.809016994374948,2.89481394206596E-15));
#8098=DIRECTION('',(0.587785252292473,-0.809016994374948,-2.89481394206596E-15));
#8099=DIRECTION('',(-0.587785252292473,0.809016994374948,2.89481394206596E-15));
#8100=DIRECTION('center_axis',(-9.48739225714732E-16,2.94386273215661E-16,
-1.));
#8101=DIRECTION('ref_axis',(0.809016994374947,-0.587785252292473,-9.40582066706855E-16));
#8102=DIRECTION('center_axis',(9.40582066706854E-16,-3.05613639396512E-16,
1.));
#8103=DIRECTION('ref_axis',(0.809016994374947,-0.587785252292473,-9.40582066706855E-16));
#8104=DIRECTION('',(-9.48739225714732E-16,2.94386273215661E-16,-1.));
#8105=DIRECTION('center_axis',(9.40582066706854E-16,-3.05613639396512E-16,
1.));
#8106=DIRECTION('ref_axis',(0.809016994374947,-0.587785252292473,-9.40582066706855E-16));
#8107=DIRECTION('',(-9.48739225714732E-16,2.94386273215661E-16,-1.));
#8108=DIRECTION('center_axis',(0.809016994374947,-0.587785252292474,-9.40582066706856E-16));
#8109=DIRECTION('ref_axis',(-0.587785252292473,-0.809016994374947,3.05613639396509E-16));
#8110=DIRECTION('',(0.587785252292473,0.809016994374947,-3.05613639396509E-16));
#8111=DIRECTION('',(-0.587785252292473,-0.809016994374947,3.05613639396509E-16));
#8112=DIRECTION('',(-9.48739225714732E-16,2.94386273215661E-16,-1.));
#8113=DIRECTION('center_axis',(-9.48739225714732E-16,2.94386273215661E-16,
-1.));
#8114=DIRECTION('ref_axis',(0.809016994374947,-0.587785252292473,-9.40582066706856E-16));
#8115=DIRECTION('center_axis',(9.40582066706854E-16,-3.05613639396512E-16,
1.));
#8116=DIRECTION('ref_axis',(0.809016994374947,-0.587785252292473,-9.40582066706855E-16));
#8117=DIRECTION('center_axis',(-9.40582066706854E-16,3.05613639396512E-16,
-1.));
#8118=DIRECTION('ref_axis',(0.809016994374947,-0.587785252292473,-9.40582066706855E-16));
#8119=DIRECTION('',(-9.48739225714732E-16,2.94386273215661E-16,-1.));
#8120=DIRECTION('center_axis',(-0.809016994374947,0.587785252292474,9.40582066706856E-16));
#8121=DIRECTION('ref_axis',(0.587785252292473,0.809016994374947,-3.05613639396509E-16));
#8122=DIRECTION('',(0.587785252292473,0.809016994374947,-3.05613639396509E-16));
#8123=DIRECTION('',(0.587785252292473,0.809016994374947,-3.05613639396509E-16));
#8124=DIRECTION('',(-9.48739225714732E-16,2.94386273215661E-16,-1.));
#8125=DIRECTION('center_axis',(-9.48739225714732E-16,2.94386273215661E-16,
-1.));
#8126=DIRECTION('ref_axis',(0.809016994374947,-0.587785252292473,-9.40582066706855E-16));
#8127=DIRECTION('center_axis',(9.40582066706854E-16,-3.05613639396512E-16,
1.));
#8128=DIRECTION('ref_axis',(0.809016994374947,-0.587785252292473,-9.40582066706855E-16));
#8129=DIRECTION('center_axis',(9.40582066706854E-16,-3.05613639396512E-16,
1.));
#8130=DIRECTION('ref_axis',(0.809016994374947,-0.587785252292473,-9.40582066706855E-16));
#8131=DIRECTION('',(-9.48739225714732E-16,2.94386273215661E-16,-1.));
#8132=DIRECTION('center_axis',(-0.809016994374947,0.587785252292474,9.40582066706856E-16));
#8133=DIRECTION('ref_axis',(0.587785252292473,0.809016994374947,-3.05613639396509E-16));
#8134=DIRECTION('',(0.587785252292473,0.809016994374947,-3.05613639396509E-16));
#8135=DIRECTION('',(0.587785252292473,0.809016994374947,-3.05613639396509E-16));
#8136=DIRECTION('center_axis',(0.809016994374947,-0.587785252292474,-9.40582066706856E-16));
#8137=DIRECTION('ref_axis',(-0.587785252292473,-0.809016994374947,3.05613639396509E-16));
#8138=DIRECTION('',(0.587785252292473,0.809016994374947,-3.05613639396509E-16));
#8139=DIRECTION('',(-0.587785252292473,-0.809016994374947,3.05613639396509E-16));
#8140=DIRECTION('center_axis',(0.,0.,1.));
#8141=DIRECTION('ref_axis',(1.,-2.22044604925031E-16,0.));
#8142=DIRECTION('center_axis',(-1.63740415270934E-16,-1.60021379073123E-15,
1.));
#8143=DIRECTION('ref_axis',(1.,-2.22044604925031E-16,0.));
#8144=DIRECTION('',(0.,0.,1.));
#8145=DIRECTION('center_axis',(-1.63740415270934E-16,-1.60021379073123E-15,
1.));
#8146=DIRECTION('ref_axis',(1.,-2.22044604925031E-16,0.));
#8147=DIRECTION('center_axis',(1.63740415270934E-16,1.60021379073123E-15,
-1.));
#8148=DIRECTION('ref_axis',(-1.,0.,-1.63740415270934E-16));
#8149=DIRECTION('center_axis',(1.63740415270934E-16,1.60021379073123E-15,
-1.));
#8150=DIRECTION('ref_axis',(1.,-2.22044604925031E-16,0.));
#8151=DIRECTION('center_axis',(0.,0.,1.));
#8152=DIRECTION('ref_axis',(1.,-2.22044604925031E-16,0.));
#8153=DIRECTION('',(0.,0.,1.));
#8154=DIRECTION('center_axis',(-1.63740415270934E-16,-1.60021379073123E-15,
1.));
#8155=DIRECTION('ref_axis',(1.,-2.22044604925031E-16,0.));
#8156=DIRECTION('center_axis',(1.63740415270934E-16,1.60021379073123E-15,
-1.));
#8157=DIRECTION('ref_axis',(-1.,0.,-1.63740415270934E-16));
#8158=DIRECTION('center_axis',(-1.63740415270934E-16,-1.60021379073123E-15,
1.));
#8159=DIRECTION('ref_axis',(1.,-2.22044604925031E-16,0.));
#8160=DIRECTION('center_axis',(0.,0.,-1.));
#8161=DIRECTION('ref_axis',(1.,-2.22044604925031E-16,0.));
#8162=DIRECTION('center_axis',(5.66993775627603E-31,1.0384614260136E-30,
-1.));
#8163=DIRECTION('ref_axis',(1.,-2.22044604925031E-16,0.));
#8164=DIRECTION('',(0.,0.,-1.));
#8165=DIRECTION('center_axis',(5.66993775627603E-31,1.0384614260136E-30,
-1.));
#8166=DIRECTION('ref_axis',(1.,-2.22044604925031E-16,5.66993775627602E-31));
#8167=DIRECTION('center_axis',(-5.66993775627603E-31,-1.0384614260136E-30,
1.));
#8168=DIRECTION('ref_axis',(1.,-2.22044604925031E-16,5.66993775627602E-31));
#8169=DIRECTION('center_axis',(5.66993775627603E-31,1.0384614260136E-30,
-1.));
#8170=DIRECTION('ref_axis',(1.,-2.22044604925031E-16,0.));
#8171=DIRECTION('center_axis',(0.,-1.59594559789867E-15,1.));
#8172=DIRECTION('ref_axis',(1.,-2.22044604925032E-16,9.35659515833907E-17));
#8173=DIRECTION('center_axis',(-1.63740415270934E-16,-1.60021379073123E-15,
1.));
#8174=DIRECTION('ref_axis',(1.,-2.22044604925032E-16,1.63740415270934E-16));
#8175=DIRECTION('',(0.707106781186549,1.05809031443414E-15,-0.707106781186546));
#8176=DIRECTION('center_axis',(5.66993775627603E-31,1.0384614260136E-30,
-1.));
#8177=DIRECTION('ref_axis',(1.,-2.22044604925031E-16,5.66993775627602E-31));
#8178=DIRECTION('center_axis',(-1.63740415270934E-16,-1.60021379073123E-15,
1.));
#8179=DIRECTION('ref_axis',(-1.,-1.97215226305253E-31,-1.63740415270934E-16));
#8180=DIRECTION('center_axis',(-5.66993775627603E-31,-1.0384614260136E-30,
1.));
#8181=DIRECTION('ref_axis',(1.,-2.22044604925031E-16,5.66993775627602E-31));
#8182=DIRECTION('center_axis',(0.,0.,-1.));
#8183=DIRECTION('ref_axis',(1.,-2.22044604925031E-16,0.));
#8184=DIRECTION('',(0.,0.,-1.));
#8185=DIRECTION('center_axis',(-1.63740415270934E-16,-1.60021379073123E-15,
1.));
#8186=DIRECTION('ref_axis',(-1.,-1.97215226305253E-31,-1.63740415270934E-16));
#8187=DIRECTION('center_axis',(-1.63740415270934E-16,-1.60021379073123E-15,
1.));
#8188=DIRECTION('ref_axis',(1.,0.,1.63740415270934E-16));
#8189=DIRECTION('center_axis',(1.63740415270934E-16,1.60021379073123E-15,
-1.));
#8190=DIRECTION('ref_axis',(-1.,2.22044604925031E-16,0.));
#8191=DIRECTION('center_axis',(1.63740415270934E-16,1.60021379073123E-15,
-1.));
#8192=DIRECTION('ref_axis',(1.,-2.22044604925031E-16,0.));
#8193=DIRECTION('center_axis',(-1.14133510064106E-15,4.58878690090177E-16,
-1.));
#8194=DIRECTION('ref_axis',(0.707106781186547,-0.707106781186548,-1.13152202277429E-15));
#8195=DIRECTION('center_axis',(1.13152202277429E-15,-4.6869176795695E-16,
1.));
#8196=DIRECTION('ref_axis',(0.707106781186547,-0.707106781186548,-1.13152202277429E-15));
#8197=DIRECTION('',(-1.14133510064106E-15,4.58878690090177E-16,-1.));
#8198=DIRECTION('center_axis',(1.13152202277429E-15,-4.6869176795695E-16,
1.));
#8199=DIRECTION('ref_axis',(0.707106781186547,-0.707106781186548,-1.13152202277429E-15));
#8200=DIRECTION('',(-1.14133510064106E-15,4.58878690090177E-16,-1.));
#8201=DIRECTION('center_axis',(0.707106781186547,-0.707106781186548,-1.13152202277429E-15));
#8202=DIRECTION('ref_axis',(-0.707106781186548,-0.707106781186547,4.68691767956947E-16));
#8203=DIRECTION('',(0.707106781186548,0.707106781186547,-4.68691767956947E-16));
#8204=DIRECTION('',(-0.707106781186548,-0.707106781186547,4.68691767956947E-16));
#8205=DIRECTION('',(-1.14133510064106E-15,4.58878690090177E-16,-1.));
#8206=DIRECTION('center_axis',(-1.14133510064106E-15,4.58878690090177E-16,
-1.));
#8207=DIRECTION('ref_axis',(0.707106781186547,-0.707106781186548,-1.13152202277429E-15));
#8208=DIRECTION('center_axis',(1.13152202277429E-15,-4.6869176795695E-16,
1.));
#8209=DIRECTION('ref_axis',(0.707106781186547,-0.707106781186548,-1.13152202277429E-15));
#8210=DIRECTION('center_axis',(-1.13152202277429E-15,4.6869176795695E-16,
-1.));
#8211=DIRECTION('ref_axis',(0.707106781186547,-0.707106781186548,-1.13152202277429E-15));
#8212=DIRECTION('',(-1.14133510064106E-15,4.58878690090177E-16,-1.));
#8213=DIRECTION('center_axis',(-0.707106781186547,0.707106781186548,1.13152202277429E-15));
#8214=DIRECTION('ref_axis',(0.707106781186548,0.707106781186547,-4.68691767956947E-16));
#8215=DIRECTION('',(0.707106781186548,0.707106781186547,-4.68691767956947E-16));
#8216=DIRECTION('',(0.707106781186548,0.707106781186547,-4.68691767956947E-16));
#8217=DIRECTION('',(-1.14133510064106E-15,4.58878690090177E-16,-1.));
#8218=DIRECTION('center_axis',(-1.14133510064106E-15,4.58878690090177E-16,
-1.));
#8219=DIRECTION('ref_axis',(0.707106781186547,-0.707106781186548,-1.13152202277429E-15));
#8220=DIRECTION('center_axis',(1.13152202277429E-15,-4.6869176795695E-16,
1.));
#8221=DIRECTION('ref_axis',(0.707106781186547,-0.707106781186548,-1.13152202277429E-15));
#8222=DIRECTION('center_axis',(1.13152202277429E-15,-4.6869176795695E-16,
1.));
#8223=DIRECTION('ref_axis',(0.707106781186547,-0.707106781186548,-1.13152202277429E-15));
#8224=DIRECTION('',(-1.14133510064106E-15,4.58878690090177E-16,-1.));
#8225=DIRECTION('center_axis',(-0.707106781186547,0.707106781186548,1.13152202277429E-15));
#8226=DIRECTION('ref_axis',(0.707106781186548,0.707106781186547,-4.68691767956947E-16));
#8227=DIRECTION('',(0.707106781186548,0.707106781186547,-4.68691767956947E-16));
#8228=DIRECTION('',(0.707106781186548,0.707106781186547,-4.68691767956947E-16));
#8229=DIRECTION('',(0.,0.,-1.));
#8230=DIRECTION('center_axis',(0.707106781186547,-0.707106781186548,-1.13152202277429E-15));
#8231=DIRECTION('ref_axis',(-0.707106781186548,-0.707106781186547,4.68691767956947E-16));
#8232=DIRECTION('',(0.707106781186548,0.707106781186547,-4.68691767956947E-16));
#8233=DIRECTION('',(0.,0.,1.));
#8234=DIRECTION('',(-0.707106781186548,-0.707106781186547,4.68691767956947E-16));
#8235=DIRECTION('center_axis',(0.,0.,-1.));
#8236=DIRECTION('ref_axis',(1.,-2.22044604925031E-16,0.));
#8237=DIRECTION('center_axis',(1.63740415270934E-16,1.60021379073123E-15,
-1.));
#8238=DIRECTION('ref_axis',(1.,-2.22044604925031E-16,0.));
#8239=DIRECTION('',(0.,0.,1.));
#8240=DIRECTION('center_axis',(-1.63740415270934E-16,-1.60021379073123E-15,
1.));
#8241=DIRECTION('ref_axis',(1.,-2.22044604925031E-16,0.));
#8242=DIRECTION('center_axis',(0.,0.,-1.));
#8243=DIRECTION('ref_axis',(1.,-2.22044604925031E-16,0.));
#8244=DIRECTION('center_axis',(-1.63740415270934E-16,-1.60021379073123E-15,
1.));
#8245=DIRECTION('ref_axis',(1.,-2.22044604925031E-16,0.));
#8246=DIRECTION('',(0.,0.,-1.));
#8247=DIRECTION('center_axis',(1.63740415270934E-16,1.60021379073123E-15,
-1.));
#8248=DIRECTION('ref_axis',(1.,-2.22044604925031E-16,0.));
#8249=DIRECTION('center_axis',(-1.61409157853905E-15,1.60021379073124E-15,
-1.));
#8250=DIRECTION('ref_axis',(-4.05741624797134E-16,-1.,-1.60021379073124E-15));
#8251=DIRECTION('center_axis',(1.60021379073124E-15,-1.60021379073124E-15,
1.));
#8252=DIRECTION('ref_axis',(-4.05741624797134E-16,-1.,-1.60021379073124E-15));
#8253=DIRECTION('',(-1.61409157853905E-15,1.60021379073124E-15,-1.));
#8254=DIRECTION('center_axis',(1.60021379073124E-15,-1.60021379073124E-15,
1.));
#8255=DIRECTION('ref_axis',(-4.05741624797134E-16,-1.,-1.60021379073124E-15));
#8256=DIRECTION('',(-1.61409157853905E-15,1.60021379073124E-15,-1.));
#8257=DIRECTION('center_axis',(-4.05741624797134E-16,-1.,-1.60021379073124E-15));
#8258=DIRECTION('ref_axis',(-1.,4.05741624797132E-16,1.60021379073124E-15));
#8259=DIRECTION('',(1.,-4.05741624797132E-16,-1.60021379073124E-15));
#8260=DIRECTION('',(-1.,4.05741624797132E-16,1.60021379073124E-15));
#8261=DIRECTION('',(-1.61409157853905E-15,1.60021379073124E-15,-1.));
#8262=DIRECTION('center_axis',(-1.61409157853905E-15,1.60021379073124E-15,
-1.));
#8263=DIRECTION('ref_axis',(-4.05741624797134E-16,-1.,-1.60021379073124E-15));
#8264=DIRECTION('center_axis',(1.60021379073124E-15,-1.60021379073124E-15,
1.));
#8265=DIRECTION('ref_axis',(-4.05741624797134E-16,-1.,-1.60021379073124E-15));
#8266=DIRECTION('center_axis',(-1.60021379073124E-15,1.60021379073124E-15,
-1.));
#8267=DIRECTION('ref_axis',(-4.05741624797134E-16,-1.,-1.60021379073124E-15));
#8268=DIRECTION('',(-1.61409157853905E-15,1.60021379073124E-15,-1.));
#8269=DIRECTION('center_axis',(4.05741624797134E-16,1.,1.60021379073124E-15));
#8270=DIRECTION('ref_axis',(1.,-4.05741624797132E-16,-1.60021379073124E-15));
#8271=DIRECTION('',(1.,-4.05741624797132E-16,-1.60021379073124E-15));
#8272=DIRECTION('',(1.,-4.05741624797132E-16,-1.60021379073124E-15));
#8273=DIRECTION('',(-1.61409157853905E-15,1.60021379073124E-15,-1.));
#8274=DIRECTION('center_axis',(-1.61409157853905E-15,1.60021379073124E-15,
-1.));
#8275=DIRECTION('ref_axis',(-4.05741624797134E-16,-1.,-1.60021379073124E-15));
#8276=DIRECTION('center_axis',(1.60021379073124E-15,-1.60021379073124E-15,
1.));
#8277=DIRECTION('ref_axis',(-4.05741624797134E-16,-1.,-1.60021379073124E-15));
#8278=DIRECTION('center_axis',(1.60021379073124E-15,-1.60021379073124E-15,
1.));
#8279=DIRECTION('ref_axis',(-4.05741624797134E-16,-1.,-1.60021379073124E-15));
#8280=DIRECTION('',(-1.61409157853905E-15,1.60021379073124E-15,-1.));
#8281=DIRECTION('center_axis',(4.05741624797134E-16,1.,1.60021379073124E-15));
#8282=DIRECTION('ref_axis',(1.,-4.05741624797132E-16,-1.60021379073124E-15));
#8283=DIRECTION('',(1.,-4.05741624797132E-16,-1.60021379073124E-15));
#8284=DIRECTION('',(1.,-4.05741624797132E-16,-1.60021379073124E-15));
#8285=DIRECTION('center_axis',(-4.05741624797134E-16,-1.,-1.60021379073124E-15));
#8286=DIRECTION('ref_axis',(-1.,4.05741624797132E-16,1.60021379073124E-15));
#8287=DIRECTION('',(1.,-4.05741624797132E-16,-1.60021379073124E-15));
#8288=DIRECTION('',(0.,0.,1.));
#8289=DIRECTION('',(-1.,4.05741624797132E-16,1.60021379073124E-15));
#8290=DIRECTION('center_axis',(0.,0.,-1.));
#8291=DIRECTION('ref_axis',(1.,-2.22044604925031E-16,0.));
#8292=DIRECTION('center_axis',(-1.63740415270934E-16,-1.60021379073123E-15,
1.));
#8293=DIRECTION('ref_axis',(1.,-2.22044604925031E-16,0.));
#8294=DIRECTION('',(0.,0.,-1.));
#8295=DIRECTION('center_axis',(1.63740415270934E-16,1.60021379073123E-15,
-1.));
#8296=DIRECTION('ref_axis',(1.,-2.22044604925031E-16,0.));
#8297=DIRECTION('center_axis',(-1.14133510064106E-15,2.7415488913723E-15,
-1.));
#8298=DIRECTION('ref_axis',(-0.707106781186548,-0.707106781186547,-1.13152202277429E-15));
#8299=DIRECTION('center_axis',(1.13152202277429E-15,-2.73173581350553E-15,
1.));
#8300=DIRECTION('ref_axis',(-0.707106781186548,-0.707106781186547,-1.13152202277429E-15));
#8301=DIRECTION('',(-1.14133510064106E-15,2.7415488913723E-15,-1.));
#8302=DIRECTION('center_axis',(1.13152202277429E-15,-2.73173581350553E-15,
1.));
#8303=DIRECTION('ref_axis',(-0.707106781186548,-0.707106781186547,-1.13152202277429E-15));
#8304=DIRECTION('',(-1.14133510064106E-15,2.7415488913723E-15,-1.));
#8305=DIRECTION('center_axis',(-0.707106781186548,-0.707106781186547,-1.13152202277429E-15));
#8306=DIRECTION('ref_axis',(-0.707106781186547,0.707106781186548,2.73173581350552E-15));
#8307=DIRECTION('',(0.707106781186547,-0.707106781186548,-2.73173581350552E-15));
#8308=DIRECTION('',(-0.707106781186547,0.707106781186548,2.73173581350552E-15));
#8309=DIRECTION('',(-1.14133510064106E-15,2.7415488913723E-15,-1.));
#8310=DIRECTION('center_axis',(-1.14133510064106E-15,2.7415488913723E-15,
-1.));
#8311=DIRECTION('ref_axis',(-0.707106781186548,-0.707106781186547,-1.13152202277429E-15));
#8312=DIRECTION('center_axis',(1.13152202277429E-15,-2.73173581350553E-15,
1.));
#8313=DIRECTION('ref_axis',(-0.707106781186548,-0.707106781186547,-1.13152202277429E-15));
#8314=DIRECTION('center_axis',(-1.13152202277429E-15,2.73173581350553E-15,
-1.));
#8315=DIRECTION('ref_axis',(-0.707106781186548,-0.707106781186547,-1.13152202277429E-15));
#8316=DIRECTION('',(-1.14133510064106E-15,2.7415488913723E-15,-1.));
#8317=DIRECTION('center_axis',(0.707106781186548,0.707106781186547,1.13152202277429E-15));
#8318=DIRECTION('ref_axis',(0.707106781186547,-0.707106781186548,-2.73173581350552E-15));
#8319=DIRECTION('',(0.707106781186547,-0.707106781186548,-2.73173581350552E-15));
#8320=DIRECTION('',(0.707106781186547,-0.707106781186548,-2.73173581350552E-15));
#8321=DIRECTION('',(-1.14133510064106E-15,2.7415488913723E-15,-1.));
#8322=DIRECTION('center_axis',(-1.14133510064106E-15,2.7415488913723E-15,
-1.));
#8323=DIRECTION('ref_axis',(-0.707106781186548,-0.707106781186547,-1.13152202277429E-15));
#8324=DIRECTION('center_axis',(1.13152202277429E-15,-2.73173581350553E-15,
1.));
#8325=DIRECTION('ref_axis',(-0.707106781186548,-0.707106781186547,-1.13152202277429E-15));
#8326=DIRECTION('center_axis',(1.13152202277429E-15,-2.73173581350553E-15,
1.));
#8327=DIRECTION('ref_axis',(-0.707106781186548,-0.707106781186547,-1.13152202277429E-15));
#8328=DIRECTION('',(-1.14133510064106E-15,2.7415488913723E-15,-1.));
#8329=DIRECTION('center_axis',(0.707106781186548,0.707106781186547,1.13152202277429E-15));
#8330=DIRECTION('ref_axis',(0.707106781186547,-0.707106781186548,-2.73173581350552E-15));
#8331=DIRECTION('',(0.707106781186547,-0.707106781186548,-2.73173581350552E-15));
#8332=DIRECTION('',(0.707106781186547,-0.707106781186548,-2.73173581350552E-15));
#8333=DIRECTION('center_axis',(-0.707106781186548,-0.707106781186547,-1.13152202277429E-15));
#8334=DIRECTION('ref_axis',(-0.707106781186547,0.707106781186548,2.73173581350552E-15));
#8335=DIRECTION('',(0.707106781186547,-0.707106781186548,-2.73173581350552E-15));
#8336=DIRECTION('',(0.,0.,1.));
#8337=DIRECTION('',(-0.707106781186547,0.707106781186548,2.73173581350552E-15));
#8338=DIRECTION('center_axis',(0.,0.,-1.));
#8339=DIRECTION('ref_axis',(1.,-2.22044604925031E-16,0.));
#8340=DIRECTION('center_axis',(-1.63740415270934E-16,-1.60021379073123E-15,
1.));
#8341=DIRECTION('ref_axis',(1.,-2.22044604925031E-16,0.));
#8342=DIRECTION('',(0.,0.,-1.));
#8343=DIRECTION('center_axis',(1.63740415270934E-16,1.60021379073123E-15,
-1.));
#8344=DIRECTION('ref_axis',(1.,-2.22044604925031E-16,0.));
#8345=DIRECTION('center_axis',(2.01918327835843E-30,3.21430536927029E-15,
-1.));
#8346=DIRECTION('ref_axis',(-1.,3.44509284839767E-16,-9.11825234334503E-31));
#8347=DIRECTION('center_axis',(-1.46658217853546E-30,-3.20042758146247E-15,
1.));
#8348=DIRECTION('ref_axis',(-1.,3.44509284839767E-16,-3.64005161264356E-31));
#8349=DIRECTION('',(2.01918327835843E-30,3.21430536927029E-15,-1.));
#8350=DIRECTION('center_axis',(-1.46658217853546E-30,-3.20042758146247E-15,
1.));
#8351=DIRECTION('ref_axis',(-1.,3.44509284839767E-16,-3.64005161264356E-31));
#8352=DIRECTION('',(2.01918327835843E-30,3.21430536927029E-15,-1.));
#8353=DIRECTION('center_axis',(-1.,3.44509284839767E-16,-9.11825234334503E-31));
#8354=DIRECTION('ref_axis',(3.44509284839767E-16,1.,3.20042758146247E-15));
#8355=DIRECTION('',(-3.44509284839767E-16,-1.,-3.20042758146247E-15));
#8356=DIRECTION('',(3.44509284839767E-16,1.,3.20042758146247E-15));
#8357=DIRECTION('',(2.01918327835843E-30,3.21430536927029E-15,-1.));
#8358=DIRECTION('center_axis',(2.01918327835843E-30,3.21430536927029E-15,
-1.));
#8359=DIRECTION('ref_axis',(-1.,3.44509284839767E-16,-9.11825234334503E-31));
#8360=DIRECTION('center_axis',(-1.46658217853546E-30,-3.20042758146247E-15,
1.));
#8361=DIRECTION('ref_axis',(-1.,3.44509284839767E-16,-3.64005161264356E-31));
#8362=DIRECTION('center_axis',(1.46658217853546E-30,3.20042758146247E-15,
-1.));
#8363=DIRECTION('ref_axis',(-1.,3.44509284839767E-16,-3.64005161264356E-31));
#8364=DIRECTION('',(2.01918327835843E-30,3.21430536927029E-15,-1.));
#8365=DIRECTION('center_axis',(1.,-3.44509284839767E-16,9.11825234334503E-31));
#8366=DIRECTION('ref_axis',(-3.44509284839767E-16,-1.,-3.20042758146247E-15));
#8367=DIRECTION('',(-3.44509284839767E-16,-1.,-3.20042758146247E-15));
#8368=DIRECTION('',(-3.44509284839767E-16,-1.,-3.20042758146247E-15));
#8369=DIRECTION('',(2.01918327835843E-30,3.21430536927029E-15,-1.));
#8370=DIRECTION('center_axis',(2.01918327835843E-30,3.21430536927029E-15,
-1.));
#8371=DIRECTION('ref_axis',(-1.,3.44509284839767E-16,-9.11825234334503E-31));
#8372=DIRECTION('center_axis',(-1.46658217853546E-30,-3.20042758146247E-15,
1.));
#8373=DIRECTION('ref_axis',(-1.,3.44509284839767E-16,-3.64005161264356E-31));
#8374=DIRECTION('center_axis',(-1.46658217853546E-30,-3.20042758146247E-15,
1.));
#8375=DIRECTION('ref_axis',(-1.,3.44509284839767E-16,-3.64005161264356E-31));
#8376=DIRECTION('',(2.01918327835843E-30,3.21430536927029E-15,-1.));
#8377=DIRECTION('center_axis',(1.,-3.44509284839767E-16,9.11825234334503E-31));
#8378=DIRECTION('ref_axis',(-3.44509284839767E-16,-1.,-3.20042758146247E-15));
#8379=DIRECTION('',(-3.44509284839767E-16,-1.,-3.20042758146247E-15));
#8380=DIRECTION('',(-3.44509284839767E-16,-1.,-3.20042758146247E-15));
#8381=DIRECTION('center_axis',(-1.,3.44509284839767E-16,-9.11825234334503E-31));
#8382=DIRECTION('ref_axis',(3.44509284839767E-16,1.,3.20042758146247E-15));
#8383=DIRECTION('',(-3.44509284839767E-16,-1.,-3.20042758146247E-15));
#8384=DIRECTION('',(0.,0.,1.));
#8385=DIRECTION('',(3.44509284839767E-16,1.,3.20042758146247E-15));
#8386=DIRECTION('center_axis',(0.,0.,-1.));
#8387=DIRECTION('ref_axis',(1.,-2.22044604925031E-16,0.));
#8388=DIRECTION('center_axis',(-1.63740415270934E-16,-1.60021379073123E-15,
1.));
#8389=DIRECTION('ref_axis',(1.,-2.22044604925031E-16,0.));
#8390=DIRECTION('',(0.,0.,-1.));
#8391=DIRECTION('center_axis',(1.63740415270934E-16,1.60021379073123E-15,
-1.));
#8392=DIRECTION('ref_axis',(1.,-2.22044604925031E-16,0.));
#8393=DIRECTION('center_axis',(1.14133510064106E-15,2.7415488913723E-15,
-1.));
#8394=DIRECTION('ref_axis',(-0.707106781186547,0.707106781186548,1.13152202277429E-15));
#8395=DIRECTION('center_axis',(-1.13152202277429E-15,-2.73173581350552E-15,
1.));
#8396=DIRECTION('ref_axis',(-0.707106781186547,0.707106781186548,1.13152202277429E-15));
#8397=DIRECTION('',(1.14133510064106E-15,2.7415488913723E-15,-1.));
#8398=DIRECTION('center_axis',(-1.13152202277429E-15,-2.73173581350552E-15,
1.));
#8399=DIRECTION('ref_axis',(-0.707106781186547,0.707106781186548,1.13152202277429E-15));
#8400=DIRECTION('',(1.14133510064106E-15,2.7415488913723E-15,-1.));
#8401=DIRECTION('center_axis',(-0.707106781186547,0.707106781186548,1.13152202277429E-15));
#8402=DIRECTION('ref_axis',(0.707106781186548,0.707106781186547,2.73173581350553E-15));
#8403=DIRECTION('',(-0.707106781186548,-0.707106781186547,-2.73173581350553E-15));
#8404=DIRECTION('',(0.707106781186548,0.707106781186547,2.73173581350553E-15));
#8405=DIRECTION('',(1.14133510064106E-15,2.7415488913723E-15,-1.));
#8406=DIRECTION('center_axis',(1.14133510064106E-15,2.7415488913723E-15,
-1.));
#8407=DIRECTION('ref_axis',(-0.707106781186547,0.707106781186548,1.13152202277429E-15));
#8408=DIRECTION('center_axis',(-1.13152202277429E-15,-2.73173581350552E-15,
1.));
#8409=DIRECTION('ref_axis',(-0.707106781186547,0.707106781186548,1.13152202277429E-15));
#8410=DIRECTION('center_axis',(1.13152202277429E-15,2.73173581350552E-15,
-1.));
#8411=DIRECTION('ref_axis',(-0.707106781186547,0.707106781186548,1.13152202277429E-15));
#8412=DIRECTION('',(1.14133510064106E-15,2.7415488913723E-15,-1.));
#8413=DIRECTION('center_axis',(0.707106781186547,-0.707106781186548,-1.13152202277429E-15));
#8414=DIRECTION('ref_axis',(-0.707106781186548,-0.707106781186547,-2.73173581350553E-15));
#8415=DIRECTION('',(-0.707106781186548,-0.707106781186547,-2.73173581350553E-15));
#8416=DIRECTION('',(-0.707106781186548,-0.707106781186547,-2.73173581350553E-15));
#8417=DIRECTION('',(1.14133510064106E-15,2.7415488913723E-15,-1.));
#8418=DIRECTION('center_axis',(1.14133510064106E-15,2.7415488913723E-15,
-1.));
#8419=DIRECTION('ref_axis',(-0.707106781186547,0.707106781186548,1.13152202277429E-15));
#8420=DIRECTION('center_axis',(-1.13152202277429E-15,-2.73173581350552E-15,
1.));
#8421=DIRECTION('ref_axis',(-0.707106781186547,0.707106781186548,1.13152202277429E-15));
#8422=DIRECTION('center_axis',(-1.13152202277429E-15,-2.73173581350552E-15,
1.));
#8423=DIRECTION('ref_axis',(-0.707106781186547,0.707106781186548,1.13152202277429E-15));
#8424=DIRECTION('',(1.14133510064106E-15,2.7415488913723E-15,-1.));
#8425=DIRECTION('center_axis',(0.707106781186547,-0.707106781186548,-1.13152202277429E-15));
#8426=DIRECTION('ref_axis',(-0.707106781186548,-0.707106781186547,-2.73173581350553E-15));
#8427=DIRECTION('',(-0.707106781186548,-0.707106781186547,-2.73173581350553E-15));
#8428=DIRECTION('',(-0.707106781186548,-0.707106781186547,-2.73173581350553E-15));
#8429=DIRECTION('center_axis',(-0.707106781186547,0.707106781186548,1.13152202277429E-15));
#8430=DIRECTION('ref_axis',(0.707106781186548,0.707106781186547,2.73173581350553E-15));
#8431=DIRECTION('',(-0.707106781186548,-0.707106781186547,-2.73173581350553E-15));
#8432=DIRECTION('',(0.,0.,1.));
#8433=DIRECTION('',(0.707106781186548,0.707106781186547,2.73173581350553E-15));
#8434=DIRECTION('center_axis',(0.,0.,-1.));
#8435=DIRECTION('ref_axis',(1.,-2.22044604925031E-16,0.));
#8436=DIRECTION('center_axis',(-1.63740415270934E-16,-1.60021379073123E-15,
1.));
#8437=DIRECTION('ref_axis',(1.,-2.22044604925031E-16,0.));
#8438=DIRECTION('',(0.,0.,-1.));
#8439=DIRECTION('center_axis',(1.63740415270934E-16,1.60021379073123E-15,
-1.));
#8440=DIRECTION('ref_axis',(1.,-2.22044604925031E-16,0.));
#8441=DIRECTION('center_axis',(1.61409157853905E-15,1.60021379073124E-15,
-1.));
#8442=DIRECTION('ref_axis',(2.83276944882399E-16,1.,1.60021379073124E-15));
#8443=DIRECTION('center_axis',(-1.60021379073124E-15,-1.60021379073124E-15,
1.));
#8444=DIRECTION('ref_axis',(2.83276944882399E-16,1.,1.60021379073124E-15));
#8445=DIRECTION('',(1.61409157853905E-15,1.60021379073124E-15,-1.));
#8446=DIRECTION('center_axis',(-1.60021379073124E-15,-1.60021379073124E-15,
1.));
#8447=DIRECTION('ref_axis',(2.83276944882399E-16,1.,1.60021379073124E-15));
#8448=DIRECTION('',(1.61409157853905E-15,1.60021379073124E-15,-1.));
#8449=DIRECTION('center_axis',(2.83276944882399E-16,1.,1.60021379073124E-15));
#8450=DIRECTION('ref_axis',(1.,-2.83276944882402E-16,1.60021379073124E-15));
#8451=DIRECTION('',(-1.,2.83276944882402E-16,-1.60021379073124E-15));
#8452=DIRECTION('',(1.,-2.83276944882402E-16,1.60021379073124E-15));
#8453=DIRECTION('',(1.61409157853905E-15,1.60021379073124E-15,-1.));
#8454=DIRECTION('center_axis',(1.61409157853905E-15,1.60021379073124E-15,
-1.));
#8455=DIRECTION('ref_axis',(2.83276944882399E-16,1.,1.60021379073124E-15));
#8456=DIRECTION('center_axis',(-1.60021379073124E-15,-1.60021379073124E-15,
1.));
#8457=DIRECTION('ref_axis',(2.83276944882399E-16,1.,1.60021379073124E-15));
#8458=DIRECTION('center_axis',(1.60021379073124E-15,1.60021379073124E-15,
-1.));
#8459=DIRECTION('ref_axis',(2.83276944882399E-16,1.,1.60021379073124E-15));
#8460=DIRECTION('',(1.61409157853905E-15,1.60021379073124E-15,-1.));
#8461=DIRECTION('center_axis',(-2.83276944882399E-16,-1.,-1.60021379073124E-15));
#8462=DIRECTION('ref_axis',(-1.,2.83276944882402E-16,-1.60021379073124E-15));
#8463=DIRECTION('',(-1.,2.83276944882402E-16,-1.60021379073124E-15));
#8464=DIRECTION('',(-1.,2.83276944882402E-16,-1.60021379073124E-15));
#8465=DIRECTION('',(1.61409157853905E-15,1.60021379073124E-15,-1.));
#8466=DIRECTION('center_axis',(1.61409157853905E-15,1.60021379073124E-15,
-1.));
#8467=DIRECTION('ref_axis',(2.83276944882399E-16,1.,1.60021379073124E-15));
#8468=DIRECTION('center_axis',(-1.60021379073124E-15,-1.60021379073124E-15,
1.));
#8469=DIRECTION('ref_axis',(2.83276944882399E-16,1.,1.60021379073124E-15));
#8470=DIRECTION('center_axis',(-1.60021379073124E-15,-1.60021379073124E-15,
1.));
#8471=DIRECTION('ref_axis',(2.83276944882399E-16,1.,1.60021379073124E-15));
#8472=DIRECTION('',(1.61409157853905E-15,1.60021379073124E-15,-1.));
#8473=DIRECTION('center_axis',(-2.83276944882399E-16,-1.,-1.60021379073124E-15));
#8474=DIRECTION('ref_axis',(-1.,2.83276944882402E-16,-1.60021379073124E-15));
#8475=DIRECTION('',(-1.,2.83276944882402E-16,-1.60021379073124E-15));
#8476=DIRECTION('',(-1.,2.83276944882402E-16,-1.60021379073124E-15));
#8477=DIRECTION('center_axis',(2.83276944882399E-16,1.,1.60021379073124E-15));
#8478=DIRECTION('ref_axis',(1.,-2.83276944882402E-16,1.60021379073124E-15));
#8479=DIRECTION('',(-1.,2.83276944882402E-16,-1.60021379073124E-15));
#8480=DIRECTION('',(0.,0.,1.));
#8481=DIRECTION('',(1.,-2.83276944882402E-16,1.60021379073124E-15));
#8482=DIRECTION('center_axis',(0.,0.,-1.));
#8483=DIRECTION('ref_axis',(1.,-2.22044604925031E-16,0.));
#8484=DIRECTION('center_axis',(-1.63740415270934E-16,-1.60021379073123E-15,
1.));
#8485=DIRECTION('ref_axis',(1.,-2.22044604925031E-16,0.));
#8486=DIRECTION('',(0.,0.,-1.));
#8487=DIRECTION('center_axis',(1.63740415270934E-16,1.60021379073123E-15,
-1.));
#8488=DIRECTION('ref_axis',(1.,-2.22044604925031E-16,0.));
#8489=DIRECTION('center_axis',(1.14133510064106E-15,4.58878690090175E-16,
-1.));
#8490=DIRECTION('ref_axis',(0.707106781186548,0.707106781186547,1.13152202277429E-15));
#8491=DIRECTION('center_axis',(-1.13152202277429E-15,-4.68691767956949E-16,
1.));
#8492=DIRECTION('ref_axis',(0.707106781186548,0.707106781186547,1.13152202277429E-15));
#8493=DIRECTION('',(1.14133510064106E-15,4.58878690090175E-16,-1.));
#8494=DIRECTION('center_axis',(-1.13152202277429E-15,-4.68691767956949E-16,
1.));
#8495=DIRECTION('ref_axis',(0.707106781186548,0.707106781186547,1.13152202277429E-15));
#8496=DIRECTION('',(1.14133510064106E-15,4.58878690090175E-16,-1.));
#8497=DIRECTION('center_axis',(0.707106781186548,0.707106781186547,1.13152202277429E-15));
#8498=DIRECTION('ref_axis',(0.707106781186547,-0.707106781186548,4.68691767956948E-16));
#8499=DIRECTION('',(-0.707106781186547,0.707106781186548,-4.68691767956948E-16));
#8500=DIRECTION('',(0.707106781186547,-0.707106781186548,4.68691767956948E-16));
#8501=DIRECTION('',(1.14133510064106E-15,4.58878690090175E-16,-1.));
#8502=DIRECTION('center_axis',(1.14133510064106E-15,4.58878690090175E-16,
-1.));
#8503=DIRECTION('ref_axis',(0.707106781186548,0.707106781186547,1.13152202277429E-15));
#8504=DIRECTION('center_axis',(-1.13152202277429E-15,-4.68691767956949E-16,
1.));
#8505=DIRECTION('ref_axis',(0.707106781186548,0.707106781186547,1.13152202277429E-15));
#8506=DIRECTION('center_axis',(1.13152202277429E-15,4.68691767956949E-16,
-1.));
#8507=DIRECTION('ref_axis',(0.707106781186548,0.707106781186547,1.13152202277429E-15));
#8508=DIRECTION('',(1.14133510064106E-15,4.58878690090175E-16,-1.));
#8509=DIRECTION('center_axis',(-0.707106781186548,-0.707106781186547,-1.13152202277429E-15));
#8510=DIRECTION('ref_axis',(-0.707106781186547,0.707106781186548,-4.68691767956948E-16));
#8511=DIRECTION('',(-0.707106781186547,0.707106781186548,-4.68691767956948E-16));
#8512=DIRECTION('',(-0.707106781186547,0.707106781186548,-4.68691767956948E-16));
#8513=DIRECTION('',(1.14133510064106E-15,4.58878690090175E-16,-1.));
#8514=DIRECTION('center_axis',(1.14133510064106E-15,4.58878690090175E-16,
-1.));
#8515=DIRECTION('ref_axis',(0.707106781186548,0.707106781186547,1.13152202277429E-15));
#8516=DIRECTION('center_axis',(-1.13152202277429E-15,-4.68691767956949E-16,
1.));
#8517=DIRECTION('ref_axis',(0.707106781186548,0.707106781186547,1.13152202277429E-15));
#8518=DIRECTION('center_axis',(-1.13152202277429E-15,-4.68691767956949E-16,
1.));
#8519=DIRECTION('ref_axis',(0.707106781186548,0.707106781186547,1.13152202277429E-15));
#8520=DIRECTION('',(1.14133510064106E-15,4.58878690090175E-16,-1.));
#8521=DIRECTION('center_axis',(-0.707106781186548,-0.707106781186547,-1.13152202277429E-15));
#8522=DIRECTION('ref_axis',(-0.707106781186547,0.707106781186548,-4.68691767956948E-16));
#8523=DIRECTION('',(-0.707106781186547,0.707106781186548,-4.68691767956948E-16));
#8524=DIRECTION('',(-0.707106781186547,0.707106781186548,-4.68691767956948E-16));
#8525=DIRECTION('center_axis',(0.707106781186548,0.707106781186547,1.13152202277429E-15));
#8526=DIRECTION('ref_axis',(0.707106781186547,-0.707106781186548,4.68691767956948E-16));
#8527=DIRECTION('',(-0.707106781186547,0.707106781186548,-4.68691767956948E-16));
#8528=DIRECTION('',(0.,0.,1.));
#8529=DIRECTION('',(0.707106781186547,-0.707106781186548,4.68691767956948E-16));
#8530=DIRECTION('center_axis',(0.,0.,-1.));
#8531=DIRECTION('ref_axis',(1.,-2.22044604925031E-16,0.));
#8532=DIRECTION('center_axis',(-1.63740415270934E-16,-1.60021379073123E-15,
1.));
#8533=DIRECTION('ref_axis',(1.,-2.22044604925031E-16,0.));
#8534=DIRECTION('',(0.,0.,-1.));
#8535=DIRECTION('center_axis',(1.63740415270934E-16,1.60021379073123E-15,
-1.));
#8536=DIRECTION('ref_axis',(1.,-2.22044604925031E-16,0.));
#8537=DIRECTION('center_axis',(2.31111593326472E-32,-1.38777878078128E-17,
-1.));
#8538=DIRECTION('ref_axis',(1.,-2.22044604925031E-16,2.61926472436664E-32));
#8539=DIRECTION('center_axis',(-5.74012720313814E-31,-1.06311332930175E-30,
1.));
#8540=DIRECTION('ref_axis',(1.,-2.22044604925031E-16,5.74012720313813E-31));
#8541=DIRECTION('',(2.31111593326472E-32,-1.38777878078128E-17,-1.));
#8542=DIRECTION('center_axis',(-5.74012720313814E-31,-1.06311332930175E-30,
1.));
#8543=DIRECTION('ref_axis',(1.,-2.22044604925031E-16,5.74012720313813E-31));
#8544=DIRECTION('',(2.31111593326472E-32,-1.38777878078128E-17,-1.));
#8545=DIRECTION('center_axis',(1.,-2.22044604925031E-16,2.61926472436664E-32));
#8546=DIRECTION('ref_axis',(-2.22044604925031E-16,-1.,-1.0384614260136E-30));
#8547=DIRECTION('',(2.22044604925031E-16,1.,1.0384614260136E-30));
#8548=DIRECTION('',(-2.22044604925031E-16,-1.,-1.0384614260136E-30));
#8549=DIRECTION('',(2.31111593326472E-32,-1.38777878078128E-17,-1.));
#8550=DIRECTION('center_axis',(2.31111593326472E-32,-1.38777878078128E-17,
-1.));
#8551=DIRECTION('ref_axis',(1.,-2.22044604925031E-16,2.61926472436664E-32));
#8552=DIRECTION('center_axis',(-5.74012720313814E-31,-1.06311332930175E-30,
1.));
#8553=DIRECTION('ref_axis',(1.,-2.22044604925031E-16,5.74012720313813E-31));
#8554=DIRECTION('center_axis',(5.74012720313814E-31,1.06311332930175E-30,
-1.));
#8555=DIRECTION('ref_axis',(1.,-2.22044604925031E-16,5.74012720313813E-31));
#8556=DIRECTION('',(2.31111593326472E-32,-1.38777878078128E-17,-1.));
#8557=DIRECTION('center_axis',(-1.,2.22044604925031E-16,-2.61926472436664E-32));
#8558=DIRECTION('ref_axis',(2.22044604925031E-16,1.,1.0384614260136E-30));
#8559=DIRECTION('',(2.22044604925031E-16,1.,1.0384614260136E-30));
#8560=DIRECTION('',(2.22044604925031E-16,1.,1.0384614260136E-30));
#8561=DIRECTION('',(2.31111593326472E-32,-1.38777878078128E-17,-1.));
#8562=DIRECTION('center_axis',(2.31111593326472E-32,-1.38777878078128E-17,
-1.));
#8563=DIRECTION('ref_axis',(1.,-2.22044604925031E-16,2.61926472436664E-32));
#8564=DIRECTION('center_axis',(-5.74012720313814E-31,-1.06311332930175E-30,
1.));
#8565=DIRECTION('ref_axis',(1.,-2.22044604925031E-16,5.74012720313813E-31));
#8566=DIRECTION('center_axis',(-5.74012720313814E-31,-1.06311332930175E-30,
1.));
#8567=DIRECTION('ref_axis',(1.,-2.22044604925031E-16,5.74012720313813E-31));
#8568=DIRECTION('',(2.31111593326472E-32,-1.38777878078128E-17,-1.));
#8569=DIRECTION('center_axis',(-1.,2.22044604925031E-16,-2.61926472436664E-32));
#8570=DIRECTION('ref_axis',(2.22044604925031E-16,1.,1.0384614260136E-30));
#8571=DIRECTION('',(2.22044604925031E-16,1.,1.0384614260136E-30));
#8572=DIRECTION('',(2.22044604925031E-16,1.,1.0384614260136E-30));
#8573=DIRECTION('center_axis',(1.,-2.22044604925031E-16,2.61926472436664E-32));
#8574=DIRECTION('ref_axis',(-2.22044604925031E-16,-1.,-1.0384614260136E-30));
#8575=DIRECTION('',(2.22044604925031E-16,1.,1.0384614260136E-30));
#8576=DIRECTION('',(-2.22044604925031E-16,-1.,-1.0384614260136E-30));
#8577=DIRECTION('center_axis',(0.,0.,1.));
#8578=DIRECTION('ref_axis',(-1.,2.22044604925031E-16,0.));
#8579=DIRECTION('center_axis',(-1.63740415270934E-16,-1.60021379073123E-15,
1.));
#8580=DIRECTION('ref_axis',(-1.,2.22044604925031E-16,0.));
#8581=DIRECTION('',(0.,0.,1.));
#8582=DIRECTION('center_axis',(-5.66993775627603E-31,-1.0384614260136E-30,
1.));
#8583=DIRECTION('ref_axis',(-1.,2.22044604925031E-16,-5.66993775627602E-31));
#8584=DIRECTION('center_axis',(5.66993775627603E-31,1.0384614260136E-30,
-1.));
#8585=DIRECTION('ref_axis',(-1.,2.22044604925031E-16,-5.66993775627602E-31));
#8586=DIRECTION('center_axis',(5.66993775627603E-31,1.0384614260136E-30,
-1.));
#8587=DIRECTION('ref_axis',(-1.,2.22044604925031E-16,0.));
#8588=DIRECTION('center_axis',(-2.7755575615629E-16,-1.66533453693774E-15,
1.));
#8589=DIRECTION('ref_axis',(1.,-2.22044604925032E-16,9.35659515833907E-17));
#8590=DIRECTION('center_axis',(-1.63740415270934E-16,-1.60021379073123E-15,
1.));
#8591=DIRECTION('ref_axis',(1.,-2.22044604925032E-16,1.63740415270934E-16));
#8592=DIRECTION('',(0.707106781186549,1.107155703768E-15,-0.707106781186546));
#8593=DIRECTION('center_axis',(5.66993775627603E-31,1.0384614260136E-30,
-1.));
#8594=DIRECTION('ref_axis',(1.,-2.22044604925031E-16,5.66993775627602E-31));
#8595=DIRECTION('center_axis',(-1.63740415270934E-16,-1.60021379073123E-15,
1.));
#8596=DIRECTION('ref_axis',(-1.,-1.97215226305253E-31,-1.63740415270934E-16));
#8597=DIRECTION('center_axis',(-5.66993775627603E-31,-1.0384614260136E-30,
1.));
#8598=DIRECTION('ref_axis',(1.,-2.22044604925031E-16,5.66993775627602E-31));
#8599=DIRECTION('center_axis',(-5.66993775627603E-31,-1.0384614260136E-30,
1.));
#8600=DIRECTION('ref_axis',(-1.,2.22044604925031E-16,0.));
#8601=DIRECTION('center_axis',(0.,0.,-1.));
#8602=DIRECTION('ref_axis',(-1.,2.22044604925031E-16,0.));
#8603=DIRECTION('',(0.,0.,-1.));
#8604=DIRECTION('center_axis',(0.,0.,1.));
#8605=DIRECTION('ref_axis',(-1.,2.22044604925031E-16,0.));
#8606=DIRECTION('',(0.,0.,1.));
#8607=DIRECTION('center_axis',(-5.66993775627603E-31,-1.0384614260136E-30,
1.));
#8608=DIRECTION('ref_axis',(-1.,2.22044604925031E-16,-5.66993775627602E-31));
#8609=DIRECTION('center_axis',(5.66993775627603E-31,1.0384614260136E-30,
-1.));
#8610=DIRECTION('ref_axis',(-1.,2.22044604925031E-16,-5.66993775627602E-31));
#8611=DIRECTION('center_axis',(-5.66993775627603E-31,-1.0384614260136E-30,
1.));
#8612=DIRECTION('ref_axis',(1.,-2.22044604925031E-16,0.));
#8613=DIRECTION('center_axis',(0.,0.,-1.));
#8614=DIRECTION('ref_axis',(1.,-2.22044604925031E-16,0.));
#8615=DIRECTION('',(0.,0.,-1.));
#8616=DIRECTION('center_axis',(-1.63740415270934E-16,-1.60021379073123E-15,
1.));
#8617=DIRECTION('ref_axis',(-1.,-1.97215226305253E-31,-1.63740415270934E-16));
#8618=DIRECTION('',(5.43882616294956E-31,1.38777878078155E-17,1.));
#8619=DIRECTION('',(1.,-2.22044604925033E-16,2.61926472436664E-32));
#8620=CARTESIAN_POINT('',(0.,0.,0.));
#8621=CARTESIAN_POINT('',(0.,0.,0.));
#8622=CARTESIAN_POINT('',(0.,0.,0.));
#8623=CARTESIAN_POINT('Origin',(-6.20000000000002,-3.27836451084954,95.5654809606283));
#8624=CARTESIAN_POINT('',(-4.20000000000002,6.72363528919045,95.5654809606283));
#8625=CARTESIAN_POINT('',(-5.8,6.91378933414318,95.5654809606283));
#8626=CARTESIAN_POINT('Origin',(-6.20000000000002,-3.27836451084954,95.5654809606283));
#8627=CARTESIAN_POINT('',(-4.20000000000002,6.72363528919045,80.5654809606283));
#8628=CARTESIAN_POINT('',(-4.20000000000002,6.72363528919045,95.5654809606283));
#8629=CARTESIAN_POINT('',(-5.8,6.91378933414318,80.5654809606283));
#8630=CARTESIAN_POINT('Origin',(-6.20000000000002,-3.27836451084954,80.5654809606283));
#8631=CARTESIAN_POINT('',(-5.8,6.91378933414318,95.5654809606283));
#8632=CARTESIAN_POINT('Origin',(-5.80000000000001,5.51253987948482,95.5654809606283));
#8633=CARTESIAN_POINT('',(-5.80000000000001,5.51253987948482,95.5654809606283));
#8634=CARTESIAN_POINT('',(-5.80000000000001,5.51253987948482,95.5654809606283));
#8635=CARTESIAN_POINT('',(-5.80000000000001,5.51253987948482,80.5654809606283));
#8636=CARTESIAN_POINT('',(-5.80000000000001,5.51253987948482,80.5654809606283));
#8637=CARTESIAN_POINT('',(-5.80000000000001,5.51253987948482,95.5654809606283));
#8638=CARTESIAN_POINT('Origin',(-6.20000000000002,-3.27836451084954,95.5654809606283));
#8639=CARTESIAN_POINT('',(-0.266734605306614,3.2205863087931,95.5654809606283));
#8640=CARTESIAN_POINT('Origin',(-6.20000000000002,-3.27836451084954,95.5654809606283));
#8641=CARTESIAN_POINT('',(-0.266734605306614,3.2205863087931,80.5654809606283));
#8642=CARTESIAN_POINT('Origin',(-6.20000000000002,-3.27836451084954,80.5654809606283));
#8643=CARTESIAN_POINT('',(-0.266734605306614,3.2205863087931,95.5654809606283));
#8644=CARTESIAN_POINT('Origin',(0.724098386216265,4.21141930031597,95.5654809606283));
#8645=CARTESIAN_POINT('',(0.724098386216265,4.21141930031597,95.5654809606283));
#8646=CARTESIAN_POINT('',(0.724098386216265,4.21141930031597,95.5654809606283));
#8647=CARTESIAN_POINT('',(0.724098386216265,4.21141930031597,80.5654809606283));
#8648=CARTESIAN_POINT('',(0.724098386216265,4.21141930031597,80.5654809606283));
#8649=CARTESIAN_POINT('',(0.724098386216265,4.21141930031597,95.5654809606283));
#8650=CARTESIAN_POINT('Origin',(-6.20000000000002,-3.27836451084954,95.5654809606283));
#8651=CARTESIAN_POINT('',(-0.541731678338331,5.20833093555831,95.5654809606283));
#8652=CARTESIAN_POINT('Origin',(-6.20000000000002,-3.27836451084954,95.5654809606283));
#8653=CARTESIAN_POINT('',(-0.541731678338331,5.20833093555831,80.5654809606283));
#8654=CARTESIAN_POINT('Origin',(-6.20000000000002,-3.27836451084954,80.5654809606283));
#8655=CARTESIAN_POINT('',(-0.541731678338331,5.20833093555831,95.5654809606283));
#8656=CARTESIAN_POINT('Origin',(0.0343157080160661,5.78437832191273,95.5654809606283));
#8657=CARTESIAN_POINT('',(0.0343157080160661,5.78437832191273,95.5654809606283));
#8658=CARTESIAN_POINT('',(0.0343157080160661,5.78437832191273,95.5654809606283));
#8659=CARTESIAN_POINT('',(0.0343157080160661,5.78437832191273,80.5654809606283));
#8660=CARTESIAN_POINT('',(0.0343157080160661,5.78437832191273,80.5654809606283));
#8661=CARTESIAN_POINT('',(0.0343157080160661,5.78437832191273,95.5654809606283));
#8662=CARTESIAN_POINT('Origin',(-6.20000000000002,-3.27836451084954,95.5654809606283));
#8663=CARTESIAN_POINT('',(2.86274283276226,2.95595119716654,95.5654809606283));
#8664=CARTESIAN_POINT('Origin',(-6.20000000000002,-3.27836451084954,95.5654809606283));
#8665=CARTESIAN_POINT('',(2.86274283276226,2.95595119716654,80.5654809606283));
#8666=CARTESIAN_POINT('Origin',(-6.20000000000002,-3.27836451084954,80.5654809606283));
#8667=CARTESIAN_POINT('',(2.86274283276226,2.95595119716654,95.5654809606283));
#8668=CARTESIAN_POINT('Origin',(2.28669544640785,2.37990381081213,95.5654809606283));
#8669=CARTESIAN_POINT('',(2.28669544640785,2.37990381081213,95.5654809606283));
#8670=CARTESIAN_POINT('',(2.28669544640785,2.37990381081213,95.5654809606283));
#8671=CARTESIAN_POINT('',(2.28669544640785,2.37990381081213,80.5654809606283));
#8672=CARTESIAN_POINT('',(2.28669544640785,2.37990381081213,80.5654809606283));
#8673=CARTESIAN_POINT('',(2.28669544640785,2.37990381081213,95.5654809606283));
#8674=CARTESIAN_POINT('Origin',(-6.20000000000002,-3.27836451084954,95.5654809606283));
#8675=CARTESIAN_POINT('',(1.28978381116551,3.64573387536673,95.5654809606283));
#8676=CARTESIAN_POINT('Origin',(-6.20000000000002,-3.27836451084954,95.5654809606283));
#8677=CARTESIAN_POINT('',(1.28978381116551,3.64573387536673,80.5654809606283));
#8678=CARTESIAN_POINT('Origin',(-6.20000000000002,-3.27836451084954,80.5654809606283));
#8679=CARTESIAN_POINT('',(1.28978381116551,3.64573387536673,95.5654809606283));
#8680=CARTESIAN_POINT('Origin',(0.29895081964263,2.65490088384385,95.5654809606283));
#8681=CARTESIAN_POINT('',(0.29895081964263,2.65490088384385,95.5654809606283));
#8682=CARTESIAN_POINT('',(0.29895081964263,2.65490088384385,95.5654809606283));
#8683=CARTESIAN_POINT('',(0.29895081964263,2.65490088384385,80.5654809606283));
#8684=CARTESIAN_POINT('',(0.29895081964263,2.65490088384385,80.5654809606283));
#8685=CARTESIAN_POINT('',(0.29895081964263,2.65490088384385,95.5654809606283));
#8686=CARTESIAN_POINT('Origin',(-6.20000000000002,-3.27836451084954,95.5654809606283));
#8687=CARTESIAN_POINT('',(2.59090439033435,-2.87836451084954,95.5654809606283));
#8688=CARTESIAN_POINT('Origin',(-6.20000000000002,-3.27836451084954,95.5654809606283));
#8689=CARTESIAN_POINT('',(2.59090439033435,-2.87836451084955,80.5654809606283));
#8690=CARTESIAN_POINT('Origin',(-6.20000000000002,-3.27836451084954,80.5654809606283));
#8691=CARTESIAN_POINT('',(2.59090439033435,-2.87836451084954,95.5654809606283));
#8692=CARTESIAN_POINT('Origin',(3.99215384499271,-2.87836451084955,95.5654809606283));
#8693=CARTESIAN_POINT('',(3.99215384499271,-2.87836451084955,95.5654809606283));
#8694=CARTESIAN_POINT('',(3.99215384499271,-2.87836451084955,95.5654809606283));
#8695=CARTESIAN_POINT('',(3.99215384499271,-2.87836451084955,80.5654809606283));
#8696=CARTESIAN_POINT('',(3.99215384499271,-2.87836451084955,80.5654809606283));
#8697=CARTESIAN_POINT('',(3.99215384499271,-2.87836451084955,95.5654809606283));
#8698=CARTESIAN_POINT('Origin',(-6.20000000000002,-3.27836451084954,95.5654809606283));
#8699=CARTESIAN_POINT('',(3.80199980003998,-1.27836451084956,95.5654809606283));
#8700=CARTESIAN_POINT('Origin',(-6.20000000000002,-3.27836451084954,95.5654809606283));
#8701=CARTESIAN_POINT('',(3.80199980003997,-1.27836451084956,80.5654809606283));
#8702=CARTESIAN_POINT('Origin',(-6.20000000000002,-3.27836451084954,80.5654809606283));
#8703=CARTESIAN_POINT('',(3.80199980003998,-1.27836451084956,95.5654809606283));
#8704=CARTESIAN_POINT('Origin',(4.61665382639195,-1.27836451084954,95.5654809606283));
#8705=CARTESIAN_POINT('',(4.61665382639195,-1.27836451084954,95.5654809606283));
#8706=CARTESIAN_POINT('',(4.61665382639195,-1.27836451084954,95.5654809606283));
#8707=CARTESIAN_POINT('',(4.61665382639195,-1.27836451084954,80.5654809606283));
#8708=CARTESIAN_POINT('',(4.61665382639195,-1.27836451084954,80.5654809606283));
#8709=CARTESIAN_POINT('',(4.61665382639195,-1.27836451084954,95.5654809606283));
#8710=CARTESIAN_POINT('Origin',(-6.20000000000002,-3.27836451084954,95.5654809606283));
#8711=CARTESIAN_POINT('',(4.61665382639195,-5.27836451084955,95.5654809606283));
#8712=CARTESIAN_POINT('Origin',(-6.20000000000002,-3.27836451084954,95.5654809606283));
#8713=CARTESIAN_POINT('',(4.61665382639195,-5.27836451084955,80.5654809606283));
#8714=CARTESIAN_POINT('Origin',(-6.20000000000002,-3.27836451084954,80.5654809606283));
#8715=CARTESIAN_POINT('',(4.61665382639195,-5.27836451084955,95.5654809606283));
#8716=CARTESIAN_POINT('Origin',(3.80199980003997,-5.27836451084955,95.5654809606283));
#8717=CARTESIAN_POINT('',(3.80199980003997,-5.27836451084955,95.5654809606283));
#8718=CARTESIAN_POINT('',(3.80199980003997,-5.27836451084955,95.5654809606283));
#8719=CARTESIAN_POINT('',(3.80199980003997,-5.27836451084955,80.5654809606283));
#8720=CARTESIAN_POINT('',(3.80199980003997,-5.27836451084955,80.5654809606283));
#8721=CARTESIAN_POINT('',(3.80199980003997,-5.27836451084955,95.5654809606283));
#8722=CARTESIAN_POINT('Origin',(-6.20000000000002,-3.27836451084954,95.5654809606283));
#8723=CARTESIAN_POINT('',(3.99215384499271,-3.67836451084955,95.5654809606283));
#8724=CARTESIAN_POINT('Origin',(-6.20000000000002,-3.27836451084954,95.5654809606283));
#8725=CARTESIAN_POINT('',(3.99215384499271,-3.67836451084955,80.5654809606283));
#8726=CARTESIAN_POINT('Origin',(-6.20000000000002,-3.27836451084954,80.5654809606283));
#8727=CARTESIAN_POINT('',(3.99215384499271,-3.67836451084955,95.5654809606283));
#8728=CARTESIAN_POINT('Origin',(2.59090439033435,-3.67836451084955,95.5654809606283));
#8729=CARTESIAN_POINT('',(2.59090439033435,-3.67836451084955,95.5654809606283));
#8730=CARTESIAN_POINT('',(2.59090439033435,-3.67836451084955,95.5654809606283));
#8731=CARTESIAN_POINT('',(2.59090439033435,-3.67836451084955,80.5654809606283));
#8732=CARTESIAN_POINT('',(2.59090439033435,-3.67836451084955,80.5654809606283));
#8733=CARTESIAN_POINT('',(2.59090439033435,-3.67836451084955,95.5654809606283));
#8734=CARTESIAN_POINT('Origin',(-6.20000000000002,-3.27836451084954,95.5654809606283));
#8735=CARTESIAN_POINT('',(0.29895081964262,-9.21162990554295,95.5654809606283));
#8736=CARTESIAN_POINT('Origin',(-6.20000000000002,-3.27836451084954,95.5654809606283));
#8737=CARTESIAN_POINT('',(0.29895081964262,-9.21162990554295,80.5654809606283));
#8738=CARTESIAN_POINT('Origin',(-6.20000000000002,-3.27836451084954,80.5654809606283));
#8739=CARTESIAN_POINT('',(0.29895081964262,-9.21162990554295,95.5654809606283));
#8740=CARTESIAN_POINT('Origin',(1.2897838111655,-10.2024628970658,95.5654809606283));
#8741=CARTESIAN_POINT('',(1.2897838111655,-10.2024628970658,95.5654809606283));
#8742=CARTESIAN_POINT('',(1.2897838111655,-10.2024628970658,95.5654809606283));
#8743=CARTESIAN_POINT('',(1.2897838111655,-10.2024628970658,80.5654809606283));
#8744=CARTESIAN_POINT('',(1.2897838111655,-10.2024628970658,80.5654809606283));
#8745=CARTESIAN_POINT('',(1.2897838111655,-10.2024628970658,95.5654809606283));
#8746=CARTESIAN_POINT('Origin',(-6.20000000000002,-3.27836451084954,95.5654809606283));
#8747=CARTESIAN_POINT('',(2.28669544640784,-8.93663283251123,95.5654809606283));
#8748=CARTESIAN_POINT('Origin',(-6.20000000000002,-3.27836451084954,95.5654809606283));
#8749=CARTESIAN_POINT('',(2.28669544640784,-8.93663283251123,80.5654809606283));
#8750=CARTESIAN_POINT('Origin',(-6.20000000000002,-3.27836451084954,80.5654809606283));
#8751=CARTESIAN_POINT('',(2.28669544640784,-8.93663283251123,95.5654809606283));
#8752=CARTESIAN_POINT('Origin',(2.86274283276225,-9.51268021886563,95.5654809606283));
#8753=CARTESIAN_POINT('',(2.86274283276225,-9.51268021886563,95.5654809606283));
#8754=CARTESIAN_POINT('',(2.86274283276225,-9.51268021886563,95.5654809606283));
#8755=CARTESIAN_POINT('',(2.86274283276225,-9.51268021886563,80.5654809606283));
#8756=CARTESIAN_POINT('',(2.86274283276225,-9.51268021886563,80.5654809606283));
#8757=CARTESIAN_POINT('',(2.86274283276225,-9.51268021886563,95.5654809606283));
#8758=CARTESIAN_POINT('Origin',(-6.20000000000002,-3.27836451084954,95.5654809606283));
#8759=CARTESIAN_POINT('',(0.0343157080160617,-12.3411073436118,95.5654809606283));
#8760=CARTESIAN_POINT('Origin',(-6.20000000000002,-3.27836451084954,95.5654809606283));
#8761=CARTESIAN_POINT('',(0.0343157080160617,-12.3411073436118,80.5654809606283));
#8762=CARTESIAN_POINT('Origin',(-6.20000000000002,-3.27836451084954,80.5654809606283));
#8763=CARTESIAN_POINT('',(0.0343157080160617,-12.3411073436118,95.5654809606283));
#8764=CARTESIAN_POINT('Origin',(-0.541731678338347,-11.7650599572574,95.5654809606283));
#8765=CARTESIAN_POINT('',(-0.541731678338347,-11.7650599572574,95.5654809606283));
#8766=CARTESIAN_POINT('',(-0.541731678338347,-11.7650599572574,95.5654809606283));
#8767=CARTESIAN_POINT('',(-0.541731678338347,-11.7650599572574,80.5654809606283));
#8768=CARTESIAN_POINT('',(-0.541731678338347,-11.7650599572574,80.5654809606283));
#8769=CARTESIAN_POINT('',(-0.541731678338347,-11.7650599572574,95.5654809606283));
#8770=CARTESIAN_POINT('Origin',(-6.20000000000002,-3.27836451084954,95.5654809606283));
#8771=CARTESIAN_POINT('',(0.724098386216251,-10.7681483220151,95.5654809606283));
#8772=CARTESIAN_POINT('Origin',(-6.20000000000002,-3.27836451084954,95.5654809606283));
#8773=CARTESIAN_POINT('',(0.724098386216251,-10.7681483220151,80.5654809606283));
#8774=CARTESIAN_POINT('Origin',(-6.20000000000002,-3.27836451084954,80.5654809606283));
#8775=CARTESIAN_POINT('',(0.724098386216251,-10.7681483220151,95.5654809606283));
#8776=CARTESIAN_POINT('Origin',(-0.266734605306626,-9.77731533049219,95.5654809606283));
#8777=CARTESIAN_POINT('',(-0.266734605306626,-9.77731533049219,95.5654809606283));
#8778=CARTESIAN_POINT('',(-0.266734605306626,-9.77731533049219,95.5654809606283));
#8779=CARTESIAN_POINT('',(-0.266734605306626,-9.77731533049219,80.5654809606283));
#8780=CARTESIAN_POINT('',(-0.266734605306626,-9.77731533049219,80.5654809606283));
#8781=CARTESIAN_POINT('',(-0.266734605306626,-9.77731533049219,95.5654809606283));
#8782=CARTESIAN_POINT('Origin',(-6.20000000000002,-3.27836451084954,95.5654809606283));
#8783=CARTESIAN_POINT('',(-5.80000000000002,-12.0692689011839,95.5654809606283));
#8784=CARTESIAN_POINT('Origin',(-6.20000000000002,-3.27836451084954,95.5654809606283));
#8785=CARTESIAN_POINT('',(-5.80000000000002,-12.0692689011839,80.5654809606283));
#8786=CARTESIAN_POINT('Origin',(-6.20000000000002,-3.27836451084954,80.5654809606283));
#8787=CARTESIAN_POINT('',(-5.80000000000002,-12.0692689011839,95.5654809606283));
#8788=CARTESIAN_POINT('Origin',(-5.80000000000002,-13.4705183558423,95.5654809606283));
#8789=CARTESIAN_POINT('',(-5.80000000000002,-13.4705183558423,95.5654809606283));
#8790=CARTESIAN_POINT('',(-5.80000000000002,-13.4705183558423,95.5654809606283));
#8791=CARTESIAN_POINT('',(-5.80000000000002,-13.4705183558423,80.5654809606283));
#8792=CARTESIAN_POINT('',(-5.80000000000002,-13.4705183558423,80.5654809606283));
#8793=CARTESIAN_POINT('',(-5.80000000000002,-13.4705183558423,95.5654809606283));
#8794=CARTESIAN_POINT('Origin',(-6.20000000000002,-3.27836451084954,95.5654809606283));
#8795=CARTESIAN_POINT('',(-4.20000000000002,-13.2803643108895,95.5654809606283));
#8796=CARTESIAN_POINT('Origin',(-6.20000000000002,-3.27836451084954,95.5654809606283));
#8797=CARTESIAN_POINT('',(-4.20000000000002,-13.2803643108895,80.5654809606283));
#8798=CARTESIAN_POINT('Origin',(-6.20000000000002,-3.27836451084954,80.5654809606283));
#8799=CARTESIAN_POINT('',(-4.20000000000002,-13.2803643108895,95.5654809606283));
#8800=CARTESIAN_POINT('Origin',(-4.20000000000002,-14.0950183372415,95.5654809606283));
#8801=CARTESIAN_POINT('',(-4.20000000000002,-14.0950183372415,95.5654809606283));
#8802=CARTESIAN_POINT('',(-4.20000000000002,-14.0950183372415,95.5654809606283));
#8803=CARTESIAN_POINT('',(-4.20000000000002,-14.0950183372415,80.5654809606283));
#8804=CARTESIAN_POINT('',(-4.20000000000002,-14.0950183372415,80.5654809606283));
#8805=CARTESIAN_POINT('',(-4.20000000000002,-14.0950183372415,95.5654809606283));
#8806=CARTESIAN_POINT('Origin',(-6.20000000000002,-3.27836451084954,95.5654809606283));
#8807=CARTESIAN_POINT('',(-8.20000000000002,-14.0950183372415,95.5654809606283));
#8808=CARTESIAN_POINT('Origin',(-6.20000000000002,-3.27836451084954,95.5654809606283));
#8809=CARTESIAN_POINT('',(-8.20000000000002,-14.0950183372415,80.5654809606283));
#8810=CARTESIAN_POINT('Origin',(-6.20000000000002,-3.27836451084954,80.5654809606283));
#8811=CARTESIAN_POINT('',(-8.20000000000002,-14.0950183372415,95.5654809606283));
#8812=CARTESIAN_POINT('Origin',(-8.20000000000003,-13.2803643108895,95.5654809606283));
#8813=CARTESIAN_POINT('',(-8.20000000000003,-13.2803643108895,95.5654809606283));
#8814=CARTESIAN_POINT('',(-8.20000000000003,-13.2803643108895,95.5654809606283));
#8815=CARTESIAN_POINT('',(-8.20000000000003,-13.2803643108895,80.5654809606283));
#8816=CARTESIAN_POINT('',(-8.20000000000003,-13.2803643108895,80.5654809606283));
#8817=CARTESIAN_POINT('',(-8.20000000000003,-13.2803643108895,95.5654809606283));
#8818=CARTESIAN_POINT('Origin',(-6.20000000000002,-3.27836451084954,95.5654809606283));
#8819=CARTESIAN_POINT('',(-6.60000000000002,-13.4705183558423,95.5654809606283));
#8820=CARTESIAN_POINT('Origin',(-6.20000000000002,-3.27836451084954,95.5654809606283));
#8821=CARTESIAN_POINT('',(-6.60000000000002,-13.4705183558423,80.5654809606283));
#8822=CARTESIAN_POINT('Origin',(-6.20000000000002,-3.27836451084954,80.5654809606283));
#8823=CARTESIAN_POINT('',(-6.60000000000002,-13.4705183558423,95.5654809606283));
#8824=CARTESIAN_POINT('Origin',(-6.60000000000003,-12.0692689011839,95.5654809606283));
#8825=CARTESIAN_POINT('',(-6.60000000000003,-12.0692689011839,95.5654809606283));
#8826=CARTESIAN_POINT('',(-6.60000000000003,-12.0692689011839,95.5654809606283));
#8827=CARTESIAN_POINT('',(-6.60000000000003,-12.0692689011839,80.5654809606283));
#8828=CARTESIAN_POINT('',(-6.60000000000003,-12.0692689011839,80.5654809606283));
#8829=CARTESIAN_POINT('',(-6.60000000000003,-12.0692689011839,95.5654809606283));
#8830=CARTESIAN_POINT('Origin',(-6.20000000000002,-3.27836451084954,95.5654809606283));
#8831=CARTESIAN_POINT('',(-12.1332653946934,-9.77731533049218,95.5654809606283));
#8832=CARTESIAN_POINT('Origin',(-6.20000000000002,-3.27836451084954,95.5654809606283));
#8833=CARTESIAN_POINT('',(-12.1332653946934,-9.77731533049218,80.5654809606283));
#8834=CARTESIAN_POINT('Origin',(-6.20000000000002,-3.27836451084954,80.5654809606283));
#8835=CARTESIAN_POINT('',(-12.1332653946934,-9.77731533049218,95.5654809606283));
#8836=CARTESIAN_POINT('Origin',(-13.1240983862163,-10.7681483220151,95.5654809606283));
#8837=CARTESIAN_POINT('',(-13.1240983862163,-10.7681483220151,95.5654809606283));
#8838=CARTESIAN_POINT('',(-13.1240983862163,-10.7681483220151,95.5654809606283));
#8839=CARTESIAN_POINT('',(-13.1240983862163,-10.7681483220151,80.5654809606283));
#8840=CARTESIAN_POINT('',(-13.1240983862163,-10.7681483220151,80.5654809606283));
#8841=CARTESIAN_POINT('',(-13.1240983862163,-10.7681483220151,95.5654809606283));
#8842=CARTESIAN_POINT('Origin',(-6.20000000000002,-3.27836451084954,95.5654809606283));
#8843=CARTESIAN_POINT('',(-11.8582683216617,-11.7650599572574,95.5654809606283));
#8844=CARTESIAN_POINT('Origin',(-6.20000000000002,-3.27836451084954,95.5654809606283));
#8845=CARTESIAN_POINT('',(-11.8582683216617,-11.7650599572574,80.5654809606283));
#8846=CARTESIAN_POINT('Origin',(-6.20000000000002,-3.27836451084954,80.5654809606283));
#8847=CARTESIAN_POINT('',(-11.8582683216617,-11.7650599572574,95.5654809606283));
#8848=CARTESIAN_POINT('Origin',(-12.4343157080161,-12.3411073436118,95.5654809606283));
#8849=CARTESIAN_POINT('',(-12.4343157080161,-12.3411073436118,95.5654809606283));
#8850=CARTESIAN_POINT('',(-12.4343157080161,-12.3411073436118,95.5654809606283));
#8851=CARTESIAN_POINT('',(-12.4343157080161,-12.3411073436118,80.5654809606283));
#8852=CARTESIAN_POINT('',(-12.4343157080161,-12.3411073436118,80.5654809606283));
#8853=CARTESIAN_POINT('',(-12.4343157080161,-12.3411073436118,95.5654809606283));
#8854=CARTESIAN_POINT('Origin',(-6.20000000000002,-3.27836451084954,95.5654809606283));
#8855=CARTESIAN_POINT('',(-15.2627428327623,-9.51268021886562,95.5654809606283));
#8856=CARTESIAN_POINT('Origin',(-6.20000000000002,-3.27836451084954,95.5654809606283));
#8857=CARTESIAN_POINT('',(-15.2627428327623,-9.51268021886562,80.5654809606283));
#8858=CARTESIAN_POINT('Origin',(-6.20000000000002,-3.27836451084954,80.5654809606283));
#8859=CARTESIAN_POINT('',(-15.2627428327623,-9.51268021886562,95.5654809606283));
#8860=CARTESIAN_POINT('Origin',(-14.6866954464079,-8.93663283251121,95.5654809606283));
#8861=CARTESIAN_POINT('',(-14.6866954464079,-8.93663283251121,95.5654809606283));
#8862=CARTESIAN_POINT('',(-14.6866954464079,-8.93663283251121,95.5654809606283));
#8863=CARTESIAN_POINT('',(-14.6866954464079,-8.93663283251121,80.5654809606283));
#8864=CARTESIAN_POINT('',(-14.6866954464079,-8.93663283251121,80.5654809606283));
#8865=CARTESIAN_POINT('',(-14.6866954464079,-8.93663283251121,95.5654809606283));
#8866=CARTESIAN_POINT('Origin',(-6.20000000000002,-3.27836451084954,95.5654809606283));
#8867=CARTESIAN_POINT('',(-13.6897838111655,-10.2024628970658,95.5654809606283));
#8868=CARTESIAN_POINT('Origin',(-6.20000000000002,-3.27836451084954,95.5654809606283));
#8869=CARTESIAN_POINT('',(-13.6897838111655,-10.2024628970658,80.5654809606283));
#8870=CARTESIAN_POINT('Origin',(-6.20000000000002,-3.27836451084954,80.5654809606283));
#8871=CARTESIAN_POINT('',(-13.6897838111655,-10.2024628970658,95.5654809606283));
#8872=CARTESIAN_POINT('Origin',(-12.6989508196427,-9.21162990554294,95.5654809606283));
#8873=CARTESIAN_POINT('',(-12.6989508196427,-9.21162990554294,95.5654809606283));
#8874=CARTESIAN_POINT('',(-12.6989508196427,-9.21162990554294,95.5654809606283));
#8875=CARTESIAN_POINT('',(-12.6989508196427,-9.21162990554293,80.5654809606283));
#8876=CARTESIAN_POINT('',(-12.6989508196427,-9.21162990554294,80.5654809606283));
#8877=CARTESIAN_POINT('',(-12.6989508196427,-9.21162990554294,95.5654809606283));
#8878=CARTESIAN_POINT('Origin',(-6.20000000000002,-3.27836451084954,95.5654809606283));
#8879=CARTESIAN_POINT('',(-14.9909043903344,-3.67836451084954,95.5654809606283));
#8880=CARTESIAN_POINT('Origin',(-6.20000000000002,-3.27836451084954,95.5654809606283));
#8881=CARTESIAN_POINT('',(-14.9909043903344,-3.67836451084954,80.5654809606283));
#8882=CARTESIAN_POINT('Origin',(-6.20000000000002,-3.27836451084954,80.5654809606283));
#8883=CARTESIAN_POINT('',(-14.9909043903344,-3.67836451084954,95.5654809606283));
#8884=CARTESIAN_POINT('Origin',(-16.3921538449927,-3.67836451084954,95.5654809606283));
#8885=CARTESIAN_POINT('',(-16.3921538449927,-3.67836451084954,95.5654809606283));
#8886=CARTESIAN_POINT('',(-16.3921538449927,-3.67836451084954,95.5654809606283));
#8887=CARTESIAN_POINT('',(-16.3921538449927,-3.67836451084954,80.5654809606283));
#8888=CARTESIAN_POINT('',(-16.3921538449927,-3.67836451084954,80.5654809606283));
#8889=CARTESIAN_POINT('',(-16.3921538449927,-3.67836451084954,95.5654809606283));
#8890=CARTESIAN_POINT('Origin',(-6.20000000000002,-3.27836451084954,95.5654809606283));
#8891=CARTESIAN_POINT('',(-16.20199980004,-5.27836451084953,95.5654809606283));
#8892=CARTESIAN_POINT('Origin',(-6.20000000000002,-3.27836451084954,95.5654809606283));
#8893=CARTESIAN_POINT('',(-16.20199980004,-5.27836451084953,80.5654809606283));
#8894=CARTESIAN_POINT('Origin',(-6.20000000000002,-3.27836451084954,80.5654809606283));
#8895=CARTESIAN_POINT('',(-16.20199980004,-5.27836451084953,95.5654809606283));
#8896=CARTESIAN_POINT('Origin',(-17.016653826392,-5.27836451084954,95.5654809606283));
#8897=CARTESIAN_POINT('',(-17.016653826392,-5.27836451084954,95.5654809606283));
#8898=CARTESIAN_POINT('',(-17.016653826392,-5.27836451084954,95.5654809606283));
#8899=CARTESIAN_POINT('',(-17.016653826392,-5.27836451084954,80.5654809606283));
#8900=CARTESIAN_POINT('',(-17.016653826392,-5.27836451084954,80.5654809606283));
#8901=CARTESIAN_POINT('',(-17.016653826392,-5.27836451084954,95.5654809606283));
#8902=CARTESIAN_POINT('Origin',(-6.20000000000002,-3.27836451084954,95.5654809606283));
#8903=CARTESIAN_POINT('',(-17.016653826392,-1.27836451084954,95.5654809606283));
#8904=CARTESIAN_POINT('Origin',(-6.20000000000002,-3.27836451084954,95.5654809606283));
#8905=CARTESIAN_POINT('',(-17.016653826392,-1.27836451084954,80.5654809606283));
#8906=CARTESIAN_POINT('Origin',(-6.20000000000002,-3.27836451084954,80.5654809606283));
#8907=CARTESIAN_POINT('',(-17.016653826392,-1.27836451084954,95.5654809606283));
#8908=CARTESIAN_POINT('Origin',(-16.20199980004,-1.27836451084954,95.5654809606283));
#8909=CARTESIAN_POINT('',(-16.20199980004,-1.27836451084954,95.5654809606283));
#8910=CARTESIAN_POINT('',(-16.20199980004,-1.27836451084954,95.5654809606283));
#8911=CARTESIAN_POINT('',(-16.20199980004,-1.27836451084954,80.5654809606283));
#8912=CARTESIAN_POINT('',(-16.20199980004,-1.27836451084954,80.5654809606283));
#8913=CARTESIAN_POINT('',(-16.20199980004,-1.27836451084954,95.5654809606283));
#8914=CARTESIAN_POINT('Origin',(-6.20000000000002,-3.27836451084954,95.5654809606283));
#8915=CARTESIAN_POINT('',(-16.3921538449927,-2.87836451084954,95.5654809606283));
#8916=CARTESIAN_POINT('Origin',(-6.20000000000002,-3.27836451084954,95.5654809606283));
#8917=CARTESIAN_POINT('',(-16.3921538449927,-2.87836451084954,80.5654809606283));
#8918=CARTESIAN_POINT('Origin',(-6.20000000000002,-3.27836451084954,80.5654809606283));
#8919=CARTESIAN_POINT('',(-16.3921538449927,-2.87836451084954,95.5654809606283));
#8920=CARTESIAN_POINT('Origin',(-14.9909043903344,-2.87836451084954,95.5654809606283));
#8921=CARTESIAN_POINT('',(-14.9909043903344,-2.87836451084954,95.5654809606283));
#8922=CARTESIAN_POINT('',(-14.9909043903344,-2.87836451084954,95.5654809606283));
#8923=CARTESIAN_POINT('',(-14.9909043903344,-2.87836451084954,80.5654809606283));
#8924=CARTESIAN_POINT('',(-14.9909043903344,-2.87836451084954,80.5654809606283));
#8925=CARTESIAN_POINT('',(-14.9909043903344,-2.87836451084954,95.5654809606283));
#8926=CARTESIAN_POINT('Origin',(-6.20000000000002,-3.27836451084954,95.5654809606283));
#8927=CARTESIAN_POINT('',(-12.6989508196427,2.65490088384386,95.5654809606283));
#8928=CARTESIAN_POINT('Origin',(-6.20000000000002,-3.27836451084954,95.5654809606283));
#8929=CARTESIAN_POINT('',(-12.6989508196427,2.65490088384386,80.5654809606283));
#8930=CARTESIAN_POINT('Origin',(-6.20000000000002,-3.27836451084954,80.5654809606283));
#8931=CARTESIAN_POINT('',(-12.6989508196427,2.65490088384386,95.5654809606283));
#8932=CARTESIAN_POINT('Origin',(-13.6897838111655,3.64573387536674,95.5654809606283));
#8933=CARTESIAN_POINT('',(-13.6897838111655,3.64573387536674,95.5654809606283));
#8934=CARTESIAN_POINT('',(-13.6897838111655,3.64573387536674,95.5654809606283));
#8935=CARTESIAN_POINT('',(-13.6897838111655,3.64573387536674,80.5654809606283));
#8936=CARTESIAN_POINT('',(-13.6897838111655,3.64573387536674,80.5654809606283));
#8937=CARTESIAN_POINT('',(-13.6897838111655,3.64573387536674,95.5654809606283));
#8938=CARTESIAN_POINT('Origin',(-6.20000000000002,-3.27836451084954,95.5654809606283));
#8939=CARTESIAN_POINT('',(-14.6866954464079,2.37990381081215,95.5654809606283));
#8940=CARTESIAN_POINT('Origin',(-6.20000000000002,-3.27836451084954,95.5654809606283));
#8941=CARTESIAN_POINT('',(-14.6866954464079,2.37990381081215,80.5654809606283));
#8942=CARTESIAN_POINT('Origin',(-6.20000000000002,-3.27836451084954,80.5654809606283));
#8943=CARTESIAN_POINT('',(-14.6866954464079,2.37990381081215,95.5654809606283));
#8944=CARTESIAN_POINT('Origin',(-15.2627428327623,2.95595119716654,95.5654809606283));
#8945=CARTESIAN_POINT('',(-15.2627428327623,2.95595119716654,95.5654809606283));
#8946=CARTESIAN_POINT('',(-15.2627428327623,2.95595119716654,95.5654809606283));
#8947=CARTESIAN_POINT('',(-15.2627428327623,2.95595119716654,80.5654809606283));
#8948=CARTESIAN_POINT('',(-15.2627428327623,2.95595119716654,80.5654809606283));
#8949=CARTESIAN_POINT('',(-15.2627428327623,2.95595119716654,95.5654809606283));
#8950=CARTESIAN_POINT('Origin',(-6.20000000000002,-3.27836451084954,95.5654809606283));
#8951=CARTESIAN_POINT('',(-12.4343157080161,5.78437832191273,95.5654809606283));
#8952=CARTESIAN_POINT('Origin',(-6.20000000000002,-3.27836451084954,95.5654809606283));
#8953=CARTESIAN_POINT('',(-12.4343157080161,5.78437832191273,80.5654809606283));
#8954=CARTESIAN_POINT('Origin',(-6.20000000000002,-3.27836451084954,80.5654809606283));
#8955=CARTESIAN_POINT('',(-12.4343157080161,5.78437832191273,95.5654809606283));
#8956=CARTESIAN_POINT('Origin',(-11.8582683216617,5.20833093555832,95.5654809606283));
#8957=CARTESIAN_POINT('',(-11.8582683216617,5.20833093555832,95.5654809606283));
#8958=CARTESIAN_POINT('',(-11.8582683216617,5.20833093555832,95.5654809606283));
#8959=CARTESIAN_POINT('',(-11.8582683216617,5.20833093555832,80.5654809606283));
#8960=CARTESIAN_POINT('',(-11.8582683216617,5.20833093555832,80.5654809606283));
#8961=CARTESIAN_POINT('',(-11.8582683216617,5.20833093555832,95.5654809606283));
#8962=CARTESIAN_POINT('Origin',(-6.20000000000002,-3.27836451084954,95.5654809606283));
#8963=CARTESIAN_POINT('',(-13.1240983862163,4.21141930031599,95.5654809606283));
#8964=CARTESIAN_POINT('Origin',(-6.20000000000002,-3.27836451084954,95.5654809606283));
#8965=CARTESIAN_POINT('',(-13.1240983862163,4.21141930031599,80.5654809606283));
#8966=CARTESIAN_POINT('Origin',(-6.20000000000002,-3.27836451084954,80.5654809606283));
#8967=CARTESIAN_POINT('',(-13.1240983862163,4.21141930031599,95.5654809606283));
#8968=CARTESIAN_POINT('Origin',(-12.1332653946934,3.22058630879311,95.5654809606283));
#8969=CARTESIAN_POINT('',(-12.1332653946934,3.22058630879311,95.5654809606283));
#8970=CARTESIAN_POINT('',(-12.1332653946934,3.22058630879311,95.5654809606283));
#8971=CARTESIAN_POINT('',(-12.1332653946934,3.22058630879311,80.5654809606283));
#8972=CARTESIAN_POINT('',(-12.1332653946934,3.22058630879311,80.5654809606283));
#8973=CARTESIAN_POINT('',(-12.1332653946934,3.22058630879311,95.5654809606283));
#8974=CARTESIAN_POINT('Origin',(-6.20000000000002,-3.27836451084954,95.5654809606283));
#8975=CARTESIAN_POINT('',(-6.60000000000002,5.51253987948482,95.5654809606283));
#8976=CARTESIAN_POINT('Origin',(-6.20000000000002,-3.27836451084954,95.5654809606283));
#8977=CARTESIAN_POINT('',(-6.60000000000002,5.51253987948482,80.5654809606283));
#8978=CARTESIAN_POINT('Origin',(-6.20000000000002,-3.27836451084954,80.5654809606283));
#8979=CARTESIAN_POINT('',(-6.60000000000002,5.51253987948482,95.5654809606283));
#8980=CARTESIAN_POINT('Origin',(-6.60000000000002,6.91378933414318,95.5654809606283));
#8981=CARTESIAN_POINT('',(-6.60000000000002,6.91378933414318,95.5654809606283));
#8982=CARTESIAN_POINT('',(-6.60000000000002,6.91378933414318,95.5654809606283));
#8983=CARTESIAN_POINT('',(-6.60000000000002,6.91378933414318,80.5654809606283));
#8984=CARTESIAN_POINT('',(-6.60000000000002,6.91378933414318,80.5654809606283));
#8985=CARTESIAN_POINT('',(-6.60000000000002,6.91378933414318,95.5654809606283));
#8986=CARTESIAN_POINT('Origin',(-6.20000000000002,-3.27836451084954,95.5654809606283));
#8987=CARTESIAN_POINT('',(-8.2,6.72363528919045,95.5654809606283));
#8988=CARTESIAN_POINT('Origin',(-6.20000000000002,-3.27836451084954,95.5654809606283));
#8989=CARTESIAN_POINT('',(-8.2,6.72363528919045,80.5654809606283));
#8990=CARTESIAN_POINT('Origin',(-6.20000000000002,-3.27836451084954,80.5654809606283));
#8991=CARTESIAN_POINT('',(-8.2,6.72363528919045,95.5654809606283));
#8992=CARTESIAN_POINT('Origin',(-8.20000000000002,7.53828931554243,95.5654809606283));
#8993=CARTESIAN_POINT('',(-8.20000000000002,7.53828931554243,95.5654809606283));
#8994=CARTESIAN_POINT('',(-8.20000000000002,7.53828931554243,95.5654809606283));
#8995=CARTESIAN_POINT('',(-8.20000000000002,7.53828931554243,80.5654809606283));
#8996=CARTESIAN_POINT('',(-8.20000000000002,7.53828931554243,80.5654809606283));
#8997=CARTESIAN_POINT('',(-8.20000000000002,7.53828931554243,95.5654809606283));
#8998=CARTESIAN_POINT('Origin',(-6.20000000000002,-3.27836451084954,95.5654809606283));
#8999=CARTESIAN_POINT('',(-4.20000000000002,7.53828931554243,95.5654809606283));
#9000=CARTESIAN_POINT('Origin',(-6.20000000000002,-3.27836451084954,95.5654809606283));
#9001=CARTESIAN_POINT('',(-4.20000000000002,7.53828931554243,80.5654809606283));
#9002=CARTESIAN_POINT('Origin',(-6.20000000000002,-3.27836451084954,80.5654809606283));
#9003=CARTESIAN_POINT('',(-4.20000000000002,7.53828931554243,95.5654809606283));
#9004=CARTESIAN_POINT('Origin',(-4.20000000000002,6.72363528919045,95.5654809606283));
#9005=CARTESIAN_POINT('',(-4.20000000000002,6.72363528919045,95.5654809606283));
#9006=CARTESIAN_POINT('',(-4.20000000000002,6.72363528919045,80.5654809606283));
#9007=CARTESIAN_POINT('Origin',(-6.20000000000002,-3.27836451084954,95.5654809606283));
#9008=CARTESIAN_POINT('',(-18.7,-3.27836451084954,80.5654809606283));
#9009=CARTESIAN_POINT('Origin',(-6.20000000000002,-3.27836451084954,80.5654809606283));
#9010=CARTESIAN_POINT('',(-18.7,-3.27836451084954,95.5654809606283));
#9011=CARTESIAN_POINT('',(-18.7,-3.27836451084954,95.5654809606283));
#9012=CARTESIAN_POINT('Origin',(-6.20000000000002,-3.27836451084954,95.5654809606283));
#9013=CARTESIAN_POINT('Origin',(-6.20000000000002,-3.27836451084954,95.5654809606283));
#9014=CARTESIAN_POINT('Origin',(-6.20000000000002,-3.27836451084954,80.5654809606283));
#9015=CARTESIAN_POINT('Origin',(-38.6651684137655,-0.128536608890489,95.5654809606283));
#9016=CARTESIAN_POINT('',(-29.4831520814735,9.10682143093907,95.5654809606283));
#9017=CARTESIAN_POINT('',(-30.6903841730191,10.1672915930496,95.5654809606283));
#9018=CARTESIAN_POINT('Origin',(-38.6651684137655,-0.128536608890489,95.5654809606283));
#9019=CARTESIAN_POINT('',(-29.4831520814735,9.10682143093907,80.5654809606283));
#9020=CARTESIAN_POINT('',(-29.4831520814735,9.10682143093907,95.5654809606283));
#9021=CARTESIAN_POINT('',(-30.6903841730191,10.1672915930496,80.5654809606283));
#9022=CARTESIAN_POINT('Origin',(-38.6651684137655,-0.128536608890489,80.5654809606283));
#9023=CARTESIAN_POINT('',(-30.6903841730191,10.1672915930496,95.5654809606283));
#9024=CARTESIAN_POINT('Origin',(-31.9842463080961,8.38644314274743,95.5654809606283));
#9025=CARTESIAN_POINT('',(-31.9842463080961,8.38644314274743,95.5654809606283));
#9026=CARTESIAN_POINT('',(-31.9842463080961,8.38644314274743,95.5654809606283));
#9027=CARTESIAN_POINT('',(-31.9842463080961,8.38644314274743,80.5654809606283));
#9028=CARTESIAN_POINT('',(-31.9842463080961,8.38644314274743,80.5654809606283));
#9029=CARTESIAN_POINT('',(-31.9842463080961,8.38644314274743,95.5654809606283));
#9030=CARTESIAN_POINT('Origin',(-38.6651684137655,-0.128536608890489,95.5654809606283));
#9031=CARTESIAN_POINT('',(-28.5024229661019,3.59412444455203,95.5654809606283));
#9032=CARTESIAN_POINT('Origin',(-38.6651684137655,-0.128536608890489,95.5654809606283));
#9033=CARTESIAN_POINT('',(-28.5024229661019,3.59412444455203,80.5654809606283));
#9034=CARTESIAN_POINT('Origin',(-38.6651684137655,-0.128536608890489,80.5654809606283));
#9035=CARTESIAN_POINT('',(-28.5024229661019,3.59412444455203,95.5654809606283));
#9036=CARTESIAN_POINT('Origin',(-26.4089100547908,4.27434802375488,95.5654809606283));
#9037=CARTESIAN_POINT('',(-26.4089100547908,4.27434802375488,95.5654809606283));
#9038=CARTESIAN_POINT('',(-26.4089100547908,4.27434802375488,95.5654809606283));
#9039=CARTESIAN_POINT('',(-26.4089100547908,4.27434802375488,80.5654809606283));
#9040=CARTESIAN_POINT('',(-26.4089100547908,4.27434802375488,80.5654809606283));
#9041=CARTESIAN_POINT('',(-26.4089100547908,4.27434802375488,95.5654809606283));
#9042=CARTESIAN_POINT('Origin',(-38.6651684137655,-0.128536608890489,95.5654809606283));
#9043=CARTESIAN_POINT('',(-27.0444218803602,5.75019727321967,95.5654809606283));
#9044=CARTESIAN_POINT('Origin',(-38.6651684137655,-0.128536608890489,95.5654809606283));
#9045=CARTESIAN_POINT('',(-27.0444218803602,5.75019727321967,80.5654809606283));
#9046=CARTESIAN_POINT('Origin',(-38.6651684137655,-0.128536608890489,80.5654809606283));
#9047=CARTESIAN_POINT('',(-27.0444218803602,5.75019727321967,95.5654809606283));
#9048=CARTESIAN_POINT('Origin',(-26.2749800558682,6.00020407710252,95.5654809606283));
#9049=CARTESIAN_POINT('',(-26.2749800558682,6.00020407710252,95.5654809606283));
#9050=CARTESIAN_POINT('',(-26.2749800558682,6.00020407710252,95.5654809606283));
#9051=CARTESIAN_POINT('',(-26.2749800558682,6.00020407710252,80.5654809606283));
#9052=CARTESIAN_POINT('',(-26.2749800558682,6.00020407710252,80.5654809606283));
#9053=CARTESIAN_POINT('',(-26.2749800558682,6.00020407710252,95.5654809606283));
#9054=CARTESIAN_POINT('Origin',(-38.6651684137655,-0.128536608890489,95.5654809606283));
#9055=CARTESIAN_POINT('',(-25.0389120783684,2.19597801192191,95.5654809606283));
#9056=CARTESIAN_POINT('Origin',(-38.6651684137655,-0.128536608890489,95.5654809606283));
#9057=CARTESIAN_POINT('',(-25.0389120783684,2.19597801192191,80.5654809606283));
#9058=CARTESIAN_POINT('Origin',(-38.6651684137655,-0.128536608890489,80.5654809606283));
#9059=CARTESIAN_POINT('',(-25.0389120783684,2.19597801192191,95.5654809606283));
#9060=CARTESIAN_POINT('Origin',(-25.8083539028604,1.94597120803907,95.5654809606283));
#9061=CARTESIAN_POINT('',(-25.8083539028604,1.94597120803907,95.5654809606283));
#9062=CARTESIAN_POINT('',(-25.8083539028604,1.94597120803907,95.5654809606283));
#9063=CARTESIAN_POINT('',(-25.8083539028604,1.94597120803907,80.5654809606283));
#9064=CARTESIAN_POINT('',(-25.8083539028604,1.94597120803907,80.5654809606283));
#9065=CARTESIAN_POINT('',(-25.8083539028604,1.94597120803907,95.5654809606283));
#9066=CARTESIAN_POINT('Origin',(-38.6651684137655,-0.128536608890489,95.5654809606283));
#9067=CARTESIAN_POINT('',(-26.1616964592909,3.51350281071873,95.5654809606283));
#9068=CARTESIAN_POINT('Origin',(-38.6651684137655,-0.128536608890489,95.5654809606283));
#9069=CARTESIAN_POINT('',(-26.1616964592909,3.51350281071873,80.5654809606283));
#9070=CARTESIAN_POINT('Origin',(-38.6651684137655,-0.128536608890489,80.5654809606283));
#9071=CARTESIAN_POINT('',(-26.1616964592909,3.51350281071873,95.5654809606283));
#9072=CARTESIAN_POINT('Origin',(-28.2552093706019,2.83327923151591,95.5654809606283));
#9073=CARTESIAN_POINT('',(-28.2552093706019,2.83327923151591,95.5654809606283));
#9074=CARTESIAN_POINT('',(-28.2552093706019,2.83327923151591,95.5654809606283));
#9075=CARTESIAN_POINT('',(-28.2552093706019,2.83327923151591,80.5654809606283));
#9076=CARTESIAN_POINT('',(-28.2552093706019,2.83327923151591,80.5654809606283));
#9077=CARTESIAN_POINT('',(-28.2552093706019,2.83327923151591,95.5654809606283));
#9078=CARTESIAN_POINT('Origin',(-38.6651684137655,-0.128536608890489,95.5654809606283));
#9079=CARTESIAN_POINT('',(-28.2552093706019,-3.0903524492969,95.5654809606283));
#9080=CARTESIAN_POINT('Origin',(-38.6651684137655,-0.128536608890489,95.5654809606283));
#9081=CARTESIAN_POINT('',(-28.2552093706019,-3.0903524492969,80.5654809606283));
#9082=CARTESIAN_POINT('Origin',(-38.6651684137655,-0.128536608890489,80.5654809606283));
#9083=CARTESIAN_POINT('',(-28.2552093706019,-3.0903524492969,95.5654809606283));
#9084=CARTESIAN_POINT('Origin',(-26.1616964592909,-3.77057602849974,95.5654809606283));
#9085=CARTESIAN_POINT('',(-26.1616964592909,-3.77057602849974,95.5654809606283));
#9086=CARTESIAN_POINT('',(-26.1616964592909,-3.77057602849974,95.5654809606283));
#9087=CARTESIAN_POINT('',(-26.1616964592909,-3.77057602849974,80.5654809606283));
#9088=CARTESIAN_POINT('',(-26.1616964592909,-3.77057602849974,80.5654809606283));
#9089=CARTESIAN_POINT('',(-26.1616964592909,-3.77057602849974,95.5654809606283));
#9090=CARTESIAN_POINT('Origin',(-38.6651684137655,-0.128536608890489,95.5654809606283));
#9091=CARTESIAN_POINT('',(-25.8083539028604,-2.20304442582005,95.5654809606283));
#9092=CARTESIAN_POINT('Origin',(-38.6651684137655,-0.128536608890489,95.5654809606283));
#9093=CARTESIAN_POINT('',(-25.8083539028604,-2.20304442582005,80.5654809606283));
#9094=CARTESIAN_POINT('Origin',(-38.6651684137655,-0.128536608890489,80.5654809606283));
#9095=CARTESIAN_POINT('',(-25.8083539028604,-2.20304442582005,95.5654809606283));
#9096=CARTESIAN_POINT('Origin',(-25.0389120783684,-2.45305122970289,95.5654809606283));
#9097=CARTESIAN_POINT('',(-25.0389120783684,-2.45305122970289,95.5654809606283));
#9098=CARTESIAN_POINT('',(-25.0389120783684,-2.45305122970289,95.5654809606283));
#9099=CARTESIAN_POINT('',(-25.0389120783684,-2.45305122970289,80.5654809606283));
#9100=CARTESIAN_POINT('',(-25.0389120783684,-2.45305122970289,80.5654809606283));
#9101=CARTESIAN_POINT('',(-25.0389120783684,-2.45305122970289,95.5654809606283));
#9102=CARTESIAN_POINT('Origin',(-38.6651684137655,-0.128536608890489,95.5654809606283));
#9103=CARTESIAN_POINT('',(-26.2749800558682,-6.25727729488351,95.5654809606283));
#9104=CARTESIAN_POINT('Origin',(-38.6651684137655,-0.128536608890489,95.5654809606283));
#9105=CARTESIAN_POINT('',(-26.2749800558682,-6.25727729488351,80.5654809606283));
#9106=CARTESIAN_POINT('Origin',(-38.6651684137655,-0.128536608890489,80.5654809606283));
#9107=CARTESIAN_POINT('',(-26.2749800558682,-6.25727729488351,95.5654809606283));
#9108=CARTESIAN_POINT('Origin',(-27.0444218803602,-6.00727049100067,95.5654809606283));
#9109=CARTESIAN_POINT('',(-27.0444218803602,-6.00727049100067,95.5654809606283));
#9110=CARTESIAN_POINT('',(-27.0444218803602,-6.00727049100067,95.5654809606283));
#9111=CARTESIAN_POINT('',(-27.0444218803602,-6.00727049100067,80.5654809606283));
#9112=CARTESIAN_POINT('',(-27.0444218803602,-6.00727049100067,80.5654809606283));
#9113=CARTESIAN_POINT('',(-27.0444218803602,-6.00727049100067,95.5654809606283));
#9114=CARTESIAN_POINT('Origin',(-38.6651684137655,-0.128536608890489,95.5654809606283));
#9115=CARTESIAN_POINT('',(-26.4089100547908,-4.53142124153588,95.5654809606283));
#9116=CARTESIAN_POINT('Origin',(-38.6651684137655,-0.128536608890489,95.5654809606283));
#9117=CARTESIAN_POINT('',(-26.4089100547908,-4.53142124153588,80.5654809606283));
#9118=CARTESIAN_POINT('Origin',(-38.6651684137655,-0.128536608890489,80.5654809606283));
#9119=CARTESIAN_POINT('',(-26.4089100547908,-4.53142124153588,95.5654809606283));
#9120=CARTESIAN_POINT('Origin',(-28.5024229661019,-3.85119766233302,95.5654809606283));
#9121=CARTESIAN_POINT('',(-28.5024229661019,-3.85119766233302,95.5654809606283));
#9122=CARTESIAN_POINT('',(-28.5024229661019,-3.85119766233302,95.5654809606283));
#9123=CARTESIAN_POINT('',(-28.5024229661019,-3.85119766233302,80.5654809606283));
#9124=CARTESIAN_POINT('',(-28.5024229661019,-3.85119766233302,80.5654809606283));
#9125=CARTESIAN_POINT('',(-28.5024229661019,-3.85119766233302,95.5654809606283));
#9126=CARTESIAN_POINT('Origin',(-38.6651684137655,-0.128536608890489,95.5654809606283));
#9127=CARTESIAN_POINT('',(-31.9842463080961,-8.64351636052841,95.5654809606283));
#9128=CARTESIAN_POINT('Origin',(-38.6651684137655,-0.128536608890489,95.5654809606283));
#9129=CARTESIAN_POINT('',(-31.9842463080961,-8.64351636052842,80.5654809606283));
#9130=CARTESIAN_POINT('Origin',(-38.6651684137655,-0.128536608890489,80.5654809606283));
#9131=CARTESIAN_POINT('',(-31.9842463080961,-8.64351636052841,95.5654809606283));
#9132=CARTESIAN_POINT('Origin',(-30.6903841730191,-10.4243648108306,95.5654809606283));
#9133=CARTESIAN_POINT('',(-30.6903841730191,-10.4243648108306,95.5654809606283));
#9134=CARTESIAN_POINT('',(-30.6903841730191,-10.4243648108306,95.5654809606283));
#9135=CARTESIAN_POINT('',(-30.6903841730191,-10.4243648108306,80.5654809606283));
#9136=CARTESIAN_POINT('',(-30.6903841730191,-10.4243648108306,80.5654809606283));
#9137=CARTESIAN_POINT('',(-30.6903841730191,-10.4243648108306,95.5654809606283));
#9138=CARTESIAN_POINT('Origin',(-38.6651684137655,-0.128536608890489,95.5654809606283));
#9139=CARTESIAN_POINT('',(-29.4831520814735,-9.36389464872004,95.5654809606283));
#9140=CARTESIAN_POINT('Origin',(-38.6651684137655,-0.128536608890489,95.5654809606283));
#9141=CARTESIAN_POINT('',(-29.4831520814735,-9.36389464872004,80.5654809606283));
#9142=CARTESIAN_POINT('Origin',(-38.6651684137655,-0.128536608890489,80.5654809606283));
#9143=CARTESIAN_POINT('',(-29.4831520814735,-9.36389464872004,95.5654809606283));
#9144=CARTESIAN_POINT('Origin',(-29.0076108815717,-10.018420958704,95.5654809606283));
#9145=CARTESIAN_POINT('',(-29.0076108815717,-10.018420958704,95.5654809606283));
#9146=CARTESIAN_POINT('',(-29.0076108815717,-10.018420958704,95.5654809606283));
#9147=CARTESIAN_POINT('',(-29.0076108815717,-10.018420958704,80.5654809606283));
#9148=CARTESIAN_POINT('',(-29.0076108815717,-10.018420958704,80.5654809606283));
#9149=CARTESIAN_POINT('',(-29.0076108815717,-10.018420958704,95.5654809606283));
#9150=CARTESIAN_POINT('Origin',(-38.6651684137655,-0.128536608890489,95.5654809606283));
#9151=CARTESIAN_POINT('',(-32.2436788590715,-12.3695619678739,95.5654809606283));
#9152=CARTESIAN_POINT('Origin',(-38.6651684137655,-0.128536608890489,95.5654809606283));
#9153=CARTESIAN_POINT('',(-32.2436788590715,-12.3695619678739,80.5654809606283));
#9154=CARTESIAN_POINT('Origin',(-38.6651684137655,-0.128536608890489,80.5654809606283));
#9155=CARTESIAN_POINT('',(-32.2436788590715,-12.3695619678739,95.5654809606283));
#9156=CARTESIAN_POINT('Origin',(-32.7192200589733,-11.7150356578899,95.5654809606283));
#9157=CARTESIAN_POINT('',(-32.7192200589733,-11.7150356578899,95.5654809606283));
#9158=CARTESIAN_POINT('',(-32.7192200589733,-11.7150356578899,95.5654809606283));
#9159=CARTESIAN_POINT('',(-32.7192200589733,-11.7150356578899,80.5654809606283));
#9160=CARTESIAN_POINT('',(-32.7192200589733,-11.7150356578899,80.5654809606283));
#9161=CARTESIAN_POINT('',(-32.7192200589733,-11.7150356578899,95.5654809606283));
#9162=CARTESIAN_POINT('Origin',(-38.6651684137655,-0.128536608890489,95.5654809606283));
#9163=CARTESIAN_POINT('',(-31.3375977685191,-10.8945930126646,95.5654809606283));
#9164=CARTESIAN_POINT('Origin',(-38.6651684137655,-0.128536608890489,95.5654809606283));
#9165=CARTESIAN_POINT('',(-31.3375977685191,-10.8945930126646,80.5654809606283));
#9166=CARTESIAN_POINT('Origin',(-38.6651684137655,-0.128536608890489,80.5654809606283));
#9167=CARTESIAN_POINT('',(-31.3375977685191,-10.8945930126646,95.5654809606283));
#9168=CARTESIAN_POINT('Origin',(-32.6314599035961,-9.11374456236239,95.5654809606283));
#9169=CARTESIAN_POINT('',(-32.6314599035961,-9.11374456236239,95.5654809606283));
#9170=CARTESIAN_POINT('',(-32.6314599035961,-9.11374456236239,95.5654809606283));
#9171=CARTESIAN_POINT('',(-32.6314599035961,-9.11374456236239,80.5654809606283));
#9172=CARTESIAN_POINT('',(-32.6314599035961,-9.11374456236239,80.5654809606283));
#9173=CARTESIAN_POINT('',(-32.6314599035961,-9.11374456236239,95.5654809606283));
#9174=CARTESIAN_POINT('Origin',(-38.6651684137655,-0.128536608890489,95.5654809606283));
#9175=CARTESIAN_POINT('',(-38.2651684137655,-10.9442474201514,95.5654809606283));
#9176=CARTESIAN_POINT('Origin',(-38.6651684137655,-0.128536608890489,95.5654809606283));
#9177=CARTESIAN_POINT('',(-38.2651684137655,-10.9442474201514,80.5654809606283));
#9178=CARTESIAN_POINT('Origin',(-38.6651684137655,-0.128536608890489,80.5654809606283));
#9179=CARTESIAN_POINT('',(-38.2651684137655,-10.9442474201514,95.5654809606283));
#9180=CARTESIAN_POINT('Origin',(-38.2651684137655,-13.14549716235,95.5654809606283));
#9181=CARTESIAN_POINT('',(-38.2651684137655,-13.14549716235,95.5654809606283));
#9182=CARTESIAN_POINT('',(-38.2651684137655,-13.14549716235,95.5654809606283));
#9183=CARTESIAN_POINT('',(-38.2651684137655,-13.14549716235,80.5654809606283));
#9184=CARTESIAN_POINT('',(-38.2651684137655,-13.14549716235,80.5654809606283));
#9185=CARTESIAN_POINT('',(-38.2651684137655,-13.14549716235,95.5654809606283));
#9186=CARTESIAN_POINT('Origin',(-38.6651684137655,-0.128536608890489,95.5654809606283));
#9187=CARTESIAN_POINT('',(-36.6651684137655,-12.9971519986798,95.5654809606283));
#9188=CARTESIAN_POINT('Origin',(-38.6651684137655,-0.128536608890489,95.5654809606283));
#9189=CARTESIAN_POINT('',(-36.6651684137655,-12.9971519986798,80.5654809606283));
#9190=CARTESIAN_POINT('Origin',(-38.6651684137655,-0.128536608890489,80.5654809606283));
#9191=CARTESIAN_POINT('',(-36.6651684137655,-12.9971519986798,95.5654809606283));
#9192=CARTESIAN_POINT('Origin',(-36.6651684137655,-13.8061910108821,95.5654809606283));
#9193=CARTESIAN_POINT('',(-36.6651684137655,-13.8061910108821,95.5654809606283));
#9194=CARTESIAN_POINT('',(-36.6651684137655,-13.8061910108821,95.5654809606283));
#9195=CARTESIAN_POINT('',(-36.6651684137655,-13.8061910108821,80.5654809606283));
#9196=CARTESIAN_POINT('',(-36.6651684137655,-13.8061910108821,80.5654809606283));
#9197=CARTESIAN_POINT('',(-36.6651684137655,-13.8061910108821,95.5654809606283));
#9198=CARTESIAN_POINT('Origin',(-38.6651684137655,-0.128536608890489,95.5654809606283));
#9199=CARTESIAN_POINT('',(-40.6651684137655,-13.8061910108821,95.5654809606283));
#9200=CARTESIAN_POINT('Origin',(-38.6651684137655,-0.128536608890489,95.5654809606283));
#9201=CARTESIAN_POINT('',(-40.6651684137655,-13.8061910108821,80.5654809606283));
#9202=CARTESIAN_POINT('Origin',(-38.6651684137655,-0.128536608890489,80.5654809606283));
#9203=CARTESIAN_POINT('',(-40.6651684137655,-13.8061910108821,95.5654809606283));
#9204=CARTESIAN_POINT('Origin',(-40.6651684137655,-12.9971519986798,95.5654809606283));
#9205=CARTESIAN_POINT('',(-40.6651684137655,-12.9971519986798,95.5654809606283));
#9206=CARTESIAN_POINT('',(-40.6651684137655,-12.9971519986798,95.5654809606283));
#9207=CARTESIAN_POINT('',(-40.6651684137655,-12.9971519986798,80.5654809606283));
#9208=CARTESIAN_POINT('',(-40.6651684137655,-12.9971519986798,80.5654809606283));
#9209=CARTESIAN_POINT('',(-40.6651684137655,-12.9971519986798,95.5654809606283));
#9210=CARTESIAN_POINT('Origin',(-38.6651684137655,-0.128536608890489,95.5654809606283));
#9211=CARTESIAN_POINT('',(-39.0651684137655,-13.14549716235,95.5654809606283));
#9212=CARTESIAN_POINT('Origin',(-38.6651684137655,-0.128536608890489,95.5654809606283));
#9213=CARTESIAN_POINT('',(-39.0651684137655,-13.14549716235,80.5654809606283));
#9214=CARTESIAN_POINT('Origin',(-38.6651684137655,-0.128536608890489,80.5654809606283));
#9215=CARTESIAN_POINT('',(-39.0651684137655,-13.14549716235,95.5654809606283));
#9216=CARTESIAN_POINT('Origin',(-39.0651684137655,-10.9442474201514,95.5654809606283));
#9217=CARTESIAN_POINT('',(-39.0651684137655,-10.9442474201514,95.5654809606283));
#9218=CARTESIAN_POINT('',(-39.0651684137655,-10.9442474201514,95.5654809606283));
#9219=CARTESIAN_POINT('',(-39.0651684137655,-10.9442474201514,80.5654809606283));
#9220=CARTESIAN_POINT('',(-39.0651684137655,-10.9442474201514,80.5654809606283));
#9221=CARTESIAN_POINT('',(-39.0651684137655,-10.9442474201514,95.5654809606283));
#9222=CARTESIAN_POINT('Origin',(-38.6651684137655,-0.128536608890489,95.5654809606283));
#9223=CARTESIAN_POINT('',(-44.6988769239349,-9.11374456236239,95.5654809606283));
#9224=CARTESIAN_POINT('Origin',(-38.6651684137655,-0.128536608890489,95.5654809606283));
#9225=CARTESIAN_POINT('',(-44.6988769239349,-9.11374456236239,80.5654809606283));
#9226=CARTESIAN_POINT('Origin',(-38.6651684137655,-0.128536608890489,80.5654809606283));
#9227=CARTESIAN_POINT('',(-44.6988769239349,-9.11374456236239,95.5654809606283));
#9228=CARTESIAN_POINT('Origin',(-45.9927390590119,-10.8945930126646,95.5654809606283));
#9229=CARTESIAN_POINT('',(-45.9927390590119,-10.8945930126646,95.5654809606283));
#9230=CARTESIAN_POINT('',(-45.9927390590119,-10.8945930126646,95.5654809606283));
#9231=CARTESIAN_POINT('',(-45.9927390590119,-10.8945930126646,80.5654809606283));
#9232=CARTESIAN_POINT('',(-45.9927390590119,-10.8945930126646,80.5654809606283));
#9233=CARTESIAN_POINT('',(-45.9927390590119,-10.8945930126646,95.5654809606283));
#9234=CARTESIAN_POINT('Origin',(-38.6651684137655,-0.128536608890489,95.5654809606283));
#9235=CARTESIAN_POINT('',(-44.6111167685577,-11.7150356578899,95.5654809606283));
#9236=CARTESIAN_POINT('Origin',(-38.6651684137655,-0.128536608890489,95.5654809606283));
#9237=CARTESIAN_POINT('',(-44.6111167685577,-11.7150356578899,80.5654809606283));
#9238=CARTESIAN_POINT('Origin',(-38.6651684137655,-0.128536608890489,80.5654809606283));
#9239=CARTESIAN_POINT('',(-44.6111167685577,-11.7150356578899,95.5654809606283));
#9240=CARTESIAN_POINT('Origin',(-45.0866579684595,-12.3695619678739,95.5654809606283));
#9241=CARTESIAN_POINT('',(-45.0866579684595,-12.3695619678739,95.5654809606283));
#9242=CARTESIAN_POINT('',(-45.0866579684595,-12.3695619678739,95.5654809606283));
#9243=CARTESIAN_POINT('',(-45.0866579684595,-12.3695619678739,80.5654809606283));
#9244=CARTESIAN_POINT('',(-45.0866579684595,-12.3695619678739,80.5654809606283));
#9245=CARTESIAN_POINT('',(-45.0866579684595,-12.3695619678739,95.5654809606283));
#9246=CARTESIAN_POINT('Origin',(-38.6651684137655,-0.128536608890489,95.5654809606283));
#9247=CARTESIAN_POINT('',(-48.3227259459593,-10.018420958704,95.5654809606283));
#9248=CARTESIAN_POINT('Origin',(-38.6651684137655,-0.128536608890489,95.5654809606283));
#9249=CARTESIAN_POINT('',(-48.3227259459593,-10.018420958704,80.5654809606283));
#9250=CARTESIAN_POINT('Origin',(-38.6651684137655,-0.128536608890489,80.5654809606283));
#9251=CARTESIAN_POINT('',(-48.3227259459593,-10.018420958704,95.5654809606283));
#9252=CARTESIAN_POINT('Origin',(-47.8471847460575,-9.36389464872005,95.5654809606283));
#9253=CARTESIAN_POINT('',(-47.8471847460575,-9.36389464872005,95.5654809606283));
#9254=CARTESIAN_POINT('',(-47.8471847460575,-9.36389464872005,95.5654809606283));
#9255=CARTESIAN_POINT('',(-47.8471847460575,-9.36389464872004,80.5654809606283));
#9256=CARTESIAN_POINT('',(-47.8471847460575,-9.36389464872005,80.5654809606283));
#9257=CARTESIAN_POINT('',(-47.8471847460575,-9.36389464872005,95.5654809606283));
#9258=CARTESIAN_POINT('Origin',(-38.6651684137655,-0.128536608890489,95.5654809606283));
#9259=CARTESIAN_POINT('',(-46.6399526545118,-10.4243648108306,95.5654809606283));
#9260=CARTESIAN_POINT('Origin',(-38.6651684137655,-0.128536608890489,95.5654809606283));
#9261=CARTESIAN_POINT('',(-46.6399526545118,-10.4243648108306,80.5654809606283));
#9262=CARTESIAN_POINT('Origin',(-38.6651684137655,-0.128536608890489,80.5654809606283));
#9263=CARTESIAN_POINT('',(-46.6399526545118,-10.4243648108306,95.5654809606283));
#9264=CARTESIAN_POINT('Origin',(-45.3460905194349,-8.64351636052841,95.5654809606283));
#9265=CARTESIAN_POINT('',(-45.3460905194349,-8.64351636052841,95.5654809606283));
#9266=CARTESIAN_POINT('',(-45.3460905194349,-8.64351636052841,95.5654809606283));
#9267=CARTESIAN_POINT('',(-45.3460905194349,-8.64351636052841,80.5654809606283));
#9268=CARTESIAN_POINT('',(-45.3460905194349,-8.64351636052841,80.5654809606283));
#9269=CARTESIAN_POINT('',(-45.3460905194349,-8.64351636052841,95.5654809606283));
#9270=CARTESIAN_POINT('Origin',(-38.6651684137655,-0.128536608890489,95.5654809606283));
#9271=CARTESIAN_POINT('',(-48.8279138614291,-3.85119766233302,95.5654809606283));
#9272=CARTESIAN_POINT('Origin',(-38.6651684137655,-0.128536608890489,95.5654809606283));
#9273=CARTESIAN_POINT('',(-48.8279138614291,-3.85119766233302,80.5654809606283));
#9274=CARTESIAN_POINT('Origin',(-38.6651684137655,-0.128536608890489,80.5654809606283));
#9275=CARTESIAN_POINT('',(-48.8279138614291,-3.85119766233302,95.5654809606283));
#9276=CARTESIAN_POINT('Origin',(-50.9214267727402,-4.53142124153586,95.5654809606283));
#9277=CARTESIAN_POINT('',(-50.9214267727402,-4.53142124153586,95.5654809606283));
#9278=CARTESIAN_POINT('',(-50.9214267727402,-4.53142124153586,95.5654809606283));
#9279=CARTESIAN_POINT('',(-50.9214267727402,-4.53142124153586,80.5654809606283));
#9280=CARTESIAN_POINT('',(-50.9214267727402,-4.53142124153586,80.5654809606283));
#9281=CARTESIAN_POINT('',(-50.9214267727402,-4.53142124153586,95.5654809606283));
#9282=CARTESIAN_POINT('Origin',(-38.6651684137655,-0.128536608890489,95.5654809606283));
#9283=CARTESIAN_POINT('',(-50.2859149471708,-6.00727049100067,95.5654809606283));
#9284=CARTESIAN_POINT('Origin',(-38.6651684137655,-0.128536608890489,95.5654809606283));
#9285=CARTESIAN_POINT('',(-50.2859149471708,-6.00727049100067,80.5654809606283));
#9286=CARTESIAN_POINT('Origin',(-38.6651684137655,-0.128536608890489,80.5654809606283));
#9287=CARTESIAN_POINT('',(-50.2859149471708,-6.00727049100067,95.5654809606283));
#9288=CARTESIAN_POINT('Origin',(-51.0553567716628,-6.2572772948835,95.5654809606283));
#9289=CARTESIAN_POINT('',(-51.0553567716628,-6.2572772948835,95.5654809606283));
#9290=CARTESIAN_POINT('',(-51.0553567716628,-6.2572772948835,95.5654809606283));
#9291=CARTESIAN_POINT('',(-51.0553567716628,-6.2572772948835,80.5654809606283));
#9292=CARTESIAN_POINT('',(-51.0553567716628,-6.2572772948835,80.5654809606283));
#9293=CARTESIAN_POINT('',(-51.0553567716628,-6.2572772948835,95.5654809606283));
#9294=CARTESIAN_POINT('Origin',(-38.6651684137655,-0.128536608890489,95.5654809606283));
#9295=CARTESIAN_POINT('',(-52.2914247491626,-2.45305122970288,95.5654809606283));
#9296=CARTESIAN_POINT('Origin',(-38.6651684137655,-0.128536608890489,95.5654809606283));
#9297=CARTESIAN_POINT('',(-52.2914247491626,-2.45305122970288,80.5654809606283));
#9298=CARTESIAN_POINT('Origin',(-38.6651684137655,-0.128536608890489,80.5654809606283));
#9299=CARTESIAN_POINT('',(-52.2914247491626,-2.45305122970288,95.5654809606283));
#9300=CARTESIAN_POINT('Origin',(-51.5219829246706,-2.20304442582005,95.5654809606283));
#9301=CARTESIAN_POINT('',(-51.5219829246706,-2.20304442582005,95.5654809606283));
#9302=CARTESIAN_POINT('',(-51.5219829246706,-2.20304442582005,95.5654809606283));
#9303=CARTESIAN_POINT('',(-51.5219829246706,-2.20304442582005,80.5654809606283));
#9304=CARTESIAN_POINT('',(-51.5219829246706,-2.20304442582005,80.5654809606283));
#9305=CARTESIAN_POINT('',(-51.5219829246706,-2.20304442582005,95.5654809606283));
#9306=CARTESIAN_POINT('Origin',(-38.6651684137655,-0.128536608890489,95.5654809606283));
#9307=CARTESIAN_POINT('',(-51.1686403682401,-3.77057602849973,95.5654809606283));
#9308=CARTESIAN_POINT('Origin',(-38.6651684137655,-0.128536608890489,95.5654809606283));
#9309=CARTESIAN_POINT('',(-51.1686403682401,-3.77057602849973,80.5654809606283));
#9310=CARTESIAN_POINT('Origin',(-38.6651684137655,-0.128536608890489,80.5654809606283));
#9311=CARTESIAN_POINT('',(-51.1686403682401,-3.77057602849973,95.5654809606283));
#9312=CARTESIAN_POINT('Origin',(-49.0751274569291,-3.09035244929689,95.5654809606283));
#9313=CARTESIAN_POINT('',(-49.0751274569291,-3.09035244929689,95.5654809606283));
#9314=CARTESIAN_POINT('',(-49.0751274569291,-3.09035244929689,95.5654809606283));
#9315=CARTESIAN_POINT('',(-49.0751274569291,-3.09035244929689,80.5654809606283));
#9316=CARTESIAN_POINT('',(-49.0751274569291,-3.09035244929689,80.5654809606283));
#9317=CARTESIAN_POINT('',(-49.0751274569291,-3.09035244929689,95.5654809606283));
#9318=CARTESIAN_POINT('Origin',(-38.6651684137655,-0.128536608890489,95.5654809606283));
#9319=CARTESIAN_POINT('',(-49.0751274569291,2.83327923151592,95.5654809606283));
#9320=CARTESIAN_POINT('Origin',(-38.6651684137655,-0.128536608890489,95.5654809606283));
#9321=CARTESIAN_POINT('',(-49.0751274569291,2.83327923151592,80.5654809606283));
#9322=CARTESIAN_POINT('Origin',(-38.6651684137655,-0.128536608890489,80.5654809606283));
#9323=CARTESIAN_POINT('',(-49.0751274569291,2.83327923151592,95.5654809606283));
#9324=CARTESIAN_POINT('Origin',(-51.1686403682401,3.51350281071876,95.5654809606283));
#9325=CARTESIAN_POINT('',(-51.1686403682401,3.51350281071876,95.5654809606283));
#9326=CARTESIAN_POINT('',(-51.1686403682401,3.51350281071876,95.5654809606283));
#9327=CARTESIAN_POINT('',(-51.1686403682401,3.51350281071876,80.5654809606283));
#9328=CARTESIAN_POINT('',(-51.1686403682401,3.51350281071876,80.5654809606283));
#9329=CARTESIAN_POINT('',(-51.1686403682401,3.51350281071876,95.5654809606283));
#9330=CARTESIAN_POINT('Origin',(-38.6651684137655,-0.128536608890489,95.5654809606283));
#9331=CARTESIAN_POINT('',(-51.5219829246706,1.94597120803908,95.5654809606283));
#9332=CARTESIAN_POINT('Origin',(-38.6651684137655,-0.128536608890489,95.5654809606283));
#9333=CARTESIAN_POINT('',(-51.5219829246706,1.94597120803908,80.5654809606283));
#9334=CARTESIAN_POINT('Origin',(-38.6651684137655,-0.128536608890489,80.5654809606283));
#9335=CARTESIAN_POINT('',(-51.5219829246706,1.94597120803908,95.5654809606283));
#9336=CARTESIAN_POINT('Origin',(-52.2914247491626,2.19597801192191,95.5654809606283));
#9337=CARTESIAN_POINT('',(-52.2914247491626,2.19597801192191,95.5654809606283));
#9338=CARTESIAN_POINT('',(-52.2914247491626,2.19597801192191,95.5654809606283));
#9339=CARTESIAN_POINT('',(-52.2914247491626,2.19597801192191,80.5654809606283));
#9340=CARTESIAN_POINT('',(-52.2914247491626,2.19597801192191,80.5654809606283));
#9341=CARTESIAN_POINT('',(-52.2914247491626,2.19597801192191,95.5654809606283));
#9342=CARTESIAN_POINT('Origin',(-38.6651684137655,-0.128536608890489,95.5654809606283));
#9343=CARTESIAN_POINT('',(-51.0553567716628,6.00020407710252,95.5654809606283));
#9344=CARTESIAN_POINT('Origin',(-38.6651684137655,-0.128536608890489,95.5654809606283));
#9345=CARTESIAN_POINT('',(-51.0553567716628,6.00020407710252,80.5654809606283));
#9346=CARTESIAN_POINT('Origin',(-38.6651684137655,-0.128536608890489,80.5654809606283));
#9347=CARTESIAN_POINT('',(-51.0553567716628,6.00020407710252,95.5654809606283));
#9348=CARTESIAN_POINT('Origin',(-50.2859149471708,5.75019727321969,95.5654809606283));
#9349=CARTESIAN_POINT('',(-50.2859149471708,5.75019727321969,95.5654809606283));
#9350=CARTESIAN_POINT('',(-50.2859149471708,5.75019727321969,95.5654809606283));
#9351=CARTESIAN_POINT('',(-50.2859149471708,5.75019727321969,80.5654809606283));
#9352=CARTESIAN_POINT('',(-50.2859149471708,5.75019727321969,80.5654809606283));
#9353=CARTESIAN_POINT('',(-50.2859149471708,5.75019727321969,95.5654809606283));
#9354=CARTESIAN_POINT('Origin',(-38.6651684137655,-0.128536608890489,95.5654809606283));
#9355=CARTESIAN_POINT('',(-50.9214267727402,4.27434802375491,95.5654809606283));
#9356=CARTESIAN_POINT('Origin',(-38.6651684137655,-0.128536608890489,95.5654809606283));
#9357=CARTESIAN_POINT('',(-50.9214267727402,4.27434802375491,80.5654809606283));
#9358=CARTESIAN_POINT('Origin',(-38.6651684137655,-0.128536608890489,80.5654809606283));
#9359=CARTESIAN_POINT('',(-50.9214267727402,4.27434802375491,95.5654809606283));
#9360=CARTESIAN_POINT('Origin',(-48.8279138614291,3.59412444455204,95.5654809606283));
#9361=CARTESIAN_POINT('',(-48.8279138614291,3.59412444455204,95.5654809606283));
#9362=CARTESIAN_POINT('',(-48.8279138614291,3.59412444455204,95.5654809606283));
#9363=CARTESIAN_POINT('',(-48.8279138614291,3.59412444455204,80.5654809606283));
#9364=CARTESIAN_POINT('',(-48.8279138614291,3.59412444455204,80.5654809606283));
#9365=CARTESIAN_POINT('',(-48.8279138614291,3.59412444455204,95.5654809606283));
#9366=CARTESIAN_POINT('Origin',(-38.6651684137655,-0.128536608890489,95.5654809606283));
#9367=CARTESIAN_POINT('',(-45.3460905194349,8.38644314274743,95.5654809606283));
#9368=CARTESIAN_POINT('Origin',(-38.6651684137655,-0.128536608890489,95.5654809606283));
#9369=CARTESIAN_POINT('',(-45.3460905194349,8.38644314274743,80.5654809606283));
#9370=CARTESIAN_POINT('Origin',(-38.6651684137655,-0.128536608890489,80.5654809606283));
#9371=CARTESIAN_POINT('',(-45.3460905194349,8.38644314274743,95.5654809606283));
#9372=CARTESIAN_POINT('Origin',(-46.6399526545118,10.1672915930496,95.5654809606283));
#9373=CARTESIAN_POINT('',(-46.6399526545118,10.1672915930496,95.5654809606283));
#9374=CARTESIAN_POINT('',(-46.6399526545118,10.1672915930496,95.5654809606283));
#9375=CARTESIAN_POINT('',(-46.6399526545118,10.1672915930496,80.5654809606283));
#9376=CARTESIAN_POINT('',(-46.6399526545118,10.1672915930496,80.5654809606283));
#9377=CARTESIAN_POINT('',(-46.6399526545118,10.1672915930496,95.5654809606283));
#9378=CARTESIAN_POINT('Origin',(-38.6651684137655,-0.128536608890489,95.5654809606283));
#9379=CARTESIAN_POINT('',(-47.8471847460575,9.10682143093907,95.5654809606283));
#9380=CARTESIAN_POINT('Origin',(-38.6651684137655,-0.128536608890489,95.5654809606283));
#9381=CARTESIAN_POINT('',(-47.8471847460575,9.10682143093907,80.5654809606283));
#9382=CARTESIAN_POINT('Origin',(-38.6651684137655,-0.128536608890489,80.5654809606283));
#9383=CARTESIAN_POINT('',(-47.8471847460575,9.10682143093907,95.5654809606283));
#9384=CARTESIAN_POINT('Origin',(-48.3227259459593,9.76134774092306,95.5654809606283));
#9385=CARTESIAN_POINT('',(-48.3227259459593,9.76134774092306,95.5654809606283));
#9386=CARTESIAN_POINT('',(-48.3227259459593,9.76134774092306,95.5654809606283));
#9387=CARTESIAN_POINT('',(-48.3227259459593,9.76134774092306,80.5654809606283));
#9388=CARTESIAN_POINT('',(-48.3227259459593,9.76134774092306,80.5654809606283));
#9389=CARTESIAN_POINT('',(-48.3227259459593,9.76134774092306,95.5654809606283));
#9390=CARTESIAN_POINT('Origin',(-38.6651684137655,-0.128536608890489,95.5654809606283));
#9391=CARTESIAN_POINT('',(-45.0866579684595,12.112488750093,95.5654809606283));
#9392=CARTESIAN_POINT('Origin',(-38.6651684137655,-0.128536608890489,95.5654809606283));
#9393=CARTESIAN_POINT('',(-45.0866579684595,12.112488750093,80.5654809606283));
#9394=CARTESIAN_POINT('Origin',(-38.6651684137655,-0.128536608890489,80.5654809606283));
#9395=CARTESIAN_POINT('',(-45.0866579684595,12.112488750093,95.5654809606283));
#9396=CARTESIAN_POINT('Origin',(-44.6111167685577,11.457962440109,95.5654809606283));
#9397=CARTESIAN_POINT('',(-44.6111167685577,11.457962440109,95.5654809606283));
#9398=CARTESIAN_POINT('',(-44.6111167685577,11.457962440109,95.5654809606283));
#9399=CARTESIAN_POINT('',(-44.6111167685577,11.457962440109,80.5654809606283));
#9400=CARTESIAN_POINT('',(-44.6111167685577,11.457962440109,80.5654809606283));
#9401=CARTESIAN_POINT('',(-44.6111167685577,11.457962440109,95.5654809606283));
#9402=CARTESIAN_POINT('Origin',(-38.6651684137655,-0.128536608890489,95.5654809606283));
#9403=CARTESIAN_POINT('',(-45.9927390590119,10.6375197948836,95.5654809606283));
#9404=CARTESIAN_POINT('Origin',(-38.6651684137655,-0.128536608890489,95.5654809606283));
#9405=CARTESIAN_POINT('',(-45.9927390590119,10.6375197948836,80.5654809606283));
#9406=CARTESIAN_POINT('Origin',(-38.6651684137655,-0.128536608890489,80.5654809606283));
#9407=CARTESIAN_POINT('',(-45.9927390590119,10.6375197948836,95.5654809606283));
#9408=CARTESIAN_POINT('Origin',(-44.6988769239349,8.85667134458141,95.5654809606283));
#9409=CARTESIAN_POINT('',(-44.6988769239349,8.85667134458141,95.5654809606283));
#9410=CARTESIAN_POINT('',(-44.6988769239349,8.85667134458141,95.5654809606283));
#9411=CARTESIAN_POINT('',(-44.6988769239349,8.85667134458141,80.5654809606283));
#9412=CARTESIAN_POINT('',(-44.6988769239349,8.85667134458141,80.5654809606283));
#9413=CARTESIAN_POINT('',(-44.6988769239349,8.85667134458141,95.5654809606283));
#9414=CARTESIAN_POINT('Origin',(-38.6651684137655,-0.128536608890489,95.5654809606283));
#9415=CARTESIAN_POINT('',(-39.0651684137655,10.6871742023704,95.5654809606283));
#9416=CARTESIAN_POINT('Origin',(-38.6651684137655,-0.128536608890489,95.5654809606283));
#9417=CARTESIAN_POINT('',(-39.0651684137655,10.6871742023704,80.5654809606283));
#9418=CARTESIAN_POINT('Origin',(-38.6651684137655,-0.128536608890489,80.5654809606283));
#9419=CARTESIAN_POINT('',(-39.0651684137655,10.6871742023704,95.5654809606283));
#9420=CARTESIAN_POINT('Origin',(-39.0651684137655,12.888423944569,95.5654809606283));
#9421=CARTESIAN_POINT('',(-39.0651684137655,12.888423944569,95.5654809606283));
#9422=CARTESIAN_POINT('',(-39.0651684137655,12.888423944569,95.5654809606283));
#9423=CARTESIAN_POINT('',(-39.0651684137655,12.888423944569,80.5654809606283));
#9424=CARTESIAN_POINT('',(-39.0651684137655,12.888423944569,80.5654809606283));
#9425=CARTESIAN_POINT('',(-39.0651684137655,12.888423944569,95.5654809606283));
#9426=CARTESIAN_POINT('Origin',(-38.6651684137655,-0.128536608890489,95.5654809606283));
#9427=CARTESIAN_POINT('',(-40.6651684137655,12.7400787808988,95.5654809606283));
#9428=CARTESIAN_POINT('Origin',(-38.6651684137655,-0.128536608890489,95.5654809606283));
#9429=CARTESIAN_POINT('',(-40.6651684137655,12.7400787808988,80.5654809606283));
#9430=CARTESIAN_POINT('Origin',(-38.6651684137655,-0.128536608890489,80.5654809606283));
#9431=CARTESIAN_POINT('',(-40.6651684137655,12.7400787808988,95.5654809606283));
#9432=CARTESIAN_POINT('Origin',(-40.6651684137655,13.5491177931011,95.5654809606283));
#9433=CARTESIAN_POINT('',(-40.6651684137655,13.5491177931011,95.5654809606283));
#9434=CARTESIAN_POINT('',(-40.6651684137655,13.5491177931011,95.5654809606283));
#9435=CARTESIAN_POINT('',(-40.6651684137655,13.5491177931011,80.5654809606283));
#9436=CARTESIAN_POINT('',(-40.6651684137655,13.5491177931011,80.5654809606283));
#9437=CARTESIAN_POINT('',(-40.6651684137655,13.5491177931011,95.5654809606283));
#9438=CARTESIAN_POINT('Origin',(-38.6651684137655,-0.128536608890489,95.5654809606283));
#9439=CARTESIAN_POINT('',(-36.6651684137655,13.5491177931011,95.5654809606283));
#9440=CARTESIAN_POINT('Origin',(-38.6651684137655,-0.128536608890489,95.5654809606283));
#9441=CARTESIAN_POINT('',(-36.6651684137655,13.5491177931011,80.5654809606283));
#9442=CARTESIAN_POINT('Origin',(-38.6651684137655,-0.128536608890489,80.5654809606283));
#9443=CARTESIAN_POINT('',(-36.6651684137655,13.5491177931011,95.5654809606283));
#9444=CARTESIAN_POINT('Origin',(-36.6651684137655,12.7400787808988,95.5654809606283));
#9445=CARTESIAN_POINT('',(-36.6651684137655,12.7400787808988,95.5654809606283));
#9446=CARTESIAN_POINT('',(-36.6651684137655,12.7400787808988,95.5654809606283));
#9447=CARTESIAN_POINT('',(-36.6651684137655,12.7400787808988,80.5654809606283));
#9448=CARTESIAN_POINT('',(-36.6651684137655,12.7400787808988,80.5654809606283));
#9449=CARTESIAN_POINT('',(-36.6651684137655,12.7400787808988,95.5654809606283));
#9450=CARTESIAN_POINT('Origin',(-38.6651684137655,-0.128536608890489,95.5654809606283));
#9451=CARTESIAN_POINT('',(-38.2651684137655,12.888423944569,95.5654809606283));
#9452=CARTESIAN_POINT('Origin',(-38.6651684137655,-0.128536608890489,95.5654809606283));
#9453=CARTESIAN_POINT('',(-38.2651684137655,12.888423944569,80.5654809606283));
#9454=CARTESIAN_POINT('Origin',(-38.6651684137655,-0.128536608890489,80.5654809606283));
#9455=CARTESIAN_POINT('',(-38.2651684137655,12.888423944569,95.5654809606283));
#9456=CARTESIAN_POINT('Origin',(-38.2651684137655,10.6871742023704,95.5654809606283));
#9457=CARTESIAN_POINT('',(-38.2651684137655,10.6871742023704,95.5654809606283));
#9458=CARTESIAN_POINT('',(-38.2651684137655,10.6871742023704,95.5654809606283));
#9459=CARTESIAN_POINT('',(-38.2651684137655,10.6871742023704,80.5654809606283));
#9460=CARTESIAN_POINT('',(-38.2651684137655,10.6871742023704,80.5654809606283));
#9461=CARTESIAN_POINT('',(-38.2651684137655,10.6871742023704,95.5654809606283));
#9462=CARTESIAN_POINT('Origin',(-38.6651684137655,-0.128536608890489,95.5654809606283));
#9463=CARTESIAN_POINT('',(-32.6314599035961,8.85667134458141,95.5654809606283));
#9464=CARTESIAN_POINT('Origin',(-38.6651684137655,-0.128536608890489,95.5654809606283));
#9465=CARTESIAN_POINT('',(-32.6314599035961,8.85667134458141,80.5654809606283));
#9466=CARTESIAN_POINT('Origin',(-38.6651684137655,-0.128536608890489,80.5654809606283));
#9467=CARTESIAN_POINT('',(-32.6314599035961,8.85667134458141,95.5654809606283));
#9468=CARTESIAN_POINT('Origin',(-31.3375977685191,10.6375197948836,95.5654809606283));
#9469=CARTESIAN_POINT('',(-31.3375977685191,10.6375197948836,95.5654809606283));
#9470=CARTESIAN_POINT('',(-31.3375977685191,10.6375197948836,95.5654809606283));
#9471=CARTESIAN_POINT('',(-31.3375977685191,10.6375197948836,80.5654809606283));
#9472=CARTESIAN_POINT('',(-31.3375977685191,10.6375197948836,80.5654809606283));
#9473=CARTESIAN_POINT('',(-31.3375977685191,10.6375197948836,95.5654809606283));
#9474=CARTESIAN_POINT('Origin',(-38.6651684137655,-0.128536608890489,95.5654809606283));
#9475=CARTESIAN_POINT('',(-32.7192200589733,11.457962440109,95.5654809606283));
#9476=CARTESIAN_POINT('Origin',(-38.6651684137655,-0.128536608890489,95.5654809606283));
#9477=CARTESIAN_POINT('',(-32.7192200589733,11.457962440109,80.5654809606283));
#9478=CARTESIAN_POINT('Origin',(-38.6651684137655,-0.128536608890489,80.5654809606283));
#9479=CARTESIAN_POINT('',(-32.7192200589733,11.457962440109,95.5654809606283));
#9480=CARTESIAN_POINT('Origin',(-32.2436788590715,12.1124887500929,95.5654809606283));
#9481=CARTESIAN_POINT('',(-32.2436788590715,12.1124887500929,95.5654809606283));
#9482=CARTESIAN_POINT('',(-32.2436788590715,12.1124887500929,95.5654809606283));
#9483=CARTESIAN_POINT('',(-32.2436788590715,12.1124887500929,80.5654809606283));
#9484=CARTESIAN_POINT('',(-32.2436788590715,12.1124887500929,80.5654809606283));
#9485=CARTESIAN_POINT('',(-32.2436788590715,12.1124887500929,95.5654809606283));
#9486=CARTESIAN_POINT('Origin',(-38.6651684137655,-0.128536608890489,95.5654809606283));
#9487=CARTESIAN_POINT('',(-29.0076108815717,9.76134774092305,95.5654809606283));
#9488=CARTESIAN_POINT('Origin',(-38.6651684137655,-0.128536608890489,95.5654809606283));
#9489=CARTESIAN_POINT('',(-29.0076108815717,9.76134774092305,80.5654809606283));
#9490=CARTESIAN_POINT('Origin',(-38.6651684137655,-0.128536608890489,80.5654809606283));
#9491=CARTESIAN_POINT('',(-29.0076108815717,9.76134774092305,95.5654809606283));
#9492=CARTESIAN_POINT('Origin',(-29.4831520814735,9.10682143093907,95.5654809606283));
#9493=CARTESIAN_POINT('',(-29.4831520814735,9.10682143093907,95.5654809606283));
#9494=CARTESIAN_POINT('',(-29.4831520814735,9.10682143093907,80.5654809606283));
#9495=CARTESIAN_POINT('Origin',(-38.6651684137655,-0.128536608890489,95.5654809606283));
#9496=CARTESIAN_POINT('',(-54.4151684137655,-0.128536608890492,80.5654809606283));
#9497=CARTESIAN_POINT('Origin',(-38.6651684137655,-0.128536608890489,80.5654809606283));
#9498=CARTESIAN_POINT('',(-54.4151684137655,-0.128536608890491,95.5654809606283));
#9499=CARTESIAN_POINT('',(-54.4151684137655,-0.128536608890487,95.5654809606283));
#9500=CARTESIAN_POINT('Origin',(-38.6651684137655,-0.128536608890489,95.5654809606283));
#9501=CARTESIAN_POINT('Origin',(-38.6651684137655,-0.12853660889049,95.5654809606283));
#9502=CARTESIAN_POINT('Origin',(-38.6651684137655,-0.12853660889049,80.5654809606283));
#9503=CARTESIAN_POINT('',(0.,0.,0.));
#9504=CARTESIAN_POINT('Origin',(-27.6651684137655,-0.128536608890456,84.5654809606283));
#9505=CARTESIAN_POINT('',(-29.6651684137655,-12.9971519986797,84.5654809606282));
#9506=CARTESIAN_POINT('',(-28.0651684137655,-13.14549716235,84.5654809606282));
#9507=CARTESIAN_POINT('Origin',(-27.6651684137655,-0.128536608890456,84.5654809606283));
#9508=CARTESIAN_POINT('',(-28.0651684137655,-13.1454971623499,69.5654809606282));
#9509=CARTESIAN_POINT('',(-28.0651684137655,-13.14549716235,84.5654809606282));
#9510=CARTESIAN_POINT('',(-29.6651684137655,-12.9971519986797,69.5654809606282));
#9511=CARTESIAN_POINT('Origin',(-27.6651684137655,-0.128536608890407,69.5654809606283));
#9512=CARTESIAN_POINT('',(-29.6651684137655,-12.9971519986797,84.5654809606282));
#9513=CARTESIAN_POINT('Origin',(-29.6651684137655,-13.806191010882,84.5654809606282));
#9514=CARTESIAN_POINT('',(-29.6651684137655,-13.806191010882,84.5654809606282));
#9515=CARTESIAN_POINT('',(-29.6651684137655,-11.4432307208635,84.5654809606282));
#9516=CARTESIAN_POINT('',(-29.6651684137655,-13.806191010882,69.5654809606282));
#9517=CARTESIAN_POINT('',(-29.6651684137655,-11.4432307208635,69.5654809606282));
#9518=CARTESIAN_POINT('',(-29.6651684137655,-13.806191010882,84.5654809606282));
#9519=CARTESIAN_POINT('Origin',(-27.6651684137655,-0.128536608890456,84.5654809606283));
#9520=CARTESIAN_POINT('',(-25.6651684137655,-13.806191010882,84.5654809606282));
#9521=CARTESIAN_POINT('Origin',(-27.6651684137655,-0.128536608890456,84.5654809606283));
#9522=CARTESIAN_POINT('',(-25.6651684137655,-13.806191010882,69.5654809606282));
#9523=CARTESIAN_POINT('Origin',(-27.6651684137655,-0.128536608890407,69.5654809606283));
#9524=CARTESIAN_POINT('',(-25.6651684137655,-13.806191010882,84.5654809606282));
#9525=CARTESIAN_POINT('Origin',(-25.6651684137655,-12.9971519986797,84.5654809606282));
#9526=CARTESIAN_POINT('',(-25.6651684137655,-12.9971519986797,84.5654809606282));
#9527=CARTESIAN_POINT('',(-25.6651684137655,-11.9723265136051,84.5654809606282));
#9528=CARTESIAN_POINT('',(-25.6651684137655,-12.9971519986797,69.5654809606282));
#9529=CARTESIAN_POINT('',(-25.6651684137655,-11.972326513605,69.5654809606282));
#9530=CARTESIAN_POINT('',(-25.6651684137655,-12.9971519986797,84.5654809606282));
#9531=CARTESIAN_POINT('Origin',(-27.6651684137655,-0.128536608890456,84.5654809606283));
#9532=CARTESIAN_POINT('',(-27.2651684137655,-13.14549716235,84.5654809606282));
#9533=CARTESIAN_POINT('Origin',(-27.6651684137655,-0.128536608890456,84.5654809606283));
#9534=CARTESIAN_POINT('',(-27.2651684137655,-13.1454971623499,69.5654809606282));
#9535=CARTESIAN_POINT('Origin',(-27.6651684137655,-0.128536608890407,69.5654809606283));
#9536=CARTESIAN_POINT('',(-27.2651684137655,-13.14549716235,84.5654809606282));
#9537=CARTESIAN_POINT('Origin',(-27.2651684137655,-10.9442474201513,84.5654809606282));
#9538=CARTESIAN_POINT('',(-27.2651684137655,-10.9442474201513,84.5654809606282));
#9539=CARTESIAN_POINT('',(-27.2651684137655,-10.6298699274493,84.5654809606282));
#9540=CARTESIAN_POINT('',(-27.2651684137655,-10.9442474201513,69.5654809606282));
#9541=CARTESIAN_POINT('',(-27.2651684137655,-10.6298699274492,69.5654809606282));
#9542=CARTESIAN_POINT('',(-27.2651684137655,-10.9442474201513,84.5654809606283));
#9543=CARTESIAN_POINT('Origin',(-28.0651684137655,-13.14549716235,84.5654809606282));
#9544=CARTESIAN_POINT('',(-28.0651684137655,-10.9442474201513,84.5654809606282));
#9545=CARTESIAN_POINT('',(-28.0651684137655,-10.6298699274493,84.5654809606282));
#9546=CARTESIAN_POINT('',(-28.0651684137655,-10.9442474201513,69.5654809606282));
#9547=CARTESIAN_POINT('',(-28.0651684137655,-10.9442474201513,84.5654809606283));
#9548=CARTESIAN_POINT('',(-28.0651684137655,-10.6298699274492,69.5654809606282));
#9549=CARTESIAN_POINT('Origin',(-27.6651684137655,-0.128536608890456,84.5654809606283));
#9550=CARTESIAN_POINT('',(-21.6314599035961,-9.11374456236231,69.5654809606283));
#9551=CARTESIAN_POINT('Origin',(-27.6651684137655,-0.128536608890456,69.5654809606283));
#9552=CARTESIAN_POINT('',(-21.6314599035961,-9.11374456236236,84.5654809606283));
#9553=CARTESIAN_POINT('',(-21.6314599035961,-9.11374456236236,84.5654809606283));
#9554=CARTESIAN_POINT('Origin',(-27.6651684137655,-0.128536608890456,84.5654809606283));
#9555=CARTESIAN_POINT('Origin',(-27.6651684137655,-0.128536608890456,84.5654809606283));
#9556=CARTESIAN_POINT('',(-33.6988769239349,-9.11374456236235,84.5654809606282));
#9557=CARTESIAN_POINT('Origin',(-27.6651684137655,-0.128536608890456,84.5654809606283));
#9558=CARTESIAN_POINT('',(-33.6988769239349,-9.11374456236231,69.5654809606282));
#9559=CARTESIAN_POINT('',(-33.6988769239349,-9.11374456236236,84.5654809606283));
#9560=CARTESIAN_POINT('Origin',(-27.6651684137655,-0.128536608890456,69.5654809606283));
#9561=CARTESIAN_POINT('Origin',(-27.6651684137655,-0.128536608890457,84.5654809606283));
#9562=CARTESIAN_POINT('',(-14.8083539028604,1.9459712080391,84.5654809606283));
#9563=CARTESIAN_POINT('',(-15.1616964592908,3.51350281071879,84.5654809606283));
#9564=CARTESIAN_POINT('Origin',(-27.6651684137655,-0.128536608890457,84.5654809606283));
#9565=CARTESIAN_POINT('',(-15.1616964592909,3.5135028107188,69.5654809606283));
#9566=CARTESIAN_POINT('',(-15.1616964592908,3.51350281071879,84.5654809606283));
#9567=CARTESIAN_POINT('',(-14.8083539028604,1.94597120803912,69.5654809606283));
#9568=CARTESIAN_POINT('Origin',(-27.6651684137655,-0.128536608890439,69.5654809606283));
#9569=CARTESIAN_POINT('',(-14.8083539028604,1.9459712080391,84.5654809606283));
#9570=CARTESIAN_POINT('Origin',(-14.0389120783684,2.19597801192194,84.5654809606283));
#9571=CARTESIAN_POINT('',(-14.0389120783684,2.19597801192194,84.5654809606283));
#9572=CARTESIAN_POINT('',(-16.2862208599372,1.46578312527307,84.5654809606283));
#9573=CARTESIAN_POINT('',(-14.0389120783684,2.19597801192195,69.5654809606283));
#9574=CARTESIAN_POINT('',(-16.2862208599372,1.46578312527309,69.5654809606283));
#9575=CARTESIAN_POINT('',(-14.0389120783684,2.19597801192194,84.5654809606283));
#9576=CARTESIAN_POINT('Origin',(-27.6651684137655,-0.128536608890457,84.5654809606283));
#9577=CARTESIAN_POINT('',(-15.2749800558682,6.00020407710255,84.5654809606283));
#9578=CARTESIAN_POINT('Origin',(-27.6651684137655,-0.128536608890457,84.5654809606283));
#9579=CARTESIAN_POINT('',(-15.2749800558682,6.00020407710256,69.5654809606283));
#9580=CARTESIAN_POINT('Origin',(-27.6651684137655,-0.128536608890439,69.5654809606283));
#9581=CARTESIAN_POINT('',(-15.2749800558682,6.00020407710255,84.5654809606283));
#9582=CARTESIAN_POINT('Origin',(-16.0444218803602,5.75019727321972,84.5654809606283));
#9583=CARTESIAN_POINT('',(-16.0444218803602,5.75019727321972,84.5654809606283));
#9584=CARTESIAN_POINT('',(-17.0190888360058,5.43350878206311,84.5654809606283));
#9585=CARTESIAN_POINT('',(-16.0444218803602,5.75019727321973,69.5654809606283));
#9586=CARTESIAN_POINT('',(-17.0190888360058,5.43350878206312,69.5654809606283));
#9587=CARTESIAN_POINT('',(-16.0444218803602,5.75019727321972,84.5654809606283));
#9588=CARTESIAN_POINT('Origin',(-27.6651684137655,-0.128536608890457,84.5654809606283));
#9589=CARTESIAN_POINT('',(-15.4089100547908,4.27434802375491,84.5654809606283));
#9590=CARTESIAN_POINT('Origin',(-27.6651684137655,-0.128536608890457,84.5654809606283));
#9591=CARTESIAN_POINT('',(-15.4089100547908,4.27434802375493,69.5654809606283));
#9592=CARTESIAN_POINT('Origin',(-27.6651684137655,-0.128536608890439,69.5654809606283));
#9593=CARTESIAN_POINT('',(-15.4089100547908,4.27434802375491,84.5654809606283));
#9594=CARTESIAN_POINT('Origin',(-17.5024229661018,3.59412444455206,84.5654809606283));
#9595=CARTESIAN_POINT('',(-17.5024229661018,3.59412444455206,84.5654809606283));
#9596=CARTESIAN_POINT('',(-17.8014137291127,3.49697645665813,84.5654809606283));
#9597=CARTESIAN_POINT('',(-17.5024229661019,3.59412444455208,69.5654809606283));
#9598=CARTESIAN_POINT('',(-17.8014137291127,3.49697645665815,69.5654809606283));
#9599=CARTESIAN_POINT('',(-17.5024229661018,3.59412444455206,84.5654809606283));
#9600=CARTESIAN_POINT('Origin',(-15.1616964592908,3.51350281071879,84.5654809606283));
#9601=CARTESIAN_POINT('',(-17.2552093706019,2.83327923151594,84.5654809606283));
#9602=CARTESIAN_POINT('',(-17.5542001336127,2.73613124362201,84.5654809606283));
#9603=CARTESIAN_POINT('',(-17.2552093706019,2.83327923151596,69.5654809606283));
#9604=CARTESIAN_POINT('',(-17.2552093706019,2.83327923151594,84.5654809606283));
#9605=CARTESIAN_POINT('',(-17.5542001336128,2.73613124362202,69.5654809606283));
#9606=CARTESIAN_POINT('Origin',(-27.6651684137655,-0.128536608890456,84.5654809606283));
#9607=CARTESIAN_POINT('',(-20.9842463080961,8.38644314274747,69.5654809606283));
#9608=CARTESIAN_POINT('Origin',(-27.6651684137655,-0.128536608890456,69.5654809606283));
#9609=CARTESIAN_POINT('',(-20.9842463080961,8.38644314274746,84.5654809606283));
#9610=CARTESIAN_POINT('',(-20.9842463080961,8.38644314274746,84.5654809606283));
#9611=CARTESIAN_POINT('Origin',(-27.6651684137655,-0.128536608890456,84.5654809606283));
#9612=CARTESIAN_POINT('Origin',(-27.6651684137655,-0.128536608890456,84.5654809606283));
#9613=CARTESIAN_POINT('',(-17.2552093706019,-3.09035244929686,84.5654809606283));
#9614=CARTESIAN_POINT('Origin',(-27.6651684137655,-0.128536608890456,84.5654809606283));
#9615=CARTESIAN_POINT('',(-17.2552093706019,-3.09035244929683,69.5654809606283));
#9616=CARTESIAN_POINT('',(-17.2552093706019,-3.09035244929686,84.5654809606283));
#9617=CARTESIAN_POINT('Origin',(-27.6651684137655,-0.128536608890456,69.5654809606283));
#9618=CARTESIAN_POINT('Origin',(-27.6651684137655,-0.128536608890452,84.5654809606283));
#9619=CARTESIAN_POINT('',(-40.5219829246706,-2.20304442582001,84.5654809606282));
#9620=CARTESIAN_POINT('',(-40.1686403682401,-3.7705760284997,84.5654809606282));
#9621=CARTESIAN_POINT('Origin',(-27.6651684137655,-0.128536608890452,84.5654809606283));
#9622=CARTESIAN_POINT('',(-40.1686403682401,-3.77057602849967,69.5654809606282));
#9623=CARTESIAN_POINT('',(-40.1686403682401,-3.7705760284997,84.5654809606282));
#9624=CARTESIAN_POINT('',(-40.5219829246705,-2.20304442581998,69.5654809606282));
#9625=CARTESIAN_POINT('Origin',(-27.6651684137654,-0.128536608890422,69.5654809606283));
#9626=CARTESIAN_POINT('',(-40.5219829246706,-2.20304442582001,84.5654809606282));
#9627=CARTESIAN_POINT('Origin',(-41.2914247491626,-2.45305122970285,84.5654809606282));
#9628=CARTESIAN_POINT('',(-41.2914247491626,-2.45305122970285,84.5654809606282));
#9629=CARTESIAN_POINT('',(-39.0441159675938,-1.72285634305398,84.5654809606283));
#9630=CARTESIAN_POINT('',(-41.2914247491625,-2.45305122970282,69.5654809606282));
#9631=CARTESIAN_POINT('',(-39.0441159675938,-1.72285634305395,69.5654809606283));
#9632=CARTESIAN_POINT('',(-41.2914247491626,-2.45305122970285,84.5654809606282));
#9633=CARTESIAN_POINT('Origin',(-27.6651684137655,-0.128536608890452,84.5654809606283));
#9634=CARTESIAN_POINT('',(-40.0553567716628,-6.25727729488346,84.5654809606282));
#9635=CARTESIAN_POINT('Origin',(-27.6651684137655,-0.128536608890452,84.5654809606283));
#9636=CARTESIAN_POINT('',(-40.0553567716627,-6.25727729488343,69.5654809606282));
#9637=CARTESIAN_POINT('Origin',(-27.6651684137654,-0.128536608890422,69.5654809606283));
#9638=CARTESIAN_POINT('',(-40.0553567716628,-6.25727729488346,84.5654809606282));
#9639=CARTESIAN_POINT('Origin',(-39.2859149471708,-6.00727049100063,84.5654809606282));
#9640=CARTESIAN_POINT('',(-39.2859149471708,-6.00727049100063,84.5654809606282));
#9641=CARTESIAN_POINT('',(-38.3112479915252,-5.69058199984402,84.5654809606282));
#9642=CARTESIAN_POINT('',(-39.2859149471707,-6.0072704910006,69.5654809606282));
#9643=CARTESIAN_POINT('',(-38.3112479915252,-5.69058199984398,69.5654809606282));
#9644=CARTESIAN_POINT('',(-39.2859149471708,-6.00727049100063,84.5654809606282));
#9645=CARTESIAN_POINT('Origin',(-27.6651684137655,-0.128536608890452,84.5654809606283));
#9646=CARTESIAN_POINT('',(-39.9214267727401,-4.53142124153583,84.5654809606282));
#9647=CARTESIAN_POINT('Origin',(-27.6651684137655,-0.128536608890452,84.5654809606283));
#9648=CARTESIAN_POINT('',(-39.9214267727401,-4.53142124153579,69.5654809606282));
#9649=CARTESIAN_POINT('Origin',(-27.6651684137654,-0.128536608890422,69.5654809606283));
#9650=CARTESIAN_POINT('',(-39.9214267727401,-4.53142124153583,84.5654809606282));
#9651=CARTESIAN_POINT('Origin',(-37.8279138614291,-3.85119766233298,84.5654809606282));
#9652=CARTESIAN_POINT('',(-37.8279138614291,-3.85119766233298,84.5654809606282));
#9653=CARTESIAN_POINT('',(-37.5289230984182,-3.75404967443905,84.5654809606282));
#9654=CARTESIAN_POINT('',(-37.8279138614291,-3.85119766233295,69.5654809606282));
#9655=CARTESIAN_POINT('',(-37.5289230984182,-3.75404967443901,69.5654809606282));
#9656=CARTESIAN_POINT('',(-37.8279138614291,-3.85119766233298,84.5654809606283));
#9657=CARTESIAN_POINT('Origin',(-40.1686403682401,-3.7705760284997,84.5654809606282));
#9658=CARTESIAN_POINT('',(-38.0751274569291,-3.09035244929685,84.5654809606282));
#9659=CARTESIAN_POINT('',(-37.7761366939182,-2.99320446140292,84.5654809606282));
#9660=CARTESIAN_POINT('',(-38.075127456929,-3.09035244929682,69.5654809606282));
#9661=CARTESIAN_POINT('',(-38.0751274569291,-3.09035244929685,84.5654809606283));
#9662=CARTESIAN_POINT('',(-37.7761366939182,-2.99320446140289,69.5654809606282));
#9663=CARTESIAN_POINT('Origin',(-27.6651684137655,-0.128536608890456,84.5654809606283));
#9664=CARTESIAN_POINT('',(-34.3460905194348,-8.64351636052833,69.5654809606282));
#9665=CARTESIAN_POINT('Origin',(-27.6651684137655,-0.128536608890456,69.5654809606283));
#9666=CARTESIAN_POINT('',(-34.3460905194349,-8.64351636052838,84.5654809606282));
#9667=CARTESIAN_POINT('',(-34.3460905194349,-8.64351636052838,84.5654809606283));
#9668=CARTESIAN_POINT('Origin',(-27.6651684137655,-0.128536608890456,84.5654809606283));
#9669=CARTESIAN_POINT('Origin',(-27.6651684137655,-0.128536608890456,84.5654809606283));
#9670=CARTESIAN_POINT('',(-38.0751274569291,2.83327923151596,84.5654809606283));
#9671=CARTESIAN_POINT('Origin',(-27.6651684137655,-0.128536608890456,84.5654809606283));
#9672=CARTESIAN_POINT('',(-38.075127456929,2.83327923151597,69.5654809606283));
#9673=CARTESIAN_POINT('',(-38.0751274569291,2.83327923151595,84.5654809606283));
#9674=CARTESIAN_POINT('Origin',(-27.6651684137655,-0.128536608890456,69.5654809606283));
#9675=CARTESIAN_POINT('Origin',(-27.6651684137655,-0.128536608890457,84.5654809606283));
#9676=CARTESIAN_POINT('',(-36.8471847460574,-9.36389464872001,84.5654809606282));
#9677=CARTESIAN_POINT('',(-35.6399526545118,-10.4243648108305,84.5654809606282));
#9678=CARTESIAN_POINT('Origin',(-27.6651684137655,-0.128536608890457,84.5654809606283));
#9679=CARTESIAN_POINT('',(-35.6399526545118,-10.4243648108305,69.5654809606282));
#9680=CARTESIAN_POINT('',(-35.6399526545118,-10.4243648108305,84.5654809606282));
#9681=CARTESIAN_POINT('',(-36.8471847460574,-9.36389464871997,69.5654809606282));
#9682=CARTESIAN_POINT('Origin',(-27.6651684137654,-0.128536608890413,69.5654809606283));
#9683=CARTESIAN_POINT('',(-36.8471847460574,-9.36389464872001,84.5654809606282));
#9684=CARTESIAN_POINT('Origin',(-37.3227259459592,-10.018420958704,84.5654809606282));
#9685=CARTESIAN_POINT('',(-37.3227259459592,-10.018420958704,84.5654809606282));
#9686=CARTESIAN_POINT('',(-35.9338127357336,-8.10674592704589,84.5654809606282));
#9687=CARTESIAN_POINT('',(-37.3227259459592,-10.018420958704,69.5654809606282));
#9688=CARTESIAN_POINT('',(-35.9338127357336,-8.10674592704584,69.5654809606282));
#9689=CARTESIAN_POINT('',(-37.3227259459592,-10.018420958704,84.5654809606282));
#9690=CARTESIAN_POINT('Origin',(-27.6651684137655,-0.128536608890457,84.5654809606283));
#9691=CARTESIAN_POINT('',(-34.0866579684595,-12.3695619678739,84.5654809606282));
#9692=CARTESIAN_POINT('Origin',(-27.6651684137655,-0.128536608890457,84.5654809606283));
#9693=CARTESIAN_POINT('',(-34.0866579684594,-12.3695619678738,69.5654809606282));
#9694=CARTESIAN_POINT('Origin',(-27.6651684137654,-0.128536608890413,69.5654809606283));
#9695=CARTESIAN_POINT('',(-34.0866579684595,-12.3695619678739,84.5654809606282));
#9696=CARTESIAN_POINT('Origin',(-33.6111167685577,-11.7150356578899,84.5654809606282));
#9697=CARTESIAN_POINT('',(-33.6111167685577,-11.7150356578899,84.5654809606282));
#9698=CARTESIAN_POINT('',(-33.0087394622573,-10.885934424196,84.5654809606282));
#9699=CARTESIAN_POINT('',(-33.6111167685577,-11.7150356578899,69.5654809606282));
#9700=CARTESIAN_POINT('',(-33.0087394622573,-10.8859344241959,69.5654809606282));
#9701=CARTESIAN_POINT('',(-33.6111167685577,-11.7150356578899,84.5654809606282));
#9702=CARTESIAN_POINT('Origin',(-27.6651684137655,-0.128536608890457,84.5654809606283));
#9703=CARTESIAN_POINT('',(-34.9927390590119,-10.8945930126645,84.5654809606282));
#9704=CARTESIAN_POINT('Origin',(-27.6651684137655,-0.128536608890457,84.5654809606283));
#9705=CARTESIAN_POINT('',(-34.9927390590119,-10.8945930126645,69.5654809606282));
#9706=CARTESIAN_POINT('Origin',(-27.6651684137654,-0.128536608890413,69.5654809606283));
#9707=CARTESIAN_POINT('',(-34.9927390590119,-10.8945930126645,84.5654809606282));
#9708=CARTESIAN_POINT('Origin',(-33.6988769239349,-9.11374456236235,84.5654809606282));
#9709=CARTESIAN_POINT('',(-33.5140904700719,-8.85940782811737,84.5654809606282));
#9710=CARTESIAN_POINT('',(-33.5140904700719,-8.85940782811733,69.5654809606282));
#9711=CARTESIAN_POINT('Origin',(-35.6399526545118,-10.4243648108305,84.5654809606282));
#9712=CARTESIAN_POINT('',(-34.1613040655719,-8.3891796262834,84.5654809606282));
#9713=CARTESIAN_POINT('',(-34.1613040655719,-8.38917962628335,69.5654809606282));
#9714=CARTESIAN_POINT('Origin',(-27.6651684137655,-0.128536608890457,84.5654809606283));
#9715=CARTESIAN_POINT('',(-33.6111167685577,11.457962440109,84.5654809606283));
#9716=CARTESIAN_POINT('',(-34.9927390590119,10.6375197948836,84.5654809606283));
#9717=CARTESIAN_POINT('Origin',(-27.6651684137655,-0.128536608890457,84.5654809606283));
#9718=CARTESIAN_POINT('',(-34.9927390590119,10.6375197948836,69.5654809606283));
#9719=CARTESIAN_POINT('',(-34.9927390590119,10.6375197948836,84.5654809606283));
#9720=CARTESIAN_POINT('',(-33.6111167685577,11.457962440109,69.5654809606283));
#9721=CARTESIAN_POINT('Origin',(-27.6651684137655,-0.128536608890453,69.5654809606283));
#9722=CARTESIAN_POINT('',(-33.6111167685577,11.457962440109,84.5654809606283));
#9723=CARTESIAN_POINT('Origin',(-34.0866579684594,12.112488750093,84.5654809606283));
#9724=CARTESIAN_POINT('',(-34.0866579684594,12.112488750093,84.5654809606283));
#9725=CARTESIAN_POINT('',(-32.6977447582338,10.2008137184349,84.5654809606283));
#9726=CARTESIAN_POINT('',(-34.0866579684594,12.112488750093,69.5654809606283));
#9727=CARTESIAN_POINT('',(-32.6977447582338,10.2008137184349,69.5654809606283));
#9728=CARTESIAN_POINT('',(-34.0866579684594,12.112488750093,84.5654809606283));
#9729=CARTESIAN_POINT('Origin',(-27.6651684137655,-0.128536608890457,84.5654809606283));
#9730=CARTESIAN_POINT('',(-37.3227259459592,9.7613477409231,84.5654809606283));
#9731=CARTESIAN_POINT('Origin',(-27.6651684137655,-0.128536608890457,84.5654809606283));
#9732=CARTESIAN_POINT('',(-37.3227259459592,9.7613477409231,69.5654809606283));
#9733=CARTESIAN_POINT('Origin',(-27.6651684137655,-0.128536608890453,69.5654809606283));
#9734=CARTESIAN_POINT('',(-37.3227259459592,9.7613477409231,84.5654809606283));
#9735=CARTESIAN_POINT('Origin',(-36.8471847460574,9.10682143093911,84.5654809606283));
#9736=CARTESIAN_POINT('',(-36.8471847460574,9.10682143093911,84.5654809606283));
#9737=CARTESIAN_POINT('',(-36.2448074397571,8.27772019724517,84.5654809606283));
#9738=CARTESIAN_POINT('',(-36.8471847460574,9.10682143093911,69.5654809606283));
#9739=CARTESIAN_POINT('',(-36.2448074397571,8.27772019724518,69.5654809606283));
#9740=CARTESIAN_POINT('',(-36.8471847460574,9.10682143093911,84.5654809606283));
#9741=CARTESIAN_POINT('Origin',(-27.6651684137655,-0.128536608890457,84.5654809606283));
#9742=CARTESIAN_POINT('',(-35.6399526545118,10.1672915930496,84.5654809606283));
#9743=CARTESIAN_POINT('Origin',(-27.6651684137655,-0.128536608890457,84.5654809606283));
#9744=CARTESIAN_POINT('',(-35.6399526545118,10.1672915930496,69.5654809606283));
#9745=CARTESIAN_POINT('Origin',(-27.6651684137655,-0.128536608890453,69.5654809606283));
#9746=CARTESIAN_POINT('',(-35.6399526545118,10.1672915930496,84.5654809606283));
#9747=CARTESIAN_POINT('Origin',(-34.3460905194349,8.38644314274747,84.5654809606283));
#9748=CARTESIAN_POINT('',(-34.3460905194349,8.38644314274747,84.5654809606283));
#9749=CARTESIAN_POINT('',(-34.1613040655719,8.13210640850249,84.5654809606283));
#9750=CARTESIAN_POINT('',(-34.3460905194348,8.38644314274747,69.5654809606283));
#9751=CARTESIAN_POINT('',(-34.1613040655719,8.13210640850249,69.5654809606283));
#9752=CARTESIAN_POINT('',(-34.3460905194349,8.38644314274747,84.5654809606283));
#9753=CARTESIAN_POINT('Origin',(-34.9927390590119,10.6375197948836,84.5654809606283));
#9754=CARTESIAN_POINT('',(-33.6988769239349,8.85667134458144,84.5654809606283));
#9755=CARTESIAN_POINT('',(-33.5140904700719,8.60233461033647,84.5654809606283));
#9756=CARTESIAN_POINT('',(-33.6988769239349,8.85667134458145,69.5654809606283));
#9757=CARTESIAN_POINT('',(-33.6988769239349,8.85667134458145,84.5654809606283));
#9758=CARTESIAN_POINT('',(-33.5140904700719,8.60233461033647,69.5654809606283));
#9759=CARTESIAN_POINT('Origin',(-27.6651684137655,-0.128536608890456,84.5654809606283));
#9760=CARTESIAN_POINT('',(-37.8279138614291,3.59412444455209,69.5654809606283));
#9761=CARTESIAN_POINT('Origin',(-27.6651684137655,-0.128536608890456,69.5654809606283));
#9762=CARTESIAN_POINT('',(-37.8279138614291,3.59412444455207,84.5654809606283));
#9763=CARTESIAN_POINT('',(-37.8279138614291,3.59412444455207,84.5654809606283));
#9764=CARTESIAN_POINT('Origin',(-27.6651684137655,-0.128536608890456,84.5654809606283));
#9765=CARTESIAN_POINT('Origin',(-27.6651684137655,-0.128536608890456,84.5654809606283));
#9766=CARTESIAN_POINT('',(-28.0651684137655,10.6871742023704,84.5654809606283));
#9767=CARTESIAN_POINT('Origin',(-27.6651684137655,-0.128536608890456,84.5654809606283));
#9768=CARTESIAN_POINT('',(-28.0651684137655,10.6871742023704,69.5654809606283));
#9769=CARTESIAN_POINT('',(-28.0651684137655,10.6871742023704,84.5654809606283));
#9770=CARTESIAN_POINT('Origin',(-27.6651684137655,-0.128536608890456,69.5654809606283));
#9771=CARTESIAN_POINT('Origin',(-27.6651684137655,-0.128536608890456,84.5654809606283));
#9772=CARTESIAN_POINT('',(-25.6651684137655,12.7400787808988,84.5654809606283));
#9773=CARTESIAN_POINT('',(-27.2651684137655,12.8884239445691,84.5654809606283));
#9774=CARTESIAN_POINT('Origin',(-27.6651684137655,-0.128536608890456,84.5654809606283));
#9775=CARTESIAN_POINT('',(-27.2651684137655,12.8884239445691,69.5654809606283));
#9776=CARTESIAN_POINT('',(-27.2651684137655,12.8884239445691,84.5654809606283));
#9777=CARTESIAN_POINT('',(-25.6651684137655,12.7400787808988,69.5654809606283));
#9778=CARTESIAN_POINT('Origin',(-27.6651684137655,-0.128536608890456,69.5654809606283));
#9779=CARTESIAN_POINT('',(-25.6651684137655,12.7400787808988,84.5654809606283));
#9780=CARTESIAN_POINT('Origin',(-25.6651684137655,13.5491177931011,84.5654809606283));
#9781=CARTESIAN_POINT('',(-25.6651684137655,13.5491177931011,84.5654809606283));
#9782=CARTESIAN_POINT('',(-25.6651684137655,11.1861575030826,84.5654809606283));
#9783=CARTESIAN_POINT('',(-25.6651684137655,13.5491177931011,69.5654809606283));
#9784=CARTESIAN_POINT('',(-25.6651684137655,11.1861575030826,69.5654809606283));
#9785=CARTESIAN_POINT('',(-25.6651684137655,13.5491177931011,84.5654809606283));
#9786=CARTESIAN_POINT('Origin',(-27.6651684137655,-0.128536608890456,84.5654809606283));
#9787=CARTESIAN_POINT('',(-29.6651684137655,13.5491177931011,84.5654809606283));
#9788=CARTESIAN_POINT('Origin',(-27.6651684137655,-0.128536608890456,84.5654809606283));
#9789=CARTESIAN_POINT('',(-29.6651684137655,13.5491177931011,69.5654809606283));
#9790=CARTESIAN_POINT('Origin',(-27.6651684137655,-0.128536608890456,69.5654809606283));
#9791=CARTESIAN_POINT('',(-29.6651684137655,13.5491177931011,84.5654809606283));
#9792=CARTESIAN_POINT('Origin',(-29.6651684137655,12.7400787808988,84.5654809606283));
#9793=CARTESIAN_POINT('',(-29.6651684137655,12.7400787808988,84.5654809606283));
#9794=CARTESIAN_POINT('',(-29.6651684137655,11.7152532958242,84.5654809606283));
#9795=CARTESIAN_POINT('',(-29.6651684137655,12.7400787808988,69.5654809606283));
#9796=CARTESIAN_POINT('',(-29.6651684137655,11.7152532958242,69.5654809606283));
#9797=CARTESIAN_POINT('',(-29.6651684137655,12.7400787808988,84.5654809606283));
#9798=CARTESIAN_POINT('Origin',(-27.6651684137655,-0.128536608890456,84.5654809606283));
#9799=CARTESIAN_POINT('',(-28.0651684137655,12.8884239445691,84.5654809606283));
#9800=CARTESIAN_POINT('Origin',(-27.6651684137655,-0.128536608890456,84.5654809606283));
#9801=CARTESIAN_POINT('',(-28.0651684137655,12.8884239445691,69.5654809606283));
#9802=CARTESIAN_POINT('Origin',(-27.6651684137655,-0.128536608890456,69.5654809606283));
#9803=CARTESIAN_POINT('',(-28.0651684137655,12.8884239445691,84.5654809606283));
#9804=CARTESIAN_POINT('Origin',(-28.0651684137655,10.6871742023704,84.5654809606283));
#9805=CARTESIAN_POINT('',(-28.0651684137655,10.3727967096683,84.5654809606283));
#9806=CARTESIAN_POINT('',(-28.0651684137655,10.3727967096683,69.5654809606283));
#9807=CARTESIAN_POINT('Origin',(-27.2651684137655,12.8884239445691,84.5654809606283));
#9808=CARTESIAN_POINT('',(-27.2651684137655,10.6871742023704,84.5654809606283));
#9809=CARTESIAN_POINT('',(-27.2651684137655,10.3727967096683,84.5654809606283));
#9810=CARTESIAN_POINT('',(-27.2651684137655,10.6871742023704,69.5654809606283));
#9811=CARTESIAN_POINT('',(-27.2651684137655,10.6871742023704,84.5654809606283));
#9812=CARTESIAN_POINT('',(-27.2651684137655,10.3727967096683,69.5654809606283));
#9813=CARTESIAN_POINT('Origin',(-27.6651684137655,-0.128536608890456,84.5654809606283));
#9814=CARTESIAN_POINT('',(-21.631459903596,8.85667134458144,84.5654809606283));
#9815=CARTESIAN_POINT('Origin',(-27.6651684137655,-0.128536608890456,84.5654809606283));
#9816=CARTESIAN_POINT('',(-21.6314599035961,8.85667134458144,69.5654809606283));
#9817=CARTESIAN_POINT('',(-21.631459903596,8.85667134458144,84.5654809606283));
#9818=CARTESIAN_POINT('Origin',(-27.6651684137655,-0.128536608890456,69.5654809606283));
#9819=CARTESIAN_POINT('Origin',(-27.6651684137655,-0.128536608890457,84.5654809606283));
#9820=CARTESIAN_POINT('',(-39.2859149471708,5.75019727321973,84.5654809606283));
#9821=CARTESIAN_POINT('',(-39.9214267727401,4.27434802375492,84.5654809606283));
#9822=CARTESIAN_POINT('Origin',(-27.6651684137655,-0.128536608890457,84.5654809606283));
#9823=CARTESIAN_POINT('',(-39.9214267727401,4.27434802375494,69.5654809606283));
#9824=CARTESIAN_POINT('',(-39.9214267727401,4.27434802375492,84.5654809606283));
#9825=CARTESIAN_POINT('',(-39.2859149471707,5.75019727321974,69.5654809606283));
#9826=CARTESIAN_POINT('Origin',(-27.6651684137654,-0.128536608890439,69.5654809606283));
#9827=CARTESIAN_POINT('',(-39.2859149471708,5.75019727321973,84.5654809606283));
#9828=CARTESIAN_POINT('Origin',(-40.0553567716628,6.00020407710256,84.5654809606283));
#9829=CARTESIAN_POINT('',(-40.0553567716628,6.00020407710256,84.5654809606283));
#9830=CARTESIAN_POINT('',(-37.808047990094,5.27000919045369,84.5654809606283));
#9831=CARTESIAN_POINT('',(-40.0553567716627,6.00020407710258,69.5654809606283));
#9832=CARTESIAN_POINT('',(-37.808047990094,5.27000919045371,69.5654809606283));
#9833=CARTESIAN_POINT('',(-40.0553567716628,6.00020407710256,84.5654809606283));
#9834=CARTESIAN_POINT('Origin',(-27.6651684137655,-0.128536608890457,84.5654809606283));
#9835=CARTESIAN_POINT('',(-41.2914247491626,2.19597801192195,84.5654809606283));
#9836=CARTESIAN_POINT('Origin',(-27.6651684137655,-0.128536608890457,84.5654809606283));
#9837=CARTESIAN_POINT('',(-41.2914247491625,2.19597801192196,69.5654809606283));
#9838=CARTESIAN_POINT('Origin',(-27.6651684137654,-0.128536608890439,69.5654809606283));
#9839=CARTESIAN_POINT('',(-41.2914247491626,2.19597801192195,84.5654809606283));
#9840=CARTESIAN_POINT('Origin',(-40.5219829246706,1.94597120803911,84.5654809606283));
#9841=CARTESIAN_POINT('',(-40.5219829246706,1.94597120803911,84.5654809606283));
#9842=CARTESIAN_POINT('',(-39.547315969025,1.6292827168825,84.5654809606283));
#9843=CARTESIAN_POINT('',(-40.5219829246705,1.94597120803913,69.5654809606283));
#9844=CARTESIAN_POINT('',(-39.547315969025,1.62928271688252,69.5654809606283));
#9845=CARTESIAN_POINT('',(-40.5219829246706,1.94597120803911,84.5654809606283));
#9846=CARTESIAN_POINT('Origin',(-27.6651684137655,-0.128536608890457,84.5654809606283));
#9847=CARTESIAN_POINT('',(-40.1686403682401,3.5135028107188,84.5654809606283));
#9848=CARTESIAN_POINT('Origin',(-27.6651684137655,-0.128536608890457,84.5654809606283));
#9849=CARTESIAN_POINT('',(-40.1686403682401,3.51350281071882,69.5654809606283));
#9850=CARTESIAN_POINT('Origin',(-27.6651684137654,-0.128536608890439,69.5654809606283));
#9851=CARTESIAN_POINT('',(-40.1686403682401,3.5135028107188,84.5654809606283));
#9852=CARTESIAN_POINT('Origin',(-38.0751274569291,2.83327923151596,84.5654809606283));
#9853=CARTESIAN_POINT('',(-37.7761366939182,2.73613124362202,84.5654809606283));
#9854=CARTESIAN_POINT('',(-37.7761366939182,2.73613124362204,69.5654809606283));
#9855=CARTESIAN_POINT('Origin',(-39.9214267727401,4.27434802375492,84.5654809606283));
#9856=CARTESIAN_POINT('',(-37.5289230984182,3.49697645665814,84.5654809606283));
#9857=CARTESIAN_POINT('',(-37.5289230984182,3.49697645665816,69.5654809606283));
#9858=CARTESIAN_POINT('Origin',(-27.6651684137655,-0.128536608890452,84.5654809606283));
#9859=CARTESIAN_POINT('',(-16.0444218803602,-6.00727049100064,84.5654809606283));
#9860=CARTESIAN_POINT('',(-15.4089100547908,-4.53142124153583,84.5654809606283));
#9861=CARTESIAN_POINT('Origin',(-27.6651684137655,-0.128536608890452,84.5654809606283));
#9862=CARTESIAN_POINT('',(-15.4089100547908,-4.5314212415358,69.5654809606283));
#9863=CARTESIAN_POINT('',(-15.4089100547908,-4.53142124153583,84.5654809606283));
#9864=CARTESIAN_POINT('',(-16.0444218803602,-6.00727049100061,69.5654809606283));
#9865=CARTESIAN_POINT('Origin',(-27.6651684137655,-0.128536608890422,69.5654809606283));
#9866=CARTESIAN_POINT('',(-16.0444218803602,-6.00727049100064,84.5654809606283));
#9867=CARTESIAN_POINT('Origin',(-15.2749800558682,-6.25727729488348,84.5654809606283));
#9868=CARTESIAN_POINT('',(-15.2749800558682,-6.25727729488348,84.5654809606283));
#9869=CARTESIAN_POINT('',(-17.522288837437,-5.5270824082346,84.5654809606283));
#9870=CARTESIAN_POINT('',(-15.2749800558682,-6.25727729488344,69.5654809606283));
#9871=CARTESIAN_POINT('',(-17.522288837437,-5.52708240823457,69.5654809606283));
#9872=CARTESIAN_POINT('',(-15.2749800558682,-6.25727729488348,84.5654809606283));
#9873=CARTESIAN_POINT('Origin',(-27.6651684137655,-0.128536608890452,84.5654809606283));
#9874=CARTESIAN_POINT('',(-14.0389120783684,-2.45305122970286,84.5654809606283));
#9875=CARTESIAN_POINT('Origin',(-27.6651684137655,-0.128536608890452,84.5654809606283));
#9876=CARTESIAN_POINT('',(-14.0389120783684,-2.45305122970283,69.5654809606283));
#9877=CARTESIAN_POINT('Origin',(-27.6651684137655,-0.128536608890422,69.5654809606283));
#9878=CARTESIAN_POINT('',(-14.0389120783684,-2.45305122970286,84.5654809606283));
#9879=CARTESIAN_POINT('Origin',(-14.8083539028604,-2.20304442582002,84.5654809606283));
#9880=CARTESIAN_POINT('',(-14.8083539028604,-2.20304442582002,84.5654809606283));
#9881=CARTESIAN_POINT('',(-15.783020858506,-1.88635593466341,84.5654809606283));
#9882=CARTESIAN_POINT('',(-14.8083539028604,-2.20304442581999,69.5654809606283));
#9883=CARTESIAN_POINT('',(-15.783020858506,-1.88635593466338,69.5654809606283));
#9884=CARTESIAN_POINT('',(-14.8083539028604,-2.20304442582002,84.5654809606283));
#9885=CARTESIAN_POINT('Origin',(-27.6651684137655,-0.128536608890452,84.5654809606283));
#9886=CARTESIAN_POINT('',(-15.1616964592908,-3.77057602849971,84.5654809606283));
#9887=CARTESIAN_POINT('Origin',(-27.6651684137655,-0.128536608890452,84.5654809606283));
#9888=CARTESIAN_POINT('',(-15.1616964592909,-3.77057602849968,69.5654809606283));
#9889=CARTESIAN_POINT('Origin',(-27.6651684137655,-0.128536608890422,69.5654809606283));
#9890=CARTESIAN_POINT('',(-15.1616964592908,-3.77057602849971,84.5654809606283));
#9891=CARTESIAN_POINT('Origin',(-17.2552093706019,-3.09035244929686,84.5654809606283));
#9892=CARTESIAN_POINT('',(-17.5542001336127,-2.99320446140293,84.5654809606283));
#9893=CARTESIAN_POINT('',(-17.5542001336128,-2.9932044614029,69.5654809606283));
#9894=CARTESIAN_POINT('Origin',(-15.4089100547908,-4.53142124153583,84.5654809606283));
#9895=CARTESIAN_POINT('',(-17.5024229661018,-3.85119766233299,84.5654809606283));
#9896=CARTESIAN_POINT('',(-17.8014137291127,-3.75404967443905,84.5654809606283));
#9897=CARTESIAN_POINT('',(-17.5024229661019,-3.85119766233295,69.5654809606283));
#9898=CARTESIAN_POINT('',(-17.5024229661018,-3.85119766233298,84.5654809606283));
#9899=CARTESIAN_POINT('',(-17.8014137291127,-3.75404967443902,69.5654809606283));
#9900=CARTESIAN_POINT('Origin',(-27.6651684137655,-0.128536608890456,84.5654809606283));
#9901=CARTESIAN_POINT('',(-20.9842463080961,-8.64351636052838,84.5654809606283));
#9902=CARTESIAN_POINT('Origin',(-27.6651684137655,-0.128536608890456,84.5654809606283));
#9903=CARTESIAN_POINT('',(-20.9842463080961,-8.64351636052834,69.5654809606283));
#9904=CARTESIAN_POINT('',(-20.9842463080961,-8.64351636052838,84.5654809606283));
#9905=CARTESIAN_POINT('Origin',(-27.6651684137655,-0.128536608890456,69.5654809606283));
#9906=CARTESIAN_POINT('Origin',(-27.6651684137655,-0.128536608890457,84.5654809606283));
#9907=CARTESIAN_POINT('',(-21.7192200589733,-11.7150356578899,84.5654809606283));
#9908=CARTESIAN_POINT('',(-20.3375977685191,-10.8945930126645,84.5654809606283));
#9909=CARTESIAN_POINT('Origin',(-27.6651684137655,-0.128536608890457,84.5654809606283));
#9910=CARTESIAN_POINT('',(-20.3375977685191,-10.8945930126645,69.5654809606283));
#9911=CARTESIAN_POINT('',(-20.3375977685191,-10.8945930126645,84.5654809606283));
#9912=CARTESIAN_POINT('',(-21.7192200589733,-11.7150356578899,69.5654809606283));
#9913=CARTESIAN_POINT('Origin',(-27.6651684137655,-0.128536608890413,69.5654809606283));
#9914=CARTESIAN_POINT('',(-21.7192200589733,-11.7150356578899,84.5654809606283));
#9915=CARTESIAN_POINT('Origin',(-21.2436788590715,-12.3695619678739,84.5654809606283));
#9916=CARTESIAN_POINT('',(-21.2436788590715,-12.3695619678739,84.5654809606283));
#9917=CARTESIAN_POINT('',(-22.6325920692971,-10.4578869362158,84.5654809606283));
#9918=CARTESIAN_POINT('',(-21.2436788590715,-12.3695619678739,69.5654809606283));
#9919=CARTESIAN_POINT('',(-22.6325920692971,-10.4578869362157,69.5654809606283));
#9920=CARTESIAN_POINT('',(-21.2436788590715,-12.3695619678739,84.5654809606283));
#9921=CARTESIAN_POINT('Origin',(-27.6651684137655,-0.128536608890457,84.5654809606283));
#9922=CARTESIAN_POINT('',(-18.0076108815717,-10.018420958704,84.5654809606283));
#9923=CARTESIAN_POINT('Origin',(-27.6651684137655,-0.128536608890457,84.5654809606283));
#9924=CARTESIAN_POINT('',(-18.0076108815717,-10.018420958704,69.5654809606283));
#9925=CARTESIAN_POINT('Origin',(-27.6651684137655,-0.128536608890413,69.5654809606283));
#9926=CARTESIAN_POINT('',(-18.0076108815717,-10.018420958704,84.5654809606283));
#9927=CARTESIAN_POINT('Origin',(-18.4831520814735,-9.36389464872002,84.5654809606283));
#9928=CARTESIAN_POINT('',(-18.4831520814735,-9.36389464872002,84.5654809606283));
#9929=CARTESIAN_POINT('',(-19.0855293877739,-8.53479341502609,84.5654809606283));
#9930=CARTESIAN_POINT('',(-18.4831520814735,-9.36389464871998,69.5654809606283));
#9931=CARTESIAN_POINT('',(-19.0855293877739,-8.53479341502604,69.5654809606283));
#9932=CARTESIAN_POINT('',(-18.4831520814735,-9.36389464872002,84.5654809606283));
#9933=CARTESIAN_POINT('Origin',(-27.6651684137655,-0.128536608890457,84.5654809606283));
#9934=CARTESIAN_POINT('',(-19.6903841730191,-10.4243648108305,84.5654809606283));
#9935=CARTESIAN_POINT('Origin',(-27.6651684137655,-0.128536608890457,84.5654809606283));
#9936=CARTESIAN_POINT('',(-19.6903841730191,-10.4243648108305,69.5654809606283));
#9937=CARTESIAN_POINT('Origin',(-27.6651684137655,-0.128536608890413,69.5654809606283));
#9938=CARTESIAN_POINT('',(-19.6903841730191,-10.4243648108305,84.5654809606283));
#9939=CARTESIAN_POINT('Origin',(-20.9842463080961,-8.64351636052838,84.5654809606283));
#9940=CARTESIAN_POINT('',(-21.1690327619591,-8.3891796262834,84.5654809606283));
#9941=CARTESIAN_POINT('',(-21.1690327619591,-8.38917962628336,69.5654809606283));
#9942=CARTESIAN_POINT('Origin',(-20.3375977685191,-10.8945930126645,84.5654809606283));
#9943=CARTESIAN_POINT('',(-21.816246357459,-8.85940782811738,84.5654809606283));
#9944=CARTESIAN_POINT('',(-21.816246357459,-8.85940782811734,69.5654809606283));
#9945=CARTESIAN_POINT('Origin',(-27.6651684137655,-0.128536608890457,84.5654809606283));
#9946=CARTESIAN_POINT('',(-18.4831520814735,9.1068214309391,84.5654809606283));
#9947=CARTESIAN_POINT('',(-19.6903841730191,10.1672915930496,84.5654809606283));
#9948=CARTESIAN_POINT('Origin',(-27.6651684137655,-0.128536608890457,84.5654809606283));
#9949=CARTESIAN_POINT('',(-19.6903841730191,10.1672915930496,69.5654809606283));
#9950=CARTESIAN_POINT('',(-19.6903841730191,10.1672915930496,84.5654809606283));
#9951=CARTESIAN_POINT('',(-18.4831520814735,9.1068214309391,69.5654809606283));
#9952=CARTESIAN_POINT('Origin',(-27.6651684137655,-0.128536608890453,69.5654809606283));
#9953=CARTESIAN_POINT('',(-18.4831520814735,9.1068214309391,84.5654809606283));
#9954=CARTESIAN_POINT('Origin',(-18.0076108815717,9.76134774092309,84.5654809606283));
#9955=CARTESIAN_POINT('',(-18.0076108815717,9.76134774092309,84.5654809606283));
#9956=CARTESIAN_POINT('',(-19.3965240917973,7.84967270926497,84.5654809606283));
#9957=CARTESIAN_POINT('',(-18.0076108815717,9.76134774092309,69.5654809606283));
#9958=CARTESIAN_POINT('',(-19.3965240917973,7.84967270926498,69.5654809606283));
#9959=CARTESIAN_POINT('',(-18.0076108815717,9.76134774092309,84.5654809606283));
#9960=CARTESIAN_POINT('Origin',(-27.6651684137655,-0.128536608890457,84.5654809606283));
#9961=CARTESIAN_POINT('',(-21.2436788590715,12.112488750093,84.5654809606283));
#9962=CARTESIAN_POINT('Origin',(-27.6651684137655,-0.128536608890457,84.5654809606283));
#9963=CARTESIAN_POINT('',(-21.2436788590715,12.112488750093,69.5654809606283));
#9964=CARTESIAN_POINT('Origin',(-27.6651684137655,-0.128536608890453,69.5654809606283));
#9965=CARTESIAN_POINT('',(-21.2436788590715,12.112488750093,84.5654809606283));
#9966=CARTESIAN_POINT('Origin',(-21.7192200589733,11.457962440109,84.5654809606283));
#9967=CARTESIAN_POINT('',(-21.7192200589733,11.457962440109,84.5654809606283));
#9968=CARTESIAN_POINT('',(-22.3215973652736,10.6288612064151,84.5654809606283));
#9969=CARTESIAN_POINT('',(-21.7192200589733,11.457962440109,69.5654809606283));
#9970=CARTESIAN_POINT('',(-22.3215973652736,10.6288612064151,69.5654809606283));
#9971=CARTESIAN_POINT('',(-21.7192200589733,11.457962440109,84.5654809606283));
#9972=CARTESIAN_POINT('Origin',(-27.6651684137655,-0.128536608890457,84.5654809606283));
#9973=CARTESIAN_POINT('',(-20.3375977685191,10.6375197948836,84.5654809606283));
#9974=CARTESIAN_POINT('Origin',(-27.6651684137655,-0.128536608890457,84.5654809606283));
#9975=CARTESIAN_POINT('',(-20.3375977685191,10.6375197948836,69.5654809606283));
#9976=CARTESIAN_POINT('Origin',(-27.6651684137655,-0.128536608890453,69.5654809606283));
#9977=CARTESIAN_POINT('',(-20.3375977685191,10.6375197948836,84.5654809606283));
#9978=CARTESIAN_POINT('Origin',(-21.631459903596,8.85667134458144,84.5654809606283));
#9979=CARTESIAN_POINT('',(-21.816246357459,8.60233461033646,84.5654809606283));
#9980=CARTESIAN_POINT('',(-21.816246357459,8.60233461033646,69.5654809606283));
#9981=CARTESIAN_POINT('Origin',(-19.6903841730191,10.1672915930496,84.5654809606283));
#9982=CARTESIAN_POINT('',(-21.1690327619591,8.13210640850248,84.5654809606283));
#9983=CARTESIAN_POINT('',(-21.1690327619591,8.13210640850249,69.5654809606283));
#9984=CARTESIAN_POINT('Origin',(-27.6651684137655,-0.128536608890456,69.5654809606283));
#9985=CARTESIAN_POINT('',(-33.6651684137655,-0.128536608890455,69.5654809606283));
#9986=CARTESIAN_POINT('Origin',(-27.6651684137655,-0.128536608890456,69.5654809606283));
#9987=CARTESIAN_POINT('',(-33.6651684137655,-0.128536608890455,70.5654809606283));
#9988=CARTESIAN_POINT('',(-33.6651684137655,-0.128536608890455,69.5654809606283));
#9989=CARTESIAN_POINT('Origin',(-27.6651684137655,-0.128536608890456,70.5654809606283));
#9990=CARTESIAN_POINT('Origin',(-27.6651684137655,-0.128536608890456,70.5654809606283));
#9991=CARTESIAN_POINT('',(-31.6651684137655,-0.128536608890454,70.5654809606283));
#9992=CARTESIAN_POINT('Origin',(-27.6651684137655,-0.128536608890456,70.5654809606283));
#9993=CARTESIAN_POINT('Origin',(-27.6651684137655,-0.128536608890456,69.5654809606283));
#9994=CARTESIAN_POINT('',(-31.6651684137655,-0.128536608890455,72.5654809606283));
#9995=CARTESIAN_POINT('',(-31.6651684137655,-0.128536608890455,69.5654809606283));
#9996=CARTESIAN_POINT('Origin',(-27.6651684137655,-0.128536608890456,72.5654809606283));
#9997=CARTESIAN_POINT('Origin',(-27.6651684137655,-0.128536608890455,72.5654809606283));
#9998=CARTESIAN_POINT('',(-30.8651684137655,-0.128536608890455,72.5654809606283));
#9999=CARTESIAN_POINT('Origin',(-27.6651684137655,-0.128536608890456,72.5654809606283));
#10000=CARTESIAN_POINT('Origin',(-27.6651684137655,-0.128536608890456,82.5654809606283));
#10001=CARTESIAN_POINT('',(-31.6651684137655,-0.128536608890455,82.5654809606283));
#10002=CARTESIAN_POINT('Origin',(-27.6651684137655,-0.128536608890456,82.5654809606283));
#10003=CARTESIAN_POINT('',(-31.6651684137655,-0.128536608890455,80.5654809606283));
#10004=CARTESIAN_POINT('',(-31.6651684137655,-0.128536608890454,82.5654809606283));
#10005=CARTESIAN_POINT('Origin',(-27.6651684137655,-0.128536608890456,80.5654809606283));
#10006=CARTESIAN_POINT('Origin',(-27.6651684137655,-0.128536608890455,80.5654809606283));
#10007=CARTESIAN_POINT('',(-30.8651684137655,-0.128536608890455,80.5654809606283));
#10008=CARTESIAN_POINT('Origin',(-27.6651684137655,-0.128536608890456,80.5654809606283));
#10009=CARTESIAN_POINT('Origin',(-27.6651684137655,-0.128536608890457,83.5654809606283));
#10010=CARTESIAN_POINT('',(-35.6651684137655,-0.128536608890458,84.5654809606283));
#10011=CARTESIAN_POINT('Origin',(-27.6651684137655,-0.128536608890459,84.5654809606283));
#10012=CARTESIAN_POINT('',(-33.6651684137655,-0.128536608890455,82.5654809606283));
#10013=CARTESIAN_POINT('',(-34.6651684137655,-0.128536608890457,83.5654809606283));
#10014=CARTESIAN_POINT('Origin',(-27.6651684137655,-0.128536608890456,82.5654809606283));
#10015=CARTESIAN_POINT('Origin',(-27.6651684137655,-0.128536608890455,84.5654809606283));
#10016=CARTESIAN_POINT('Origin',(-27.6651684137655,-0.128536608890456,82.5654809606283));
#10017=CARTESIAN_POINT('Origin',(-27.6651684137655,-0.128536608890456,84.5654809606283));
#10018=CARTESIAN_POINT('',(-30.8651684137655,-0.128536608890455,84.5654809606283));
#10019=CARTESIAN_POINT('Origin',(-27.6651684137655,-0.128536608890431,69.5654809606283));
#10020=CARTESIAN_POINT('Origin',(4.8,-3.27836451084952,80.5654809606283));
#10021=CARTESIAN_POINT('',(8.8,-3.27836451084952,80.5654809606283));
#10022=CARTESIAN_POINT('Origin',(4.8,-3.27836451084952,80.5654809606283));
#10023=CARTESIAN_POINT('',(1.6,-3.27836451084951,80.5654809606283));
#10024=CARTESIAN_POINT('Origin',(4.8,-3.27836451084952,80.5654809606283));
#10025=CARTESIAN_POINT('Origin',(4.8,-3.27836451084952,84.5654809606283));
#10026=CARTESIAN_POINT('',(13.2866954464079,2.37990381081215,84.5654809606283));
#10027=CARTESIAN_POINT('',(12.2897838111655,3.64573387536676,84.5654809606283));
#10028=CARTESIAN_POINT('Origin',(4.8,-3.27836451084952,84.5654809606283));
#10029=CARTESIAN_POINT('',(12.2897838111655,3.64573387536677,69.5654809606283));
#10030=CARTESIAN_POINT('',(12.2897838111655,3.64573387536676,84.5654809606283));
#10031=CARTESIAN_POINT('',(13.2866954464078,2.37990381081216,69.5654809606283));
#10032=CARTESIAN_POINT('Origin',(4.79999999999998,-3.27836451084951,69.5654809606283));
#10033=CARTESIAN_POINT('',(13.2866954464079,2.37990381081215,84.5654809606283));
#10034=CARTESIAN_POINT('Origin',(13.8627428327623,2.95595119716656,84.5654809606283));
#10035=CARTESIAN_POINT('',(13.8627428327623,2.95595119716656,84.5654809606283));
#10036=CARTESIAN_POINT('',(12.9475319103694,2.04074027477373,84.5654809606283));
#10037=CARTESIAN_POINT('',(13.8627428327623,2.95595119716657,69.5654809606283));
#10038=CARTESIAN_POINT('',(12.9475319103694,2.04074027477374,69.5654809606283));
#10039=CARTESIAN_POINT('',(13.8627428327623,2.95595119716656,84.5654809606283));
#10040=CARTESIAN_POINT('Origin',(4.8,-3.27836451084952,84.5654809606283));
#10041=CARTESIAN_POINT('',(11.0343157080161,5.78437832191275,84.5654809606283));
#10042=CARTESIAN_POINT('Origin',(4.8,-3.27836451084952,84.5654809606283));
#10043=CARTESIAN_POINT('',(11.0343157080161,5.78437832191276,69.5654809606283));
#10044=CARTESIAN_POINT('Origin',(4.79999999999998,-3.27836451084951,69.5654809606283));
#10045=CARTESIAN_POINT('',(11.0343157080161,5.78437832191275,84.5654809606283));
#10046=CARTESIAN_POINT('Origin',(10.4582683216617,5.20833093555835,84.5654809606283));
#10047=CARTESIAN_POINT('',(10.4582683216617,5.20833093555835,84.5654809606283));
#10048=CARTESIAN_POINT('',(9.94658096478949,4.69664357868616,84.5654809606283));
#10049=CARTESIAN_POINT('',(10.4582683216617,5.20833093555835,69.5654809606283));
#10050=CARTESIAN_POINT('',(9.94658096478948,4.69664357868617,69.5654809606283));
#10051=CARTESIAN_POINT('',(10.4582683216617,5.20833093555835,84.5654809606283));
#10052=CARTESIAN_POINT('Origin',(4.8,-3.27836451084952,84.5654809606283));
#10053=CARTESIAN_POINT('',(11.7240983862163,4.211419300316,84.5654809606283));
#10054=CARTESIAN_POINT('Origin',(4.8,-3.27836451084952,84.5654809606283));
#10055=CARTESIAN_POINT('',(11.7240983862163,4.21141930031601,69.5654809606283));
#10056=CARTESIAN_POINT('Origin',(4.79999999999998,-3.27836451084951,69.5654809606283));
#10057=CARTESIAN_POINT('',(11.7240983862163,4.211419300316,84.5654809606283));
#10058=CARTESIAN_POINT('Origin',(10.7332653946934,3.22058630879312,84.5654809606283));
#10059=CARTESIAN_POINT('',(10.7332653946934,3.22058630879312,84.5654809606283));
#10060=CARTESIAN_POINT('',(10.2893388791084,2.77665979320813,84.5654809606283));
#10061=CARTESIAN_POINT('',(10.7332653946934,3.22058630879313,69.5654809606283));
#10062=CARTESIAN_POINT('',(10.2893388791084,2.77665979320813,69.5654809606283));
#10063=CARTESIAN_POINT('',(10.7332653946934,3.22058630879312,84.5654809606283));
#10064=CARTESIAN_POINT('Origin',(12.2897838111655,3.64573387536676,84.5654809606283));
#10065=CARTESIAN_POINT('',(11.2989508196426,2.65490088384388,84.5654809606283));
#10066=CARTESIAN_POINT('',(10.8550243040576,2.21097436825889,84.5654809606283));
#10067=CARTESIAN_POINT('',(11.2989508196426,2.65490088384389,69.5654809606283));
#10068=CARTESIAN_POINT('',(11.2989508196426,2.65490088384388,84.5654809606283));
#10069=CARTESIAN_POINT('',(10.8550243040576,2.21097436825889,69.5654809606283));
#10070=CARTESIAN_POINT('Origin',(4.8,-3.27836451084952,84.5654809606283));
#10071=CARTESIAN_POINT('',(5.20000000000001,5.51253987948485,69.5654809606283));
#10072=CARTESIAN_POINT('Origin',(4.8,-3.27836451084952,69.5654809606283));
#10073=CARTESIAN_POINT('',(5.20000000000001,5.51253987948485,84.5654809606283));
#10074=CARTESIAN_POINT('',(5.2,5.51253987948485,84.5654809606283));
#10075=CARTESIAN_POINT('Origin',(4.8,-3.27836451084952,84.5654809606283));
#10076=CARTESIAN_POINT('Origin',(4.8,-3.27836451084952,84.5654809606283));
#10077=CARTESIAN_POINT('',(13.5909043903344,-2.87836451084952,84.5654809606283));
#10078=CARTESIAN_POINT('Origin',(4.8,-3.27836451084952,84.5654809606283));
#10079=CARTESIAN_POINT('',(13.5909043903343,-2.8783645108495,69.5654809606283));
#10080=CARTESIAN_POINT('',(13.5909043903344,-2.87836451084952,84.5654809606283));
#10081=CARTESIAN_POINT('Origin',(4.8,-3.27836451084952,69.5654809606283));
#10082=CARTESIAN_POINT('Origin',(4.8,-3.27836451084952,84.5654809606283));
#10083=CARTESIAN_POINT('',(14.80199980004,-5.27836451084952,84.5654809606283));
#10084=CARTESIAN_POINT('',(14.9921538449927,-3.67836451084952,84.5654809606283));
#10085=CARTESIAN_POINT('Origin',(4.8,-3.27836451084952,84.5654809606283));
#10086=CARTESIAN_POINT('',(14.9921538449927,-3.6783645108495,69.5654809606283));
#10087=CARTESIAN_POINT('',(14.9921538449927,-3.67836451084952,84.5654809606283));
#10088=CARTESIAN_POINT('',(14.80199980004,-5.2783645108495,69.5654809606283));
#10089=CARTESIAN_POINT('Origin',(4.79999999999997,-3.27836451084949,69.5654809606283));
#10090=CARTESIAN_POINT('',(14.80199980004,-5.27836451084952,84.5654809606283));
#10091=CARTESIAN_POINT('Origin',(15.616653826392,-5.27836451084952,84.5654809606283));
#10092=CARTESIAN_POINT('',(15.616653826392,-5.27836451084952,84.5654809606283));
#10093=CARTESIAN_POINT('',(14.322350127512,-5.27836451084952,84.5654809606283));
#10094=CARTESIAN_POINT('',(15.6166538263919,-5.2783645108495,69.5654809606283));
#10095=CARTESIAN_POINT('',(14.322350127512,-5.2783645108495,69.5654809606283));
#10096=CARTESIAN_POINT('',(15.616653826392,-5.27836451084952,84.5654809606283));
#10097=CARTESIAN_POINT('Origin',(4.8,-3.27836451084952,84.5654809606283));
#10098=CARTESIAN_POINT('',(15.616653826392,-1.27836451084952,84.5654809606283));
#10099=CARTESIAN_POINT('Origin',(4.8,-3.27836451084952,84.5654809606283));
#10100=CARTESIAN_POINT('',(15.6166538263919,-1.2783645108495,69.5654809606283));
#10101=CARTESIAN_POINT('Origin',(4.79999999999997,-3.27836451084949,69.5654809606283));
#10102=CARTESIAN_POINT('',(15.616653826392,-1.27836451084952,84.5654809606283));
#10103=CARTESIAN_POINT('Origin',(14.80199980004,-1.27836451084952,84.5654809606283));
#10104=CARTESIAN_POINT('',(14.80199980004,-1.27836451084952,84.5654809606283));
#10105=CARTESIAN_POINT('',(14.0783646002565,-1.27836451084952,84.5654809606283));
#10106=CARTESIAN_POINT('',(14.80199980004,-1.2783645108495,69.5654809606283));
#10107=CARTESIAN_POINT('',(14.0783646002565,-1.2783645108495,69.5654809606283));
#10108=CARTESIAN_POINT('',(14.80199980004,-1.27836451084952,84.5654809606283));
#10109=CARTESIAN_POINT('Origin',(4.8,-3.27836451084952,84.5654809606283));
#10110=CARTESIAN_POINT('',(14.9921538449927,-2.87836451084952,84.5654809606283));
#10111=CARTESIAN_POINT('Origin',(4.8,-3.27836451084952,84.5654809606283));
#10112=CARTESIAN_POINT('',(14.9921538449927,-2.8783645108495,69.5654809606283));
#10113=CARTESIAN_POINT('Origin',(4.79999999999997,-3.27836451084949,69.5654809606283));
#10114=CARTESIAN_POINT('',(14.9921538449927,-2.87836451084952,84.5654809606283));
#10115=CARTESIAN_POINT('Origin',(13.5909043903344,-2.87836451084952,84.5654809606283));
#10116=CARTESIAN_POINT('',(12.963097491297,-2.87836451084952,84.5654809606283));
#10117=CARTESIAN_POINT('',(12.963097491297,-2.8783645108495,69.5654809606283));
#10118=CARTESIAN_POINT('Origin',(14.9921538449927,-3.67836451084952,84.5654809606283));
#10119=CARTESIAN_POINT('',(13.5909043903344,-3.67836451084953,84.5654809606283));
#10120=CARTESIAN_POINT('',(12.963097491297,-3.67836451084952,84.5654809606283));
#10121=CARTESIAN_POINT('',(13.5909043903343,-3.6783645108495,69.5654809606283));
#10122=CARTESIAN_POINT('',(13.5909043903344,-3.67836451084952,84.5654809606283));
#10123=CARTESIAN_POINT('',(12.963097491297,-3.6783645108495,69.5654809606283));
#10124=CARTESIAN_POINT('Origin',(4.8,-3.27836451084952,84.5654809606283));
#10125=CARTESIAN_POINT('',(11.2989508196426,-9.21162990554292,84.5654809606283));
#10126=CARTESIAN_POINT('Origin',(4.8,-3.27836451084952,84.5654809606283));
#10127=CARTESIAN_POINT('',(11.2989508196426,-9.21162990554288,69.5654809606283));
#10128=CARTESIAN_POINT('',(11.2989508196426,-9.21162990554292,84.5654809606283));
#10129=CARTESIAN_POINT('Origin',(4.8,-3.27836451084952,69.5654809606283));
#10130=CARTESIAN_POINT('Origin',(4.8,-3.27836451084952,84.5654809606283));
#10131=CARTESIAN_POINT('',(10.4582683216617,-11.7650599572574,84.5654809606283));
#10132=CARTESIAN_POINT('',(11.7240983862163,-10.768148322015,84.5654809606283));
#10133=CARTESIAN_POINT('Origin',(4.8,-3.27836451084952,84.5654809606283));
#10134=CARTESIAN_POINT('',(11.7240983862163,-10.768148322015,69.5654809606283));
#10135=CARTESIAN_POINT('',(11.7240983862163,-10.768148322015,84.5654809606283));
#10136=CARTESIAN_POINT('',(10.4582683216617,-11.7650599572573,69.5654809606283));
#10137=CARTESIAN_POINT('Origin',(4.79999999999998,-3.27836451084947,69.5654809606283));
#10138=CARTESIAN_POINT('',(10.4582683216617,-11.7650599572574,84.5654809606283));
#10139=CARTESIAN_POINT('Origin',(11.0343157080161,-12.3411073436118,84.5654809606283));
#10140=CARTESIAN_POINT('',(11.0343157080161,-12.3411073436118,84.5654809606283));
#10141=CARTESIAN_POINT('',(10.1191047856232,-11.425896421219,84.5654809606283));
#10142=CARTESIAN_POINT('',(11.0343157080161,-12.3411073436117,69.5654809606283));
#10143=CARTESIAN_POINT('',(10.1191047856232,-11.4258964212189,69.5654809606283));
#10144=CARTESIAN_POINT('',(11.0343157080161,-12.3411073436118,84.5654809606283));
#10145=CARTESIAN_POINT('Origin',(4.8,-3.27836451084952,84.5654809606283));
#10146=CARTESIAN_POINT('',(13.8627428327623,-9.5126802188656,84.5654809606283));
#10147=CARTESIAN_POINT('Origin',(4.8,-3.27836451084952,84.5654809606283));
#10148=CARTESIAN_POINT('',(13.8627428327623,-9.51268021886556,69.5654809606283));
#10149=CARTESIAN_POINT('Origin',(4.79999999999998,-3.27836451084947,69.5654809606283));
#10150=CARTESIAN_POINT('',(13.8627428327623,-9.5126802188656,84.5654809606283));
#10151=CARTESIAN_POINT('Origin',(13.2866954464079,-8.93663283251119,84.5654809606283));
#10152=CARTESIAN_POINT('',(13.2866954464079,-8.93663283251119,84.5654809606283));
#10153=CARTESIAN_POINT('',(12.7750080895357,-8.42494547563901,84.5654809606283));
#10154=CARTESIAN_POINT('',(13.2866954464078,-8.93663283251115,69.5654809606283));
#10155=CARTESIAN_POINT('',(12.7750080895357,-8.42494547563897,69.5654809606283));
#10156=CARTESIAN_POINT('',(13.2866954464079,-8.93663283251119,84.5654809606283));
#10157=CARTESIAN_POINT('Origin',(4.8,-3.27836451084952,84.5654809606283));
#10158=CARTESIAN_POINT('',(12.2897838111655,-10.2024628970658,84.5654809606283));
#10159=CARTESIAN_POINT('Origin',(4.8,-3.27836451084952,84.5654809606283));
#10160=CARTESIAN_POINT('',(12.2897838111655,-10.2024628970658,69.5654809606283));
#10161=CARTESIAN_POINT('Origin',(4.79999999999998,-3.27836451084947,69.5654809606283));
#10162=CARTESIAN_POINT('',(12.2897838111655,-10.2024628970658,84.5654809606283));
#10163=CARTESIAN_POINT('Origin',(11.2989508196426,-9.21162990554292,84.5654809606283));
#10164=CARTESIAN_POINT('',(10.8550243040576,-8.76770338995793,84.5654809606283));
#10165=CARTESIAN_POINT('',(10.8550243040576,-8.76770338995789,69.5654809606283));
#10166=CARTESIAN_POINT('Origin',(11.7240983862163,-10.768148322015,84.5654809606283));
#10167=CARTESIAN_POINT('',(10.7332653946934,-9.77731533049216,84.5654809606283));
#10168=CARTESIAN_POINT('',(10.2893388791084,-9.33338881490717,84.5654809606283));
#10169=CARTESIAN_POINT('',(10.7332653946934,-9.77731533049212,69.5654809606283));
#10170=CARTESIAN_POINT('',(10.7332653946934,-9.77731533049216,84.5654809606283));
#10171=CARTESIAN_POINT('',(10.2893388791084,-9.33338881490712,69.5654809606283));
#10172=CARTESIAN_POINT('Origin',(4.8,-3.27836451084952,84.5654809606283));
#10173=CARTESIAN_POINT('',(5.2,-12.0692689011839,84.5654809606283));
#10174=CARTESIAN_POINT('Origin',(4.8,-3.27836451084952,84.5654809606283));
#10175=CARTESIAN_POINT('',(5.2,-12.0692689011838,69.5654809606283));
#10176=CARTESIAN_POINT('',(5.19999999999999,-12.0692689011839,84.5654809606283));
#10177=CARTESIAN_POINT('Origin',(4.8,-3.27836451084952,69.5654809606283));
#10178=CARTESIAN_POINT('Origin',(4.8,-3.27836451084952,84.5654809606283));
#10179=CARTESIAN_POINT('',(2.79999999999999,-13.2803643108895,84.5654809606283));
#10180=CARTESIAN_POINT('',(4.39999999999999,-13.4705183558422,84.5654809606283));
#10181=CARTESIAN_POINT('Origin',(4.8,-3.27836451084952,84.5654809606283));
#10182=CARTESIAN_POINT('',(4.39999999999999,-13.4705183558422,69.5654809606283));
#10183=CARTESIAN_POINT('',(4.39999999999999,-13.4705183558422,84.5654809606283));
#10184=CARTESIAN_POINT('',(2.79999999999999,-13.2803643108895,69.5654809606283));
#10185=CARTESIAN_POINT('Origin',(4.8,-3.27836451084947,69.5654809606283));
#10186=CARTESIAN_POINT('',(2.79999999999999,-13.2803643108895,84.5654809606283));
#10187=CARTESIAN_POINT('Origin',(2.79999999999999,-14.0950183372415,84.5654809606283));
#10188=CARTESIAN_POINT('',(2.79999999999999,-14.0950183372415,84.5654809606283));
#10189=CARTESIAN_POINT('',(2.79999999999999,-12.8007146383615,84.5654809606283));
#10190=CARTESIAN_POINT('',(2.79999999999999,-14.0950183372414,69.5654809606283));
#10191=CARTESIAN_POINT('',(2.79999999999999,-12.8007146383615,69.5654809606283));
#10192=CARTESIAN_POINT('',(2.79999999999999,-14.0950183372415,84.5654809606283));
#10193=CARTESIAN_POINT('Origin',(4.8,-3.27836451084952,84.5654809606283));
#10194=CARTESIAN_POINT('',(6.8,-14.0950183372415,84.5654809606283));
#10195=CARTESIAN_POINT('Origin',(4.8,-3.27836451084952,84.5654809606283));
#10196=CARTESIAN_POINT('',(6.8,-14.0950183372414,69.5654809606283));
#10197=CARTESIAN_POINT('Origin',(4.8,-3.27836451084947,69.5654809606283));
#10198=CARTESIAN_POINT('',(6.8,-14.0950183372415,84.5654809606283));
#10199=CARTESIAN_POINT('Origin',(6.8,-13.2803643108895,84.5654809606283));
#10200=CARTESIAN_POINT('',(6.8,-13.2803643108895,84.5654809606283));
#10201=CARTESIAN_POINT('',(6.8,-12.556729111106,84.5654809606283));
#10202=CARTESIAN_POINT('',(6.8,-13.2803643108895,69.5654809606283));
#10203=CARTESIAN_POINT('',(6.8,-12.556729111106,69.5654809606283));
#10204=CARTESIAN_POINT('',(6.8,-13.2803643108895,84.5654809606283));
#10205=CARTESIAN_POINT('Origin',(4.8,-3.27836451084952,84.5654809606283));
#10206=CARTESIAN_POINT('',(5.19999999999999,-13.4705183558422,84.5654809606283));
#10207=CARTESIAN_POINT('Origin',(4.8,-3.27836451084952,84.5654809606283));
#10208=CARTESIAN_POINT('',(5.19999999999999,-13.4705183558422,69.5654809606283));
#10209=CARTESIAN_POINT('Origin',(4.8,-3.27836451084947,69.5654809606283));
#10210=CARTESIAN_POINT('',(5.19999999999999,-13.4705183558422,84.5654809606283));
#10211=CARTESIAN_POINT('Origin',(5.2,-12.0692689011839,84.5654809606283));
#10212=CARTESIAN_POINT('',(5.2,-11.4414620021465,84.5654809606283));
#10213=CARTESIAN_POINT('',(5.2,-11.4414620021465,69.5654809606283));
#10214=CARTESIAN_POINT('Origin',(4.39999999999999,-13.4705183558422,84.5654809606283));
#10215=CARTESIAN_POINT('',(4.39999999999999,-12.0692689011839,84.5654809606283));
#10216=CARTESIAN_POINT('',(4.4,-11.4414620021465,84.5654809606283));
#10217=CARTESIAN_POINT('',(4.39999999999999,-12.0692689011838,69.5654809606283));
#10218=CARTESIAN_POINT('',(4.39999999999999,-12.0692689011839,84.5654809606283));
#10219=CARTESIAN_POINT('',(4.4,-11.4414620021465,69.5654809606283));
#10220=CARTESIAN_POINT('Origin',(4.8,-3.27836451084952,84.5654809606283));
#10221=CARTESIAN_POINT('',(-1.13326539469341,-9.77731533049215,84.5654809606283));
#10222=CARTESIAN_POINT('Origin',(4.8,-3.27836451084952,84.5654809606283));
#10223=CARTESIAN_POINT('',(-1.13326539469339,-9.77731533049211,69.5654809606283));
#10224=CARTESIAN_POINT('',(-1.13326539469341,-9.77731533049215,84.5654809606283));
#10225=CARTESIAN_POINT('Origin',(4.8,-3.27836451084952,69.5654809606283));
#10226=CARTESIAN_POINT('Origin',(4.8,-3.27836451084951,84.5654809606283));
#10227=CARTESIAN_POINT('',(-3.68669544640787,-8.93663283251118,84.5654809606283));
#10228=CARTESIAN_POINT('',(-2.68978381116552,-10.2024628970658,84.5654809606283));
#10229=CARTESIAN_POINT('Origin',(4.8,-3.27836451084951,84.5654809606283));
#10230=CARTESIAN_POINT('',(-2.68978381116551,-10.2024628970658,69.5654809606283));
#10231=CARTESIAN_POINT('',(-2.68978381116552,-10.2024628970658,84.5654809606283));
#10232=CARTESIAN_POINT('',(-3.68669544640785,-8.93663283251114,69.5654809606283));
#10233=CARTESIAN_POINT('Origin',(4.80000000000001,-3.27836451084947,69.5654809606283));
#10234=CARTESIAN_POINT('',(-3.68669544640787,-8.93663283251118,84.5654809606283));
#10235=CARTESIAN_POINT('Origin',(-4.26274283276228,-9.51268021886559,84.5654809606283));
#10236=CARTESIAN_POINT('',(-4.26274283276228,-9.51268021886559,84.5654809606283));
#10237=CARTESIAN_POINT('',(-3.34753191036944,-8.59746929647276,84.5654809606283));
#10238=CARTESIAN_POINT('',(-4.26274283276226,-9.51268021886555,69.5654809606283));
#10239=CARTESIAN_POINT('',(-3.34753191036943,-8.59746929647272,69.5654809606283));
#10240=CARTESIAN_POINT('',(-4.26274283276228,-9.51268021886559,84.5654809606283));
#10241=CARTESIAN_POINT('Origin',(4.8,-3.27836451084951,84.5654809606283));
#10242=CARTESIAN_POINT('',(-1.43431570801609,-12.3411073436118,84.5654809606282));
#10243=CARTESIAN_POINT('Origin',(4.8,-3.27836451084951,84.5654809606283));
#10244=CARTESIAN_POINT('',(-1.43431570801607,-12.3411073436117,69.5654809606282));
#10245=CARTESIAN_POINT('Origin',(4.80000000000001,-3.27836451084947,69.5654809606283));
#10246=CARTESIAN_POINT('',(-1.43431570801609,-12.3411073436118,84.5654809606282));
#10247=CARTESIAN_POINT('Origin',(-0.858268321661677,-11.7650599572574,84.5654809606282));
#10248=CARTESIAN_POINT('',(-0.858268321661677,-11.7650599572574,84.5654809606282));
#10249=CARTESIAN_POINT('',(-0.346580964789496,-11.2533726003852,84.5654809606283));
#10250=CARTESIAN_POINT('',(-0.858268321661659,-11.7650599572573,69.5654809606282));
#10251=CARTESIAN_POINT('',(-0.346580964789478,-11.2533726003852,69.5654809606283));
#10252=CARTESIAN_POINT('',(-0.858268321661677,-11.7650599572574,84.5654809606282));
#10253=CARTESIAN_POINT('Origin',(4.8,-3.27836451084951,84.5654809606283));
#10254=CARTESIAN_POINT('',(-2.12409838621629,-10.768148322015,84.5654809606283));
#10255=CARTESIAN_POINT('Origin',(4.8,-3.27836451084951,84.5654809606283));
#10256=CARTESIAN_POINT('',(-2.12409838621627,-10.768148322015,69.5654809606283));
#10257=CARTESIAN_POINT('Origin',(4.80000000000001,-3.27836451084947,69.5654809606283));
#10258=CARTESIAN_POINT('',(-2.12409838621629,-10.768148322015,84.5654809606283));
#10259=CARTESIAN_POINT('Origin',(-1.13326539469341,-9.77731533049215,84.5654809606283));
#10260=CARTESIAN_POINT('',(-0.689338879108412,-9.33338881490716,84.5654809606283));
#10261=CARTESIAN_POINT('',(-0.689338879108394,-9.33338881490712,69.5654809606283));
#10262=CARTESIAN_POINT('Origin',(-2.68978381116552,-10.2024628970658,84.5654809606283));
#10263=CARTESIAN_POINT('',(-1.69895081964265,-9.21162990554291,84.5654809606283));
#10264=CARTESIAN_POINT('',(-1.25502430405765,-8.76770338995792,84.5654809606283));
#10265=CARTESIAN_POINT('',(-1.69895081964263,-9.21162990554287,69.5654809606283));
#10266=CARTESIAN_POINT('',(-1.69895081964265,-9.21162990554291,84.5654809606283));
#10267=CARTESIAN_POINT('',(-1.25502430405763,-8.76770338995788,69.5654809606283));
#10268=CARTESIAN_POINT('Origin',(4.8,-3.27836451084952,84.5654809606283));
#10269=CARTESIAN_POINT('',(-3.99090439033436,-3.67836451084951,84.5654809606283));
#10270=CARTESIAN_POINT('Origin',(4.8,-3.27836451084952,84.5654809606283));
#10271=CARTESIAN_POINT('',(-3.99090439033434,-3.67836451084949,69.5654809606283));
#10272=CARTESIAN_POINT('',(-3.99090439033437,-3.67836451084951,84.5654809606283));
#10273=CARTESIAN_POINT('Origin',(4.8,-3.27836451084952,69.5654809606283));
#10274=CARTESIAN_POINT('Origin',(4.8,-3.27836451084951,84.5654809606283));
#10275=CARTESIAN_POINT('',(-5.20199980003999,-1.27836451084951,84.5654809606283));
#10276=CARTESIAN_POINT('',(-5.39215384499273,-2.87836451084951,84.5654809606283));
#10277=CARTESIAN_POINT('Origin',(4.8,-3.27836451084951,84.5654809606283));
#10278=CARTESIAN_POINT('',(-5.3921538449927,-2.87836451084949,69.5654809606283));
#10279=CARTESIAN_POINT('',(-5.39215384499273,-2.87836451084951,84.5654809606283));
#10280=CARTESIAN_POINT('',(-5.20199980003996,-1.27836451084949,69.5654809606283));
#10281=CARTESIAN_POINT('Origin',(4.80000000000002,-3.27836451084949,69.5654809606283));
#10282=CARTESIAN_POINT('',(-5.20199980003999,-1.27836451084951,84.5654809606283));
#10283=CARTESIAN_POINT('Origin',(-6.01665382639197,-1.27836451084951,84.5654809606283));
#10284=CARTESIAN_POINT('',(-6.01665382639197,-1.27836451084951,84.5654809606283));
#10285=CARTESIAN_POINT('',(-4.72235012751203,-1.27836451084951,84.5654809606283));
#10286=CARTESIAN_POINT('',(-6.01665382639194,-1.27836451084949,69.5654809606283));
#10287=CARTESIAN_POINT('',(-4.72235012751201,-1.27836451084949,69.5654809606283));
#10288=CARTESIAN_POINT('',(-6.01665382639197,-1.27836451084951,84.5654809606283));
#10289=CARTESIAN_POINT('Origin',(4.8,-3.27836451084951,84.5654809606283));
#10290=CARTESIAN_POINT('',(-6.01665382639197,-5.27836451084951,84.5654809606283));
#10291=CARTESIAN_POINT('Origin',(4.8,-3.27836451084951,84.5654809606283));
#10292=CARTESIAN_POINT('',(-6.01665382639195,-5.27836451084949,69.5654809606283));
#10293=CARTESIAN_POINT('Origin',(4.80000000000002,-3.27836451084949,69.5654809606283));
#10294=CARTESIAN_POINT('',(-6.01665382639197,-5.27836451084951,84.5654809606283));
#10295=CARTESIAN_POINT('Origin',(-5.20199980003999,-5.27836451084951,84.5654809606283));
#10296=CARTESIAN_POINT('',(-5.20199980003999,-5.27836451084951,84.5654809606283));
#10297=CARTESIAN_POINT('',(-4.47836460025651,-5.27836451084951,84.5654809606283));
#10298=CARTESIAN_POINT('',(-5.20199980003997,-5.27836451084949,69.5654809606283));
#10299=CARTESIAN_POINT('',(-4.47836460025649,-5.27836451084949,69.5654809606283));
#10300=CARTESIAN_POINT('',(-5.20199980003999,-5.27836451084951,84.5654809606283));
#10301=CARTESIAN_POINT('Origin',(4.8,-3.27836451084951,84.5654809606283));
#10302=CARTESIAN_POINT('',(-5.39215384499273,-3.67836451084951,84.5654809606283));
#10303=CARTESIAN_POINT('Origin',(4.8,-3.27836451084951,84.5654809606283));
#10304=CARTESIAN_POINT('',(-5.3921538449927,-3.67836451084949,69.5654809606283));
#10305=CARTESIAN_POINT('Origin',(4.80000000000002,-3.27836451084949,69.5654809606283));
#10306=CARTESIAN_POINT('',(-5.39215384499273,-3.67836451084951,84.5654809606283));
#10307=CARTESIAN_POINT('Origin',(-3.99090439033436,-3.67836451084951,84.5654809606283));
#10308=CARTESIAN_POINT('',(-3.36309749129703,-3.67836451084951,84.5654809606283));
#10309=CARTESIAN_POINT('',(-3.36309749129701,-3.67836451084949,69.5654809606283));
#10310=CARTESIAN_POINT('Origin',(-5.39215384499273,-2.87836451084951,84.5654809606283));
#10311=CARTESIAN_POINT('',(-3.99090439033436,-2.87836451084951,84.5654809606283));
#10312=CARTESIAN_POINT('',(-3.36309749129703,-2.87836451084951,84.5654809606283));
#10313=CARTESIAN_POINT('',(-3.99090439033434,-2.87836451084948,69.5654809606283));
#10314=CARTESIAN_POINT('',(-3.99090439033437,-2.87836451084951,84.5654809606283));
#10315=CARTESIAN_POINT('',(-3.36309749129701,-2.87836451084949,69.5654809606283));
#10316=CARTESIAN_POINT('Origin',(4.8,-3.27836451084952,84.5654809606283));
#10317=CARTESIAN_POINT('',(-1.69895081964264,2.65490088384389,84.5654809606283));
#10318=CARTESIAN_POINT('Origin',(4.8,-3.27836451084952,84.5654809606283));
#10319=CARTESIAN_POINT('',(-1.69895081964262,2.6549008838439,69.5654809606283));
#10320=CARTESIAN_POINT('',(-1.69895081964264,2.65490088384389,84.5654809606283));
#10321=CARTESIAN_POINT('Origin',(4.8,-3.27836451084952,69.5654809606283));
#10322=CARTESIAN_POINT('Origin',(4.8,-3.27836451084951,84.5654809606283));
#10323=CARTESIAN_POINT('',(-0.85826832166167,5.20833093555835,84.5654809606283));
#10324=CARTESIAN_POINT('',(-2.12409838621628,4.21141930031601,84.5654809606283));
#10325=CARTESIAN_POINT('Origin',(4.8,-3.27836451084951,84.5654809606283));
#10326=CARTESIAN_POINT('',(-2.12409838621626,4.21141930031601,69.5654809606283));
#10327=CARTESIAN_POINT('',(-2.12409838621628,4.21141930031601,84.5654809606283));
#10328=CARTESIAN_POINT('',(-0.858268321661653,5.20833093555836,69.5654809606283));
#10329=CARTESIAN_POINT('Origin',(4.80000000000002,-3.27836451084951,69.5654809606283));
#10330=CARTESIAN_POINT('',(-0.85826832166167,5.20833093555835,84.5654809606283));
#10331=CARTESIAN_POINT('Origin',(-1.43431570801608,5.78437832191276,84.5654809606283));
#10332=CARTESIAN_POINT('',(-1.43431570801608,5.78437832191276,84.5654809606283));
#10333=CARTESIAN_POINT('',(-0.51910478562325,4.86916739951993,84.5654809606283));
#10334=CARTESIAN_POINT('',(-1.43431570801606,5.78437832191277,69.5654809606283));
#10335=CARTESIAN_POINT('',(-0.519104785623232,4.86916739951993,69.5654809606283));
#10336=CARTESIAN_POINT('',(-1.43431570801608,5.78437832191276,84.5654809606283));
#10337=CARTESIAN_POINT('Origin',(4.8,-3.27836451084951,84.5654809606283));
#10338=CARTESIAN_POINT('',(-4.26274283276227,2.95595119716657,84.5654809606283));
#10339=CARTESIAN_POINT('Origin',(4.8,-3.27836451084951,84.5654809606283));
#10340=CARTESIAN_POINT('',(-4.26274283276226,2.95595119716658,69.5654809606283));
#10341=CARTESIAN_POINT('Origin',(4.80000000000002,-3.27836451084951,69.5654809606283));
#10342=CARTESIAN_POINT('',(-4.26274283276227,2.95595119716657,84.5654809606283));
#10343=CARTESIAN_POINT('Origin',(-3.68669544640786,2.37990381081216,84.5654809606283));
#10344=CARTESIAN_POINT('',(-3.68669544640786,2.37990381081216,84.5654809606283));
#10345=CARTESIAN_POINT('',(-3.17500808953568,1.86821645393998,84.5654809606283));
#10346=CARTESIAN_POINT('',(-3.68669544640785,2.37990381081217,69.5654809606283));
#10347=CARTESIAN_POINT('',(-3.17500808953566,1.86821645393999,69.5654809606283));
#10348=CARTESIAN_POINT('',(-3.68669544640786,2.37990381081216,84.5654809606283));
#10349=CARTESIAN_POINT('Origin',(4.8,-3.27836451084951,84.5654809606283));
#10350=CARTESIAN_POINT('',(-2.68978381116552,3.64573387536677,84.5654809606283));
#10351=CARTESIAN_POINT('Origin',(4.8,-3.27836451084951,84.5654809606283));
#10352=CARTESIAN_POINT('',(-2.6897838111655,3.64573387536678,69.5654809606283));
#10353=CARTESIAN_POINT('Origin',(4.80000000000002,-3.27836451084951,69.5654809606283));
#10354=CARTESIAN_POINT('',(-2.68978381116552,3.64573387536677,84.5654809606283));
#10355=CARTESIAN_POINT('Origin',(-1.69895081964264,2.65490088384389,84.5654809606283));
#10356=CARTESIAN_POINT('',(-1.25502430405765,2.2109743682589,84.5654809606283));
#10357=CARTESIAN_POINT('',(-1.25502430405763,2.2109743682589,69.5654809606283));
#10358=CARTESIAN_POINT('Origin',(-2.12409838621628,4.21141930031601,84.5654809606283));
#10359=CARTESIAN_POINT('',(-1.1332653946934,3.22058630879313,84.5654809606283));
#10360=CARTESIAN_POINT('',(-0.689338879108408,2.77665979320813,84.5654809606283));
#10361=CARTESIAN_POINT('',(-1.13326539469338,3.22058630879314,69.5654809606283));
#10362=CARTESIAN_POINT('',(-1.1332653946934,3.22058630879313,84.5654809606283));
#10363=CARTESIAN_POINT('',(-0.68933887910839,2.77665979320814,69.5654809606283));
#10364=CARTESIAN_POINT('Origin',(4.8,-3.27836451084952,84.5654809606283));
#10365=CARTESIAN_POINT('',(4.4,5.51253987948485,84.5654809606283));
#10366=CARTESIAN_POINT('Origin',(4.8,-3.27836451084952,84.5654809606283));
#10367=CARTESIAN_POINT('',(4.4,5.51253987948485,69.5654809606283));
#10368=CARTESIAN_POINT('',(4.4,5.51253987948485,84.5654809606283));
#10369=CARTESIAN_POINT('Origin',(4.8,-3.27836451084952,69.5654809606283));
#10370=CARTESIAN_POINT('Origin',(4.8,-3.27836451084952,84.5654809606283));
#10371=CARTESIAN_POINT('',(6.8,6.72363528919047,84.5654809606283));
#10372=CARTESIAN_POINT('',(5.2,6.91378933414321,84.5654809606283));
#10373=CARTESIAN_POINT('Origin',(4.8,-3.27836451084952,84.5654809606283));
#10374=CARTESIAN_POINT('',(5.2,6.91378933414321,69.5654809606283));
#10375=CARTESIAN_POINT('',(5.2,6.91378933414321,84.5654809606283));
#10376=CARTESIAN_POINT('',(6.8,6.72363528919047,69.5654809606283));
#10377=CARTESIAN_POINT('Origin',(4.8,-3.27836451084952,69.5654809606283));
#10378=CARTESIAN_POINT('',(6.8,6.72363528919047,84.5654809606283));
#10379=CARTESIAN_POINT('Origin',(6.8,7.53828931554245,84.5654809606283));
#10380=CARTESIAN_POINT('',(6.8,7.53828931554245,84.5654809606283));
#10381=CARTESIAN_POINT('',(6.8,6.24398561666252,84.5654809606283));
#10382=CARTESIAN_POINT('',(6.8,7.53828931554245,69.5654809606283));
#10383=CARTESIAN_POINT('',(6.8,6.24398561666252,69.5654809606283));
#10384=CARTESIAN_POINT('',(6.8,7.53828931554245,84.5654809606283));
#10385=CARTESIAN_POINT('Origin',(4.8,-3.27836451084952,84.5654809606283));
#10386=CARTESIAN_POINT('',(2.8,7.53828931554245,84.5654809606283));
#10387=CARTESIAN_POINT('Origin',(4.8,-3.27836451084952,84.5654809606283));
#10388=CARTESIAN_POINT('',(2.8,7.53828931554245,69.5654809606283));
#10389=CARTESIAN_POINT('Origin',(4.8,-3.27836451084952,69.5654809606283));
#10390=CARTESIAN_POINT('',(2.8,7.53828931554245,84.5654809606283));
#10391=CARTESIAN_POINT('Origin',(2.8,6.72363528919047,84.5654809606283));
#10392=CARTESIAN_POINT('',(2.8,6.72363528919047,84.5654809606283));
#10393=CARTESIAN_POINT('',(2.8,6.00000008940699,84.5654809606283));
#10394=CARTESIAN_POINT('',(2.8,6.72363528919047,69.5654809606283));
#10395=CARTESIAN_POINT('',(2.8,6.00000008940699,69.5654809606283));
#10396=CARTESIAN_POINT('',(2.8,6.72363528919047,84.5654809606283));
#10397=CARTESIAN_POINT('Origin',(4.8,-3.27836451084952,84.5654809606283));
#10398=CARTESIAN_POINT('',(4.4,6.91378933414321,84.5654809606283));
#10399=CARTESIAN_POINT('Origin',(4.8,-3.27836451084952,84.5654809606283));
#10400=CARTESIAN_POINT('',(4.4,6.91378933414321,69.5654809606283));
#10401=CARTESIAN_POINT('Origin',(4.8,-3.27836451084952,69.5654809606283));
#10402=CARTESIAN_POINT('',(4.4,6.91378933414321,84.5654809606283));
#10403=CARTESIAN_POINT('Origin',(4.4,5.51253987948485,84.5654809606283));
#10404=CARTESIAN_POINT('',(4.4,4.88473298044752,84.5654809606283));
#10405=CARTESIAN_POINT('',(4.4,4.88473298044752,69.5654809606283));
#10406=CARTESIAN_POINT('Origin',(5.2,6.91378933414321,84.5654809606283));
#10407=CARTESIAN_POINT('',(5.2,4.88473298044752,84.5654809606283));
#10408=CARTESIAN_POINT('',(5.2,4.88473298044752,69.5654809606283));
#10409=CARTESIAN_POINT('Origin',(4.8,-3.27836451084952,69.5654809606283));
#10410=CARTESIAN_POINT('',(10.8,-3.27836451084952,69.5654809606283));
#10411=CARTESIAN_POINT('Origin',(4.8,-3.27836451084952,69.5654809606283));
#10412=CARTESIAN_POINT('',(10.8,-3.27836451084952,70.5654809606283));
#10413=CARTESIAN_POINT('',(10.8,-3.27836451084952,69.5654809606283));
#10414=CARTESIAN_POINT('Origin',(4.8,-3.27836451084952,70.5654809606283));
#10415=CARTESIAN_POINT('Origin',(4.8,-3.27836451084952,70.5654809606283));
#10416=CARTESIAN_POINT('',(8.8,-3.27836451084952,70.5654809606283));
#10417=CARTESIAN_POINT('Origin',(4.8,-3.27836451084952,70.5654809606283));
#10418=CARTESIAN_POINT('Origin',(4.8,-3.27836451084952,83.5654809606283));
#10419=CARTESIAN_POINT('',(-3.2,-3.27836451084952,84.5654809606283));
#10420=CARTESIAN_POINT('Origin',(4.8,-3.27836451084952,84.5654809606283));
#10421=CARTESIAN_POINT('',(-1.2,-3.27836451084951,82.5654809606283));
#10422=CARTESIAN_POINT('',(-2.2,-3.27836451084952,83.5654809606283));
#10423=CARTESIAN_POINT('Origin',(4.8,-3.27836451084952,82.5654809606283));
#10424=CARTESIAN_POINT('Origin',(4.8,-3.27836451084952,84.5654809606283));
#10425=CARTESIAN_POINT('Origin',(4.8,-3.27836451084952,82.5654809606283));
#10426=CARTESIAN_POINT('',(8.8,-3.27836451084952,82.5654809606283));
#10427=CARTESIAN_POINT('Origin',(4.8,-3.27836451084952,82.5654809606283));
#10428=CARTESIAN_POINT('Origin',(4.8,-3.27836451084952,84.5654809606283));
#10429=CARTESIAN_POINT('',(8.8,-3.27836451084952,84.5654809606283));
#10430=CARTESIAN_POINT('Origin',(4.8,-3.27836451084952,69.5654809606283));
#10431=CARTESIAN_POINT('',(8.8,-3.27836451084952,72.5654809606283));
#10432=CARTESIAN_POINT('',(8.8,-3.27836451084952,69.5654809606283));
#10433=CARTESIAN_POINT('Origin',(4.8,-3.27836451084952,72.5654809606283));
#10434=CARTESIAN_POINT('Origin',(4.8,-3.27836451084952,72.5654809606283));
#10435=CARTESIAN_POINT('',(1.6,-3.27836451084952,72.5654809606283));
#10436=CARTESIAN_POINT('Origin',(4.8,-3.27836451084952,72.5654809606283));
#10437=CARTESIAN_POINT('Origin',(4.8,-3.27836451084952,84.5654809606283));
#10438=CARTESIAN_POINT('',(1.6,-3.27836451084951,84.5654809606283));
#10439=CARTESIAN_POINT('Origin',(4.8,-3.27836451084949,69.5654809606283));
#10440=CARTESIAN_POINT('',(11.,2.36581587653717E-14,-11.));
#10441=UNCERTAINTY_MEASURE_WITH_UNIT(LENGTH_MEASURE(0.01),#10449,
'DISTANCE_ACCURACY_VALUE',
'Maximum model space distance between geometric entities at asserted c
onnectivities');
#10442=UNCERTAINTY_MEASURE_WITH_UNIT(LENGTH_MEASURE(0.01),#10449,
'DISTANCE_ACCURACY_VALUE',
'Maximum model space distance between geometric entities at asserted c
onnectivities');
#10443=UNCERTAINTY_MEASURE_WITH_UNIT(LENGTH_MEASURE(0.01),#10449,
'DISTANCE_ACCURACY_VALUE',
'Maximum model space distance between geometric entities at asserted c
onnectivities');
#10444=UNCERTAINTY_MEASURE_WITH_UNIT(LENGTH_MEASURE(0.01),#10449,
'DISTANCE_ACCURACY_VALUE',
'Maximum model space distance between geometric entities at asserted c
onnectivities');
#10445=(
GEOMETRIC_REPRESENTATION_CONTEXT(3)
GLOBAL_UNCERTAINTY_ASSIGNED_CONTEXT((#10441))
GLOBAL_UNIT_ASSIGNED_CONTEXT((#10449,#10451,#10452))
REPRESENTATION_CONTEXT('','3D')
);
#10446=(
GEOMETRIC_REPRESENTATION_CONTEXT(3)
GLOBAL_UNCERTAINTY_ASSIGNED_CONTEXT((#10442))
GLOBAL_UNIT_ASSIGNED_CONTEXT((#10449,#10451,#10452))
REPRESENTATION_CONTEXT('','3D')
);
#10447=(
GEOMETRIC_REPRESENTATION_CONTEXT(3)
GLOBAL_UNCERTAINTY_ASSIGNED_CONTEXT((#10443))
GLOBAL_UNIT_ASSIGNED_CONTEXT((#10449,#10451,#10452))
REPRESENTATION_CONTEXT('','3D')
);
#10448=(
GEOMETRIC_REPRESENTATION_CONTEXT(3)
GLOBAL_UNCERTAINTY_ASSIGNED_CONTEXT((#10444))
GLOBAL_UNIT_ASSIGNED_CONTEXT((#10449,#10451,#10452))
REPRESENTATION_CONTEXT('','3D')
);
#10449=(
LENGTH_UNIT()
NAMED_UNIT(*)
SI_UNIT(.MILLI.,.METRE.)
);
#10450=(
LENGTH_UNIT()
NAMED_UNIT(*)
SI_UNIT($,.METRE.)
);
#10451=(
NAMED_UNIT(*)
PLANE_ANGLE_UNIT()
SI_UNIT($,.RADIAN.)
);
#10452=(
NAMED_UNIT(*)
SI_UNIT($,.STERADIAN.)
SOLID_ANGLE_UNIT()
);
#10453=SHAPE_DEFINITION_REPRESENTATION(#10456,#10461);
#10454=SHAPE_DEFINITION_REPRESENTATION(#10457,#10462);
#10455=SHAPE_DEFINITION_REPRESENTATION(#10458,#10463);
#10456=PRODUCT_DEFINITION_SHAPE('',$,#10465);
#10457=PRODUCT_DEFINITION_SHAPE('',$,#10466);
#10458=PRODUCT_DEFINITION_SHAPE('',$,#10467);
#10459=PRODUCT_DEFINITION_SHAPE($,$,#19);
#10460=PRODUCT_DEFINITION_SHAPE($,$,#20);
#10461=SHAPE_REPRESENTATION('',(#6133,#6765),#10445);
#10462=SHAPE_REPRESENTATION('',(#6134,#6434),#10446);
#10463=SHAPE_REPRESENTATION('',(#6135),#10447);
#10464=PRODUCT_DEFINITION_CONTEXT('part definition',#10475,'design');
#10465=PRODUCT_DEFINITION('wheels (2)','wheels (2)',#10468,#10464);
#10466=PRODUCT_DEFINITION('Component2','Component2',#10469,#10464);
#10467=PRODUCT_DEFINITION('Component3','Component3',#10470,#10464);
#10468=PRODUCT_DEFINITION_FORMATION('',$,#10477);
#10469=PRODUCT_DEFINITION_FORMATION('',$,#10478);
#10470=PRODUCT_DEFINITION_FORMATION('',$,#10479);
#10471=PRODUCT_RELATED_PRODUCT_CATEGORY('wheels (2)','wheels (2)',(#10477));
#10472=PRODUCT_RELATED_PRODUCT_CATEGORY('Component2','Component2',(#10478));
#10473=PRODUCT_RELATED_PRODUCT_CATEGORY('Component3','Component3',(#10479));
#10474=APPLICATION_PROTOCOL_DEFINITION('international standard',
'automotive_design',2009,#10475);
#10475=APPLICATION_CONTEXT(
'Core Data for Automotive Mechanical Design Process');
#10476=PRODUCT_CONTEXT('part definition',#10475,'mechanical');
#10477=PRODUCT('wheels (2)','wheels (2)',$,(#10476));
#10478=PRODUCT('Component2','Component2',$,(#10476));
#10479=PRODUCT('Component3','Component3',$,(#10476));
#10480=PRESENTATION_STYLE_ASSIGNMENT((#10483));
#10481=PRESENTATION_STYLE_ASSIGNMENT((#10484));
#10482=PRESENTATION_STYLE_ASSIGNMENT((#10485));
#10483=SURFACE_STYLE_USAGE(.BOTH.,#10486);
#10484=SURFACE_STYLE_USAGE(.BOTH.,#10487);
#10485=SURFACE_STYLE_USAGE(.BOTH.,#10488);
#10486=SURFACE_SIDE_STYLE('',(#10489));
#10487=SURFACE_SIDE_STYLE('',(#10490));
#10488=SURFACE_SIDE_STYLE('',(#10491));
#10489=SURFACE_STYLE_FILL_AREA(#10492);
#10490=SURFACE_STYLE_FILL_AREA(#10493);
#10491=SURFACE_STYLE_FILL_AREA(#10494);
#10492=FILL_AREA_STYLE('Steel - Satin',(#10495));
#10493=FILL_AREA_STYLE('Opaque(44,174,210)',(#10496));
#10494=FILL_AREA_STYLE('ABS (White)',(#10497));
#10495=FILL_AREA_STYLE_COLOUR('Steel - Satin',#10498);
#10496=FILL_AREA_STYLE_COLOUR('Opaque(44,174,210)',#10499);
#10497=FILL_AREA_STYLE_COLOUR('ABS (White)',#10500);
#10498=COLOUR_RGB('Steel - Satin',0.627450980392157,0.627450980392157,0.627450980392157);
#10499=COLOUR_RGB('Opaque(44,174,210)',0.172549019607843,0.682352941176471,
0.823529411764706);
#10500=COLOUR_RGB('ABS (White)',0.96078431372549,0.490196078431373,0.129411764705882);
ENDSEC;
END-ISO-10303-21;
